month_day,pcz_10_m_mean,pcz_10_m_sd,pct_10_k_mean,pct_10_k_sd,u60_10_ms_mean,u60_10_ms_sd,vortex_min_lat_10hpa_mean,vortex_min_lat_10hpa_sd,vortex_min_lon_10hpa_mean,vortex_min_lon_10hpa_sd,vortex_min_displacement_deg_10hpa_mean,vortex_min_displacement_deg_10hpa_sd,pcz_30_m_mean,pcz_30_m_sd,pct_30_k_mean,pct_30_k_sd,u60_30_ms_mean,u60_30_ms_sd,pcz_50_m_mean,pcz_50_m_sd,pct_50_k_mean,pct_50_k_sd,u60_50_ms_mean,u60_50_ms_sd,pcz_100_m_mean,pcz_100_m_sd,pct_100_k_mean,pct_100_k_sd,u60_100_ms_mean,u60_100_ms_sd,pcz_250_m_mean,pcz_250_m_sd,pct_250_k_mean,pct_250_k_sd,u60_250_ms_mean,u60_250_ms_sd,pcz_500_m_mean,pcz_500_m_sd,pct_500_k_mean,pct_500_k_sd,u60_500_ms_mean,u60_500_ms_sd,pcz_1000_m_mean,pcz_1000_m_sd,pct_1000_k_mean,pct_1000_k_sd,u60_1000_ms_mean,u60_1000_ms_sd
01-01,29264.07938173711,545.0057251906163,211.56275181243103,12.438345088748774,34.61975095272064,17.250871236365036,76.0,6.6176357899385705,6.166666666666667,54.12204174177883,14.0,6.61763578993857,22609.449188393774,272.73754880813084,204.44685945920187,7.626846915349247,25.00126921335856,9.673012017427798,19549.061214352514,190.27073615104052,205.3765652551818,5.646760357829791,20.383925278981526,7.161606502325425,15339.611171722383,116.89787823093404,209.9957588367818,3.674836008207694,15.2676926612854,4.7972422391191625,9646.178404974089,76.41605111374926,212.92034147309406,1.912637720325121,11.56654504140218,4.682660863549285,5139.714363696717,60.688629083485424,235.83321116507923,1.3932320085933854,6.4872378468513485,3.7724841992643268,86.40689275983816,55.033368195859055,255.44290340698063,1.781168894453017,0.4547996535897255,1.6928787910929526
01-02,29278.644184653615,558.5780565335417,212.09164561093635,12.116823089029252,34.100763920942946,18.154443647773117,75.25,7.051228799734617,8.416666666666666,52.44653818714913,14.75,7.051228799734617,22612.73996662222,288.577139648356,204.62642793969988,7.821856314547019,25.274384784698487,10.237012509311723,19549.901541984604,201.69128060384492,205.52240004365524,5.954475808507259,20.56756763458252,7.563396348672548,15339.28936482989,119.62975273955716,209.96497714809328,3.951246143380203,15.030281194051106,4.93165645609895,9646.048850398614,73.07989187986388,212.87836375436888,2.019416420449809,10.786846144994099,5.603705170811736,5140.463372329192,58.221671494697624,235.86483784555614,1.2912535005530439,6.376522971689701,4.507552483419595,86.92539674141038,51.144603198165775,255.4458460775607,1.7839163163873484,0.42120324720939,1.9384828580497668
01-03,29291.391920710754,568.4518480052462,212.61220971618178,11.660404813677049,34.16443202495575,18.851763376953798,76.33333333333333,7.273396651535973,10.75,48.65939856765102,13.666666666666666,7.273396651535974,22615.12528966231,303.8869258515483,204.7382805790526,7.768941905780558,25.272745641072593,10.73959417907929,19551.137099102074,214.37706718533877,205.58122507031737,6.1131872642534715,20.713926696777342,8.116952984828217,15339.57166933681,124.25117966899235,210.00522490091413,4.214990268512258,15.204032484690348,5.10033969288862,9646.463614068613,69.87962612759415,212.7258339624229,2.1253308653456524,10.645031909147898,5.891413260816098,5143.6821521449365,54.819433824186234,235.79984536307114,1.3738743829857956,6.414220394690831,4.562278659664923,91.30494996283444,47.025405319269524,255.38456034686044,1.733458249765415,0.3411775511999925,1.7511330382290142
01-04,29307.599323656956,572.152581499039,213.23357716738124,11.33808520160151,33.86597289343675,18.73380453914707,76.5,7.729254770697162,6.0,44.78685151878303,13.5,7.729254770697161,22619.41949100577,313.9811056682329,204.89419523445306,7.598570922591974,25.23495365778605,11.094422654633517,19553.6750553367,223.67031591802157,205.674838572428,6.142890924621252,20.671128257115683,8.39760117063662,15340.157624618112,129.2331090284543,210.0928981572621,4.389802306103465,15.224853992462158,5.3009262626853575,9646.65389237947,69.14836843573256,212.7276113856393,2.1776062957092357,10.732858753204345,5.186164385538922,5145.791052460837,55.538285248264586,235.68994541523472,1.407876684084008,6.057020672162374,4.193172761754451,95.36385402630243,47.13130673111238,255.29362180148013,1.6991286755154589,0.47368090177575745,1.692372147574239
01-05,29323.192727174264,579.6441052443466,213.58616292507853,11.191194127698902,33.41356176137924,18.31810835285193,76.75,7.344655575126812,1.6666666666666667,46.937841019163095,13.25,7.344655575126813,22622.720960356735,321.66259413169007,205.1404135107393,7.48573915051977,25.328738832473753,10.991109056350245,19554.155888891873,230.1996698616193,205.79969619791066,6.175865038751395,20.871633577346802,8.322828730641113,15339.189361214703,134.2868714876775,210.1186213957875,4.460638387313113,15.489413928985595,5.682196270197911,9645.83851807398,73.22996663658992,212.72925284750747,2.2650266787542153,10.930193895101548,6.113994967693426,5147.053612665506,58.42422206402853,235.54289222979608,1.4995169841670593,6.094464928905169,4.7307115088573415,99.14238485016362,48.030425254066145,255.06169729605458,1.6310108863575479,0.24123620639244717,1.7651172324290956
01-06,29330.193192508483,600.8448641697893,213.8628701911245,11.101445511703272,33.26528952742616,19.042801185422917,76.33333333333333,8.323557484357412,1.6666666666666667,46.730764682552454,13.666666666666666,8.323557484357412,22620.574769292307,331.8269992065129,205.33490623845904,7.605607320267331,25.6970299243927,10.916743414910762,19549.889461305305,237.99703050635173,205.89393260475836,6.271588519272094,21.296684408187865,8.362936684195265,15335.159994776353,140.58954599797306,210.0105414796079,4.5168957314525775,16.052519750595092,6.011815150177684,9645.336605048482,76.32912430625672,212.61726490891843,2.3555514834901325,11.283281975984574,5.970351957706858,5147.218766954785,60.43990908444596,235.50925597708073,1.5200268083191535,6.366794481873512,4.935901551491345,99.9713378305434,48.982627336244924,254.92787699862689,1.6766225469513023,0.3112512081861496,1.7575178470293185
01-07,29331.357081206548,621.5700598311131,214.24432128599045,10.803774863328309,33.33268287181854,20.327199092885543,76.66666666666667,7.941958992822749,-5.166666666666667,45.21468584533076,13.333333333333334,7.941958992822751,22615.422857059046,343.32140738475294,205.4080085043794,7.890707064752706,26.12522694269816,11.453959115416795,19544.379767019265,245.30581652450755,205.8890236064179,6.469113322834729,21.527550633748373,8.60912142540077,15330.686402375124,144.80389727189208,209.93096215101437,4.638599910216277,16.043257729212442,6.203392629810198,9642.274570924592,80.48518376506486,212.54191815855984,2.3760790285179287,11.21617713967959,6.5390744941940255,5144.14279988041,64.60558823877452,235.55365334985333,1.6690233799720333,6.549682104587555,5.241958284030508,97.04240400951558,52.697246990785786,254.78906258618903,1.8597950990030647,0.4089801346262296,1.928337238646512
01-08,29331.74999492413,626.6573239085592,214.49205653283425,10.530091808905034,33.04793987671534,20.82090785204839,76.16666666666667,8.628674463004485,-7.666666666666667,47.17416982682975,13.833333333333334,8.628674463004485,22610.711237342894,350.672201338637,205.53856684237263,8.029958160145183,26.193253310521445,12.229168190852228,19538.542372511667,249.50512456610525,205.9014797034597,6.611972589953602,21.72408674558004,8.902973165257846,15325.751192460124,146.61087434812836,209.857671233481,4.666263062672256,16.043968598047893,6.01496590741054,9638.375109267527,82.323288841155,212.55032647844484,2.2939027362928783,11.327478541930516,5.9604641592579055,5140.133451103739,67.26006090699931,235.52761250664835,1.5822955158929044,6.801205885410309,4.7180249920486546,93.74527009422935,54.56201342668989,254.67021486769292,1.9449013887080873,0.6839301759998003,1.7815530075725812
01-09,29326.9783652768,617.7513745690896,214.4491231862167,10.145943520343442,33.01202873388926,20.374007563088647,75.91666666666667,8.844522299855639,-15.083333333333334,48.20700395051592,14.083333333333334,8.84452229985564,22604.866530881045,349.7620607684037,205.61877031003795,7.9075405398147804,26.230640331904095,11.979862207916431,19531.930267314357,250.0399675560896,205.91797111453445,6.482162697619941,21.9470112323761,8.89791239666619,15319.814856524665,149.70347023239793,209.7799157379256,4.640847439325501,16.330554548899332,5.938453656391458,9635.429825129473,88.08819609869302,212.50164727067752,2.328760605065829,11.458843131860098,6.001451204928319,5138.3526945453195,70.46490911924175,235.43014537653744,1.634130252888119,6.876450517773629,4.417251595592478,93.6967784430415,55.997453424369056,254.50374336957387,1.8430303572606737,0.588421297694246,1.6991644103696169
01-10,29321.23627397965,605.9894812174176,214.647860635589,10.11815215921954,33.191586059952776,19.86169935046641,76.08333333333333,7.814755421563146,-12.083333333333334,53.63945462021425,13.916666666666666,7.814755421563145,22596.643485686862,345.2551451878585,205.6480516065116,7.826734948473404,26.42721136411031,11.839745102230255,19523.99411543925,247.5867280079811,205.8561305576697,6.314862709413354,22.30673745473226,8.910212913995165,15313.179696075324,150.2707590213234,209.70328986383592,4.5698521360625195,16.754756466547647,6.0340676740748815,9630.248385951114,89.74038347866251,212.52481027643245,2.502430522967845,12.016866487264632,5.397902910156407,5135.430700653634,71.03602732932471,235.31980759784528,1.6669316609327645,7.400671128431956,3.9028732850123626,92.9242215907385,57.72816062860742,254.32393344368154,1.7461155285164223,0.6535052563839903,1.6375434958112047
01-11,29321.12956205441,597.9982559210539,214.75803832754113,10.400484519152286,33.50471610228221,19.489068128745977,76.5,7.4740931868365985,-24.166666666666668,49.385592854689875,13.5,7.474093186836597,22591.536653853585,340.2269795684786,205.7270422384152,7.822554346644846,26.480052268505098,11.83153240493312,19518.104307140722,242.71530848222005,205.87159385413332,6.296883431860783,22.436070919036865,9.027060085088554,15307.531943165697,145.7090987850933,209.70047387087897,4.575832153060201,17.083558734258016,6.035684708218861,9623.775994850306,85.96324312949983,212.45252728871003,2.596422487298662,12.917933636903763,5.133353833527847,5132.869416356739,68.71154836575137,235.08243548200028,1.5658244956057301,7.683563095331192,4.000380711235043,94.71184269424253,57.72967957257373,254.14728259268833,1.7381596788471079,0.4916918151080608,1.7285963938020528
01-12,29316.8802214645,593.6897684455312,214.51168066271256,10.680978706994344,33.785847242673235,19.04724702958146,76.66666666666667,7.17194406065715,-17.583333333333332,51.95108497312695,13.333333333333334,7.171944060657153,22589.21053876865,334.4914417410354,205.75593389103747,7.801312526831093,26.46496137777964,11.62611921296432,19515.352029101734,236.9454323753768,205.8935273943101,6.326445155881287,22.3146471341451,8.76772646082896,15304.938517237379,139.31081692142956,209.6644944105906,4.664930214999897,16.827919149398802,5.978363419909221,9621.498467608833,83.89194410254375,212.4266149200257,2.524211161353475,12.509487605964145,5.380157966884747,5132.139758229754,66.11650466686869,234.9593953745648,1.5543542589772437,7.192078101634979,3.883447995067888,97.38306808982301,54.612231732637994,254.06048003483843,1.8212141868089151,0.4313619418690602,1.7335407692103664
01-13,29305.218627506238,591.9210591401306,213.85429482333146,10.431899294514135,34.387767521540326,19.32038631030452,76.58333333333333,6.993942370727504,-16.0,55.346089791171465,13.416666666666666,6.993942370727504,22586.570983786944,332.08916003585927,205.75674677282055,7.9059199635076824,26.52128827571869,11.652477159838282,19512.486069997936,233.4299461811546,205.9132333722291,6.431970601198029,22.223182996114094,8.617378163791523,15301.585482435084,134.47815766722354,209.67408688209568,4.714916923678748,16.74750927289327,5.728195138654099,9618.028876808787,82.63460200936682,212.47314287713073,2.4647489442379067,12.68867380619049,5.517785584098106,5128.061936271677,64.83044286088467,234.9497165777475,1.5238442354944635,7.839320055643717,4.025456776966373,94.30682940225539,52.57910900746548,254.05271805195764,1.9331289761472976,0.767094295596083,1.5702461394728318
01-14,29304.46204749733,592.3921928105611,213.4831588520879,10.216882835529699,34.26190312703451,20.077053639377272,76.5,7.4740931868365985,-14.0,70.15868712647313,13.5,7.474093186836597,22591.53025041206,332.84495794404006,205.79501626522065,8.01962282510148,26.039940174420675,11.842289366778296,19515.688437440964,232.87733926846892,206.0665773334333,6.546794265543148,21.77963987986247,8.627557157122844,15301.424064347835,132.617519484655,209.82326849395355,4.755136900839417,16.515330616633097,5.525909334732841,9615.638384193824,82.19705170397603,212.53270753554804,2.333912115314835,13.016015334924061,4.726165805929022,5125.397363185862,65.48213122026823,234.95453358365725,1.508053527475825,7.9411578913529715,3.9175580090015534,91.67876756956782,53.437903590058795,254.07684828492958,1.876840822822529,0.8666796520352363,1.696701152262768
01-15,29323.719825847355,599.5914928576136,213.5405894009836,10.481717240257385,33.507633940378824,20.680043646096472,76.16666666666667,6.970792926417231,-16.5,59.210320628801846,13.833333333333334,6.970792926417231,22605.38199565198,337.40836454373715,206.07818247586312,8.143642603469491,25.18875649770101,12.001034756296574,19524.626403724254,236.1551163187316,206.43362395074593,6.713446931396604,20.99143409729004,8.62706166958538,15303.9303277107,133.2977396960016,210.08837160899594,4.809907166729456,16.016823482513427,5.285768525082496,9612.674219402446,79.46431688531811,212.6516259687664,2.2763058513180283,13.060013070702553,5.192667413904611,5122.058575315164,62.78218647568311,234.96552803042704,1.5467779224448595,8.125263013442357,3.8155252105421154,87.19787786473987,51.25185404809575,254.23354820244793,1.8984127811562623,0.9268151711051663,1.5888631014315104
01-16,29355.54610290958,603.0088671460697,214.02656767475915,10.332958149013683,32.325718764464064,20.347635103860636,74.66666666666667,6.846007310246902,-15.166666666666666,61.349526223240645,15.333333333333334,6.846007310246902,22622.796422694697,343.2125584069141,206.52671215615717,8.138577228560997,24.45762323141098,11.908231247874133,19535.14484630623,242.03041976012855,206.89411943756667,6.800901137779194,20.56520913441976,8.541452390439659,15307.278434558353,137.26056332331854,210.3242272035788,4.844937650792114,15.947530714670817,5.246401234275286,9612.109523262887,80.54856887603367,212.73420507379788,2.2420050934266924,12.87725766102473,5.445325351948887,5120.8352522709065,64.46756103000479,234.9486396144883,1.511748848252076,7.631734073162079,4.28628678850561,84.4618221022743,53.00657512747019,254.4301337653851,1.9203130314975103,0.9141109615564347,1.6383388293214165
01-17,29385.97695819156,598.6823264033746,214.8656745384271,10.050501567189654,31.477840030193327,19.96222627981748,74.91666666666667,7.383676466430496,-10.583333333333334,61.46096088285374,15.083333333333334,7.383676466430496,22636.874406662097,349.6153084872209,206.8181272537151,7.963205911680425,24.127226521571476,11.962577847759977,19545.141097078835,247.78632346721722,207.16851055559718,6.799488118906232,20.42026844024658,8.566003312328906,15313.118936388197,140.4023080440371,210.40693322007502,4.885532110187075,15.801136589050293,5.174096858926248,9618.052551966543,79.97335766356927,212.72766449078787,2.22731974252369,12.142744461695353,5.473556270351701,5124.4859939676435,63.67353571393781,235.09317626242665,1.5691101753592918,7.464960012833277,4.189446766724432,85.5409013567393,52.13331919871107,254.51244047607315,1.9609710257682293,0.8896999234954516,1.6017872672225453
01-18,29405.685072576078,588.9422014827094,215.34017218120553,10.022644588354067,30.594235173861186,20.116221754060824,74.91666666666667,8.42009432879152,-6.916666666666667,61.5730689189028,15.083333333333334,8.42009432879152,22644.992726836474,351.5421420210583,206.94548389361174,7.665625077573485,23.717524950702984,11.987245910471241,19552.55745343812,251.32678950848546,207.15717553902252,6.640438432495889,20.026976744333904,8.596686221483589,15319.576918182725,143.0689136259004,210.49540285599957,4.935690768222214,15.48747550646464,5.217872723113626,9621.975374787467,78.5714248604287,212.8239512093141,2.227635013590438,11.765021981298924,5.15164764120301,5125.878301071393,61.18711737363338,235.25010553025513,1.613360613863344,7.383367800712586,3.9709661314492215,84.99817801704128,49.58739982170174,254.54099673754433,1.993698327768534,0.8108101992557446,1.4381426377697333
01-19,29414.689315841104,578.2377548429079,215.37767443753708,9.435167022058355,30.105809726317723,19.855278286409558,75.0,9.025825017214732,-0.6666666666666666,69.49923509047362,15.0,9.025825017214732,22651.486456470462,352.13235442186556,207.024708874388,7.344035124474109,23.237502801418305,11.978198684718954,19558.502023231842,254.63204170058032,207.1485951956501,6.484217396478399,19.673326981067657,8.560686627051739,15325.217938354024,147.39296747866902,210.5708314409523,4.974995360887843,15.379891427357991,5.299649099178401,9624.583793000387,78.01437078855696,212.95091620530687,2.3824993005657578,11.835031704107921,5.20252608178559,5127.769728935265,60.121876604734524,235.19450866771228,1.6297927447076181,7.271003063519796,3.7976215482137974,88.8323106258892,48.28200651260732,254.5334944466389,1.9737817737965584,0.6737202549974124,1.3913477788349724
01-20,29426.53832651105,563.6385383076052,215.8611199042414,9.330321170368467,30.1768801510334,19.399594682813945,75.0,8.759231583365889,0.5,59.99784478887842,15.0,8.759231583365887,22656.06567699961,346.8574519791105,207.0533307810015,6.996483915399897,23.256896452605723,11.926882624053555,19563.280164604468,253.02317015771874,207.1158592573674,6.294459838317674,19.373052002986274,8.657264558654616,15329.806921853577,147.12500075197332,210.60457966528378,4.9642069039914505,14.92189424832662,5.495212198630475,9629.587983239147,76.38622991729441,212.90186376084682,2.461570274308496,11.24705453713735,5.464898760152636,5132.906747358259,60.614553548864215,235.20305124664335,1.5006992570327347,6.716784825424353,4.295095424390095,94.1479280386656,48.97964653829778,254.34824506019004,1.8675554159229446,0.614508573214213,1.6727922353542122
01-21,29456.279565436893,562.6224875061963,216.83807330927644,10.12617389215419,29.37511293888092,19.4288014500143,74.91666666666667,8.107131102470445,33.75,53.145660282816614,15.083333333333334,8.107131102470447,22662.358303824454,336.388144672228,207.47038466436152,7.016791236706919,23.205574238300322,11.38886210861578,19565.798288223737,245.4018029138267,207.2567545625481,6.086760167102391,19.500829116503397,8.221242645396526,15330.918149242663,143.61102349884356,210.6397970685151,4.808934603724785,14.839533853530884,5.249298549233241,9630.017956441607,76.28609932393502,212.81781435743778,2.399751286603898,11.519738221168518,5.789056376839711,5134.6795988091535,62.903393958796414,235.20761905196053,1.367439333826209,6.593413843711217,5.034214672331764,95.08627720258805,52.028124144126785,254.40267459683636,1.7570624527702647,0.5657078012824058,1.6260889431354613
01-22,29491.80761807125,578.0520140874277,217.5794938704189,11.614592445843865,28.443784501651923,19.66450267933945,74.41666666666667,8.005475855822745,30.583333333333332,56.09675805577196,15.583333333333334,8.005475855822747,22671.83513482195,331.64684504669896,208.12436696107386,7.379215736811191,23.045008414983748,11.30313743937764,19567.102775177395,239.33222795215212,207.6612982442727,6.091173849938064,19.705317219098408,7.912666878371216,15328.416281512684,140.7849467671094,210.6978955779966,4.660993393229995,15.107781076431275,5.06906434044719,9627.174953429423,77.9932375113981,212.77515547333775,2.300674545616748,11.648789000511169,5.557945139331502,5132.733928007609,64.57048516820025,235.17860181334453,1.4219577585087595,7.063779826958974,4.759067753791735,93.64014289431388,49.691728579732036,254.3629267610307,1.7461539926093075,0.8539820472709835,1.3564499834903032
01-23,29532.58453525003,593.483077494688,218.02782804626275,12.316958134619195,26.95495125055313,19.48560222628064,74.08333333333333,8.053788285467059,23.583333333333332,61.112824340318085,15.916666666666666,8.053788285467059,22690.62065647916,330.8947559506546,208.89180810998138,7.824466748405075,22.22500487565994,11.38424210951272,19575.533272667963,235.1100360105023,208.2196145205277,6.274108366306616,19.25988113085429,8.120130772324426,15329.873465724662,135.4987161569503,210.84095650086522,4.642107136270501,15.125657192866008,5.073923698092204,9627.592723204025,74.35207414621509,212.84226540083776,2.114560147606873,11.993020641803742,5.621933631413132,5132.127912437799,59.94046011032979,235.2059045091216,1.5544881835110587,7.5644806543986,4.419029118098088,93.26360468729483,42.800499502390096,254.2852984051584,1.8399064134653038,1.0028571420659622,1.296288797702327
01-24,29570.535210052,602.5429798206665,218.39685128985383,11.755395371111602,25.23998352686564,19.108885129807025,73.41666666666667,7.206418754441614,19.25,62.34688140307946,16.583333333333332,7.206418754441613,22711.457612165483,338.77284475888973,209.4923149280573,8.125826657047707,21.423803905646007,11.717354425465214,19587.55157532698,240.37212647907592,208.76309195436286,6.585016076652199,18.950330400466918,8.572791974555257,15333.777430403565,136.81316213839418,211.09593984081454,4.758268853596224,15.267399088541667,5.2274965510603435,9628.33406425598,73.89159127145908,212.98968851599855,2.0755836369775627,12.154561519622803,5.205066270329985,5131.026445292294,56.07444420386906,235.25773006323743,1.6542806532801642,7.353844554225604,3.836455752688809,91.77808528150061,39.56740544503927,254.26792142642705,1.812717266398093,0.6889752599100272,0.8236940164867033
01-25,29594.351702566793,596.2195166482883,218.50989824530106,11.058328835246986,24.245458587010702,18.66906152173401,73.83333333333333,7.183954022841376,20.0,57.39307900122958,16.166666666666668,7.183954022841379,22727.579462344864,342.85798956178235,209.9265923978011,8.149275749631801,20.94215487440427,11.646363614290129,19597.18948762609,245.35133206648123,209.17527219698007,6.684368880342744,18.616733114918073,8.721574301592973,15336.67663721338,141.9620001673589,211.3351906438809,4.907014812157067,15.135605669021606,5.498583132460245,9627.419784980131,80.9407290463684,213.058553532348,2.1861207930783526,12.025475438435873,5.724290236574699,5129.261095994731,59.00012427540624,235.27047946562567,1.8238279417094128,7.085141914586226,4.441483203529326,91.19758541163792,42.71401884483307,254.2447571482775,1.8257051609421133,0.6679211517175039,1.3827321010802343
01-26,29614.66457709485,581.8984485009726,218.80772243150707,10.738711308746298,23.017735274632773,18.20145471090901,73.66666666666667,7.093383674525367,19.666666666666668,54.62542248449155,16.333333333333332,7.093383674525366,22742.729067636756,344.070416204864,210.10374255860182,8.152083395382935,20.045156172911327,11.957020830365959,19609.16642096845,247.65933847938322,209.4235643284104,6.65166965516539,17.927539109190306,8.858476631985951,15343.556869626222,145.76268769774862,211.56527724408613,5.004779522441109,14.65367374420166,5.84349604297731,9628.527542747337,86.97908417629709,213.27109010446082,2.34113303776198,11.741207738717398,6.183913355722691,5127.871980380992,60.90360894149613,235.27381649642513,2.067067333382952,7.0533579796552655,4.382713884370085,90.38057423349177,40.024183848533454,254.20771756735306,1.9241389268016305,0.6438131913542747,1.1020113564886391
01-27,29638.168995365017,579.2383519516404,219.084114974737,10.852817187758586,22.0904239654541,17.916856735971805,72.75,6.89671336017482,18.166666666666668,54.661707793029805,17.25,6.896713360174816,22760.931273170685,348.64865014127105,210.35017169504312,8.01745623362994,19.012563472986223,11.691651080304759,19623.23904990684,251.57892313050934,209.74413222204433,6.703080956099646,17.07117540128529,8.790008039959769,15350.91112593635,148.27610481209027,211.9248362543676,5.051728239903088,14.207589383920034,5.886763279275242,9626.068530240795,88.97026639803622,213.497589568681,2.481424671111742,11.718349687258403,6.217544284949233,5125.606349652123,63.81316875611812,235.2012011478051,2.0584716143245996,7.457549343754848,4.791778171376829,88.86857367715707,42.05031942504692,254.19580001142137,2.10034379002378,0.9989135429263115,1.654886843326456
01-28,29649.38314094239,588.0100914817091,219.1385068939258,10.519508868791476,22.094803627332052,18.043371629976427,73.16666666666667,7.279320417946064,18.666666666666668,54.963676615801795,16.833333333333332,7.279320417946062,22772.426255415943,358.6469931352247,210.3867610016545,8.009907940817836,18.836969246466953,11.474279247623468,19632.439095449292,259.37444939184587,209.97309696779,6.830621014668892,16.93540113667647,8.606397115584112,15354.72395736603,152.7127895417338,212.1847126655913,5.057389681125544,14.14308697382609,5.815923531967098,9623.999311613321,87.18441182855547,213.54731563402765,2.4780780222786447,12.14320375820001,6.195910478960882,5126.743861338234,62.062835031222846,234.96127316466342,1.9854540466109314,7.719162029027939,4.583015363620577,92.14375403810344,43.23553689996052,254.1432932804689,2.1704563262636114,0.8785505812615156,1.661336269481831
01-29,29649.31929132248,590.0638146436709,219.04034939654744,10.113933485098483,22.498366459210715,17.900236574383182,74.16666666666667,7.777435679395002,-0.5,57.447127115227474,15.833333333333334,7.777435679395005,22772.199756840342,369.23511516433314,210.2717305475885,7.865784348457378,19.37978649834792,11.826530220423201,19634.03565852336,269.30634440167927,209.90082323342693,6.8984384134792744,17.295856115221977,8.809557841376979,15356.600377033028,159.41009229804192,212.18411236292937,5.108946877942871,14.286155760288239,6.022255001678915,9626.129680035294,86.65361212207901,213.53036417854847,2.460282428535349,11.549057491620381,5.4824625767895165,5129.182604295729,62.01862009069131,234.94064758035887,1.8580465671845912,7.244765689224005,4.19925017231992,95.18025504420841,46.73068824529542,254.10486476679566,2.1550085973840187,0.8530579321086407,1.4673630895050125
01-30,29651.519343432657,582.4422634078451,219.29484228240506,10.073957466005279,23.45314990679423,17.839111523925997,73.41666666666667,8.795652661805509,4.333333333333333,53.32453231980977,16.583333333333332,8.795652661805514,22771.405026047003,370.84600491721255,210.194694776542,7.462548230364126,19.835845146576563,12.067021039516288,19635.02067912092,273.0416999733896,209.7634693629379,6.762198079688174,17.641369099418323,9.020004829394102,15358.718288562868,162.85950125053006,212.21582904345863,5.16756766797401,14.462702449162801,6.143317525331558,9625.874514783027,86.32103716024606,213.68220234084916,2.544170934353821,11.919707536697388,5.416014000914277,5127.365840940985,62.99201227726854,234.96410535951736,1.7109008203358285,7.504227654139201,4.153652600197712,94.14932329321019,46.43590632277416,254.040574485905,2.1649678945876003,0.8145920112729073,1.486624401883984
01-31,29672.02922032491,574.0999538651809,219.9704102729435,10.057598893621147,23.04207257827123,17.535697599955437,73.33333333333333,8.937844117641816,-3.0833333333333335,65.19428303332958,16.666666666666668,8.937844117641815,22778.138044181844,367.55798485591544,210.40503899514454,7.348981344082054,19.67204392651717,12.132553912922733,19639.669544809847,271.6666328620416,209.84502631215778,6.635979710539019,17.59411992629369,9.260805951605311,15361.776887537626,163.0826188452982,212.32324983453142,5.187512516124636,14.518928909301758,6.400095853686527,9625.640034680546,86.27465900305283,213.74610264478653,2.6792134853802563,11.598936478296915,5.115168853699887,5128.370869491325,67.21878566770238,234.86870828667458,1.5835503003870728,6.978689205646515,3.617045463001519,96.50936373202514,52.24216977558646,254.07459003440408,2.2010080027434555,0.5767978136738141,1.402497404731534
02-01,29706.144995131053,557.1593324517074,220.46080625247924,9.649648774822833,22.007286190986633,16.55516104590296,73.08333333333333,8.751436663666198,13.0,58.11107081894238,16.916666666666668,8.751436663666196,22791.83439686528,364.9180117399082,210.8827672300353,7.345258505660573,19.192367927233377,11.840481044494876,19647.501176948288,270.56984285911614,210.15152801364076,6.685940074427234,17.088189085324604,9.042690382449301,15365.36881258966,162.69969527975059,212.498572868948,5.132419398201206,14.109414732456207,6.29074294704374,9626.402541776526,89.1499018147144,213.75419592714732,2.7512979197540877,11.384525135159492,5.639909377960757,5129.265242217453,71.20712705167034,234.8892437201479,1.542886669638974,6.838249940176805,4.571093009979369,96.900516838448,55.712812089152074,254.11001436533186,2.2684304231799204,0.6714198898524046,1.6301728154963306
02-02,29731.18108164748,532.6348934071762,220.56914579844533,8.91776262215149,21.0579358736674,15.551001176562112,73.58333333333333,8.501605663083573,18.166666666666668,53.178835129655916,16.416666666666668,8.501605663083575,22805.168176475447,367.33948365658387,211.333197982962,7.0380177517592335,19.211608838041624,11.774343281100363,19655.142669400077,276.90164854389315,210.47187150774698,6.694524152646,17.213724935054778,9.209584813828736,15368.042332889612,168.74750264882877,212.63586617606694,5.2333231054645655,14.090704103310904,6.6128975425275085,9628.677724012932,95.48796228778292,213.77646281580465,2.816250421630994,11.627896356582642,6.305441302264849,5128.497554419887,71.61516998994408,235.02514575312742,1.7772929610602308,7.031184085210165,5.125071012310673,94.75962158755357,51.27376025833859,254.1277928540639,2.381128078345176,0.771561115483443,1.512027987625044
02-03,29742.398710635673,521.356087173695,220.4620683484033,8.739188331958307,20.7907878557841,15.159388644070535,73.66666666666667,8.528181814283236,12.5,53.96358925717638,16.333333333333332,8.528181814283235,22814.957048905206,372.2928733189615,211.5841693496195,6.68055792427737,18.966168997685113,11.86868923818625,19661.284157504244,285.2101735084446,210.68445669712995,6.608201883003612,17.0699621796608,9.63076314012376,15370.46328571068,174.79054411317588,212.7624195409288,5.448683912358116,14.05468037923177,6.706235051865195,9629.891498236439,97.84990754143901,213.79090587920925,2.9446041599823727,12.128906671206156,6.501514471160227,5129.716575074677,70.87287217717581,234.97033940825887,1.8305258641545374,7.533543423811595,4.810019716309019,95.23193694982969,47.70630611335987,254.28062264895416,2.391813560003601,0.6154260244841377,1.5154758229985428
02-04,29743.406086117848,521.9601813653018,220.3917165580284,8.852177460734428,20.973333183924357,15.534155511096563,73.33333333333333,8.64364759104401,8.75,49.80890205714166,16.666666666666668,8.64364759104401,22819.952332945933,375.3147964660959,211.62151002100714,6.552096531401514,19.06372027297815,12.044060801624688,19664.932660382234,287.87802166725385,210.80886898659827,6.599818036609017,17.1253024439017,9.764625465003402,15371.793040389637,173.95055723753018,212.84762646153487,5.6424324849163305,14.148649533589682,6.5757680138541215,9628.803340724222,92.36655800571192,213.7978317257048,3.0269864165508342,12.2194684167703,5.905774715655871,5130.272536585112,66.96880112219688,234.90366860741545,1.6769008537146999,7.614802591005961,4.704792832678984,96.6979490955152,44.23911044177517,254.22505491705766,2.280182437889203,0.48802406328419845,1.5766865397393603
02-05,29748.895342839478,524.9339524888268,220.5441577039681,9.210050376621455,21.169150618712106,16.39090700781815,72.66666666666667,8.558453507309691,5.75,46.946181586123075,17.333333333333332,8.558453507309695,22824.192477599045,378.27556120998037,211.55653229136595,6.577941931569629,18.956025552749633,12.24189718734242,19669.208986610396,289.582093752453,210.826383316883,6.619288051786271,17.26264836390813,9.851138721588354,15376.599726977007,173.54279010830234,212.76912260622026,5.726001887679098,14.134202710787456,6.490968084146362,9636.985341054196,89.78369907164189,213.69394267300683,3.10828508250822,11.081066346168518,5.346385362109545,5136.690278977994,64.18064882572565,235.03990336494397,1.6538757991772368,6.395705350240072,4.170212525709093,101.15203975915365,41.75453902325261,254.20016407708627,2.0926475802196585,0.41963717391093575,1.535022633848766
02-06,29749.019466680922,522.8617954339778,220.54791110892467,9.259736938708832,21.506312892834345,15.530448202593039,71.5,8.242028541734044,11.0,49.33873067710179,18.5,8.242028541734046,22826.69490815774,376.9607239025766,211.36398005760483,6.405986608513136,18.81544123440981,12.228678899550026,19673.989605007177,289.0739054222971,210.7440387352811,6.487306933330347,17.06664903561274,9.772808864363062,15383.142505052276,173.56264568069147,212.65148717734158,5.6795972068074425,13.93118306795756,6.6647473185035695,9646.828682163807,90.05454569447866,213.6548085927569,3.1622395860073755,10.76574971874555,6.209190703627287,5142.765249367964,62.76045730140528,235.3377972899828,1.7890525989288228,5.93241712115705,4.613029134032419,101.99781982291799,39.30354265415899,254.22662981806207,1.9443342441152025,0.4808938461045424,1.4324718250704465
02-07,29738.08199220784,513.8989000251147,220.3453761628005,9.437052093574739,22.149930707613628,15.339400842876469,71.91666666666667,7.061409614738861,5.916666666666667,54.5375674592094,18.083333333333332,7.061409614738861,22822.24025316631,372.20198178339535,211.1549728034125,6.044334947121978,19.027794937292736,12.212266859197298,19672.824651671745,287.75411346487004,210.5616355716327,6.216813584511832,16.891080407301583,9.965409028411797,15383.741664931404,173.56929696398612,212.6264937959887,5.644662243699492,13.901151212056478,6.754853091700438,9646.749626122215,88.96769585866855,213.738290546083,3.219339333491821,10.709833592176437,6.085965163558939,5141.283795074366,62.64633555171961,235.44784667632302,1.86333924274596,6.529398943980535,4.814852610877904,97.82951716672156,38.53108368924591,254.30194454419208,1.9727950234399332,0.703507603580753,1.4260602057902108
02-08,29735.081233850353,510.77829532337097,220.31135280727688,10.199824381540274,22.443238099416096,15.473597416415052,73.0,7.554400407526821,7.5,54.1748446523241,17.0,7.55440040752682,22818.819214967203,367.58197748542364,211.10649525935702,5.932736993825814,19.224594640731812,12.36121422721574,19670.736856814914,286.49955750203486,210.4619630727295,6.0234264693984185,16.96216455946366,10.234458102016063,15382.69723360652,173.95566748388845,212.6318561924224,5.587284124078863,13.913904468218485,7.000578949199723,9644.595312193986,84.1030155660162,213.76167771640036,3.2419803820905004,11.001163280010223,5.479673383868423,5139.9927471150295,59.1649320490884,235.42364436826443,1.7969294787522414,6.7704722801844275,4.445048718591732,96.14042726961478,36.9937490693958,254.40937600100258,2.0514499167661207,0.6587558838228385,1.560357030384035
02-09,29738.36135923028,515.657458571545,219.7620173047384,9.987779622359662,22.05035656541586,15.971942158525396,73.75,8.349839973688535,6.333333333333333,51.094627110296344,16.25,8.349839973688532,22823.42682205728,367.30357882668494,211.24431173040725,6.177133659813269,19.30796674316128,12.462143244648603,19673.73492208044,287.3368549217216,210.52601545170558,5.920410028334064,17.015127384662627,10.399302309231441,15385.138388454046,175.66281239928895,212.65914266675853,5.5621676595756275,13.821286145846049,7.197334843404117,9645.59480351258,79.56232708123544,213.7489665656022,3.284097655730555,11.004097980260848,5.131000128259314,5141.005966549159,54.74559163224284,235.47324040024498,1.6491302983382636,6.64714007327954,4.070666533980493,94.56877255517175,36.836611360951444,254.60110492613234,2.2076260976050532,0.6209949967761834,1.6083933426097634
02-10,29734.818543650326,524.2731041899787,219.28187549834533,9.313307219404258,22.26875355814894,16.895719521978464,72.91666666666667,7.5453609101465675,4.0,54.80608448476979,17.083333333333332,7.545360910146566,22829.25944381111,372.35924016610306,211.31517867983447,6.452336415359366,19.243356035649775,13.006584685385233,19677.42532296439,290.41039249528853,210.67822846543964,6.014250072402177,16.836955122152965,10.864089289442267,15386.760263128575,178.65732693169346,212.7249447240173,5.523033899559385,13.521008414030074,7.768342831203133,9645.357046062545,75.90003497625617,213.7556715865126,3.4054214570486603,10.35715978940328,6.172097684304234,5140.301392074953,51.0454087095098,235.50875184691773,1.6567802255441657,6.026300643881162,4.665019152328893,92.97270308207777,36.47154880630678,254.64639023488655,2.209590110911719,0.5235578654954831,1.4817572982740073
02-11,29728.31614604673,534.7486567102023,218.78422075982678,8.81039476968037,22.37831749121348,17.440272725880373,72.5,7.768193328323315,7.416666666666667,57.6272330457202,17.5,7.768193328323317,22832.799911536677,381.6360417138218,211.16562554453537,6.521684893816255,19.00074814260006,13.439016213774872,19681.788029068226,295.0602446515136,210.69943991170894,6.311511150345662,16.498144824430348,11.128887343520248,15390.268807216959,178.95886515891561,212.82056489812416,5.564997540409762,13.014230996370316,7.707154758052432,9645.393348969637,71.34945028874628,213.88143947382386,3.5056659367539313,10.22331893046697,5.47632122776292,5139.399292121871,47.18440377176976,235.5774360537512,1.6229355865094457,6.295425947507223,4.066381258847115,91.41751611029302,36.83028609026523,254.6563567907933,2.2990713014074333,0.7922225748499234,1.6058336621505733
02-12,29723.198612001834,549.7399377370635,218.21881510536608,8.602706859697433,22.361756970981755,18.083312743653185,72.83333333333333,8.087168778415265,12.083333333333334,56.9712697305637,17.166666666666668,8.087168778415268,22838.99343257603,387.1071359254215,211.0322788771769,6.717800602405338,18.653844134012857,13.857988668079054,19687.924966108716,296.37201841526667,210.82099412694373,6.524714454648706,16.334478386243184,11.095741748632738,15393.528066920811,176.0398765076234,212.97165051922687,5.725979705477871,13.180027307073276,7.235034503605044,9642.24689724531,67.86994930400104,214.13462792816208,3.5340986356047415,10.970836452643077,5.115706387908588,5136.584445959457,46.200960268757605,235.44319115872284,1.5705888028784927,6.592158816258112,4.026679833143047,90.74713834883008,38.41300696338779,254.65630655646046,2.4100243161027635,0.5416451139996449,1.615491852548896
02-13,29728.512556414924,553.8185011480386,217.93166824457725,8.505505400871238,22.33653268019358,18.101777737736818,73.41666666666667,7.781591156025882,6.416666666666667,59.6205072526012,16.583333333333332,7.781591156025883,22849.387101966113,388.4069690669339,210.9953226733832,6.883840357236299,18.462527815500895,13.76052521599675,19697.85955659097,294.61709906330856,210.92508430146987,6.717599365407377,16.0739311983188,10.883818670812245,15400.53530048255,172.75686430566358,213.0871617848458,5.8146313102763045,12.950456862648329,7.050992914319464,9646.980931958084,67.0527753412967,214.26518317871802,3.48778381983738,10.907442206144333,5.486620864811053,5141.539722394221,46.92621124028635,235.36565922459778,1.4186117647338554,6.306193812688192,3.797203566186755,97.43209044883078,37.62147007198969,254.56136372840953,2.2838429411435213,0.48202117811888456,1.2434260306915446
02-14,29739.430108145356,559.4771452345514,217.95564720619197,8.634721392415305,22.140766900777816,18.445749882865382,73.58333333333333,8.165405720153325,1.1666666666666667,63.39440491646438,16.416666666666668,8.165405720153325,22861.09501106016,393.82663351353193,211.01647858414438,6.879485841483547,18.20433451930682,13.9153963652243,19709.202719044544,298.5699028416576,210.95063178014314,6.869775316640368,15.955510612328847,11.141604988026995,15410.151059576492,173.72679420881198,213.19327157455467,5.966892278887099,12.824511173864206,7.0678942194751375,9656.402367159759,70.05754135161327,214.3081941256365,3.5203943521137444,9.931974291801453,5.318761556988728,5148.81657727563,50.42366819949446,235.47733939089463,1.377021387119755,5.86195190573732,3.9802237922531276,103.15156539708612,37.7586262048518,254.58338289865014,2.1981938419567078,0.5659000878532727,1.3436504636661801
02-15,29740.057155891394,566.283524458121,217.91812830525123,9.001411207807282,22.26108241478602,18.203918204705893,72.41666666666667,7.528203675161334,6.666666666666667,63.477980615237804,17.583333333333332,7.528203675161335,22861.649297678752,395.6931747231992,211.04064139275278,6.9135109290392975,18.40258441368739,13.941091995494778,19708.79956944211,299.8810824870079,211.05771197845363,6.910009758809077,16.238977236052353,11.073510952141069,15406.475308039482,171.3690925404703,213.3485802440805,6.152824306795815,13.46986588810881,6.9405254631836995,9650.654578745236,66.91251478452234,214.30977647899041,3.574092503102429,10.740993290146191,5.158704748765187,5143.874064087292,48.900489150775506,235.3900853818637,1.3464446112030501,6.648871375620365,3.2863293139226335,99.09675335381554,35.99090062402472,254.67957968986138,2.2408390893432,0.7708042095104853,1.399987008708094
02-16,29733.46643377876,568.4828587745421,217.73116052636595,9.299826198326855,22.435638558864593,18.557496186215722,73.0,7.916591046220806,2.4166666666666665,63.475094672463165,17.0,7.916591046220806,22855.029622536556,391.9663335958148,211.0956750265441,6.859462876191234,18.927327108383178,14.00593624442213,19701.89563199973,296.88580806233665,211.07822883390588,6.853521052990521,16.902073075373966,11.061840636600389,15398.21417209988,168.61043793665752,213.4814674833134,6.208971253821361,14.261934224764506,6.860126564154226,9639.374618422236,63.55303192995813,214.2813049355159,3.5364210056601064,13.10242501894633,4.7360950281471625,5136.155239296165,47.36740064298965,235.16986124564744,1.3253026692877654,8.249639658629894,3.3019925596925432,95.92728991493986,36.171821912228076,254.59775177455543,2.2504083403415884,1.0422378880282244,1.4353351931736997
02-17,29738.71675768628,567.4613440808774,217.74332772348686,9.270604179573516,22.014149622122446,18.403984281695315,73.83333333333333,9.439766702747416,-4.083333333333333,60.53455600947584,16.166666666666668,9.439766702747418,22857.657877772428,389.5355469724226,211.2529182409109,6.831187162895807,18.837830432256062,14.027999668215907,19702.64333336459,295.0893921901044,211.1487920869658,6.793475440219068,17.024788230657578,11.226541806891316,15398.447563529351,168.7585133069323,213.5390906985569,6.169756878000856,14.491073640187581,7.062891027820176,9636.971876155154,63.88613608811505,214.35564655120237,3.4859919729403743,13.630633227030437,4.33762386035032,5134.624447485926,48.458926749246075,235.02549700376784,1.226814758993426,8.661351172129313,3.1501740022330287,98.33948205562908,38.1187902944102,254.4847265165007,2.193568358407689,0.9629338627060254,1.4588631302631212
02-18,29761.94514243935,571.2052362446832,218.21115755460642,9.15850062146372,21.313552731027205,18.650758924027027,72.91666666666667,8.511739695484007,11.0,58.63607810190254,17.083333333333332,8.511739695484005,22869.900747558677,390.4590890154273,211.59583170456784,7.069614511227237,18.193743205070497,14.035332914881113,19710.13371936238,294.7662845583965,211.41169938382367,6.813075964394112,16.617434151967366,11.040097437096907,15402.733078985695,168.5084179002174,213.62065133513337,6.13407347221101,14.381442228953043,6.763774297444697,9640.192641096422,65.22089463375538,214.44790465391543,3.4829614861180715,13.0959716796875,3.9563751896425514,5135.527142550619,48.93603717306673,235.06235445580398,1.2297863347768154,8.201403331756591,3.3474696408865974,99.7359563042979,41.922425692298965,254.44050227032932,2.1974475874836936,0.8784055349727472,1.6518885757996498
02-19,29776.345209284213,584.5609046639862,218.4536315891466,9.10530940727675,20.849495506286623,18.705216086650204,71.75,8.738292660508096,19.333333333333332,59.769432467368006,18.25,8.738292660508096,22878.31699905245,396.3546563132571,211.78425853817788,7.50200866920161,17.77822722196579,13.69264952417593,19715.631416217384,296.3704093406464,211.64365794197414,7.075065589412185,16.117501441637675,10.686397050898341,15404.697520973257,169.35092107672727,213.69833205579536,6.071837166364766,13.805528048674265,6.486996813440745,9640.31572120401,70.26096071888702,214.60098083523948,3.438816575311961,11.957502047220865,4.2233281467081145,5132.273445436443,51.033294393581954,235.2023891724738,1.342389762561541,7.596025568495194,3.505926913736979,94.69783412906988,43.05447551080511,254.57557398758158,2.2012104020266112,0.9484113453576962,1.6243732352733022
02-20,29775.0618359096,579.3326446071721,218.60798852932572,9.163134155529532,21.106171170870464,18.44816133689001,72.16666666666667,9.301773406493362,28.166666666666668,61.99253755609362,17.833333333333332,9.30177340649336,22877.44196190157,398.6187536612317,211.757395384925,7.591370490482812,17.821184686819713,13.361129399747515,19714.52841336216,297.1214468922575,211.70635517347677,7.217110007336049,16.162568578124045,10.40311840383043,15401.506314081664,169.83644041532068,213.7890058839673,6.029327055097819,13.964622273047764,6.475694226714317,9634.559774579522,70.68471208529327,214.64071247893455,3.557603108524773,12.764529633522034,4.7862127782202,5128.336531430167,52.59745909538776,235.05182717949472,1.401614875005024,7.963940792282423,3.9127398265386177,92.58406770395894,42.78044388774845,254.4739791372996,2.232630008170956,0.9126390924056371,1.5670458130690814
02-21,29775.41532189858,559.9975326676771,218.84039784033286,9.419852701221568,21.146395498514174,17.794815974284674,73.66666666666667,8.219335208176377,9.333333333333334,67.33835476894654,16.333333333333332,8.219335208176378,22874.491805641523,390.17007390664304,211.79970713165795,7.192737581387485,17.787006759643553,12.968834692513239,19710.928469050974,293.7122157983643,211.7329054214779,6.972945245999529,16.24714548587799,10.019781042936547,15397.132990222159,170.61536842929166,213.8183052348874,5.855186570802884,14.035341556866964,6.373117144560058,9630.80076731919,76.7110081274147,214.52097744118066,3.4298347007630365,12.77851943075657,5.886156365535154,5127.462583435929,59.446416157998854,234.88214434710386,1.443153112663652,7.655631411075592,4.719932986006781,94.74052559602542,49.63604434833707,254.34205196047242,2.199166466470496,0.7287845964233081,1.5705689592082324
02-22,29782.010644372353,542.40391761631,219.2032333583669,10.066308950319407,20.88563251669208,16.582531196251104,74.0,7.922033873296377,16.0,72.25016406138157,16.0,7.922033873296376,22871.804864415244,376.56321031277406,211.91706429235703,6.889832117929396,17.831581457455954,12.467310236824785,19707.540301106383,287.45832757542934,211.70736490166342,6.550834389780898,16.02216237783432,9.867936377440106,15394.652760245994,171.03637065487214,213.7807949337767,5.627606409576816,13.863881436983744,6.518897253102009,9629.65663046767,80.94697514270277,214.4212435337852,3.2395226805523367,12.474966065088909,6.119975017417203,5128.5815964121275,61.47794877464574,234.81552985965496,1.492452478348225,7.419188968340555,4.5892688516233155,97.14503991450506,54.27008066284629,254.3269847725466,2.10312217211115,0.7115920767188072,1.7246465256234247
02-23,29796.233362955463,540.1238274954744,219.72813712926853,10.92366340813875,20.4571395277977,15.852257969641824,75.66666666666667,7.219864041767632,31.083333333333332,63.20015868232662,14.333333333333334,7.219864041767629,22873.19794274092,366.5299955224511,212.03248420966602,6.831357154787924,17.91086090405782,11.688556790938158,19709.16514852786,282.0697102888555,211.6010958184097,6.246833498402474,16.004604295889536,9.545209660671262,15398.713619993285,170.87193828377008,213.68400652294304,5.450211885495535,13.612912164131801,6.565073406896687,9636.230372013251,77.33756084823905,214.36663478418455,3.2811765524866567,11.853505245844524,6.256695768670929,5135.068223350369,56.36506500599601,234.8108526514777,1.3925041798794302,7.141415653626124,4.425631684562629,104.4106203924248,51.108778050591276,254.38167980760906,2.019244691953304,0.5689939526220162,1.5385140036154648
02-24,29814.161580506992,542.8007763075267,220.0289182632092,11.221339203619657,19.471977436045805,16.122649970636093,75.25,7.805557259922644,28.416666666666668,59.56553668791662,14.75,7.80555725992264,22879.23247662011,361.0560793015979,212.33025212937537,7.025831855082309,17.74123307665189,11.392578283756523,19712.769505506723,277.58705472510013,211.65008667924502,6.178903397534632,16.16225037177404,9.360867901528021,15402.696920222306,168.7306431738726,213.65136953801448,5.401963142142983,13.71487207710743,6.654466571040594,9641.310854374762,74.01720718867962,214.38547338918445,3.3108510728694487,12.108096480369568,5.06539874275904,5138.017327403863,52.25999431875628,234.89509090997987,1.4861591878836513,7.782879517475764,3.6765065438974878,106.2484853232534,48.43155970047325,254.46057276488244,2.0272602111636995,0.7500359563467404,1.138799644353465
02-25,29832.44048256691,545.7122847302293,219.96265473893357,11.137292150401308,18.776641086737314,16.67390081479398,74.91666666666667,6.963059342149746,22.833333333333332,64.51988911920124,15.083333333333334,6.963059342149745,22890.62098874975,360.2625227586673,212.74469619544024,7.327982233800797,17.364937990903854,11.634426942030109,19718.575579308777,273.54582954750765,211.95608577484234,6.39836264856044,16.051943256457648,9.451178155628353,15404.871577356082,163.39436174436716,213.7292866652097,5.429270465361373,13.98235358397166,6.414497563407092,9641.062378227381,69.37478594260868,214.43448517520434,3.3442156319262324,12.976130962371826,3.9097320735116035,5139.55201091712,50.43469121861479,234.7651842594999,1.5891250057202226,8.345903444290162,3.2184413314841422,108.33476928827379,49.55186507735266,254.62049175053406,2.1119739515104587,0.5876030878474315,1.5272268233331574
02-26,29843.05804071527,539.719896987464,219.78120820432596,10.82191573720315,18.827028036117554,16.030259050766368,74.58333333333333,6.401889986738205,14.416666666666666,61.70942521948767,15.416666666666666,6.401889986738201,22901.330610440516,357.4602017434365,212.8857956969354,7.175037853970153,17.214777803917727,11.563349065560903,19726.12505108886,270.38391338986537,212.2001221089317,6.476514030283161,15.963951379060745,9.488889638243919,15408.793895172961,159.53326277817635,213.83918584513327,5.411054636799602,13.974225958188375,6.090092970129465,9644.171061185521,67.2509295021635,214.4778088799503,3.366769864658327,13.17240400314331,5.218976542889156,5143.129987350564,46.84992078430312,234.68766221227057,1.6604362558904602,8.071571999788285,4.110218267641207,112.54902273131759,41.7325342566383,254.6110233688381,2.0599183095261604,0.4797329197327296,1.665267203184587
02-27,29841.22298578794,529.1685108336228,219.54446826457908,10.529676417171503,19.748169108231863,15.530663986073677,74.91666666666667,7.085783889827105,16.0,61.7161187239187,15.083333333333334,7.085783889827105,22905.005036080598,349.2931206325794,212.80557328756157,6.834727084953194,17.30863902171453,11.31231007167207,19729.970773965048,266.9486838501899,212.24648217108629,6.205731662305506,15.963452355066936,9.028500225618249,15411.574029266574,160.9854054940015,213.8355965845031,5.295493145591129,13.943929290771484,5.8757119135488,9648.2513656164,72.38356532533656,214.4361113076747,3.2765137187893165,12.054682385921478,5.924515463885007,5147.175801602315,46.906939005521465,234.7378377352424,1.7711395294761818,7.115680857499441,4.170126417693,116.01707874220331,34.39653537308539,254.58758300350078,2.1413577123662013,0.18387556970119476,1.4280338470523135
02-28,29826.984894786678,517.7249780598935,219.29782573608554,10.008823883976046,20.239431763688724,15.279120812829795,75.25,7.291646141186218,35.166666666666664,57.554072526345315,14.75,7.2916461411862175,22899.934359552844,342.52187124955077,212.5504843904462,6.60560074141898,17.70328426361084,11.273612706618941,19727.67998254295,263.9208502160638,212.1168904556445,5.8871042603824035,15.970194379488627,9.070652244788892,15411.367801435124,163.64338165309417,213.7209125485804,5.087499497814589,13.676357825597128,6.239289727309248,9650.539602595161,79.30209190738647,214.32351086106272,3.212248449144987,11.213018767038982,5.724320976282772,5148.816665293807,54.39875080904393,234.91144011497016,1.8491805466798734,6.62446237206459,4.497729614017856,114.5128961779048,37.15297860438293,254.61766221577034,2.217430200867788,0.2567472564677397,1.845814895754827
02-29,29730.386578777005,487.7936886895677,219.16618812569627,7.404761077542611,24.53653210401535,13.959221929581206,76.875,6.512350903146595,40.9375,31.39430965272893,13.125,6.512350903146596,22819.46704405787,358.3974111555781,211.45866486178923,6.067451694832098,21.51589047908783,12.47184500313514,19665.98427859094,281.1870588932538,210.77641126740423,5.864984279587145,19.31234335899353,10.087328169807295,15376.984912765225,178.0651936332299,212.47396192914363,5.002483356504937,15.946849405765533,7.080803939879922,9640.410920374321,83.32974027245095,213.72881691310198,2.8473258253555653,13.500916868448257,5.653750940798257,5140.410012449048,48.07415794525791,235.0330439491839,1.958477650013327,8.26154175400734,3.334339025537552,97.10162870838859,33.56186519011218,255.01516692249214,2.5503680949730394,0.9823342673480511,1.1941087114695976
03-01,29818.472280880003,497.9013236267921,219.07098022953738,9.366387421096842,20.673385961850485,14.84748201391802,75.66666666666667,6.946015148038594,49.916666666666664,51.30824416738727,14.333333333333334,6.946015148038595,22898.411505134154,331.4038495596469,212.34766492437333,6.277092463740189,17.93324443499247,10.90712711533566,19729.02413260681,257.6782901925712,211.95653189052229,5.534463785229564,16.081564434369405,8.964614562693084,15415.199430243922,163.7341692303789,213.64090094669947,4.8008173164559,13.433665879567464,6.364920151694088,9654.24631019031,82.0648879687844,214.3450220920664,3.1903976292428258,10.925746365388234,5.999073356767429,5151.010180524894,56.83180298159253,235.03757819499924,1.8891130762045973,6.361943244934082,4.385286293510218,113.16547627720954,37.38043423320388,254.81633430381123,2.2356599462590734,0.2928803940614065,1.5428673957259913
03-02,29820.576783466673,474.31023579248244,218.86175971872296,9.027282691290715,20.488599960009257,14.375514716421252,75.83333333333333,7.081220103973576,51.583333333333336,51.73074909856661,14.166666666666666,7.081220103973576,22904.230913093885,316.33181009915836,212.29184059204323,6.005609415292446,17.677433586120607,10.2273588118975,19735.334249348496,247.34983749703974,211.95699089836398,5.202799681572701,15.808650634686153,8.396804699391387,15419.956462483353,159.52356223232735,213.75168861855204,4.54119576176294,13.313216384251913,5.933184682902908,9656.54412733359,79.46147357410604,214.4047369763075,3.1280155338005358,11.216272050142289,5.554356442056677,5153.037225643863,53.49569556564511,235.07618620455563,1.8554026689256313,6.6788036266962685,4.205628954825085,114.24209361791969,36.97853373796116,254.91599356145574,2.1960211548804107,0.454037948724969,1.5436899258674504
03-03,29823.592804338517,459.7917386702501,218.78373398301682,8.840114379060246,20.44706918398539,13.913891228405403,75.5,7.0832488162638665,44.916666666666664,58.32978232213049,14.5,7.083248816263865,22909.032882730375,307.8734995339958,212.32098645353068,5.838480149331632,17.238957885901133,9.817845276593353,19739.2747786731,241.59320003875385,212.03636335575135,5.030772216414884,15.53554699420929,7.9813681050975225,15421.155021052506,156.710064729042,213.94363716070893,4.3766731311910805,13.397062508265178,5.647997296061906,9653.64201416811,75.16311433981635,214.48767046449473,2.9971708067461815,11.689045492808024,5.482862198803104,5152.658683513925,50.55836990882259,234.8839233556306,1.7757778977928227,6.953399384021759,4.251999010410608,116.20430646363907,38.16338541964261,254.8973260158521,2.022224212872394,0.43779210656260453,1.4800543812082496
03-04,29826.36797947706,456.38196565992877,218.6913323722255,8.634285603241501,20.710674556096397,13.772099418495818,75.75,7.744575409656883,38.333333333333336,59.8357425954924,14.25,7.744575409656882,22911.835829737698,306.6233797939885,212.41175985770235,5.814777146398702,17.273194414377212,9.658409168584484,19740.63361405423,239.92134093635846,212.11239793706915,5.04639605397314,15.61038344502449,7.703507165027422,15421.240471475263,153.55045851651937,214.01220754895556,4.393665627354379,13.392505447069803,5.224036326447498,9651.414295534309,67.63356413256054,214.4735185481241,2.9709981503698857,11.83076913356781,4.626339310539853,5152.7055693119855,44.97629404876005,234.75659981639237,1.6103230199167977,7.348818563421568,3.5519375056615954,117.5542194472695,36.19223752265207,254.9896533174694,1.8235271855450883,0.39766163304448127,1.3439780580403067
03-05,29839.209324334817,472.5162470941438,218.8469312471167,8.772960994051891,20.64574176867803,14.739597464194798,75.58333333333333,7.061409614738859,42.583333333333336,53.294413780713306,14.416666666666666,7.061409614738861,22917.789589384574,314.1377991339175,212.64612518119918,6.144673017348341,17.42062435944875,10.018516479654084,19743.64251336456,242.24489599533482,212.24597748159835,5.295332692405857,16.016551677385966,7.923795688636792,15423.280622155069,151.69301645644012,214.03071686685084,4.5599168931484195,13.845153045654296,5.301078797389268,9653.609623862958,64.40515029213681,214.46700410750512,2.9983873407976853,12.361313629150391,3.4531127282954115,5153.3805916595165,41.549774130468634,234.84883836032515,1.5369083158379522,7.4469539920489,2.671197284522321,116.10868482699246,36.29583066805407,255.16192604842544,1.8191631622499917,0.6667223082234462,1.411083632379086
03-06,29857.078707904173,505.70644569523427,219.26064383841202,9.560822549522344,20.687161842981975,15.914760641108016,75.5,7.639507115352223,33.666666666666664,61.52422193784714,14.5,7.639507115352224,22925.363368067505,326.99457836033883,212.8591764324371,6.628663645672587,17.74926799138387,10.95337142994684,19748.794163252176,247.87599191324162,212.3712750280408,5.6779529238123825,16.259124167760213,8.436354590728815,15426.431544073515,152.19687951466014,214.09215415052887,4.668981470912485,13.920042961835861,5.54259632463275,9655.641914493393,67.03404953710053,214.61496265524102,3.0172474845724606,12.113322699069977,4.823689563002804,5150.78865994395,44.17194755325284,235.04299945415292,1.5201164245483945,7.33706453902026,3.830221965731396,109.54401881545051,40.77514734032843,255.40549177120698,1.8213022628795736,0.7119116226211191,1.4854895201280516
03-07,29870.356424216727,526.6544508178047,219.53847538148568,9.847619089411454,20.227982648213704,17.217571965272803,75.5,7.8893205861052955,23.5,61.778944075101215,14.5,7.889320586105297,22933.646244252544,339.0417620183613,212.90350574220528,6.925155352006716,17.795457808176675,11.527233738582153,19756.485425643164,255.65555366355008,212.43453283349618,5.926992309906578,16.159717798233032,8.874184569205608,15431.865526189913,156.721363496117,214.22274499622478,4.683542204464446,13.881565682093303,6.036889295635361,9657.037206930054,73.93522598709035,214.7891217789199,2.939838444154177,12.009630966186524,6.095759411920205,5148.699854787914,49.29522478122783,235.1649656802793,1.5608648936009408,7.554911839962005,4.445485864030106,105.59977480428908,44.690431277032616,255.48148106525375,1.7869084735849678,0.8053139875332515,1.5613139238530236
03-08,29879.18917817513,525.4058024095651,219.3599512179794,9.481757060298932,20.240938433011372,17.056236756669076,75.33333333333333,7.648904962570576,20.833333333333332,64.518552976341,14.666666666666666,7.648904962570574,22946.052633011775,345.5204385300882,212.9725365394049,6.919499933162873,17.299021593729655,11.596399996695332,19766.795474987335,262.79122888264106,212.59958135017126,5.922760638304318,15.722487258911134,9.211693732079144,15438.853595956025,163.1609893731624,214.3907442237639,4.714923682532182,13.723719573020935,6.312277208233609,9658.416932484164,76.66640164936949,214.96611114183125,2.9114945896315176,12.261966081460317,5.167190029638978,5148.0400126585655,50.97400283699771,235.21984317409382,1.5022805150188034,7.553644677003224,3.786209975203407,104.97864620575766,47.094492114014606,255.43380896128116,1.817320129977316,0.8394899973024924,1.4391402358889416
03-09,29888.49210562913,518.0558470585228,219.02662642687022,8.709514419565165,19.50760946273804,16.243582128820577,74.58333333333333,7.798190919001368,22.583333333333332,68.2871830420328,15.416666666666666,7.7981909190013665,22958.733512741932,350.0888983246432,213.05653316556857,6.758379994050536,16.753305355707806,11.361350241292344,19777.18105766365,269.600613058459,212.79302190733284,5.877884043737872,15.467577934265137,9.202381391145947,15445.2925297182,170.79495252907012,214.59364654878448,4.784639288520791,13.67672901948293,6.421504405275765,9659.969345846182,79.60193617000711,215.0986314304002,3.063909240262346,12.292826108137767,4.852144917100177,5147.854081804929,51.18272154566352,235.34063297780355,1.6197320146801695,7.446796353658041,3.380755975466572,103.5289984506155,48.80323945755894,255.4897394243163,1.8175690681333798,0.7598570207754771,1.3117789511853786
03-10,29904.305320475738,513.0335450021221,218.96883528877262,8.122080096418857,18.872214460372923,16.516132372227773,75.33333333333333,8.323557484357414,22.916666666666668,70.48197169016579,14.666666666666666,8.323557484357414,22972.36678760171,355.7746422337848,213.22707789059461,6.575180533061602,16.03861600557963,11.304587885700307,19787.911288978044,276.86619697780094,213.02437550147417,5.953081455301675,14.97690003712972,9.147299129169493,15450.812987083626,179.21746625420468,214.84510361734593,4.852227417799704,13.604355510075887,6.71562409020756,9659.686939641448,82.67765962513695,215.2313411584385,3.3370770515942705,12.432865606745084,5.67435491124968,5145.668717591815,50.82937549552962,235.42333709779783,1.7808492578649762,7.609730203201374,3.863354955357274,100.07910077474546,49.2986405214794,255.70455251305728,1.7343155266118697,0.6607665662964185,1.5332236766752276
03-11,29927.197083991792,511.8454345710393,219.23761176424532,7.826887052156473,17.98832023938497,17.123096550047258,75.16666666666667,8.73294725829098,22.0,64.77547428591717,14.833333333333334,8.73294725829098,22988.67947956114,358.60649779992855,213.4418201156022,6.460374111771113,15.283908303578695,11.477033837230291,19801.05386256954,278.7415421307846,213.2254637246775,6.072139417760537,14.37012921969096,9.293364141656062,15459.924813073763,179.2466288548567,215.0461064614288,5.023810694083507,13.273847301801046,6.792474841455509,9663.745343140066,81.188440465869,215.40344723028863,3.4745320107002957,12.787194240341584,6.020757983569857,5146.812211445439,51.08454096018869,235.54793522190386,1.707092468575022,7.812098408738772,4.035994467510572,98.73287524069877,47.39160893242986,255.94178469503672,1.7165414421339584,0.8042947952946027,1.3538026264685323
03-12,29950.411322576187,515.2911382869976,219.6145070686181,7.759622325827978,17.252312583848834,17.22645195032527,75.0,9.073455031403228,11.083333333333334,72.09214450167629,15.0,9.073455031403228,23003.014251724064,360.93346635811037,213.58992356570886,6.451168279995169,14.576403538386026,12.242802254175933,19813.231314377328,277.2674677819889,213.3705746877566,6.264485075890349,13.835628191630045,9.390986471240627,15469.798790070337,172.1770045330802,215.1278116143984,5.209512163006819,12.9405699412028,6.531174189779621,9670.281610080456,74.70572836865314,215.57890416821928,3.3535886675787285,12.908447873592376,5.565325210159016,5151.061155278861,50.00603304748497,235.61653926052358,1.4347792095525091,8.372860324382781,3.8143677921921535,100.69469388154145,44.308651582209194,256.1414981228188,1.802586419279329,0.8057391330599785,1.3420010116910988
03-13,29973.352357141513,517.9619582064822,220.13342609837576,7.887138308137067,16.846894594530266,16.69589248547986,75.25,9.176196717970715,26.666666666666668,66.31733186541153,14.75,9.176196717970717,23015.642914664037,358.9827793033447,213.74422360709085,6.560450207505363,14.312501084804534,12.019159696222692,19824.013924116796,271.1008034524956,213.46445124035938,6.459576292177631,13.517127164204915,9.057849103003461,15478.562369581807,160.74294079984094,215.22573663210702,5.289810602232797,12.631090180079143,5.810158032372593,9676.454210940337,67.76435333740199,215.6785786089046,3.2652817915813266,12.291391611099243,5.159253519651362,5156.043657674009,48.438394723044205,235.62692148559566,1.2372306738749264,8.001866722106934,3.8784166135233984,103.91179167179547,41.68078361551469,256.2970188857031,1.802596731904721,0.5786016491552194,1.588849373712897
03-14,29998.40893715683,521.5615461676892,220.65390832159449,8.320276345555037,16.14355166753133,16.35721836381622,75.66666666666667,9.758580073836114,16.666666666666668,67.05097563297146,14.333333333333334,9.758580073836116,23026.312005938504,355.5170224292698,214.03929773601274,6.665571536106579,14.340718934436639,11.788816129655928,19831.28186316537,266.2807502010563,213.656810655707,6.512590382463613,13.5695982615153,8.957100233745305,15482.474877183131,154.95489064595876,215.37161039101744,5.25629393507619,12.623910796145598,5.524375426906632,9678.479414551659,68.17909948721501,215.68339908810057,3.1892378279365325,12.144888512293498,4.742025297410938,5158.1866946918635,49.549710628785746,235.69282119515853,1.3695888690507219,7.509182492891948,3.687541312118646,104.08674790826028,40.87575452626078,256.4319299688109,1.8192546364988562,0.4761907964944839,1.6111312232064237
03-15,30024.404132724874,525.6279455544907,221.04828641973617,8.93259151206158,15.909963178634644,16.882797631007012,74.66666666666667,9.9942512211403,7.333333333333333,62.08980333485459,15.333333333333334,9.994251221140301,23040.2076491969,350.5376877301769,214.36090241347785,6.751624246220797,14.443982996543248,11.844925660675523,19841.03257671618,262.38728714458034,213.89244774859782,6.465396838574643,13.685086671511332,9.049643579746155,15488.698408578923,153.26437416513588,215.50195685999108,5.189734706692235,12.708860802650452,5.718033920056397,9682.787919521359,67.97377677591807,215.74402869404537,3.176190736458559,11.990729649861654,4.477336938809022,5162.092096643717,50.66578176242563,235.69695472382844,1.3241018257515043,7.29694048166275,3.450952923550636,106.63222272604052,41.101016385864014,256.5578542790039,1.8235970303782034,0.46737669929862025,1.5923986020982495
03-16,30049.08334896831,519.9225412646483,221.37439855958817,9.507790235378657,15.433744366963705,16.792357361525415,74.0,9.550230183180096,-0.16666666666666666,66.70487410890645,16.0,9.550230183180096,23054.519028094935,341.30588318295474,214.66067285655012,6.818925228874178,14.034140712022781,11.280372339375507,19851.363339702304,256.4131551051247,214.11387231064003,6.321006721880794,13.584210987885793,8.625729263543795,15495.324878723466,152.46593472214306,215.63113229383023,5.080245102288835,12.644457523028056,5.508616369497699,9686.960597599389,66.98734002282902,215.79432158302015,3.2670611036947363,11.749327953656515,4.266875744662427,5164.977792661887,50.342334959252796,235.7322708539654,1.2358993331205426,6.996141483138005,3.252335908949734,108.86986723763597,41.585221287813205,256.57976895231303,1.842194644155506,0.4029916757872949,1.6722277257141507
03-17,30069.039543444473,505.51803078006344,221.4391715598928,9.685213446112948,14.805028700828553,15.878020590729637,73.33333333333333,9.678747900402211,0.5833333333333334,67.44948088209699,16.666666666666668,9.678747900402213,23069.04124282876,328.46322472732066,214.83781151372557,6.882026086760787,13.906165711085002,10.547027714261965,19863.692099974454,246.97181264113104,214.24090670784696,6.167389025257867,13.386004515488942,8.184942652001176,15505.200062838232,149.59030173685017,215.75329432903916,4.85777223510379,12.4301038980484,5.483756098959149,9693.511700277797,68.37071459486451,215.87249862166627,3.162432054550134,12.053800900777182,4.374216899463604,5170.649765483485,50.26996447371827,235.7805208582925,1.2165888939850609,7.158007544279099,3.4718733244645175,113.12396819786872,44.02512612562905,256.7308384174618,1.9345873263811026,0.2806148515393337,1.7400965871811673
03-18,30087.105176021763,484.0421007160592,221.31235841051185,9.537746957985549,14.89084564447403,15.059625612628556,73.66666666666667,9.9942512211403,9.0,68.2749259775606,16.333333333333332,9.9942512211403,23085.83103727259,312.7095330553962,215.00945513404338,6.865984511709044,13.844904339313507,9.90654824770684,19877.54613166315,235.29387578132457,214.44639440313728,5.9882551194572295,13.198797182242076,7.693412568956313,15515.950005984441,145.122683707643,215.85397263695148,4.59854593689547,12.272177147865296,5.424489578194495,9700.751745127727,72.047977420078,215.95293553735357,3.0413468358168925,11.999773995081584,4.819157508252568,5177.213070821806,55.043107816263415,235.81503827822965,1.3104589875476234,7.340060514211655,3.6420023933638292,118.30383515377669,51.021285836551066,257.00300439422165,1.9439502034220868,0.29432348591896396,1.7401355700844998
03-19,30104.431414879145,457.57214203319654,221.2641169162236,9.209133323000417,14.807677552445481,14.128385162132128,73.91666666666667,9.160525633666305,16.666666666666668,68.97754923778153,16.083333333333332,9.160525633666307,23101.288701738336,294.68169702487654,215.22483077515437,6.670943789354937,13.885416928927103,9.033484430453036,19889.49155446269,222.87191847173153,214.6781761169338,5.730817308695081,13.316501474380493,7.098001340422673,15524.251505188591,140.29773417243393,215.97564463451388,4.413446998182186,12.325385904312133,5.040447413712642,9705.635810471344,73.5081709490423,216.12321498992495,2.9724793893818537,12.065133428573608,4.141844118777979,5179.943198788716,59.15696876431767,235.87824480237816,1.2555914934661059,7.520469146966934,3.4143673044948946,119.25342228996085,56.66586246641295,257.1760376641965,1.9594531648268132,0.6590741549928983,1.9441554292083125
03-20,30127.356237944383,428.7179347601079,221.44587139003764,8.878739655894151,14.510627887646358,13.567477162890585,72.91666666666667,9.286701033841569,9.75,68.05281290900169,17.083333333333332,9.286701033841565,23117.311783631856,275.73269712859104,215.49155476041327,6.375069257697819,13.478520179788271,8.490801357770257,19901.463393368373,210.12290792773092,214.92538119479602,5.390926148152175,13.031371347109477,6.474793476631531,15531.836148034918,135.94624827375665,216.156088014875,4.163918805648314,12.21710410118103,4.803908768679664,9709.35242161105,76.48250651711673,216.28740229481485,2.7843991284578813,11.97046164870262,5.207014271221541,5181.4509594724095,61.57659102169293,235.9748346723469,1.3160198174144877,7.484268174817164,4.216343929859215,117.46430712560571,58.02409162567991,257.4053080242565,1.9887446190528455,0.5193764954805374,1.9270411439200723
03-21,30151.09341613026,401.7849081422994,221.80525434767,8.580142434131806,13.812980437278748,13.093088031275288,72.25,8.66895968781523,10.166666666666666,69.82099443840524,17.75,8.66895968781523,23131.330870203008,265.8288807316213,215.74533594447118,6.04482491188778,13.138427599271138,8.464480430613518,19911.813389339153,206.74525867485352,215.16257755461427,5.139725440098868,12.70071963071823,6.621471542682166,15538.133088274795,138.07670126066824,216.33488860675047,3.9424907966922036,11.815539515018463,4.804198296408219,9712.331392335622,81.5787598216596,216.3582968189329,2.741087952016519,12.282407331466676,5.311741974972835,5182.403137799889,65.23931323446976,236.0787533937553,1.386565601645725,7.449670839309692,3.7481785444520734,115.69231680416539,61.35715247873169,257.65765464920986,2.0118838996584056,0.5642607685178518,1.9253019370497586
03-22,30171.03108822297,380.29278513891177,222.37937030492319,8.764333606663333,13.619124392668406,12.60796945350108,72.41666666666667,7.918859345469733,11.916666666666666,74.1058287220021,17.583333333333332,7.918859345469733,23139.916184379883,265.8554355246916,215.9125798156293,5.692246826830429,13.236624391873677,8.416255126873374,19918.311017509342,212.65610190291383,215.30045375029377,4.953167770273417,12.757765714327494,7.0418560067086675,15541.825155943412,144.94875332318543,216.45724712270783,3.937962152656765,11.937881827354431,5.093101756142852,9714.735111675087,85.47038642988194,216.39684313012484,2.6499321741256345,12.627249813079834,4.109935152716041,5182.8128179859805,67.43855915033438,236.18892976685223,1.3545630814310246,7.695765635371208,3.6087830169191033,115.44939403950373,62.60319040048334,257.7699762587839,1.9304549142880043,0.466943122446537,1.916600466421494
03-23,30189.217564943796,371.68239666712924,222.82035285768887,9.08209261143076,13.494194988409678,12.306344845963743,72.5,6.598066592466363,16.833333333333332,74.72343644415044,17.5,6.598066592466363,23146.35643841682,271.3063172674037,216.13649377600512,5.481327606460711,13.193670518199603,8.551634522638208,19922.786719206037,222.4706492558304,215.35375114875438,4.853286658262474,12.813362232844035,7.305990596842713,15545.95805735915,151.4407652854187,216.4337421412125,4.089836742914286,12.222529045740764,5.414498277527144,9720.508892145337,83.47995196033133,216.37591368605052,2.664911383356016,12.876209131876628,4.1658380675386715,5185.569758493254,64.56282846741907,236.35970063268647,1.2810904019502702,7.689297852913539,3.637528582182116,115.48177240195398,60.55680436316024,257.95816690555364,1.832792459983965,0.434515239795049,2.134212170094937
03-24,30207.226637347885,370.2534305373881,223.1652175861105,9.095243326898553,13.247419335941474,12.58420162255124,73.58333333333333,8.322262761488872,0.9166666666666666,81.55145227288163,16.416666666666668,8.322262761488872,23153.67854474891,270.69727582331313,216.4009556649142,5.485832891368593,13.007609832286835,8.929460152841505,19927.111104013955,223.99719503955356,215.49630925574309,4.81678307282003,12.675853784879049,7.549849945712656,15548.720164433638,150.41347203976792,216.50364904054553,4.2252740592235,12.205238437652588,5.509079901979166,9719.846574430392,77.00393587405473,216.46380055043397,2.8326008466551063,13.05109318892161,4.908640341851194,5183.683459704457,58.858179564158256,236.45927498800572,1.133239020966004,8.084055125713348,3.997563614079841,111.33078162468409,57.19684307530932,258.12470823279466,1.936935153459949,0.6330383837223053,1.6964553946641099
03-25,30223.45447245816,369.61879160706314,223.40682334673886,8.935017405858455,12.796446931362151,12.55729520090191,73.75,8.27204473742321,-1.0,83.49220488082746,16.25,8.27204473742321,23161.024440837882,265.5593243033537,216.72282861466996,5.480306090596497,12.951689785718917,8.673073246901357,19930.08083116538,218.43791999775584,215.72635941363538,4.794962459194468,12.79451105594635,7.35331600972323,15547.776167534612,144.95843753179722,216.6787143112322,4.227714426798234,12.28175729115804,5.527556349453517,9714.158895117329,72.14490779599831,216.57369762476247,2.9089931952018926,13.409792137145995,5.068718563205395,5177.785332969998,54.97407812956108,236.47230266017104,1.2811646371053313,8.587732716401417,4.130895757136655,103.68602703351051,52.024868073284246,258.29897368526593,2.0117397355256577,0.86237899971505,1.6283558084838199
03-26,30242.45382400563,368.05988046916866,223.4884562039633,8.738516136974038,12.154861076672871,12.252521180072803,73.16666666666667,7.71064348731711,6.166666666666667,84.1712471725037,16.833333333333332,7.710643487317109,23172.656970829332,260.65127279228284,217.08999171276398,5.387893112623996,12.656445149580637,7.892045948738317,19935.849214122947,213.28768767156154,216.12561507847147,4.699302019334671,12.830669720967611,6.867082092183942,15546.985379168702,141.73212527949778,216.92663912390816,4.112171308137954,12.336607313156128,5.541324485889903,9709.429438151588,70.21345491121988,216.64585326230534,2.908133423908498,12.513756163914998,4.9793856984591445,5171.8478540678125,50.92484194182451,236.42499158792572,1.4499947712234873,7.952635184923808,3.7845057415781715,97.85556785999746,45.0498557895183,258.4016503961416,2.040839360376627,0.45889388596018155,1.5592677365661307
03-27,30263.263995442016,367.8043024064124,223.6120826706894,8.455039788305205,11.668843450893958,12.080948442372716,73.33333333333333,6.98931861576246,11.833333333333334,87.05164275157091,16.666666666666668,6.989318615762462,23187.459191182952,256.8511523484064,217.40582152326496,5.257970312356025,12.31282084385554,7.78002590386184,19945.51670283471,208.04838953798628,216.4661515211163,4.631146256532198,12.608132600784302,6.577852462812552,15550.027965861818,136.37257258755866,217.19716857971017,4.043884149030778,12.462595144907633,5.185387177567879,9707.414099964846,64.52417451301997,216.77422463676484,2.9169587976069433,12.873062547047933,4.798293665464566,5169.417293278778,45.80442632785998,236.39898269457896,1.2502667197624286,8.019070879618328,3.6612592047065866,96.21919142844428,38.81643869769494,258.4826749452517,2.0058393755661577,0.4639555943508943,1.6451066616736123
03-28,30287.04727748871,370.66618809464944,223.7907481322879,8.125775047554956,11.174039334307114,11.817916739151507,73.41666666666667,7.836786961826731,7.416666666666667,83.5125515378845,16.583333333333332,7.836786961826732,23203.904993314012,258.27608917329326,217.63789677357948,5.208879863872357,11.789625499645869,7.882210682673488,19958.230607504123,207.54908466507754,216.74079983349958,4.648099520106581,12.267638794581096,6.4601910493102235,15557.489345062599,134.07852248835007,217.42716268253744,4.014023773625569,12.241762987772624,4.79576131715641,9710.532803323706,60.96275728191745,216.85720133178745,2.898714417688838,12.64135111172994,4.793866283338773,5172.82475934607,42.128594328893016,236.41074022048696,1.1884928780543016,7.973836596806844,3.7795772309816087,98.70385373077744,36.84122228992775,258.61651398892343,1.9483192339617432,0.49352236042420067,1.5002276006802777
03-29,30310.49516025483,375.4229927422152,224.07220015958222,7.711657308221709,10.566207637389502,12.133662762600657,73.08333333333333,8.373895535339667,0.16666666666666666,85.71688898619259,16.916666666666668,8.373895535339667,23219.627525645545,262.66345602292984,217.82230673611062,5.211649370792169,11.309399704138437,8.519286435214804,19971.406276476453,209.24686733112435,216.93056051910222,4.756742023929419,11.849408419926961,6.898304934710544,15566.64837620047,134.00786385158892,217.60090619627735,4.031439847293421,12.028338543574016,4.978679817658908,9715.501936393788,60.48747571629065,216.91359568400256,2.878524787956557,12.34293212890625,4.971648680752009,5177.657877186797,41.229712746683155,236.462186556625,1.2210506355188133,8.075329566001892,3.369469940893624,101.50918393604815,37.882609263102445,258.76830061860204,1.921094834996479,0.6432703182411691,1.4668555902677456
03-30,30328.719989921934,376.31564503636235,224.3388463159244,7.277988153629365,10.084219968318939,12.40190074304541,73.33333333333333,9.292500993416338,16.916666666666668,82.42730165103832,16.666666666666668,9.29250099341634,23232.25436271025,267.6094680293641,217.95836995905088,5.098692794926992,10.914199691017469,8.776718987697404,19981.836940224937,213.45085865176833,217.10024071480444,4.742064859932629,11.544076253970465,7.1869573123479675,15573.58731314809,136.5686042291771,217.7733610016989,4.055282052518612,12.041387295722961,5.325642964610248,9716.60834656864,63.182600486650585,217.02748165265368,2.8513284056023696,13.441004371643066,4.6388618888681785,5180.346500281932,44.2841998987139,236.42881835977042,1.2721848387686714,8.516187385718029,3.6352025045283978,103.12007938020177,40.96245737699277,259.00810537992453,1.9478243367727217,0.43740136101841925,1.419640003130576
03-31,30347.220929755727,375.14731720159756,224.55497167775675,7.04001474937279,10.04380930463473,12.343565994701557,74.0,9.77329224874148,21.833333333333332,75.18062540828994,16.0,9.773292248741482,23246.65156506464,269.8848444454514,218.04594849875167,5.011956255558348,10.869477623701096,9.062604362698792,19994.841713118425,215.18340024588926,217.20356848423808,4.653036586457558,11.394654314219952,7.38687470191402,15584.027090317388,137.68602929219782,217.93019495211973,4.057277335782257,12.053993097941081,5.500277447229032,9723.292192839646,66.96191843391196,217.10444413159286,2.8486961553926275,13.58365930914879,5.141580545902071,5185.808831448193,48.91565978437116,236.54959808778418,1.3458452877246456,8.557814991474151,4.132935888256767,106.04516233555161,43.71070895682608,259.19442393873317,1.953392687237099,0.357816777129968,1.7207231329372332
04-01,30369.57683991853,369.1041015214139,224.7929590465543,6.864766422216516,10.22853998740514,12.09030980048911,73.5,8.895950260342218,23.333333333333332,72.71914955940889,16.5,8.895950260342218,23263.826262687784,266.2461512561058,218.14593443168263,4.947483196880639,10.877536183595657,9.276070758550247,20010.85541221917,211.91544802921152,217.2679409783746,4.636424087874207,11.363533886273702,7.633844234722899,15598.021718890484,134.9823917452677,218.07217812647588,4.0475412551057675,11.947095497449238,5.80195612010596,9733.683607239469,69.8057320093638,217.17040974781682,2.729327798025929,13.269832710425058,6.327038001777633,5193.835337084576,51.75863192929722,236.73488801534734,1.477083666776721,7.843023373434941,4.644378961637294,110.74803669798958,43.48988987048551,259.3814778441344,1.9304915184794673,0.17630718623598415,1.5292277167500465
04-02,30396.17768030616,362.0573684046948,225.08114966517525,6.765073739050893,9.916585062940916,11.37094040068766,72.91666666666667,8.687171808073586,19.5,68.91836750323056,17.083333333333332,8.687171808073586,23284.79340761322,259.64448814472445,218.2589550813883,4.925558735779981,10.732188053925832,9.07788804720618,20030.23242237688,206.8993034825514,217.3860964208884,4.603962786357566,11.138637989759445,7.615766853478372,15614.648041596387,133.524946874082,218.20429846937816,4.010489722109096,11.520374993483225,6.1205492869666775,9746.71797894636,74.6318751686524,217.30299960921062,2.7217944023099245,12.945873339970907,6.515678872227461,5203.636177705021,56.45476389957078,236.94874194066404,1.616078626441568,7.617138986289501,4.400085629621165,116.08477709835348,45.10782007435634,259.5251344513165,1.8731543144819611,-0.00906679630279541,1.4028891244614812
04-03,30422.77534549092,355.12953960952234,225.4272612149661,6.732063960142009,9.306792554569741,11.004970027411268,72.83333333333333,9.114533045838286,17.583333333333332,77.97403229693639,17.166666666666668,9.114533045838288,23305.83810771208,252.19069832037914,218.38801510447044,4.901467331451497,10.265032537778218,8.157619865885104,20048.972473441016,201.1692987925483,217.54709695642913,4.521433656756831,10.51799742380778,7.242592154419413,15629.686916537152,131.7542712932291,218.41435207673652,3.906018175810359,10.823399056990942,5.887262569598454,9756.977507800653,77.69757333022808,217.43774994534246,2.61802786632595,12.409190980593364,5.346375532068923,5210.058271541946,59.873440300276044,237.1490696060547,1.7053696832553857,7.199498720963796,3.670513647983696,117.3388301485986,47.94931476396179,259.7857279336256,1.895887941509609,-0.12099269355336825,1.2691142820782255
04-04,30446.79757174887,345.95908445657324,225.6768871233594,6.8122874470552635,8.75807744860649,10.961841880282488,72.58333333333333,9.272766329542593,21.583333333333332,71.17693874560356,17.416666666666668,9.272766329542597,23324.6997315572,242.3292824346643,218.52160923315495,4.778789060086188,9.707241384188334,7.800195489114744,20065.52161608693,194.67777196442353,217.71914860964085,4.38434075871695,10.068088999390602,6.978855871141929,15642.454158058476,128.77345411333005,218.61981582659152,3.862765031670483,10.397048131624858,5.339581801246982,9765.816070683108,81.69688018744374,217.5619245593055,2.582647711809685,11.41204727490743,5.030316738882064,5215.347914571728,64.89349960487823,237.30914323680102,1.6486029548403849,6.724628218015035,3.542405702684846,119.40029219726979,50.50690854008037,259.9824672196806,1.7807211814426849,0.025343326106667518,1.23513431121075
04-05,30475.132462864214,339.02613798360755,225.92610170548406,6.969656918672465,8.164017156759899,11.281741024855183,73.33333333333333,9.877118570937975,26.666666666666668,57.72756069996217,16.666666666666668,9.877118570937975,23344.56710661572,232.2166600502939,218.7826480118719,4.72672896827661,9.041166253884633,7.6925852264873305,20081.526983792686,188.07023712085373,217.9614402663041,4.269207936529419,9.459889578819276,6.644497566254384,15654.334322057613,124.92236259672836,218.77848882513504,3.869415969490261,10.073396062850952,5.022272997202029,9774.66843283563,81.73006792353542,217.63280440525165,2.5257542390515826,11.052410022417705,4.6527171646536285,5222.414026874501,64.6607170279275,237.47567134522768,1.5891098610634147,6.471090614795685,3.4238854833015075,122.32769366644861,46.33824240698113,260.2139747101342,1.7776161551398886,0.050247797494133314,1.1548389254390161
04-06,30508.130904893256,339.1551231510425,226.26360400617784,7.100417920865753,7.6239763125777245,11.221631559162699,72.58333333333333,9.792751835196636,18.833333333333332,70.24198731249845,17.416666666666668,9.792751835196638,23365.604104701044,223.71836087791507,219.14515702502092,4.856864323369178,8.748086202144624,7.586256663287041,20097.21864937561,178.6864287869436,218.29043869903367,4.28817800776951,9.240877191225687,6.298813021177604,15664.841238415871,115.8763129755182,218.97255769305596,3.874735634658241,9.963565476735432,4.423580220638401,9780.554693487744,74.20283232722579,217.7124773696208,2.494885077916216,11.111190813779832,4.974601246094901,5226.568761405045,58.638230171061934,237.6506125357664,1.5729019367690373,6.430256941914559,3.4406678308688825,122.23206812570113,39.435092440963246,260.40211473675794,1.6964317678175804,0.2573456360492855,1.2188175229234446
04-07,30543.090025706388,343.1457798130153,226.60904737357694,7.013716273737208,7.033563577135404,11.56850765648905,71.58333333333333,9.682087382995157,29.666666666666668,57.799942329844356,18.416666666666668,9.682087382995158,23387.521504173732,219.83803292091122,219.5553852294361,5.053464117374241,8.31708346605301,7.258246469971748,20113.31053707727,173.06273343265156,218.6484893552351,4.311961004513647,8.923275542259216,5.733785542848685,15674.742267462074,109.96448659458723,219.2270500680258,3.753239353320158,9.793489440282185,4.050244052822437,9784.597375658715,66.54831354145516,217.8613726207038,2.412218141994821,11.569602187474569,4.454016125803382,5228.4199428170605,54.25082591049785,237.7829108848843,1.4951551097952882,6.510647110144297,3.5906124989157004,121.42738410302283,37.623294210349464,260.56366918935765,1.5747221740518769,0.36621213108301165,1.3442787546365502
04-08,30576.45564711384,344.15138195452187,226.81113800028925,6.690164375363122,5.871085686981678,11.643197735830649,70.91666666666667,10.05337765623328,24.416666666666668,65.51744744371707,19.083333333333332,10.05337765623328,23410.69835463377,218.31909588166866,219.9463443029994,5.123705764878354,7.7156706343094505,7.1592152410604735,20131.18108969695,170.61645142634495,218.95374527072,4.289864812427082,8.486391345659891,5.55099179769869,15687.068245309176,106.43327976530148,219.47674213967326,3.6640258386924773,9.602532887458802,3.828326460204994,9789.912102934179,60.982880463816194,218.13965616560634,2.4218076924646543,11.983920168876647,4.861902302270826,5230.006252955286,49.92098709069039,237.86976669359748,1.4920060216998297,6.992789226770401,3.7603745358342904,120.56364215777515,36.48583051591765,260.7797101801447,1.571417028012768,0.34644983739902574,1.2103207158230074
04-09,30606.253700924695,340.8888484534821,226.95113766502575,6.32160180112258,4.761945941795905,11.568749898973005,69.75,10.007540260671727,23.166666666666668,63.950187152045224,20.25,10.007540260671725,23433.273706767053,219.2586154352104,220.2692526518751,5.071144025349766,7.147338376194239,7.247037376731271,20149.04085063104,172.00638697328876,219.2557774105464,4.250497412571206,8.082800849775474,5.713301228249098,15699.640266905079,107.36091475894146,219.73691402507032,3.6437099809144056,9.241570375363032,3.9397794480729567,9794.798206348338,58.228189823747854,218.4113585946775,2.37580360814406,11.984762334823609,3.8317325939275486,5232.433292178716,47.20686331001867,237.9494581470877,1.4084331620338841,7.15177435874939,3.388876508775861,120.9710897295839,35.04353627765731,260.9650396271663,1.5911354373806645,0.13494251736750204,1.357944084103121
04-10,30634.273213618122,339.3807779175969,227.09805511802793,6.020559390485882,4.126498878002167,11.569149104302172,69.0,10.779930266552011,23.916666666666668,67.59311372461329,21.0,10.779930266552013,23454.609917740865,220.46263914957092,220.55624313864726,4.923369943662933,6.333426284790039,7.26291569195126,20165.86056447984,173.82714717240643,219.5644545123705,4.212915858159988,7.476981594165166,5.863460974947442,15710.226210426592,110.67108803175817,220.01537969004238,3.6471969473306136,8.861857461929322,4.113076291056953,9799.440074895758,64.56913596270695,218.5644660728376,2.411029242150205,11.622470593452453,3.955499826383968,5234.0460073717995,51.10137746485405,238.12351398272313,1.5245818156923348,7.062672768036524,3.3679604675111086,119.61202963427945,37.08112479864384,261.24570343862257,1.64392979472652,0.25579060253997643,1.3751479950156196
04-11,30661.374929280973,340.08832811866944,227.1531616493562,5.681975301299865,3.521052968502045,11.703370048825137,68.83333333333333,11.328430311977616,6.5,79.43116733894566,21.166666666666668,11.328430311977618,23477.625549610846,219.80409844765543,220.79726910637626,4.935966847659322,5.712521085888147,7.191045955663289,20184.281548223327,171.9196085780596,219.905099330886,4.323506013598428,7.01793393989404,5.720245471659772,15722.385479061219,109.83685932695764,220.28590029448154,3.68582223981676,8.801593299706777,3.9702555386873426,9805.989162546968,70.27895809613396,218.7588297603459,2.4545313858684796,11.949824221928914,5.213819596032508,5235.791612576733,53.84120685648015,238.36233468604192,1.7017493007048148,7.398139178752899,4.037553545430803,116.95162713776705,38.86206111569614,261.48451225531846,1.7309038759983595,0.5585028734446192,1.333235559063485
04-12,30686.62042445483,341.1278835649687,227.21767130645912,5.4327129190677566,2.8755203326543173,12.013048667790933,68.08333333333333,11.384414128863693,15.75,79.42723301757141,21.916666666666668,11.384414128863693,23499.219635657202,217.22432649704962,221.00767618575506,4.96558822851427,5.242708251873652,6.823609307117538,20201.96333572084,166.97204361648323,220.1945067818642,4.434095115073406,6.718797916173935,5.228616859836521,15734.788093347113,105.55752028621544,220.51130747956907,3.618655889748921,8.69217595855395,3.794534068608037,9812.26077873363,70.3617748058406,219.0085571110867,2.407301937440806,11.6150700400273,5.888983785787849,5237.759570555445,53.083153988865206,238.5392622370147,1.7488265718564613,7.267701051632563,4.15122261535833,115.5509020665126,38.270619553706986,261.69903411591196,1.7965089782816437,0.5527283164362112,1.2776674627312248
04-13,30710.343817041976,339.5992693941338,227.36145780793947,5.229032928414493,2.1887540260950726,12.194688422199489,67.58333333333333,11.32367319877449,18.666666666666668,64.5499450216563,22.416666666666668,11.32367319877449,23517.484032239452,217.2916547819846,221.19746198274726,4.857127434040897,4.836454529998203,6.898005105114416,20216.991691711824,165.83679084609182,220.44059002011784,4.369694702228094,6.354469851652781,5.020543332861874,15744.808383613254,102.21758493220986,220.73721904080216,3.5762646545300334,8.38503874739011,3.5779141648350437,9815.915450536038,63.47082421173112,219.23434186117976,2.2979058828545025,11.107109798987706,5.153631918648327,5239.244857616756,48.99594580548,238.57670949786956,1.5541840045417736,6.762976480523745,3.881952583843454,115.2455087932859,37.257181459194925,261.9850612445059,1.7276860605389393,0.4726631253957748,1.340451404112173
04-14,30736.291114115622,333.8122888788454,227.58700396937567,4.977722135263861,1.3546223441759746,11.952259615559251,67.16666666666667,11.81271475508731,8.083333333333334,75.36029359400554,22.833333333333332,11.81271475508731,23536.85614948314,218.4770045379591,221.42002380031442,4.669374836724246,4.318950003633897,7.271953247942842,20232.96160969597,167.07239669002513,220.6802387643481,4.242771187624636,6.023433232307434,5.274576709264527,15755.543797949833,99.90599278301804,221.01041345649278,3.6007765561789653,8.166521680355071,3.4648803495931193,9819.613448271932,52.99652570210855,219.42983333368014,2.32209707283099,11.92388923962911,4.858657177892042,5241.799365087784,41.297478452310656,238.57676086049884,1.3225672581128003,7.084494952360789,3.5315870542268133,117.44023868540356,33.73432693671177,262.20368654223546,1.7483638285200727,0.23646851231654484,1.3381910997700552
04-15,30764.63541441106,325.62998289662823,227.84618682965908,4.7306389791498855,0.6959956824779511,11.669033114983284,66.41666666666667,11.884562090878823,6.416666666666667,79.81844520787347,23.583333333333332,11.884562090878823,23558.131049550775,219.76101610458218,221.6142765758665,4.477055793127903,3.751408402125041,7.449882249738973,20251.270703340157,169.54977400035352,220.87822565949259,4.125486681625065,5.754907353276697,5.4952860180859675,15769.321946647933,99.56137496422708,221.23529187391935,3.6593858813756786,8.037219804525375,3.4800836580294465,9828.46679598849,44.02345315286959,219.51145996691244,2.323255981447816,11.218669557571411,4.394007000909705,5247.885461720052,33.984596642304254,238.75585822062746,1.122378401232655,6.873374345898628,2.858716266285649,120.06083079678902,31.983144741510845,262.4125773984294,1.6976695844165506,0.13672976313779753,1.1326336569286206
04-16,30790.056413316703,319.23575242319816,228.08902767556046,4.471515766664417,0.639163488149643,11.706470634058197,65.91666666666667,11.66122615346683,8.666666666666666,81.60759064311794,24.083333333333332,11.66122615346683,23577.80717016776,221.32345684722435,221.76137604009625,4.316456288476427,3.494122474392255,7.899241513499718,20268.598814055502,172.04726173223568,221.05037748648655,4.034866984925268,5.57264030277729,6.028002294300264,15782.502108430406,101.38087800737988,221.4612990448685,3.6174204696439363,8.118988116582235,3.7241807776522378,9837.624572347037,39.95479231946805,219.5501346158316,2.3665644229284197,11.885778697331746,4.051198176314788,5253.527536167662,30.78848926231348,239.00965933102174,0.965040090649149,7.4245770613352455,2.8402075395796644,120.2045750801837,31.699291977541645,262.6350185796111,1.6517592742286993,0.2689234405755997,1.4914699031070837
04-17,30815.282410855416,313.26712229965455,228.26298874689653,4.16696255405365,0.25620959997177123,11.239484713172683,65.0,11.333502365203307,32.333333333333336,78.14920889282703,25.0,11.333502365203309,23597.453379298044,218.7766074689347,221.9198330460395,4.251522818369302,3.1448292175928754,7.961021620206298,20285.525018268625,170.08102652967258,221.2517486369533,3.985143863823796,5.149555562312404,6.112812250064317,15795.647435638715,101.19345357780874,221.6243701245701,3.5420737741521133,7.899277945359548,3.7571246236732,9847.458684341218,41.2601159945609,219.6758407643664,2.3921518496061256,11.897470460335414,3.924772654829847,5260.34456900476,31.87518913571142,239.22116104921867,0.8784943862299769,7.506103461980819,2.702785995014436,121.59428252864691,31.901481153450778,262.9218351257347,1.5944403850194995,0.13783891104782622,1.3845726984899982
04-18,30843.373846989085,307.39815248642566,228.41878512480142,3.900997085560518,-0.7085456003745397,10.602806845997684,64.25,11.52489808467168,28.583333333333332,76.4759465603326,25.75,11.52489808467168,23619.36857801672,212.81271071006336,222.13538759112592,4.234089717729152,2.4067660202582677,7.24105515265522,20304.17429638661,163.87961605975963,221.47897103020443,3.9366942756316097,4.56155204209499,5.526837230388327,15810.777253245767,98.49396147916177,221.74614181675148,3.4074207318873464,7.4598504225413,3.4957754789814204,9859.43700548476,44.11302290215012,219.79753296194397,2.3076444970878547,10.631008275349934,4.191290024280801,5268.483268230168,31.644418390509156,239.47543208235933,0.960030427982417,6.864481016000112,3.244157862285998,123.59036317423786,31.455507054615424,263.23871738530335,1.5884788117642803,0.07821019537126024,1.4988487159450854
04-19,30870.771831846723,300.72161468278784,228.60720845074724,3.68586987978592,-1.4377670526504516,10.532778753164038,63.5,11.533310079041069,20.0,78.87681360284486,26.5,11.53331007904107,23640.020525455773,205.5686797728325,222.378860254555,4.153287053111591,1.934194498260816,7.170064098181036,20320.998480269023,157.0426625275919,221.73043827218788,3.7972534749354914,4.2455385133624075,5.519857401896196,15823.067232648262,95.25121128026127,221.9325061505518,3.218155471133714,7.130580127239227,3.5345719046772763,9865.52912839801,47.1576717665947,220.02677061252413,2.2575191906921876,10.52091776529948,5.060114930892178,5271.871285377697,32.27017755112935,239.59068309427937,1.0499678960419636,6.560657038912177,3.706181397861464,123.41331607519331,28.811878010993084,263.53861839850236,1.6430198023196605,0.15908945134530464,1.4447519234127686
04-20,30895.84951011772,290.7026719481983,228.78179100452815,3.511001421999575,-1.8062410553296406,10.274697857899469,62.916666666666664,11.354084282101198,24.666666666666668,82.97468801131289,27.083333333333332,11.354084282101198,23658.19170563219,196.30182654422015,222.64802981972707,4.037996822227639,1.6505963931481042,7.132602031778224,20335.034266024726,149.6798442664921,222.00302646320924,3.633900134498325,3.986387924849987,5.5381777800762135,15831.827439496727,92.22109361702437,222.1661176972372,3.070078936379692,7.065589694182078,3.6434224926097376,9868.159450398934,47.222844843026735,220.21124991380287,2.294297722564944,11.068995440006256,4.90688542845215,5273.694594213793,32.69529181714726,239.64825864978133,1.1142685502319525,6.766104435920715,3.747978880091222,122.98881852262427,24.763304516162176,263.8461361444307,1.6104896046065598,0.19913240298628807,1.274635299729401
04-21,30917.957462213548,279.041809199955,228.96031151994512,3.3644730470912427,-2.07436838944753,10.39849685537,62.666666666666664,11.852784725419019,19.583333333333332,82.61116683026255,27.333333333333332,11.852784725419022,23673.80369405223,187.8139400747018,222.88524228683752,3.8888559300246466,1.4913693835337958,7.16690388477667,20346.976738334146,144.47273412648255,222.25972337272572,3.445944906966866,3.9111031105120975,5.522143805516674,15839.055531343232,90.98850133286992,222.3357830691133,2.9348341365854114,7.067895320802927,3.793976642617506,9871.817797531588,46.768984908421366,220.25103733233328,2.2512492589458244,11.375832613309225,4.301821568206656,5276.434060539279,34.97879570754203,239.72560260158446,1.043376239625814,6.647621464729309,3.2890238822530242,123.40625810432958,26.331374064491396,264.1695403812494,1.5020903352566606,-0.05652694056431452,1.1342124147853145
04-22,30939.013524281814,267.1214642890797,229.17095235477709,3.2263657426628547,-2.269031592210134,9.954124156501413,62.916666666666664,11.63532324976134,12.5,84.30241130432829,27.083333333333332,11.63532324976134,23689.925552575605,179.64300753471693,223.02426869082112,3.7114034012594534,1.1186623920996983,7.181709383551866,20360.80541683723,139.5188013513945,222.448236298327,3.257103257032852,3.5398969600598016,5.467365687657467,15849.349633726519,90.33349656354098,222.47794150792953,2.7399700914239054,6.718951496481895,3.840542319051809,9880.095959374023,47.018592081043714,220.20143888808352,2.171627563783669,10.954822429021199,3.6557423009048846,5282.457255822851,36.32303501953722,239.9349986696785,1.026090442025483,6.496657721201578,2.8596060799553618,125.39973707782711,29.00122308511773,264.4210181471329,1.375965406853001,-0.14488748411337535,1.4714470626822256
04-23,30958.128283714817,257.6106424054863,229.36579474390854,3.0721026838505168,-2.5031566669543586,9.48416105731393,62.666666666666664,11.979388428731944,27.416666666666668,80.92004177532003,27.333333333333332,11.979388428731943,23705.897531523584,172.81816759889603,223.0674404309545,3.5818750197145772,0.6829683283964793,6.81080033953174,20375.88912378395,134.4385441071662,222.5307735444002,3.122834837483094,3.109427312016487,5.214625761392927,15862.68394234787,88.15390354948828,222.5357483357183,2.5737911358155277,6.372044497728348,3.7233363748003625,9892.580240171863,49.68872175688618,220.219934780867,2.1280429957976787,10.463959989945094,3.9519981246716407,5290.8725982907235,38.69672688126617,240.2195277600502,1.1193071563743329,6.222360731164614,3.1215096420334483,128.68423864560518,32.38034835419823,264.59290378429284,1.3507050194359669,-0.17779931562642257,1.401585854041712
04-24,30976.628759484818,249.36555760978075,229.55460062030085,2.9896349540416507,-2.647316116094589,9.043875776196817,61.583333333333336,11.456125701647744,25.25,81.38708594501149,28.416666666666668,11.456125701647743,23720.69044161482,168.7072409993618,223.11489843887182,3.4413764512223532,0.4333818738659223,6.446739860068486,20390.158158829654,132.8921364420185,222.55679030233003,2.9861364836543767,2.8851087212562563,5.147450431502047,15876.440651704246,88.0991015098545,222.5789915217353,2.4893389337924825,6.1487951954205835,3.7519938337677647,9903.999826096522,53.48139332596086,220.325115148784,2.0292371056692833,10.751064749558767,4.730471377497319,5298.563506180375,41.59625828070139,240.51134697372999,1.2034327941182485,6.392132741212845,3.683939696479331,130.87949643140885,34.79356232542408,264.8144873418779,1.4029925463789947,-0.31000705460707345,1.3529040321665822
04-25,30995.309701728012,241.56878728398937,229.78527346720267,2.9536345530470838,-2.8110905051231385,8.727746288535371,61.083333333333336,11.590783595935871,20.25,94.05232861147766,28.916666666666668,11.590783595935871,23734.78278361407,167.69534187168054,223.2110657466798,3.323976376628374,0.4224872092405955,6.40009283910919,20402.899398500707,135.156444788723,222.6401350420281,2.8801605738108997,2.9020013093948362,5.227439910402129,15887.491389984296,91.43238378543761,222.69061097958374,2.5015087280982207,6.318606142203013,4.021171324786024,9910.529645982275,55.51845578513358,220.5547123364685,2.0206810128917856,11.083314953247706,4.82090513338994,5301.515027513737,45.77381887665297,240.72006085478245,1.1000444064834152,6.347606253623963,3.775633671530845,129.56050918011522,38.77456940611553,265.0296517436216,1.4349888019185277,-0.3197354498008887,1.4629874820610407
04-26,31015.57635066937,231.31622020227132,230.01693267808955,2.99537112695028,-3.074982007344564,8.069068737802452,60.75,12.09071316455676,14.75,97.43112067436189,29.25,12.090713164556764,23749.39826524482,164.39778514054564,223.34879221318002,3.239042068993242,0.30602483650048573,6.229147064022037,20415.536191471394,135.33621179757426,222.7711102558402,2.837231700034607,2.9562003682057063,5.05807715820995,15897.16825136835,93.78431310801285,222.8809826401808,2.5181059639154597,6.381633361180623,3.8628524185346946,9914.242497501129,58.984128902294,220.744635767206,1.9495755214498913,10.96242638429006,5.327650010000914,5301.178778414946,50.72982906801428,240.94636933514545,0.9858525022118159,6.588268542289734,4.099708365525325,125.17703013079907,42.24318980287939,265.27668073666433,1.423896658472944,0.026897265017032622,1.58732876166369
04-27,31037.912039143175,220.4803248053186,230.2521436571494,3.0086681026335875,-3.401494491100311,7.524685770495778,60.666666666666664,11.925294280568549,30.416666666666668,98.85788156301163,29.333333333333332,11.925294280568549,23765.75837240664,158.36804730191741,223.4881502851737,3.169011516661849,0.1702393338084221,5.984604136549345,20429.805965522293,131.99808452099737,222.91897649886843,2.7676408528731584,2.923003620405992,4.906855956848127,15907.630411339782,93.65195002979532,223.08307106011773,2.480878127281232,6.450709084669749,3.885209584334197,9918.997902289202,61.49032762756999,220.92721605307892,1.9564213517142182,10.915494441986084,5.746857904129874,5302.223940922418,50.50266774447172,241.15044476110026,1.1251376030085867,6.827332635720571,4.09407938313673,122.73831856522614,39.29998349517861,265.51603310073756,1.371884252705526,0.26666426137089727,1.3282485994404305
04-28,31062.042242668544,210.7566738811964,230.49881172347776,2.960531619574278,-3.760362813870112,7.1200081029020215,61.0,11.095199334661007,34.583333333333336,90.5231046267436,29.0,11.095199334661007,23783.237013622937,150.10874187567077,223.68046971641812,3.0958143083817498,0.0774635061621666,5.743636081422146,20444.18340539804,125.92117506145938,223.12910535236884,2.6474100516643486,2.7987752735614775,4.879595133405785,15917.874781669549,90.65983668037856,223.30613967265427,2.3648837192595784,6.476107287406921,3.929421217179797,9923.4160194162,59.51373330171284,221.09414330044498,2.0822054255720186,11.595303893089294,5.126872550297265,5305.098878261266,46.62402689500521,241.20388516501694,1.239935241339137,6.951976156234741,3.6119102930265012,123.52136497223485,36.20593860351008,265.6981188109257,1.2881481557235583,0.20341474960247677,1.333973037803234
04-29,31089.318361731213,200.9349659839751,230.73460793561395,2.8811609555178053,-4.2172171352664005,6.723381443948958,59.416666666666664,10.761588247521617,35.916666666666664,96.38840996049598,30.583333333333332,10.761588247521617,23803.46162975687,140.50591282004,223.899121337106,3.033693940677667,-0.3718247367069125,5.414318922300779,20461.339207988,117.70794313574596,223.32640622693071,2.5092452342976745,2.3818198750416437,4.614305101723614,15931.14085160016,85.63998249500845,223.48769982264142,2.1985031990745907,6.165669737259547,3.924489243404267,9931.716151942637,56.51726144344957,221.31516830142706,2.0792693767251245,11.273003176848094,5.561698082660536,5310.9114993213525,43.396417130985775,241.28353252790993,1.2323669569123117,6.742036310831706,3.7717546682091223,127.78807323156026,33.02185130623594,265.8794236496097,1.2205718802218029,-0.03319196179509163,1.131746204785052
04-30,31115.8488489609,190.46258428578867,230.94143821882034,2.7738019308677653,-4.629733780026436,6.274579275179858,59.666666666666664,11.000261229917987,18.583333333333332,94.76305144696549,30.333333333333332,11.000261229917987,23823.31953463737,130.30193445874895,224.0952574466289,2.946923077784538,-0.8315732677777609,5.042448056429975,20478.31309484055,108.58498415484337,223.51465208441,2.4240785968671887,1.9571366379658381,4.379549266691405,15944.410127227478,81.0036926606092,223.65703351473974,2.0353910361601937,5.924142244954904,3.7311238132388787,9940.140178889658,58.052003846978636,221.52684900696107,1.949753689080469,11.645535322030385,6.004712336376129,5315.6416987959,45.11037463894836,241.46734971817452,1.306296604695639,7.125542946656545,4.317720989858193,128.76732555698513,33.1408093242649,266.1656947269452,1.1678425824190901,0.11572171176473299,1.2607806682695106
10-01,30575.038917345788,61.24621623103357,218.44919484620195,0.8467951459237457,14.185632038116456,2.5055381623410344,83.41666666666667,3.1130518713993482,10.0,92.27488917584128,6.583333333333333,3.1130518713993487,23619.30306488434,54.58456235794393,215.57521242952373,0.7668550509149983,8.500388447443644,1.5881397813294564,20386.090219548114,53.30604691970492,217.30091280992772,0.6085168259286853,8.33494038581848,1.4638363961003649,15937.09763377143,52.08276551199951,221.2090224666487,0.6360034297877842,10.633590539296469,1.726676227834289,9983.289756915437,53.58739604286025,219.5212864586959,0.9837758316644475,15.305201737085978,3.9320688811330857,5336.872934143625,37.418090166722436,244.15817515777647,1.3463905377885717,8.631261483828228,2.9086167073536244,86.72659069898057,24.84909311011213,271.26887411441146,1.2979043879747487,0.7588441617786884,1.3295249615067388
10-02,30548.818335281452,60.3896003298478,218.00600364856078,0.8636638466739702,14.497898324330647,2.2469255660442666,83.5,3.4491378233027947,8.25,85.20297772844036,6.5,3.4491378233027934,23604.063528636045,54.1967731406007,215.30209477328097,0.7729468131127706,8.61774663925171,1.488803513601949,20374.648326563816,53.104060853823746,217.0753625947373,0.6357146285961964,8.369570938746135,1.438915510318082,15929.765301020683,52.27885760770744,221.02682406001762,0.7103558430747695,10.539407348632812,1.8149777017701387,9979.884616333638,55.63869903614864,219.4478362601575,1.0579208153426822,15.401758591334024,4.196672162407829,5335.552397654691,39.9233661455567,244.01642770876734,1.358609701941935,8.575807038942973,3.229527742723577,89.73171584273024,28.99766270645953,271.0020126145361,1.3219028601678287,0.869931548833847,1.4051962019420545
10-03,30522.50791042475,58.872376084657226,217.5647440390728,0.855748342853518,14.788371721903482,2.171647846715148,83.75,3.1314588425777874,12.333333333333334,82.73590444938323,6.25,3.131458842577788,23589.026529372783,52.09518252969313,215.0291754914524,0.7758799099047781,8.726938517888387,1.493270454279559,20363.387212772635,50.9035729280054,216.8454549795054,0.6515660483900617,8.369419368108113,1.3755227651147663,15922.55582247461,50.50844068438763,220.85410022877957,0.744511684768187,10.567660029729208,1.7561548815950538,9977.76715522119,55.67403306333189,219.29394299324494,1.0386629586391203,15.563485399882,3.8330146426706295,5335.452766370482,39.49829150955938,243.8655952325081,1.3228423872649724,8.684690300623576,2.77987389058615,93.68631678089803,28.06709255342085,270.73061548650304,1.3547527619913564,0.7516744263470173,1.2081255976505936
10-04,30494.269032724133,59.29774475512046,217.18212638755955,0.8609372249638632,15.073704528808594,2.3874372533278456,83.33333333333333,3.49465930788123,11.0,91.41747739034257,6.666666666666667,3.4946593078812302,23571.129805266868,51.80275762636852,214.78173119117673,0.8182019697099352,8.884005975723266,1.658513191295763,20348.974890502162,50.26282754792257,216.62777252132125,0.6774269098172184,8.482781569163004,1.5633149282582224,15912.052120180031,49.50119727510412,220.68444448685085,0.7714216500280161,10.497866996129353,1.902956679724118,9971.325859010927,53.94907797220583,219.24954031489148,1.0559494326741552,15.048563766479493,4.281473920343785,5329.932033208667,40.40083108240937,243.82039897278668,1.232436354195366,8.495619714260101,3.02845466411199,90.71652737476809,29.029196090837782,270.49084754749975,1.416185104178107,0.7143320554246505,1.078291412223008
10-05,30464.67247320334,64.64250974323997,216.8181227046138,0.9349382012439389,15.404649988810222,2.7141841753625933,83.5,3.4491378233027916,10.416666666666666,88.9839275814239,6.5,3.449137823302793,23551.561298675704,56.08392557552215,214.52880684964006,0.8735098046782365,9.18944862683614,1.907671445516658,20332.81905456572,54.186201915027134,216.40267522806468,0.719664470114449,8.747204256057739,1.8542048401015738,15899.717521935214,53.21805009396709,220.53823756984627,0.8038538609854639,10.600139935811361,2.344239379689167,9960.745533913287,59.56682684025623,219.3135603644576,1.1435921301451588,15.086764060457547,5.840052740097293,5320.629881538154,44.910755827518024,243.69942576869823,1.3269747337850986,8.824947528044383,3.9251675650305886,85.01776490550073,31.558909909268202,270.25752015973933,1.4945715636205894,0.951139197871089,1.126317309101202
10-06,30436.40092957153,71.28777055865663,216.4697364591247,1.0452165790932537,15.721835899353028,2.9124387132392062,83.91666666666667,3.327221408149835,-4.916666666666667,90.30237360203175,6.083333333333333,3.3272214081498355,23533.001953461513,61.293837528025655,214.27477731147465,0.9336711003598265,9.515392398834228,2.207534684055155,20317.800070827125,58.784853915616075,216.1782955465504,0.819549187371399,8.959895594914753,2.0971434127971262,15888.436896696165,58.29916813981858,220.41603416016378,0.8804247621505311,10.688216050465902,2.728993988546874,9951.9531068078,66.65572930703622,219.26843857122824,1.2104429183086356,14.72143961985906,6.466183540577128,5314.041241507069,52.1361801887825,243.52175146455815,1.3972911556042882,8.60351820786794,4.192558832188195,82.47285070716082,36.66469681191799,269.9857108882359,1.530383908096194,1.0769049290567636,1.267279487712986
10-07,30410.28847828136,74.6836995375466,216.12589182940522,1.1115373653122553,16.01370474497477,3.045714004910247,84.5,2.9653167534474054,12.0,82.47099803713654,5.5,2.9653167534474054,23517.182777257072,62.58625225604566,213.98484963313297,0.9940141335307612,9.771400753657023,2.239161256709129,20305.831453795163,59.28595305725357,215.95032075041024,0.8910634759308516,9.094364754358928,2.0028102246300263,15880.24325426001,58.938805377275344,220.28315729095084,0.9265471593497171,10.745630462964376,2.6745360260213724,9947.103884389158,70.01772507013399,219.17324459900527,1.1809816308192806,15.50573099454244,6.3655417511072185,5312.218355217222,56.49338299885261,243.35514904262345,1.4038116411915103,9.22561293443044,4.480304532622521,84.40803207915825,41.12991472675226,269.7606436388838,1.540626436517503,1.020062648008267,1.6722289373608958
10-08,30385.146427348573,75.39208976644075,215.76149312128734,1.1495547778446624,16.345125516255695,3.115066281949831,84.75,3.3055595801514515,-0.3333333333333333,91.26678715053801,5.25,3.3055595801514506,23502.323316408558,62.37250023398026,213.71536171231637,1.0339726567507166,9.86346788406372,2.1240782270341403,20294.602127138896,58.961294348350044,215.72783363480477,0.9159858311524445,9.195509719848634,1.8769948589013885,15872.799260082327,58.694725510547,220.13505238455548,0.9489118517787892,10.858565266927084,2.6034963305545786,9943.067361369564,69.34391383596741,219.06598791665922,1.031406886900369,15.840109268824259,5.7955458393126,5312.191317536561,54.74607015239426,243.1035458246365,1.3851517041202501,9.405773774782817,3.857571303039572,89.2976899089915,39.980785830476115,269.4525322936657,1.56118002751457,0.8561793349683284,1.6691173368911278
10-09,30357.304891547188,76.0770137381834,215.3797438831935,1.19595231551102,16.684352525075276,3.191055072853973,84.5,3.4366182254632545,-5.166666666666667,89.06103421862983,5.5,3.436618225463255,23484.182180001466,63.93682396246982,213.48528602450864,1.0556450300962894,9.991125551859538,2.0352022034408943,20279.5724755032,61.34203881293046,215.53899151883334,0.9184410400131304,9.350896803538005,1.8242945707358174,15861.242104322087,61.29313112212661,219.98648308340364,0.9189494701599478,10.987931791941325,2.5336010644064557,9934.834735771385,68.759917211119,218.934296678865,0.8790128701943557,15.507229405641556,5.109365365641561,5307.883009708899,54.41695249119883,242.87829444613902,1.3462528797303397,8.933217055598895,3.741462166686658,89.3951156789713,38.07391059786884,269.149243448733,1.5408557064931585,0.6897727092107137,1.4784416068430573
10-10,30328.817268283365,76.0773772727142,215.01929553699148,1.2803507883313827,17.01823511123657,3.2871890013714222,83.75,3.3315368722309664,-2.75,78.6424415992386,6.25,3.331536872230965,23465.130707131426,63.56590119635468,213.25238255120374,1.08935481033493,10.088465030988058,2.180115887863596,20263.676645179698,61.54229137889169,215.34806320261364,0.9258692847961015,9.490668765703838,1.9575775750053732,15848.921322393297,62.39921459673999,219.8092855963093,0.9110508047338948,10.98379626274109,2.666634915547515,9926.39700816618,70.06954946227057,218.8372123814039,0.7949026833578379,14.634398277600607,5.730300792609623,5303.150084946185,53.76076240675182,242.61136026129896,1.4124877033431804,8.59668161670367,4.207185512753028,89.24135570846892,35.29287259586481,268.90042966446595,1.537957106243419,0.644247134278218,1.5704946597877718
10-11,30302.840053987275,75.97154354600012,214.66987761934587,1.3828824762018217,17.232847197850546,3.4081733483286927,83.5,3.571921148297534,-9.833333333333334,83.78938428906271,6.5,3.571921148297534,23448.51823654908,62.606593818588266,213.01768999313268,1.1371164922535801,10.078481539090474,2.2573789453086834,20250.344684655553,61.15428830320408,215.1356439846724,0.9360637879666106,9.472659079233805,2.154157290348762,15839.738222469485,63.182301375382664,219.61738380319792,0.902974500775171,10.806302388509115,3.061537138713627,9922.429102221307,72.25511844957147,218.66181316974414,0.778831247763199,14.030072903633117,6.190731275063353,5302.9083239821275,52.36801267396306,242.45667958648437,1.5576333777870213,8.300500597556432,4.438687832274115,92.86208660426047,32.20401837920968,268.6281929603778,1.5943883660216083,0.5771898890535037,1.5498621200118146
10-12,30277.24468244748,76.83891979804795,214.34250531370498,1.4974027993270496,17.605769475301106,3.3674413805538923,83.0,3.4366182254632536,-5.416666666666667,83.10017670147333,7.0,3.436618225463254,23432.523445573803,63.43452380719878,212.76543131877392,1.1655283073521807,10.303867197036743,2.3302556824520173,20237.94810638668,62.30070605757805,214.91660125565687,0.9082176397744119,9.51391197045644,2.317490046127993,15831.312394878365,64.32872094681075,219.43120396761165,0.8280577411012175,10.873505369822185,3.0683035707587325,9919.316855009325,71.43716991534902,218.4036436409289,0.7811437522279766,14.330137825012207,5.399527451403106,5302.742638109414,49.75108386029308,242.35530899893124,1.5631312853859625,8.273453663786253,3.8240246748066324,95.50603326539967,30.372489590327625,268.3614839150466,1.6643704992088033,0.5216934223969777,1.2754294252338823
10-13,30251.294718021287,78.04445507990458,214.00886252591744,1.566621077877537,18.09789965947469,3.3740283777290694,82.83333333333333,3.5799569765603327,7.083333333333333,82.56680506626483,7.166666666666667,3.579956976560331,23417.1098227444,64.67607141041297,212.47170994466615,1.1434694642700693,10.701558947563171,2.5599615932329236,20226.422451093433,63.084791212776054,214.67274027160187,0.8636831971867012,9.773242195447287,2.621381364026378,15823.770098150759,63.91910298277882,219.29560802743944,0.73862118119159,11.025998608271282,3.236468031382438,9915.85331708023,67.81632475421779,218.29036172481435,0.8067928078498579,14.69593456586202,6.255419795130517,5301.301459069609,45.21952245804069,242.25083680775143,1.625077551977447,8.290882724523545,4.063580001398535,96.28921208793795,28.044201124476132,268.12312932883276,1.756473520848237,0.5453212690850099,1.41396120828058
10-14,30227.53481043338,79.58633530299568,213.64744310379064,1.6229060045394108,18.36012036005656,3.4878503570033277,82.66666666666667,3.46990344030745,15.333333333333334,73.36943990956779,7.333333333333333,3.4699034403074496,23403.175290467236,65.67421028816653,212.19403705306485,1.1177161825100084,11.094826634724935,2.686124098838788,20216.463716552804,63.52616622893631,214.43458577874247,0.8433504842222493,10.010145624478659,2.67789986904295,15817.771809393364,63.08450292784676,219.12497072606118,0.6729958052905038,11.000673961639404,3.3068122288800623,9913.540130560414,64.18092951719694,218.2557595013803,0.9757432638687863,14.33100209236145,5.817277099374121,5300.653763561966,41.488840184140926,242.1401060348195,1.6597902758821017,8.182558265328407,3.6942992564961377,98.36098814769375,28.563612260950606,267.97693217152664,1.6993658001496468,0.5594097197055816,1.178147308002233
10-15,30208.139391965724,81.4678817387165,213.30533765030563,1.679870393023517,18.54358876546224,3.744934245041206,82.25,3.55680503668187,2.75,78.21927070962006,7.75,3.5568050366818698,23393.524730998695,66.97817353264722,211.91845139626838,1.153625565974326,11.123969745635986,2.6935884372204484,20210.55610030265,64.43058324978905,214.18953635200768,0.892478450519723,9.998622210820516,2.62447191147934,15816.57357358472,63.11648197569068,218.92399938516448,0.7156883031372376,10.701632690429687,3.121949233799626,9916.218822908335,63.05863761671459,218.18535746645662,1.0800149404700399,13.551801419258117,5.118039560320513,5304.4839326517085,42.21009976649228,242.0512750985863,1.5937023151272558,7.5694216628869375,3.449450933082391,104.54119550086943,31.06366969321427,267.8126848350823,1.6654107474436382,0.1439628506700198,1.2431231106566427
10-16,30187.148832837825,85.04769602380296,212.98021223052493,1.716417886152259,18.89513572057088,3.800404390205504,81.83333333333333,4.20043785347665,0.08333333333333333,81.47742265375636,8.166666666666666,4.200437853476651,23380.828392747397,68.44333833103936,211.7177873688457,1.2287542996402698,11.158155314127605,2.754755361801835,20200.568348797195,65.32548385021667,214.02097541826697,0.9554901853414106,9.935954364140828,2.603256664282195,15809.708188234692,63.94072597803341,218.78263569378396,0.757906473737589,10.572690041859945,2.9577257934265875,9911.497425455682,64.15132552727148,218.09363858241855,1.0576616831473455,12.74504632949829,4.898501922396409,5301.944881566212,44.90754424101179,241.89079958892904,1.5226187275820533,7.2533872882525126,3.4085840292890968,106.2456725675474,32.52960407787163,267.5363066638477,1.7188954618951862,-0.0013932798057794571,1.273657061867817
10-17,30162.048424068886,88.59275671125968,212.68926258825206,1.7365674326748815,19.43019520441691,3.5187011064509623,81.58333333333333,4.2792267536548465,20.75,76.34469812000361,8.416666666666666,4.2792267536548465,23363.028555781562,70.33939671418548,211.580074185516,1.2948303226787874,11.398660612106323,2.753497189908093,20184.639608112702,67.28630001250944,213.92270809191356,1.0045323416756884,10.168738587697346,2.6734489501021,15795.567827916566,66.73656479488436,218.72591373998955,0.7558463531210711,10.969314463933308,2.855985584477831,9897.8730783686,66.65310882156072,218.03851008264593,0.9886881240465917,13.977791611353556,4.762410991628589,5293.755856377747,48.99328953172591,241.54728852542237,1.4368580872077392,8.147536339362462,3.4707692532534113,104.909999960478,35.67452301078047,267.1861674126791,1.6817097782707506,0.12375348657369614,1.3345015592992648
10-18,30137.051898637375,93.07580241385989,212.38316626802026,1.7601145060886152,19.76993392308553,3.5668798576782454,81.16666666666667,4.29179918331287,9.75,77.06174752128635,8.833333333333334,4.291799183312875,23345.598276742385,71.69221255102731,211.43156021621073,1.3435821368906327,11.704931608835857,2.4838678724801566,20169.18059343102,68.18025002091353,213.79922595150794,1.0204166565159383,10.482645622889201,2.5111721179517246,15782.696593788056,67.89701606687336,218.60782163102166,0.7521473211264879,11.22011063893636,2.825799850174904,9888.015060665824,69.2555014034244,217.8906752415683,0.8858281506321869,14.710365041097004,5.057091479920968,5288.706295801976,52.550856878613665,241.27923197265935,1.320556335023008,8.240448951721191,3.9348595393220505,105.0583998198136,38.28297458439614,266.84377163347006,1.5780707314312543,-0.07353599121173222,1.6004403605109625
10-19,30111.862163070728,96.92785404715514,212.07113753447055,1.8345213451899964,20.059260749816893,3.7196424343951433,80.91666666666667,4.618335521430393,24.416666666666668,68.47691321663208,9.083333333333334,4.618335521430394,23329.04115201926,70.94184519405137,211.220271147326,1.3812361951599275,11.853672552108765,2.206496707763751,20155.36816439252,66.36108837117014,213.63571077804502,1.0444129125268014,10.583419116338094,2.17571426360637,15772.001345286431,65.76762805616072,218.43730712581115,0.7465046356748,11.261401748657226,2.69904530288454,9881.597108110109,67.17978388635719,217.7581026771149,0.8220089267577003,14.414301435152689,5.716697339882186,5284.9254731686,50.16847126222524,241.13207198250316,1.3349580416105533,7.879978244503339,3.8417960227697923,104.9549079129211,33.480453612391265,266.5744624172624,1.5719859840852253,-0.19339933718244234,1.5355057336012947
10-20,30085.82722040991,100.70041195903815,211.840868081691,1.954520072790444,20.302790641784668,3.9243186501529475,81.33333333333333,4.488170914851565,18.416666666666668,74.36073344286565,8.666666666666666,4.488170914851566,23310.269791418246,70.52316272235315,211.0062048148513,1.4600872681937325,12.079256788889568,2.216343323592776,20139.494048934346,65.12735841296272,213.44921605543553,1.0834219573015698,10.681157159805299,2.0798409654716705,15759.387342417725,64.02867619343773,218.28032206866425,0.7475369715968151,11.33419082959493,2.6008126192896555,9872.74928525015,64.34383579407897,217.66672624764908,0.8685366265208283,14.10055233637492,4.332998456392753,5278.880489548648,50.39156012875966,240.9603517179914,1.1740256392859045,7.726924697558085,3.3288462356307797,102.623079365891,34.39752704105763,266.34022761946323,1.5425412432699903,-0.05508067676176628,1.6170024702659576
10-21,30061.39153535531,105.15666825182079,211.7411554835744,2.1827358803495467,20.561927032470702,4.260790405611537,81.41666666666667,4.135805248977672,20.25,68.91508393017779,8.583333333333334,4.135805248977672,23290.515567382452,70.35937670138553,210.83043182639878,1.5379530972580797,12.541283003489177,2.3228391166590345,20122.518041913634,63.92237722886669,213.26896615523611,1.1132409692984009,11.01643279393514,2.0648783410166045,15745.636286676921,61.821593225429154,218.16541886191118,0.7573503535831135,11.431050364176432,2.553273991428696,9861.955388862489,61.64267874987366,217.56650016152727,0.8875186731691352,13.780364688237508,4.241496425862168,5271.943082483492,48.64131993851595,240.70898519004933,1.1390497124514627,7.64824104309082,3.254206961636862,100.54538469691416,33.30960053051109,266.0969954162489,1.4511286401758596,-0.008609693000713984,1.5222638247492606
10-22,30038.18861540678,108.61166570177996,211.65354400805012,2.4015803898218278,20.815560213724773,4.413263464632841,81.25,3.9800147287892416,22.416666666666668,69.27109206156851,8.75,3.980014728789243,23271.338869630315,69.29198848894883,210.6444295386398,1.608297843951523,13.079641803105671,2.43882116857065,20106.128929685292,61.421211693259444,213.0847262942285,1.2028312168317856,11.414861806233723,2.0535350363687583,15732.638570288296,58.806045730481436,218.03255998903597,0.8372781479707554,11.662473074595134,2.603380368826341,9851.24184691996,61.234801675239126,217.4912798999141,0.9844848389236895,14.08526206811269,5.580604738887308,5263.897778010197,49.03040069712755,240.48648578004432,1.182914788822118,8.19990709622701,4.205541042107768,97.37996132009445,34.765611193242,265.8031194317394,1.4933353086692531,0.29044063470015924,1.600872416954591
10-23,30018.260961582084,113.79457983318686,211.56789124666184,2.546438196479007,20.85405095418294,4.577666892975531,81.0,4.285098477925243,36.666666666666664,57.194968028805576,9.0,4.285098477925243,23255.516449972987,72.16611024150734,210.45459572695788,1.6553080707136172,13.33695576985677,2.654302642666568,20093.176630578087,62.976044296797895,212.89022673561172,1.2896725730651604,11.65695907274882,2.2502650718363073,15723.062615474355,58.969988856558004,217.89354685670054,0.879562772847945,11.787656052907307,2.6754266733048904,9844.509706425237,61.70267054473153,217.43424965084424,1.0602622918787317,14.141869886716206,4.952167477646924,5259.2127345977115,48.94238379135612,240.33117072651496,1.2195277700030556,8.226775638262431,3.981764866200392,96.64356276128362,35.3682056801914,265.53509247691755,1.5819219193776217,0.43716206500927607,1.3633849965284572
10-24,29997.237699523892,117.44756730641308,211.33321653591082,2.5498091115642065,21.02093073527018,4.538134191944409,80.75,4.2115399755335625,36.916666666666664,56.74232187665589,9.25,4.211539975533563,23241.00990152833,74.28957192567793,210.28149785454826,1.716869149382333,13.35926472345988,2.846266422290731,20081.19804240039,63.3799544005101,212.71676583210984,1.356336657635865,11.839402866363525,2.3316072522149947,15714.290372557687,57.20564888386486,217.76533987716982,0.9615201496417979,12.072814194361369,2.540505134631986,9838.2915084804,58.66563025364349,217.47494878377947,1.164339311196927,14.843170468012492,4.509553252139987,5253.818179684778,46.651695355125845,240.19270879528491,1.2518492255886435,8.444090263048809,3.1027346666384017,94.52956231983454,36.86887661638059,265.25909006047243,1.6532088689873612,0.5209837086498738,1.2795880721366866
10-25,29972.239724134353,117.42748014156211,211.01401342166398,2.4875927538977,21.379733530680337,4.481943620873573,80.5,4.275027727274469,37.083333333333336,54.902277343214685,9.5,4.27502772727447,23224.41737857933,74.83886619422773,210.09790465671188,1.731549880715264,13.537587610880534,2.7519767599436102,20067.120185917756,63.16887904968779,212.56551383938384,1.3768782006355982,12.11605790456136,2.3265205842981604,15703.079710704651,55.84436728080122,217.65118508254636,1.0248565263646747,12.53536540667216,2.3093406965386625,9828.278932447449,55.854623087508536,217.4461511147007,1.1802047679605185,15.553759876887003,4.129154673182725,5245.97430616603,43.225403837817424,240.04012564046144,1.3268044056246509,8.742877825101216,2.6283466390787997,90.04079636652276,35.65378595006752,265.0192942584626,1.7514209273531751,0.5753968307127555,1.2594618991441326
10-26,29946.623543474747,118.60764822138407,210.69319995722972,2.479849236772406,21.464057286580402,4.693895769340859,81.0,4.025778999364491,36.916666666666664,51.956062892258956,9.0,4.025778999364488,23207.597988534424,76.81266490831639,209.86316525538842,1.7145559168042006,13.867471186319987,2.7961846555135694,20053.373693321824,66.0318617192105,212.39675074353755,1.3779579806494036,12.343223094940186,2.3020083961421087,15692.228763830337,58.60216641100275,217.5264817908308,1.0381788662765319,12.630478954315185,2.2240621518793695,9819.899658004422,56.30857470922965,217.42863684594602,1.2474166727745506,15.483678293228149,3.958034478235272,5238.298881982621,40.61420866054226,239.95196972388757,1.4594849244973087,8.876076491673787,2.5129868092726766,85.76152505178105,32.026332064509305,264.7383570809174,1.8249027301185134,0.6719666306550304,1.3291594305450023
10-27,29923.43108793505,121.00795749740112,210.40880115247214,2.5433422678573137,21.745022519429526,5.102014011605748,80.83333333333333,4.169539239683967,38.0,50.362479191803374,9.166666666666666,4.169539239683969,23192.217605835343,78.86123904229486,209.64857242659465,1.7491689742897072,14.053191153208415,2.930486308727336,20040.837445719804,68.33618349560088,212.2360346118737,1.4240818365000834,12.432131624221801,2.2598961988133217,15682.353822905596,61.12165032598103,217.42344095135368,1.1170132136832027,12.767646312713623,2.245620735321682,9812.014547643364,59.001375204496085,217.4678975272566,1.3864743753815423,15.334713657697042,4.677685008740868,5232.064473976122,41.034375857912615,239.77315941534872,1.47230045960821,9.056837789217631,3.1994824361734437,84.66087560938321,30.142077167653184,264.36076368446004,1.863992020039002,0.9438857639829318,1.4665891310583652
10-28,29899.373037481422,129.74110698953888,210.15383954875105,2.6273463721738186,22.384263483683267,5.534518060802895,80.75,5.459490313459546,27.583333333333332,67.30810313124591,9.25,5.459490313459547,23175.161510624926,84.82532338414256,209.4648971375599,1.8218732642904607,14.46601767539978,3.249385005547396,20026.584611288,72.9378331354718,212.05979804961586,1.4669646161233467,12.80133409500122,2.5013219384452214,15671.280506487039,64.67185655671014,217.298937979663,1.1127682976082154,12.971595096588135,2.670030316176132,9802.529842114782,62.98196559526846,217.47746430977077,1.4103585095908044,15.521764548619588,5.6758080828140365,5226.5212548943655,44.77170712813777,239.4405515746875,1.4542522013212182,9.154884852965672,3.987927807460876,85.39677943628149,33.129552767882295,263.972380167109,1.8907993552936442,1.0604446123043696,1.4084330534464018
10-29,29876.32414206646,142.8481872037345,209.88253796790352,2.7936615338844595,22.96925344467163,6.095909132767586,80.83333333333333,4.6578323605353775,34.25,65.90925710713022,9.166666666666666,4.657832360535378,23159.738366592508,94.35484377726804,209.25685756953357,1.9007307192484855,14.846055968602498,3.6750150171504647,20014.14629560105,80.45654669858817,211.85787370221914,1.5232134515025517,13.117745812733968,2.97478701765372,15662.47250969952,70.56440907067066,217.1159101473064,1.0562679252255032,13.288283522923788,3.0852741788811984,9798.2737606511,68.39381958745628,217.22400269966462,1.2498516960334132,15.860836728413899,5.294618576794581,5226.413934470644,48.36522302270692,239.2392170752773,1.5771821914460233,9.287694432338078,3.1531313710896236,89.67420163050981,36.68285716799011,263.6121070318223,1.9624006996874914,0.7582837970927357,1.0561749057176564
10-30,29853.395981479447,154.18132132203914,209.5354392546145,2.910224017924166,23.349856408437095,6.407460914990603,80.75,4.8756078312491375,20.916666666666668,65.90053677419053,9.25,4.875607831249138,23146.02173819402,101.80919518994752,209.035606380805,1.9641791172360157,15.009214210510255,3.974492453516841,20003.29285875157,86.26145233784804,211.6833721882629,1.5699693199598828,13.228876241048177,3.2290478166464207,15655.320492951021,75.09960849948479,216.93134405459537,0.9888255385840715,13.336407279968261,2.9658868548684936,9794.836406806742,71.55341500467874,217.1025438482671,1.1654412215026726,16.19901181856791,4.64669186107399,5225.075330969837,52.485236767497,239.15698065174274,1.5255730014684241,9.65382464726766,2.792085237940835,90.9455028510883,39.89951045041925,263.32472706340775,1.9776404570016082,0.5181541059166193,1.125907226190475
10-31,29828.75459441255,161.9684135830438,209.1300819990743,2.951304060620824,23.74454288482666,6.43139140011912,80.33333333333333,4.629987214798267,24.5,65.3584282088472,9.666666666666666,4.629987214798265,23130.525773395235,106.88177150453295,208.83649440839432,1.9766189694236167,15.18923734029134,4.067173180877623,19990.42235277691,91.30724964734041,211.53051593942857,1.5939647746215715,13.34897756576538,3.342302944309097,15644.963185312256,80.10248638007178,216.84152630725703,0.9942017726437459,13.308012692133586,2.9695059105117685,9787.45007389772,77.33687072679645,216.9369272423134,1.1576669875387462,15.248673884073893,4.266041001933368,5220.118472273288,57.942295093200194,239.1084215739328,1.5715276323413951,8.893252952893574,3.1470225805892973,87.92571934720476,42.117165575660096,263.0562514376252,1.9809934237037679,0.6137128680944443,1.2622872584169973
11-01,29805.205731902217,166.81157696210428,208.77649484993125,3.021791840164835,24.149185339609783,6.601107792684351,80.25,5.015063515945287,13.166666666666666,74.68881804011819,9.75,5.015063515945289,23115.261093536552,108.66656707750265,208.65654355940492,2.0513493725429433,15.301965713500977,4.090594765344885,19977.666416158507,93.34943341052784,211.37105366761133,1.6212215021846041,13.486714331309,3.340474291420497,15635.15873262699,82.91391070167283,216.7150705999218,1.0416250490264638,13.311980358759563,3.156840369275603,9781.72431245544,79.79060388031222,216.74122195261413,1.1007034815763461,15.520060348510743,4.574327780098565,5216.434739538954,57.24709482875773,239.0471077666169,1.684746860027933,8.897557230790456,3.551030760637022,85.76835514955624,38.99498967506246,262.7874789660308,1.9840102596376952,0.7928560251370073,1.3067399261959969
11-02,29782.73348456428,166.16349030796175,208.47958103555916,3.143358292190675,24.654897848765057,6.412117529920803,79.91666666666667,5.353186826125377,17.083333333333332,65.40682809095347,10.083333333333334,5.353186826125379,23101.110941585637,106.35231167575674,208.44385256010384,2.1295705967572065,15.750907691319783,3.93298517152753,19966.47686504071,91.42740019138719,211.18169498923245,1.6520091490918192,13.881990210215251,3.3274833095346774,15627.374191587898,81.38760518286288,216.57544251467914,1.061687154695392,13.830522139867147,3.333688555241028,9776.224416008286,76.87967872902647,216.6496923702415,1.154324482603387,16.30769468943278,5.3885778507616875,5213.850358773454,56.29882232784617,238.89081437067395,1.6288029697881143,9.397293273165511,4.091168400889643,85.86583595275255,40.59075389809746,262.5573568548791,1.940398133932164,0.9944592708411316,1.5027062344612232
11-03,29759.43567504179,165.74084353079564,208.29424807341394,3.159457582287743,25.10614194869995,6.301032758893041,79.41666666666667,4.719883351373707,23.666666666666668,66.70099690788547,10.583333333333334,4.71988335137371,23084.943042570885,105.77657791198982,208.23247824736032,2.1317606646427008,16.260297711690267,3.8644608157241653,19953.2307236905,90.75064068533409,210.99536626748898,1.6322671745334727,14.256957308451335,3.3866489150904124,15617.606154503452,79.8931944293463,216.4185287599421,1.0841273486979022,14.092896715799968,3.640837168669161,9770.802041436158,74.30029498895247,216.57609771991775,1.1771024424050123,16.098878590265908,6.107267083583613,5211.55884661004,53.59666630228543,238.68078035089107,1.5649081121255242,9.062743089596431,4.252337930639545,88.08098860450873,37.66091190172707,262.2658849654634,1.794616379398137,0.6192660525441169,1.6099936972491988
11-04,29740.14361038098,169.05323296594335,208.07839874613245,3.0519259906483254,25.287660948435466,6.508345459774942,79.0,4.4817638153467785,26.75,71.75494095687166,11.0,4.48176381534678,23071.93463975977,107.84207410805693,208.02683584872113,2.1119239216914236,16.49065440495809,3.939044873070129,19943.11411862911,91.34295889548822,210.80836422449235,1.5964338162937208,14.364222319920858,3.5796744083552543,15611.708303458005,77.4590203815576,216.18217300484937,1.0509359049249065,13.849838813145956,3.6497513380458364,9770.344962149222,68.80138271280597,216.49562868633322,1.258600246343069,15.593201494216919,5.6147337782824085,5210.709171486881,50.041336551826554,238.6776752271182,1.5259395513270064,8.602568952242533,3.9068079858057434,88.6505919433775,36.67235126905273,262.06890695004927,1.644481619570639,0.5207274163762728,1.4546274509692083
11-05,29725.225949528354,170.29537010286367,207.86880417659455,2.8958020438568948,25.124309253692626,6.541321455838842,78.5,4.234505222898965,36.25,66.91396302922031,11.5,4.234505222898966,23061.138650724322,106.88900871196007,207.90051398839628,2.1439333017251503,16.535474268595376,3.7837059466836833,19934.544401210453,89.42801806326096,210.63814905355835,1.5769286513405787,14.415994834899902,3.3232220242632695,15607.450823512976,74.3380860157181,215.96279549493792,1.0148144826563479,13.656665643056234,3.490452883633158,9771.517308712759,65.632376555622,216.4208938214546,1.1678842196588466,15.049792432785035,5.18298149242681,5210.131387751784,48.62167429193927,238.84994953729495,1.4177926838518673,8.805173746744792,3.3186589535762985,86.08933693997719,37.38709995613288,261.9767990256003,1.482453559709471,0.9411882373193899,1.4654563237876783
11-06,29709.324670499358,168.1372513866955,207.68006175739256,2.824309886489903,25.023065249125164,6.569657884514278,78.66666666666667,4.391082918301851,41.5,64.8958050820034,11.333333333333334,4.391082918301851,23050.338834135186,102.41949859564312,207.73613227139984,2.1951186273396526,16.532538414001465,3.646422702657035,19926.50319791499,84.87658459746699,210.4301866510517,1.5866819119599012,14.320583518346151,3.1225928245252015,15603.630624330212,70.98520621667345,215.76164025825673,0.9607009647352087,13.523141781489054,3.2715311810981667,9772.983978178037,62.86640604038826,216.30256848710894,1.0482006300538402,14.748133500417074,4.383716811287484,5211.557953982739,47.0152977079385,238.92087222126216,1.367016566582801,8.394677003224691,3.150704997433169,86.48983486918351,35.252307961048615,261.82486669056266,1.4986997122910979,0.9215686482687792,1.3300983951518797
11-07,29687.828407171408,166.78586232687096,207.4532357578863,2.876894488949233,25.42300132115682,6.560833388699347,78.75,4.4407012493757,37.5,66.93087015204826,11.25,4.440701249375699,23038.15618518723,98.85791253578533,207.44511402615836,2.185700185272256,16.600560315450032,3.5851616664266834,19918.538117972483,80.57411068215639,210.15188463902095,1.592084499572303,14.251988792419434,3.029410833319588,15601.088010522606,67.09212249354744,215.51582893454486,0.9292918031452021,13.241775067647298,3.148071116942437,9776.0646779787,59.987573599290904,216.20558656592084,1.0758522036994365,14.320684417088826,4.674233414301728,5214.504696334523,46.45965099208132,238.93711688392722,1.297596989337931,8.10555845896403,2.9937316207506735,89.15075361977149,36.264151413513865,261.690386472784,1.4528254381033905,0.8241907362515728,1.2319010041464002
11-08,29660.10513829227,163.18143568175878,207.04804933264938,2.925888530015281,26.36257537206014,6.532147605750264,79.33333333333333,4.449589933321118,42.0,64.99137873860523,10.666666666666666,4.4495899333211195,23023.948738592713,92.89005171859148,207.07276243157045,2.1978989788479333,16.879674180348715,3.5020033932514516,19909.489777941515,73.12600394578307,209.85848643940972,1.6400527100501496,14.40391279856364,2.8229849690191045,15597.160645968876,59.825810169984955,215.31620092616353,0.996711689389006,13.226841306686401,2.823215827468428,9775.73824025131,56.216465901389746,216.2680150365076,1.0218249553190741,14.334774653116861,3.717361105583675,5212.678263207899,42.87342506829141,238.95964412879195,1.2584149570264822,8.14340309302012,2.648227782152283,87.53614151938235,33.479654638527855,261.5895555836367,1.3077839733717633,0.7417989894747734,1.4289097133928705
11-09,29627.41734519885,162.26505934098833,206.53496490694744,2.8278199966751,27.28082338968913,6.7681108749210965,79.83333333333333,4.685512030558215,24.5,79.49029435441615,10.166666666666666,4.685512030558213,23006.32707604297,92.49361256827662,206.65492556076956,2.2527219983356357,17.361937109629313,3.6752092528110087,19897.111521310457,72.79035326456759,209.5795866567867,1.7218751816567992,14.568196805318196,2.9194953989884476,15589.033509314493,60.59824383308694,215.15692258940834,1.0778866510039642,13.359241914749145,2.575369525245221,9768.57707545051,60.110573489823246,216.36165477580303,0.9718476924252896,15.59412989616394,3.8441606329856106,5206.99880471634,45.169811077569065,238.83262640701304,1.3200774354703735,9.034932780265809,2.899169487162676,83.23928797036741,34.34715735917848,261.4714842784544,1.3136775086360368,1.2024358237783115,1.408605954786351
11-10,29598.35634776278,162.87441672010814,206.11350605307845,2.6605373625248574,27.910843722025554,6.7674997162129715,80.08333333333333,4.37879556210525,39.833333333333336,67.80084087228201,9.916666666666666,4.3787955621052514,22989.627455754533,94.3746163541062,206.32696452514352,2.3402520457086387,17.758371130625406,3.775132132193477,19884.978273508295,74.61246058454331,209.2811605288201,1.7907052525919294,14.786234410603841,2.9841694073952176,15581.863390959052,63.243136292285534,214.94400637931818,1.1219255972225,13.384394629796345,2.687209388171385,9766.26756567648,64.37709370742871,216.20890346237104,0.9776124597089821,15.259037192662557,4.620039816693378,5206.551684001515,48.560903870195425,238.76887402592627,1.3453009119737973,8.954751451810202,3.4609695247449483,83.09654016554116,36.358676413903886,261.3980206203497,1.226317111032692,1.1966350302100182,1.699623038548411
11-11,29574.249617442878,165.14512234080303,205.8173144843335,2.5884630849475507,28.25012836456299,6.842633009810191,80.5,4.423682348139536,36.916666666666664,69.54186079117277,9.5,4.423682348139544,22973.685426960892,97.52353782786278,206.0820412978961,2.411695611606645,18.120000171661378,3.8470851815941307,19872.976124656387,76.40397114243612,209.015470196524,1.8881725202618382,15.165007305145263,3.0167208547241096,15574.70330575034,64.06943920902957,214.7249804028194,1.2153360684251244,13.470061937967936,2.726971242090005,9765.408237154896,65.36877295419563,216.00565259279404,0.9897592136103524,14.510102367401123,4.5641509475090825,5208.493418448769,50.021260765942415,238.6561815375754,1.3076835355839003,8.322449294726054,3.5494385368687857,86.74506389866913,37.350734388511675,261.3282369024689,1.240360284793746,0.8597780929257473,1.45475387197227
11-12,29552.497228256856,172.91624214963434,205.6295238975704,2.7256649739204266,28.392740980784097,7.197094962579953,80.25,5.100287348226838,10.5,79.2187064289481,9.75,5.100287348226839,22956.857851322682,102.29602445330138,205.9239356278114,2.483516892869666,18.552506923675537,4.108299033243613,19858.735923010474,79.35433686872445,208.81103895963443,1.9704104120401518,15.533133920033773,3.056645618520545,15564.641659804975,65.22401304945302,214.51610155777112,1.3339713948904595,13.55548547108968,2.8070518940950078,9761.09546899501,68.37137140551542,215.81749231544188,1.0165779336157916,13.494680547714234,4.995101715377979,5206.675421147011,51.29309944421458,238.5826359076423,1.3836188317461124,7.865615264574687,3.59643750094967,88.19520295897374,36.73060670726333,261.13157438966874,1.2568847460548118,0.8471931020418803,1.407221782107837
11-13,29530.69819552754,187.6230111121892,205.4892312194832,3.00186879609376,28.586291853586832,7.929130308859341,79.66666666666667,4.6299872147982635,3.5833333333333335,82.89140000869993,10.333333333333334,4.629987214798265,22940.05328214904,109.44152952629646,205.7605173640327,2.645106480908208,18.917816575368246,4.128119392963181,19844.34267620643,83.36734972297914,208.64708556073717,2.0996578614156927,15.866361808776855,3.0929425839552374,15553.925870478577,66.70223225781547,214.3525775538281,1.4393769260966707,13.705750687917073,2.7380883030504584,9754.058630106976,71.24907909844482,215.74784989724157,1.1348747200053422,13.581102387110393,5.010857724326539,5201.410482093739,52.67604938171689,238.45279028114055,1.5493738042321497,8.234311493237813,3.7269488272995415,86.46534878778756,38.811875162092655,260.9509398555736,1.2146833118207683,1.119435093179345,1.5710379603723534
11-14,29508.70127945892,200.93905631427742,205.25764770349718,3.2272487863892474,29.033190313975016,8.268055291516827,79.33333333333333,4.497764451088036,15.5,74.59488287894912,10.666666666666666,4.4977644510880355,22925.913562867605,115.28274541140284,205.54922468295254,2.8301880535187154,19.071368567148845,4.1182933598282405,19832.480335390683,86.50173681647337,208.52878959285738,2.2670276999830397,16.115687624613443,3.1589606888699575,15544.237652507136,68.62073320883987,214.25492039203002,1.5788024532840856,14.211755084991456,3.0352798580005222,9745.000777830483,76.20144366339265,215.73263763496746,1.1897765924977755,15.072904618581136,5.559976593377569,5195.965031343972,58.71459497728468,238.20871229309225,1.6628958486915018,8.913029265403747,4.144774647102243,85.39535730904109,45.55706100154155,260.7523840577938,1.3705261214476616,1.0377914398908614,1.7333216485224732
11-15,29488.149202350465,209.06782401607038,205.0105096097068,3.3339342456889574,29.259715286890664,8.403135685322074,78.41666666666667,5.666117282361112,24.166666666666668,74.85426453810251,11.583333333333334,5.666117282361112,22913.36181034309,121.63052413181882,205.3170380440867,2.8977449487353715,19.15276355743408,4.525645415816267,19822.84292200252,92.60843814889242,208.38187880450357,2.3632789021698226,16.10946051279704,3.447892958471116,15536.856002595568,73.76079876537432,214.17534265367541,1.596844879671342,14.288524230321249,3.372421764847836,9738.72066668626,77.80800309285166,215.64379651764847,1.3795684681663205,15.837135442097981,5.811300555148482,5193.589691894824,61.286376595154685,237.9859269559056,1.6969968817340102,9.571097226937612,4.438755435891858,86.24361878567736,47.70678677095657,260.59411619525093,1.6183321180572736,1.165283549328645,1.7562234770494636
11-16,29469.42492824651,213.0201237705825,204.68061427540306,3.2307595804192637,29.556452083587647,8.37611682378957,78.0,5.547599667330505,22.916666666666668,76.71342589562585,12.0,5.547599667330504,22904.01232549127,128.22465818917453,205.0548793300774,2.901875607790071,19.346645482381184,4.65119461739658,19817.43688027602,99.47006904639998,208.12929503521653,2.4031302289472087,16.120006306966147,3.7517707794499513,15535.712256957075,78.27879700409137,214.01723094834222,1.6578561493838522,14.15027019182841,3.4976315956464306,9740.576461945815,76.93336425783039,215.53634321986186,1.658998861056086,15.33594331741333,6.478816569885308,5197.022040622697,60.31034386112202,237.8534095262103,1.6488465460814752,9.11272462407748,5.162796968276231,92.09489975754859,45.581117524293255,260.45906139912955,1.8231548139705878,0.8803697807093461,1.7278013062459585
11-17,29453.580378754323,217.5413535254684,204.26291046242386,2.970335825833062,29.63955103556315,8.720551944993876,77.75,5.225517628212408,25.833333333333332,77.28790034817796,12.25,5.225517628212407,22898.629038501065,137.18588264371454,204.8372018872461,2.962451650625439,19.16068998972575,5.158158513202904,19814.967379188784,107.2093306544255,207.94789780571352,2.4687626230261572,16.024020036061604,4.053884738067541,15537.070384639152,82.91832256186161,213.84010818124574,1.7059431818205135,13.862265380223592,3.747153170158272,9746.632753338055,77.88921451260484,215.4606107836136,1.631568014954169,14.515663051605225,6.828264066771722,5201.177879486966,59.19293121484175,237.94640829258987,1.7471301867245175,8.430263090133668,5.006223834348906,96.22310199743242,42.929555842633235,260.338631034458,1.8113289146628526,0.5572080979744594,1.2844377040677553
11-18,29442.800639335605,226.51499597370787,204.0071510385771,2.885573870612811,29.593592103322347,8.977549301786757,78.41666666666667,5.3932961793471845,31.666666666666668,73.20652568110886,11.583333333333334,5.393296179347183,22895.141688429907,147.74522952688102,204.68654343446102,3.1074286036308574,18.770324166615804,5.663068836692427,19813.487518340753,116.02946560164177,207.83794842449214,2.60775786709982,15.568469762802124,4.322382402678042,15537.262498260576,88.89199506052663,213.75679950065555,1.7830439600846695,13.380438963572184,3.7784177511886146,9748.859184927922,79.30947574332833,215.48787515659828,1.5681150723308264,13.85020645459493,6.284531545738449,5201.559902554814,58.35911814349254,238.02214282903606,1.753894114133294,7.988105395436287,4.377119267904952,95.77206485473991,40.13730020450009,260.2654106067841,1.8895634611371463,0.44663880551912977,1.2514701297939999
11-19,29439.887502184276,239.8729536519588,203.87904166598503,2.999175822426477,28.86439421971639,9.415277904095783,77.83333333333333,4.4398923047930925,28.333333333333332,71.68036490311471,12.166666666666666,4.4398923047930925,22894.632549107355,156.4265271649266,204.6679001949027,3.271290617314323,18.203039757410686,5.993140505760131,19813.067533406534,122.17526424698735,207.84364365801378,2.7264241864984715,15.0369398355484,4.63294233479043,15536.862804354469,91.87550278389246,213.73637693430737,1.8826929413792322,12.78778756459554,4.014272008480726,9748.675670313833,76.52468140413701,215.51152761046214,1.480657934494507,12.994361462195714,6.16330561761284,5201.577421812095,54.32378671134358,238.00560054458154,1.8004527958753151,7.374018212159474,4.0444469052988845,96.09933692924274,37.870484306052134,260.0916783460264,2.047089770203871,0.3628864774480462,1.5292304768598217
11-20,29443.19586479715,254.12456670858026,203.86383543606948,3.2044487218787054,28.17796173095703,9.784447089272941,76.91666666666667,4.3886281992513805,37.333333333333336,70.09824796538136,13.083333333333334,4.388628199251375,22896.714753271146,163.6419448356122,204.75761599859004,3.4399140867330416,17.50919603506724,6.396338904533119,19813.650594459312,126.12925948672824,207.93898468655158,2.8761117119010917,14.516143047809601,4.828662880760298,15536.306173767898,91.52058823683798,213.74812263001164,1.9835641895238907,12.213023821512857,3.9307202294403325,9747.153821016836,70.89655243524057,215.58243815977247,1.522909075335441,12.094124576449394,6.041915909385868,5200.339713946613,52.2394742770953,237.9652664606063,1.6556665604368928,7.220706377426783,4.065440538385943,95.585670061515,40.6822078224149,259.84301342818645,2.054389340781337,0.5107049496223529,1.3097374922348333
11-21,29446.212292360233,265.0260977868217,203.83153875447803,3.347944637838526,28.00086137453715,10.093679175905836,76.5,5.15283651379811,41.166666666666664,71.16558318376278,13.5,5.152836513798108,22899.278296044682,169.17006402924997,204.82932255884154,3.558298958114597,17.369373262921968,6.565764473353196,19814.969145803876,128.06003844781753,208.01744462170754,3.022697850927364,14.406016556421916,4.788078499427782,15536.360150194743,90.08702433279822,213.79494189957884,2.0765898565937975,12.314650042851765,3.676366934793846,9747.012357956655,68.88090310877685,215.71039165802281,1.5287341027927501,12.466661781072617,5.758649718811393,5199.559110187731,49.878865985216116,237.88273592056234,1.4670951802885157,7.741124987602234,3.9074739082263474,97.50759351008521,39.640943450792776,259.6271129870572,2.014051798989728,0.7147871731470029,1.4040482543377089
11-22,29440.037655716147,269.1550242681714,203.85610226312232,3.278666504282771,28.11138261159261,10.170606733826082,76.58333333333333,5.589527358547769,38.083333333333336,75.48031067007193,13.416666666666666,5.589527358547771,22893.448157490944,174.5363254584673,204.8321871615546,3.5563320544384878,17.753694089253745,6.701946408269333,19809.028023338597,131.58313855604177,208.031745964504,3.083789565575524,14.640917976697287,4.9589749395897185,15529.966751658263,90.50885665653635,213.81220259156362,2.1414933472863282,12.412377508481343,3.8205139211564956,9740.227329742756,64.49644673484107,215.67629765997998,1.622953078883992,12.20519448518753,6.021311236216012,5195.049339869626,45.64931201401884,237.73550895626735,1.3538854204696587,7.105843585729599,3.965061647090916,96.36234249367628,35.65843729297793,259.37176559904987,1.897961802902417,0.47015414871275424,1.4216659781327126
11-23,29433.642378392684,277.40443583354596,203.99015562023743,3.2095990987708762,28.2298149506251,10.501628222739411,76.41666666666667,5.401282308370175,47.916666666666664,65.84360824807855,13.583333333333334,5.401282308370175,22885.060506788384,182.74717028519427,204.8240195426898,3.5936760251267192,18.069635558128358,7.064343891038748,19800.654480400328,137.95247129435464,208.0225863441242,3.1902081226322663,14.95092146396637,5.151677513612647,15521.547647389958,92.72349114552888,213.8255302186869,2.2893017748547035,12.60458079179128,3.606733896207169,9731.088716406191,62.20799987553408,215.6128596446434,1.721703834645408,12.57936887741089,5.086204308959592,5189.899855453757,46.357619564328175,237.5106814699973,1.166498869725739,7.557247034708658,3.3170910313669735,95.3629622984266,37.3663642242826,259.18130325779106,1.8115901985471958,0.5138733414312203,1.4144237907349029
11-24,29429.89081490494,288.7969874393082,204.15635241724593,3.2154571621898973,28.118607155481975,10.662044329643416,76.08333333333333,5.749187848691349,55.666666666666664,61.405707548567754,13.916666666666666,5.749187848691346,22877.510820540043,191.29479693571554,204.85322469492957,3.7045873666475098,18.23342195947965,7.210299967766187,19792.972848894166,144.0528628393516,208.02458993382388,3.3545263820608358,15.135737037658691,5.284085462246695,15513.949153297348,94.55023906662385,213.81163610553642,2.4858431939320713,12.811394389470419,3.5481304713235082,9724.623858964003,63.5148208308381,215.502032410426,1.7448079865759154,13.048645512262981,4.561211346451689,5185.7939796690835,47.00117662540719,237.3970771675986,1.0899808728547713,7.92211548089981,3.4143511137525655,93.62756713240519,35.75314909340889,258.9443197034703,1.7147087430951196,0.6204385392367839,1.651967345492172
11-25,29429.38110571689,297.37966747898474,204.35715404146285,3.564777151587269,28.037030371030173,10.895705437943258,76.33333333333333,5.751061870965932,51.583333333333336,59.01301483181681,13.666666666666666,5.751061870965931,22871.718553655595,195.65851092394405,204.94960614061503,3.818438376922141,18.24803299208482,7.481491221694218,19786.29057620441,146.32895187613013,208.0540926335458,3.4910439710768353,15.316410048802693,5.527658106195848,15507.630728485185,93.40747324449814,213.75578361366618,2.6457482120956484,12.982744375864664,3.7722496013909415,9720.255901579458,62.61860896067873,215.3926608800642,1.7781801205700172,13.147260332107544,4.377445396916251,5184.7907636646905,46.796634057692906,237.2435096005779,1.3529698026761323,7.986322309573492,3.6428130378555696,94.71798413851646,35.47747485638095,258.7431401209786,1.667888253285947,0.5231993716210127,1.6606816279316885
11-26,29427.14406988419,299.26882844883295,204.63577005243891,3.851689648683382,28.010114018122355,11.106790192005517,76.33333333333333,5.3632422857905615,52.583333333333336,57.2670819770042,13.666666666666666,5.363242285790561,22863.8058247998,195.6922568374942,205.0082231733863,3.8062592287033405,18.52119506994883,7.657000473470161,19778.018959088233,146.45463736831456,208.02366318176684,3.5206606776506173,15.610603388150533,5.868734689277022,15500.941312603944,93.42110641336339,213.64578249198186,2.710850945689506,13.362830464045206,4.054807803889259,9717.351207039703,65.77021793883607,215.2454370599659,1.7988287597936232,13.44222544034322,5.255393943377868,5183.331819272508,50.27765190741329,237.18002557137723,1.58466785532531,8.176112749179204,4.399317937843046,94.46042359676464,40.53243742808434,258.58467117674167,1.7077970515012084,0.6860637964059909,1.725211183864533
11-27,29417.73351222936,290.71750892127716,204.75540463882777,3.7948735659658888,28.058633104960123,11.142428526690868,76.75,5.537878966560742,61.166666666666664,59.13796454541458,13.25,5.537878966560742,22852.623033716387,191.85158834316303,204.97033620361816,3.677214695913611,18.907752990722656,7.682100832041794,19768.132284847547,145.53911790773896,207.91944380298438,3.374538557858427,15.873515264193218,5.928467917090013,15493.804853796844,96.58879986863953,213.50409175423417,2.650621823204812,13.339086453119913,4.241294398663334,9714.046136739971,71.24599144821786,215.14282271454934,1.7540822320966036,12.92572758992513,5.32762868092243,5181.771856476698,53.83832387161831,237.07005146396006,1.5410142209890987,7.777181359132131,4.29025828550826,95.06376508458685,39.54858046214821,258.4601301334335,1.747089156143841,0.7045936167240143,1.6133169295264114
11-28,29401.304671822243,279.398686520868,204.71148927829535,3.408300900734109,28.865147193272907,10.853789907044135,76.41666666666667,5.897228064995851,26.666666666666668,78.86132889700947,13.583333333333334,5.8972280649958515,22839.51741162619,187.38648182032156,204.81718756693456,3.599703048148086,19.436898136138915,7.4380779678560875,19757.49602486757,143.51879960343453,207.75453297870527,3.232467368097885,16.220612653096516,5.676915510259851,15486.514565114687,97.96990394093717,213.32342788708203,2.5233227130002978,13.513344621658325,4.066225190231523,9710.774978555814,71.96216371847709,215.01143607626213,1.7218662399091813,13.098471319675445,5.368025708704692,5181.70647227755,54.352037089991846,236.933758825755,1.4839760056385076,7.702279325326284,3.7735919258191197,96.60668503944024,37.01276230962948,258.3782284760329,1.8191232100808485,0.6674478863676389,1.5484243587514464
11-29,29384.756188975643,270.15576168804466,204.4333631207972,3.185995749031852,29.740645790100096,11.04671300883193,76.58333333333333,5.511873286500405,20.5,79.99568953904695,13.416666666666666,5.511873286500405,22828.594570315614,180.35540330745718,204.69619701423048,3.618499785698091,19.93327039082845,7.318013094079514,19748.904843675766,137.25864645841085,207.57419819469226,3.1851705899029663,16.42583171526591,5.372995482659806,15481.33077825368,93.9203708363923,213.17172676042085,2.426741137955175,13.715116802851359,3.760203411662197,9708.541104288915,68.07204256569851,214.99740131086674,1.6667842701958526,14.007068490982055,4.962101529177802,5180.530728820595,52.72389645901333,236.87553610528064,1.4409578849213136,8.24750594695409,3.4698603056174515,96.47631462138453,37.37115487972038,258.3330738687897,1.8284389412298874,0.8887665219604969,1.5946174717755304
11-30,29373.78005136792,265.6742264057092,204.38184278587792,3.0909834292063345,29.77430140177409,11.052994151177261,77.08333333333333,5.650882343879388,16.416666666666668,77.61444090362058,12.916666666666666,5.650882343879389,22819.3032185493,177.47294724078367,204.64930217876696,3.6713014429399298,20.091537475585938,7.477427204552603,19740.838161256455,134.4600498016787,207.4571352497779,3.1928939386784316,16.627497943242393,5.358188756247023,15475.905583419126,93.01801747532724,213.05484568867826,2.3898093874905264,13.773514652252198,3.754458776725358,9705.532466243549,70.16427945169484,215.00785107968707,1.5737061490894486,14.067444562911987,4.238558009536127,5177.303870383667,54.96073371799116,236.8076836849117,1.4693129640267228,8.165932885805766,3.312711799157656,94.72480668835387,41.27527519015134,258.29629265560965,1.818496415012144,0.8480441207687061,1.587791257808146
12-01,29364.249123726626,267.2022848261927,204.40150455164354,3.074691842677859,29.37252804438273,11.000632781622095,76.91666666666667,6.147726427703583,19.833333333333332,73.61050025048354,13.083333333333334,6.147726427703582,22809.214509142636,178.23371688187646,204.66250455824445,3.6566805982736157,20.14079008102417,7.329909806859587,19730.832944942893,134.0508768753918,207.38966389092636,3.247258577327735,16.846397225062052,5.261434408850195,15468.227433010672,92.33741775610264,212.93546805864497,2.398503747183047,13.85157823562622,3.8001894142040493,9700.051195608192,71.21410533023821,214.93361662866562,1.5989086034775755,13.37514032324155,4.89260061641979,5172.324012746582,54.48126961841674,236.77861499587624,1.5333251764164195,7.820008671283722,3.7410557738495194,91.6795069622095,41.147336194712516,258.09521754271196,1.8965602604606677,1.0411525001128514,1.6082891839337938
12-02,29350.6967229216,266.3700188377414,204.3230380122809,3.1553387279313454,29.386557865142823,10.33150976466683,77.0,5.662946716793421,27.666666666666668,67.2422708458433,13.0,5.662946716793421,22797.371304313336,177.71265082555541,204.62933484113054,3.540767546901878,20.24246843655904,6.9721476074137305,19719.25423163486,134.27839521855324,207.37494284585622,3.2066135574739727,17.083329280217487,5.219312423660231,15458.324192814609,92.30569028059985,212.8047422241406,2.4076398807805055,14.234773063659668,3.8546932116048436,9693.50962393042,70.65964337890692,214.77058676278517,1.692181352247742,13.586148289839427,4.903825330454972,5167.762522100044,52.37064358044002,236.7071745998593,1.5403659930225058,8.08324711676687,3.842476086432807,89.394626517175,40.51294464929414,257.9691620243733,1.9342918135416975,1.1265549485882123,1.5336630986585245
12-03,29339.590640691025,266.35551762435443,204.5854614816373,3.520147292838843,29.721001720428468,10.271496679512778,76.66666666666667,5.183417414404713,26.083333333333332,65.38573651974784,13.333333333333334,5.183417414404711,22786.95607634726,174.7384594300472,204.48782129955254,3.4758399013052763,20.16298983891805,6.715240790985195,19710.918087263275,132.69799408512125,207.25480588510598,3.113630644591531,17.13300069173177,5.203104067750984,15452.546272287624,90.12169035204339,212.65612692035376,2.4213122857826623,14.298922554651897,3.9787123419472707,9691.734458406581,66.36645909285606,214.66043373784268,1.7982344306788973,13.163377571105958,4.763370433510896,5168.438098110181,46.85031177511558,236.58209329641224,1.5150329904560476,7.895257715384165,3.6105643128320786,92.70164055135895,37.51268920816512,257.7444530700681,1.9123593615527734,0.7543727319377164,1.457921427337182
12-04,29331.85656547819,275.61657674817786,205.01629502895094,4.020376536470341,29.994562514623006,10.804404739076197,77.08333333333333,5.0035906647356665,18.25,68.0870069634536,12.916666666666666,5.003590664735664,22776.220955886598,175.90623335573002,204.30807064865456,3.6070419156874918,20.507436831792194,7.078881527125552,19703.232792144125,133.53604988810733,207.0496190003344,3.148699178863095,17.00622844696045,5.413919482411329,15448.411271703855,90.16255115834046,212.48298261650046,2.4793870774985156,14.059668350219727,3.863091835791132,9692.563077825673,66.21025925455375,214.5488707218364,1.7815217018320473,12.78273872534434,4.999163698810375,5169.740110339038,49.24710165964404,236.5321817865776,1.5149601052795327,7.422440699736277,3.5450588677935375,96.8183472106379,41.92867815346712,257.4933148624279,1.7581808793496347,0.32476569383094706,1.3831757689092952
12-05,29316.269249647794,287.94535043544585,205.21315451230848,4.446498264941037,30.553751262029014,11.207082880790189,77.33333333333333,4.776619301768037,15.583333333333334,65.41209992113045,12.666666666666666,4.776619301768039,22760.564299045083,179.08057716302218,204.12760398142336,3.7031361718037714,20.96522134145101,7.25392778850811,19690.281955070957,135.6359997276809,206.86561791459434,3.227129890310105,17.249978907903035,5.542558795127178,15438.829204634925,91.92989804931943,212.33580361740496,2.5156477481940014,14.055011304219564,3.9688369577606406,9687.913092518353,70.11791919828872,214.35730550883574,1.7343432278745576,12.918801601727804,5.829770954448768,5167.070442744459,55.15257628008727,236.48877165348964,1.4237748978616382,7.403792840242386,4.371439514104156,95.80260795114837,46.44896478947844,257.3361868802738,1.7511874755691892,0.4278616485496362,1.5203169344383358
12-06,29299.934912472905,298.36909041241495,205.32769679446722,4.887390924648445,31.157515176137288,11.569065126067713,77.66666666666667,5.166759361422843,18.25,68.53815323070693,12.333333333333334,5.166759361422842,22746.493338448785,185.51470378519386,203.96262475721147,3.645528066244714,21.154361152648924,7.432980060726557,19678.629684352214,141.84309263697676,206.7362575918574,3.231021628785527,17.35114204088847,5.862970616105945,15429.016237224183,98.92891500991074,212.25447522097875,2.48664641136659,14.10890990893046,4.468918156286269,9681.043964896213,76.68537298533927,214.1781664229433,1.7207158645641463,12.150666419665018,6.00316372270148,5162.851322722471,57.022003004344754,236.4135953814245,1.4845782173785653,7.005039101839065,4.152174110592265,93.08064739383784,45.06324042609554,257.13712447897467,1.892971670193366,0.5032073693970839,1.3604849834482124
12-07,29282.64474355377,302.15040297095055,205.26643616706536,5.295346783923165,31.784633255004884,11.277527499069949,78.08333333333333,5.1143532528954525,18.75,69.77102328083753,11.916666666666666,5.1143532528954525,22733.251263227754,186.84916715518165,203.8063283260555,3.5914725550890143,21.227843062082925,7.4550931913854255,19667.804807202825,143.4269896733242,206.57947121745744,3.1763532567248967,17.394980907440186,5.936284127888492,15420.779144852111,99.43589527935063,212.15405876017763,2.475359245727793,14.047766002019246,4.594523705720704,9674.79241242412,73.7837448167886,214.0766246342813,1.6976053278914458,11.966311279932658,5.455041913046706,5159.2492382647615,53.392688584933055,236.25748899268035,1.4833032737929104,6.907938559850057,3.9584217205211747,92.29172809585788,41.17978191826148,256.9580069716684,1.9861453676573235,0.6500468704849481,1.3225586822912276
12-08,29265.21325702909,299.4293387561258,205.0109286338587,5.3711025584849885,32.37833827336629,11.61269030492998,78.0,4.974070698165118,13.083333333333334,68.1551327959735,12.0,4.974070698165119,22723.817420979063,185.23475964416252,203.55291288845575,3.593170270097151,21.643724505106608,7.243788635591633,19662.238843209783,142.1967841768682,206.3125877086288,3.123180656658259,17.473324139912922,5.690136143550149,15420.084468570343,98.21214166294385,211.98088354309684,2.4120546694824707,13.87336875597636,4.351558073175952,9677.300771571405,70.29384219335543,214.07183710178342,1.7291071483156184,11.903321941693624,5.037827021651947,5160.403094835676,50.237066984865265,236.3346855108263,1.4774317177874308,7.036000263690949,3.5304711764963037,93.10817798752024,38.67333758664712,256.92229305157446,2.0592893943845314,0.6226866610658666,1.1244659062737479
12-09,29244.334977089875,301.58919132460824,204.6190136519379,5.310828259382885,33.352329126993816,11.725713405193183,77.66666666666667,5.4903258701938205,3.75,79.59961769965376,12.333333333333334,5.490325870193821,22713.929567888095,193.8127837286753,203.26176014735944,3.5509606094217814,21.933287080128988,7.74852869032948,19656.336052140803,151.05137441506182,206.05181185171853,3.105415981852698,17.645944293340047,5.971826480865643,15418.649282106278,105.13248813857734,211.8354179419803,2.38562194984886,13.757411893208822,4.360088437761466,9678.080975199777,69.65870401092535,214.059032844933,1.7749623407750017,11.81661136324207,4.671547774499296,5160.708053994408,49.25975784219088,236.41543989423914,1.549930497281038,6.773817301293215,3.455682917575165,91.29596647411614,38.46258314760491,257.04241898291406,2.0302181001952246,0.6779733697573344,1.083721662585966
12-10,29221.94333821641,308.01487869905986,204.206469975301,5.246183028482291,34.19985445340475,11.5672791989503,77.75,5.661043525102369,14.083333333333334,73.177521908327,12.25,5.661043525102368,22701.298840275766,206.20353708595778,203.0272916003264,3.5758317463284164,22.25657059351603,8.063791397418877,19647.118590604132,162.7837915885445,205.82890059432972,3.146626117966437,17.83504295349121,6.385887513917107,15413.499401897254,113.41727503340731,211.6163240731972,2.5482106274773293,13.854256216684977,4.6086373829957,9676.87051023013,73.64789417128833,214.03379495334195,1.850839474248816,11.67941734790802,4.07225846586038,5158.702261499574,55.42646204628393,236.47060597550777,1.5966171241157636,7.1523050983746845,3.3283783874625934,88.03238534529928,48.411049704886835,257.0837700263582,1.976024399354299,1.1230258068069816,1.505229987253866
12-11,29207.674294613058,311.4493917472838,204.3186796103141,5.258445726868776,34.11517596244812,10.539067282424458,77.5,6.017216678143153,17.083333333333332,75.67251167358266,12.5,6.0172166781431535,22688.820477881894,212.9589966806394,202.88180993249026,3.5546145070479764,22.672291254997255,7.948137138107837,19637.308625761863,168.63062822708366,205.6295646722332,3.210745577355668,18.390732717514037,6.4530549258033565,15407.41947039633,118.06427352935901,211.44255130031752,2.6400558879593716,14.245385479927062,4.861500368277118,9675.301156545996,79.85846312312005,213.98485770528598,1.8725962932471516,11.863800138235092,4.5178891595547555,5156.498968270836,59.92358789411696,236.46615471004117,1.6291228303523584,7.442537495819852,3.1242656100069857,86.39927630449469,53.031000242592114,256.9771194411224,1.9355956535154646,1.0696735044320425,1.5402968799770234
12-12,29202.157951036635,314.18899131157707,204.8131366806897,5.46717569751146,34.41229667663574,9.711171334298692,78.41666666666667,5.589527358547771,-8.0,76.72836098412597,11.583333333333334,5.589527358547771,22677.73500522411,213.64382788612355,202.87614722298954,3.5653403191590547,23.146534474690757,7.690597850549871,19626.81184341095,168.22344077737574,205.5341641980834,3.286738228591734,18.796243762969972,6.272029642036316,15399.639560675772,117.15774034735146,211.35508958297356,2.712345112443558,14.445048220952351,4.904610886424785,9668.642057860798,80.77621872046666,213.90046589831553,1.853338222127781,11.922363988558452,5.601342481927217,5153.478803495209,58.826919703260124,236.30357361020077,1.706863246823972,7.25284908413887,3.927057933617004,86.4125807919316,51.03358425063966,256.7526187276996,1.9684370333132621,0.8401381815473239,1.3300932903340192
12-13,29198.021026261045,327.9174015527121,205.12725943321735,6.06105601815453,34.68121808369954,10.098199765297998,77.83333333333333,5.521639769771876,17.166666666666668,76.5436919779102,12.166666666666666,5.521639769771878,22669.566265308596,215.1332298902906,202.8970785859498,3.735020980547678,23.40196030139923,7.5395937526618395,19618.797880386886,167.9831746652261,205.5005609366181,3.462752705857821,19.01033089955648,6.0278636713433995,15393.014234529377,115.38407568670796,211.25439329139468,2.792659007069786,14.53922860622406,4.68544598221762,9665.249013037394,80.2895733068555,213.77030389619185,1.8389480260537487,11.959645655751228,6.272078611319545,5153.569708085246,58.546617417716284,236.11481841218034,1.759244489952618,7.033454080422719,4.590038016493456,89.84647352921861,49.010166164688385,256.61755919418096,1.9282286599558562,0.6665705919265748,1.131714390244452
12-14,29191.79396871148,358.2417307086697,205.4231554260224,6.869143316642549,34.8715142250061,11.154644915240326,78.08333333333333,4.942921328968105,18.583333333333332,75.29162651310241,11.916666666666666,4.942921328968104,22658.613626356724,220.93276480856213,202.90070054405885,4.194047115981449,23.993107239405315,7.68444550869674,19608.382459934895,170.18284761361647,205.4301063153087,3.649774356875074,19.401433420181274,6.102623880912092,15384.604327853483,115.10102784774791,211.09494514013855,2.864949037932749,14.826444069544474,4.583852396861126,9662.664666303861,77.10473832296118,213.56817603749687,1.8145454217637467,11.867633314927419,5.630761576367998,5153.2796991115065,55.695382331889014,236.02667790126281,1.6654882100306048,7.093462944030762,4.41084716443215,91.31389190626676,44.11249718984053,256.51313865332185,1.9187334077877487,0.5874052918050439,1.2146836576301745
12-15,29188.312577327484,393.11170989858607,205.85631879322924,7.825360105146975,35.12573081652324,12.556411910964542,78.58333333333333,5.635606220386976,18.75,71.99961087059597,11.416666666666666,5.6356062203869755,22646.818561800716,228.05776345096004,202.95634252193358,4.821459924837593,24.617476574579875,8.005766392656627,19596.53422470799,172.12573610052587,205.37641095165344,3.9489430216655372,20.002274084091187,6.091564480284992,15375.260865333536,114.81149736389735,210.9127016420122,2.971122690984351,15.342630990346272,4.447225996044961,9658.202732228936,74.82076544262834,213.42240560899458,1.8413163785447844,12.260172144571941,5.025857735794304,5151.030030565376,52.93557866024421,235.90680169395807,1.659106524934555,7.104394725958506,3.5164278638624062,91.21381864898937,43.7885814882006,256.4158694999214,1.8631104101989746,0.6561786850293477,1.2213929516935396
12-16,29189.181759215044,423.43113948860093,206.3365151423169,8.495913417554963,35.00504051844279,13.89507004900629,78.41666666666667,6.38165924447895,22.666666666666668,64.14535397658672,11.583333333333334,6.381659244478953,22636.079631198627,237.17743744656846,203.09780490056366,5.476221674967672,24.975570090611775,8.236682282593732,19585.2313805925,176.50989692708285,205.34643743967953,4.301698234436876,20.340910736719767,6.352262140721077,15366.40453477814,117.34259092212467,210.72866308677504,3.1172488372023786,15.504702281951904,4.503084277639484,9654.885045077333,79.24833698873346,213.16607605331316,1.8887671194876132,11.789985958735148,5.259542421274927,5150.499850671815,56.85490054150124,235.89296838240884,1.6729938354857878,6.730715258916219,3.537690409020426,92.10455892013768,47.271570526399756,256.2753368316835,1.9215950761208835,0.5822810649871826,1.2103311851389447
12-17,29189.710332239978,448.8459618299854,206.6875494239609,8.94802515173061,34.97756859461467,15.921312013095234,78.25,7.166432768169227,18.0,55.68306249009533,11.75,7.166432768169226,22628.663227809953,246.30253270033663,203.27750838369235,6.026377055904556,25.330734952290854,8.727363515295425,19576.52316140336,181.2084927564994,205.34915533100144,4.610389039631386,20.765114974975585,6.724328248837188,15359.891104136019,120.39816621168838,210.53609444755867,3.217503759903813,15.725032615661622,4.976732444577865,9653.24966581613,82.4816620358272,213.04536008705605,1.9499656710422864,12.084420556823412,5.329543521964091,5150.2537921923695,61.145452224174214,235.8897933032966,1.5824315940041411,7.0049884706735615,4.015794478148767,92.61702675543607,50.05363024151359,256.0686851179576,1.9359988438981426,0.5952362140019735,1.7880554907643729
12-18,29196.38684863787,459.5810188512289,207.04229687676155,9.174131577545719,34.25209903717041,16.347542321440535,77.25,6.7705625498461615,22.75,62.63726306391373,12.75,6.770562549846157,22627.50455467207,251.21196580780915,203.38031927907895,6.211030049985985,25.227669262886046,9.297773931054312,19574.91574939339,184.21046816643673,205.31324365953898,4.6979447261279494,20.829328982035317,6.8988221798935845,15359.675764449748,122.49155354878414,210.4479615312538,3.1887356696510776,15.79357606569926,5.122011878795616,9654.064734735764,83.49036732391767,213.15845770283917,1.9319605707040794,12.447861721118292,5.528072226737363,5149.634388589516,62.539027250488175,235.8665757679104,1.4928233718495258,7.59139372309049,4.111039570131876,93.43798803157057,51.82915357907863,255.8297847111192,1.8789167411586185,0.5119658038020134,2.0693041055777477
12-19,29206.054088132623,456.6512526944044,207.3363707529382,9.458812243678269,34.059099960327146,15.707803160253919,76.66666666666667,6.5762547423880715,17.416666666666668,62.053520188753936,13.333333333333334,6.576254742388072,22629.287174366098,247.4752378234972,203.5396715464162,6.076144584937729,24.666425625483196,9.689201086065983,19574.955228433948,181.3052906212918,205.3893628517118,4.566341468148887,20.410462125142416,7.277243844808317,15358.791554450056,119.04787107468249,210.51655887645717,3.1200619346731044,15.531446250279744,5.150272377500039,9650.978697935443,77.2078015791261,213.25099226778914,1.923826839129887,12.250385785102845,5.66120211609122,5144.190727427513,60.66897923616457,235.9348901156741,1.2999543330857746,7.709621989727021,4.448566823911053,88.36877039136968,52.77036892075517,255.71840894042043,1.816203299388431,0.5325465137138963,1.8964377280561986
12-20,29209.018415992785,441.97429840619276,207.27892153483205,9.245619152292477,33.901350005467734,14.941743273803253,76.58333333333333,5.472633063131328,23.0,60.95645704248578,13.416666666666666,5.472633063131325,22630.745096139326,240.70367956200215,203.58638732207112,5.674366246313281,24.325914986928304,9.754121142666321,19574.857650369224,178.11668431108268,205.52220416007611,4.323708333930792,20.101298093795776,7.611910129693241,15356.460515838931,116.89274190786428,210.62283664747318,3.0254744818226844,15.320608154932659,5.388550239078154,9646.586050109667,74.3811716721443,213.1955988093977,1.8694606353784327,12.644807473818462,6.052707458693226,5140.754742461149,61.5135656120331,235.88628935785582,1.1319598560077828,7.6772329931457834,4.914974747161683,85.6153297137,55.08515160991945,255.68777514507795,1.799319176340826,0.6689549346764883,1.7979563459409256
12-21,29196.68158680485,418.51344711115917,206.91817206426467,8.762551143648954,34.43854142626127,14.079598641009571,76.83333333333333,4.731284970413889,15.583333333333334,72.35176085521744,13.166666666666666,4.73128497041389,22629.49454049069,234.32144771439715,203.39198694107571,5.2296911725534,24.328800280888874,9.4635246673279,19575.182488623086,176.5830216205978,205.51947171791824,4.0385542041080935,20.04232455889384,7.556705647084098,15355.405284098835,118.10588266289658,210.6787511175184,2.9559988740238334,15.604804412523906,5.484503999891925,9645.412716096429,77.38063045942562,213.18113107643657,1.7402234965400285,13.264436348279316,5.846093675339515,5139.358063431293,64.37108313695819,235.86935489603016,1.1343708227792557,7.89730920419097,4.328553114074023,84.7347700702563,56.643141817566224,255.7235245242668,1.7592107840251807,0.7834843436876933,1.765576470905369
12-22,29189.481358163168,405.04486364415123,207.0233428589066,8.89235402561205,35.0857316493988,13.593349779766838,76.83333333333333,4.351641254652709,12.166666666666666,64.42629219842456,13.166666666666666,4.3516412546527095,22626.851615751573,227.9458268081347,203.18860113222743,4.968867449440589,24.378077777226768,9.220761586238513,19574.997912082887,173.61328878987632,205.3892468266939,3.828914660578056,20.20197164217631,7.402469026791083,15356.204655652526,118.88718196010639,210.68104223169607,2.791458937174352,15.676802651087444,5.589344786028469,9646.427969458075,81.70571394074295,213.25107149849762,1.6600315815349436,13.04017826989293,5.85987323869482,5139.151571844572,63.207889414948674,235.90762741811903,1.270533754991448,7.653783652186394,4.059310134502671,84.6308855312945,52.91037046085975,255.63720260319735,1.731169048654814,0.8338745276133219,1.7440033582812797
12-23,29194.866342159305,413.72090271209163,207.66702572607068,9.656757106504406,35.09806599617004,13.951996566046386,76.83333333333333,5.371273099800799,15.916666666666666,59.760597578910684,13.166666666666666,5.371273099800799,22621.942250008626,225.90953911274931,203.21873119754844,5.069942493598795,24.693223921457925,8.924488211331811,19570.516216618344,172.93451665024486,205.3417638476239,3.761314237989463,20.499382988611856,7.210846982357384,15352.29348231124,119.83351368000986,210.69841067539284,2.699545590350169,15.884393628438314,5.439158581731472,9641.155665636226,82.38217546281516,213.25562192398053,1.716949618072424,12.969050578276317,6.200447114736682,5135.067004372478,62.69288707458807,235.8241558074818,1.255923820239833,7.705440314610799,4.650750817925993,81.83538955836829,51.65984172281209,255.62857033685313,1.6608380184395652,0.9711388458808263,1.9008438546795032
12-24,29201.59938744655,430.422680191512,208.2374829097187,10.168814091776788,35.12298084894816,14.36667529069403,77.33333333333333,5.645158641876597,15.583333333333334,54.07802207241282,12.666666666666666,5.645158641876597,22615.152396204252,228.37446342602894,203.4512980628526,5.438334031368066,24.82380158106486,8.89966622749632,19561.531737674886,173.31046844065833,205.3990473155028,3.9303981941497463,20.50471439361572,7.154731509848041,15343.751872816141,119.48331078456292,210.6186219032526,2.786190542941747,15.948915108044941,5.57012591239109,9634.1080289342,80.88609157516137,213.15314552810682,1.7133158581312757,13.103088656067849,6.566239994216936,5132.68878537825,62.25255502555409,235.55717694900895,1.3174238215091874,7.761615387598673,4.95965602510318,83.09050661615638,49.879604586254835,255.58582104411028,1.6025400182090748,0.7477325963477294,1.8012357360674218
12-25,29196.619640023975,441.827589930626,208.61774044588904,10.3191532472118,35.292711687088016,14.403726733821431,78.41666666666667,4.75627232575907,17.416666666666668,46.90637838645544,11.583333333333334,4.756272325759071,22602.030621390393,230.78550241176083,203.55619386405067,5.8159762438272375,25.15267647107442,9.368982815913272,19548.716149507498,171.85961726439368,205.2765236839892,4.217375860243142,20.618708244959514,7.4285976936852895,15334.898746533108,116.97465861253824,210.4079177300709,2.9086467708973966,15.847944450378417,5.644057442890082,9630.369411748165,78.82599443120041,213.01316983086664,1.6298299935280463,12.976493344704311,6.015248648115616,5132.372691586896,60.89965420101224,235.32329715776794,1.3860622080974359,7.624970932801564,4.402995875274354,86.40032154937815,49.97896310043368,255.41370073892762,1.5518506504169205,0.5858492344617844,1.772887857551996
12-26,29188.41675531969,458.31306658812946,209.10761724642782,10.821185266147987,35.56015022595724,14.995739732589923,78.33333333333333,4.703874656239172,16.083333333333332,48.67947300407044,11.666666666666666,4.703874656239172,22587.26647464213,233.6502889637347,203.57487558393368,6.051619654285347,25.249547704060873,9.475064503164058,19535.402927034833,170.88775636569343,205.0747820946772,4.363837949232193,20.859826532999673,7.393060803207843,15326.819315027375,114.38654592716637,210.12025363401006,2.9181111768535684,16.004047695795695,5.630365808192804,9628.142175947049,75.16998893302615,212.95747991148517,1.570834133034499,13.011021129290263,5.738471880160625,5131.140530962436,57.17587595967057,235.26723634699056,1.305115915776022,7.910660068194072,4.387716229582048,86.70257108024798,47.49403798654572,255.29872575865951,1.4614604789205754,0.6534882600807275,1.736675385462021
12-27,29191.232731238557,480.54813439389335,209.55343072579478,11.645743969876003,35.85135689973831,15.672688709335011,78.66666666666667,4.945100907818337,26.083333333333332,42.39939071889281,11.333333333333334,4.945100907818338,22584.007222328957,237.67744392408864,203.54128193364082,6.3376948583344515,25.46009569168091,9.522937989910128,19533.40026473952,170.4826768724237,204.9394633015116,4.497024783337151,20.896475728352865,7.3014923750862675,15329.195387815858,112.29575635340159,209.8753184664716,2.9454916490294134,15.73858831723531,5.44206668716693,9635.794993763031,78.06981990805339,212.89529900539648,1.5495778672816893,11.963795121510824,5.814092406591584,5137.522742521926,58.228596200517465,235.37053763082605,1.315101194703571,6.888060249884924,4.622268858247096,91.54118342803898,46.10531248046194,255.2466709101963,1.5043078805371675,0.35730449110269547,1.7981650200376307
12-28,29197.5672381587,498.99501250951676,210.01721076369876,12.502900694371155,35.85105239550273,15.419296643698944,78.5,4.982728791224398,18.833333333333332,46.677236077301025,11.5,4.982728791224398,22583.943702756827,240.03338110917153,203.53464497443818,6.608869606033277,25.622165870666503,8.957501410716173,19534.03759812401,170.6640178290166,204.85839746748465,4.621628116317141,20.98797082901001,7.008102079792228,15332.22257049222,112.42299341475164,209.73030842693373,2.9809011776292773,15.730250835418701,5.330555855939943,9642.39074206325,80.46341728972355,212.81010937300445,1.5572726294547254,11.836656316121418,5.747158282320181,5142.202237420994,59.50886900555397,235.51756879149193,1.402097444283449,6.421224264303843,4.4053986954101445,93.78466772430397,45.000365906860324,255.18537277252685,1.529642071850878,0.16562120547362913,1.6990647001585275
12-29,29204.05939778949,509.1066148020388,210.49229520313082,12.723805375653088,35.79904791514079,15.744334547892967,78.25,5.0918291544327206,16.333333333333332,48.25727269351317,11.75,5.0918291544327206,22581.75128514993,242.72056037866966,203.57672240145126,6.81856577674986,25.82775684992472,8.751791608803671,19531.97392339158,171.45692192160143,204.8043560326474,4.765590339141445,21.067094357808433,6.689599572317629,15331.422521026589,111.80204583356185,209.63974070791272,3.086273041590824,15.689799213409424,5.000391960968796,9643.8070864291,79.49581772960445,212.78914869289252,1.6519448296150177,11.476113804181416,6.024854393616065,5142.0012325144035,59.7696860116625,235.63283561619065,1.432277611481291,6.120542701582114,4.459486609996932,92.16363283654955,48.24522836312844,255.17506103130617,1.562983161658848,0.34793817351261774,1.7719585536084004
12-30,29222.84519336547,518.9511502789418,211.01876323780488,12.771704543649331,35.51992543041706,16.242608724030156,78.41666666666667,5.020790110464022,12.083333333333334,48.53936961167554,11.583333333333334,5.020790110464023,22587.437199579304,249.45425833431221,203.8006072183392,6.995240347296105,25.66954323450724,9.14109590775174,19535.313442942756,175.57016395231608,204.92598475636063,4.915146044903553,20.843814754486083,6.879121344381791,15332.539519616479,112.47004577212319,209.7469207987034,3.175392391617537,15.461822764078777,5.029723184274266,9643.520601599004,76.5252283538384,212.81091939466734,1.6951397219447393,11.184693344434102,6.305454728284913,5139.14343075266,61.12967461819769,235.793776711817,1.3977341373527863,6.415865218639373,5.0802854149725265,87.73243970728136,53.42832524188899,255.30242667725832,1.645498966033556,0.7349783264100551,1.9385399177268756
12-31,29251.769806825654,534.0622836095106,211.45631519237836,12.825933974498852,34.98711960315704,16.78374167446071,77.5,5.169539431229292,8.166666666666666,49.72741790958005,12.5,5.1695394312292935,22602.21360323536,261.1715205263114,204.19235379635737,7.269487840667237,25.06191078821818,9.527552896274186,19545.348621653997,183.87390013102547,205.1805992973423,5.209676948906448,20.489584922790527,7.132182866685975,15338.182033304236,117.11295990319024,209.93262466351058,3.3855091423722747,15.393259239196777,5.052552488493252,9645.189371502658,78.55532665498312,212.96988893896577,1.776991626062879,12.10432211558024,6.124991738874902,5138.624353668932,61.94463681382451,235.85000525983168,1.491385469610543,6.982611684004466,4.792935880984361,85.83823797052752,55.172635801202134,255.4137470339716,1.7376724852873324,0.7235474665959676,1.7376900432236904
