event_id,scenario_id,scenario_label,primary_scenario,winter_start_year,winter_label,start_date,end_date,duration_days,minimum_observed_area_fraction,minimum_scenario_cold_area_fraction,mean_scenario_cold_area_fraction,peak_scenario_cold_area_fraction,cumulative_scenario_cold_area_days,peak_coverage_date,peak_p10_cold_area_fraction,peak_p05_severe_area_fraction,peak_bmd_total_cold_area_fraction,minimum_area_weighted_mean_tmin,minimum_cold_station_tmin,total_area_weighted_p10_deficit,maximum_bmd_severity_rank,most_severe_bmd_category,marginal_gap_day_count
S7E_BMD_AREA20_DURATION3_1985_01,bmd_area20_duration3,"BMD Tmin at or below 10 C, 20 percent area, 3 days",False,1985,1985/86,1986-01-17,1986-01-22,6,0.8884948962992469,0.20577676888564322,0.2916805429216189,0.4256643618649627,1.7500832575297132,1986-01-18,0.1474220743916641,0.0649232215992397,0.4256643618649627,10.359978311028108,8.0,0.11726801731876521,2,moderate,0
S7E_BMD_AREA20_DURATION3_1986_01,bmd_area20_duration3,"BMD Tmin at or below 10 C, 20 percent area, 3 days",False,1986,1986/87,1987-01-01,1987-01-05,5,0.999999999999997,0.3359353406264685,0.5883820038949387,0.850480142316065,2.9419100194746934,1987-01-03,0.7229907139094522,0.5312426018514336,0.850480142316065,9.265500839403197,6.800000190734863,2.0634460762605724,2,moderate,0
S7E_BMD_AREA20_DURATION3_1987_01,bmd_area20_duration3,"BMD Tmin at or below 10 C, 20 percent area, 3 days",False,1987,1987/88,1988-01-26,1988-01-31,6,0.8718853996458569,0.227726259238119,0.3811987545683618,0.6000712863880525,2.2871925274101708,1988-01-28,0.395119568054476,0.1306806626317562,0.6000712863880525,9.697460397595478,5.599999904632568,0.6627322761157607,3,severe,0
S7E_BMD_AREA20_DURATION3_1988_01,bmd_area20_duration3,"BMD Tmin at or below 10 C, 20 percent area, 3 days",False,1988,1988/89,1989-01-11,1989-02-01,22,0.999999999999997,0.2716303813211872,0.662255019673323,0.9522514100901388,14.569610432813107,1989-01-13,0.917133854456868,0.6771354798251256,0.9522514100901388,7.409460017467628,4.599999904632568,8.075558328293651,3,severe,0
S7E_BMD_AREA20_DURATION3_1989_01,bmd_area20_duration3,"BMD Tmin at or below 10 C, 20 percent area, 3 days",False,1989,1989/90,1989-12-06,1989-12-09,4,0.999999999999997,0.2519398610195097,0.30246656604102384,0.3489854576258725,1.2098662641640954,1989-12-06,0.9955385881686476,0.9646571918897354,0.3489854576258725,10.98298430138226,7.599999904632568,7.1209586880717275,2,moderate,0
S7E_BMD_AREA20_DURATION3_1989_02,bmd_area20_duration3,"BMD Tmin at or below 10 C, 20 percent area, 3 days",False,1989,1989/90,1989-12-28,1990-01-14,18,0.9280851284156993,0.2698078498285342,0.5977174945598294,0.768610188480465,10.75891490207693,1990-01-10,0.8374851506664333,0.5441970638181846,0.768610188480465,8.848323803642655,5.300000190734863,7.09620617364494,3,severe,0
S7E_BMD_AREA20_DURATION3_1990_01,bmd_area20_duration3,"BMD Tmin at or below 10 C, 20 percent area, 3 days",False,1990,1990/91,1991-01-04,1991-01-08,5,0.9574652569460423,0.3504748491781023,0.48417166908375897,0.595125335839602,2.420858345418795,1991-01-08,0.1352124845947636,0.09248441125441,0.595125335839602,10.141206116363678,6.0,0.3299507360654647,3,severe,0
S7E_BMD_AREA20_DURATION3_1990_02,bmd_area20_duration3,"BMD Tmin at or below 10 C, 20 percent area, 3 days",False,1990,1990/91,1991-01-15,1991-01-27,13,0.9955385881686476,0.3844526999202138,0.5629789098177043,0.842661782155796,7.318725827630156,1991-01-21,0.7290708809202227,0.3066668528422961,0.842661782155796,8.403714969920959,5.199999809265137,3.5931169917364296,3,severe,0
S7E_BMD_AREA20_DURATION3_1991_01,bmd_area20_duration3,"BMD Tmin at or below 10 C, 20 percent area, 3 days",False,1991,1991/92,1991-12-28,1992-01-11,15,0.999999999999997,0.212531350822997,0.45126527869040817,0.7990142784616702,6.768979180356123,1992-01-03,0.7692139165191938,0.5058402534184684,0.7990142784616702,9.143405807852433,6.5,4.56726309280091,2,moderate,0
S7E_BMD_AREA20_DURATION3_1991_02,bmd_area20_duration3,"BMD Tmin at or below 10 C, 20 percent area, 3 days",False,1991,1991/92,1992-01-18,1992-01-20,3,0.999999999999997,0.2476798073397246,0.35966592491722665,0.43832917980000374,1.07899777475168,1992-01-20,0.1625694288724932,0.065610562228911,0.43832917980000374,10.555240500389546,7.400000095367432,0.21133438328712126,2,moderate,0
S7E_BMD_AREA20_DURATION3_1992_01,bmd_area20_duration3,"BMD Tmin at or below 10 C, 20 percent area, 3 days",False,1992,1992/93,1992-12-17,1992-12-22,6,0.999999999999997,0.2344654328559623,0.3172029855172469,0.3737212952017216,1.9032179131034814,1992-12-19,0.8235453220997843,0.3707140030915132,0.3737212952017216,10.608882613501727,7.400000095367432,2.957564400276055,2,moderate,0
S7E_BMD_AREA20_DURATION3_1992_02,bmd_area20_duration3,"BMD Tmin at or below 10 C, 20 percent area, 3 days",False,1992,1992/93,1993-01-14,1993-01-29,16,0.999999999999997,0.2494125704308346,0.6738403787899592,0.9522514100901387,10.781446060639347,1993-01-22,0.9030541769142376,0.606130919470465,0.9522514100901387,7.76511472914851,4.400000095367432,8.101302331618665,3,severe,0
S7E_BMD_AREA20_DURATION3_1993_01,bmd_area20_duration3,"BMD Tmin at or below 10 C, 20 percent area, 3 days",False,1993,1993/94,1994-01-18,1994-01-20,3,0.9091282572491058,0.3376356806634921,0.3885566177400969,0.4282580396323308,1.1656698532202907,1994-01-19,0.1950242439045928,0.0208305353845536,0.4282580396323308,10.319701049923994,7.5,0.17765201761775373,2,moderate,0
S7E_BMD_AREA20_DURATION3_1993_02,bmd_area20_duration3,"BMD Tmin at or below 10 C, 20 percent area, 3 days",False,1993,1993/94,1994-01-22,1994-01-25,4,0.9472015884717111,0.25848130078434817,0.32680781786015534,0.4821907924177623,1.3072312714406213,1994-01-23,0.0503793839895747,0.0,0.4821907924177623,10.34251822866041,8.600000381469727,0.025041884922678205,1,mild,0
S7E_BMD_AREA20_DURATION3_1994_01,bmd_area20_duration3,"BMD Tmin at or below 10 C, 20 percent area, 3 days",False,1994,1994/95,1994-12-13,1994-12-16,4,0.999999999999997,0.2565010463714625,0.3536212900952949,0.4503172898366785,1.4144851603811797,1994-12-13,0.9730634542009294,0.7860727494905162,0.4503172898366785,10.352960439360555,7.800000190734863,4.10119959711728,2,moderate,0
S7E_BMD_AREA20_DURATION3_1994_02,bmd_area20_duration3,"BMD Tmin at or below 10 C, 20 percent area, 3 days",False,1994,1994/95,1994-12-22,1994-12-24,3,0.999999999999997,0.2013760544554485,0.27923544787936144,0.3674771500416208,0.8377063436380843,1994-12-24,0.4276887995522372,0.2272054111048094,0.3674771500416208,11.013100174695184,8.199999809265137,0.905079708943958,1,mild,0
S7E_BMD_AREA20_DURATION3_1994_03,bmd_area20_duration3,"BMD Tmin at or below 10 C, 20 percent area, 3 days",False,1994,1994/95,1994-12-31,1995-01-06,7,0.9775248660322788,0.227020379718588,0.58795746634805,0.9522514100901387,4.11570226443635,1995-01-04,0.9955385881686476,0.9955385881686476,0.9522514100901387,7.296044819095461,4.0,8.075724500763306,4,very_severe,0
S7E_BMD_AREA20_DURATION3_1994_04,bmd_area20_duration3,"BMD Tmin at or below 10 C, 20 percent area, 3 days",False,1994,1994/95,1995-01-14,1995-01-16,3,0.999999999999997,0.2346035084156625,0.4746214242612076,0.6217232257010226,1.4238642727836228,1995-01-14,0.2067680261642481,0.0936847118507803,0.6217232257010226,9.717846058435544,4.699999809265137,0.36894417236281163,3,severe,0
S7E_BMD_AREA20_DURATION3_1994_05,bmd_area20_duration3,"BMD Tmin at or below 10 C, 20 percent area, 3 days",False,1994,1994/95,1995-01-20,1995-02-01,13,0.999999999999997,0.2877999352602165,0.6264974388351819,0.8972204978277631,8.144466704857365,1995-01-25,0.8763899624432094,0.589527340514827,0.8972204978277631,7.725699703898286,4.199999809265137,4.759547456962566,3,severe,0
S7E_BMD_AREA20_DURATION3_1995_01,bmd_area20_duration3,"BMD Tmin at or below 10 C, 20 percent area, 3 days",False,1995,1995/96,1996-01-18,1996-01-23,6,0.999999999999997,0.271492305761487,0.4444669939973997,0.5719045652902728,2.666801963984398,1996-01-21,0.3690215329015279,0.09992534280723639,0.5719045652902728,9.814711030771237,5.800000190734863,0.35950317785472724,3,severe,0
S7E_BMD_AREA20_DURATION3_1995_02,bmd_area20_duration3,"BMD Tmin at or below 10 C, 20 percent area, 3 days",False,1995,1995/96,1996-01-29,1996-02-01,4,0.999999999999997,0.2516861285683057,0.41370678744964495,0.5294553990556714,1.6548271497985798,1996-01-31,0.6581858278777742,0.4469972732195809,0.5294553990556714,9.472690625069593,5.800000190734863,1.5913695919959958,3,severe,0
S7E_BMD_AREA20_DURATION3_1996_01,bmd_area20_duration3,"BMD Tmin at or below 10 C, 20 percent area, 3 days",False,1996,1996/97,1997-01-13,1997-01-15,3,0.999999999999997,0.2526946568468283,0.3224962858082412,0.4608992431346966,0.9674888574247236,1997-01-13,0.0471269312789505,0.0,0.4608992431346966,10.567236957389332,6.300000190734863,0.004084330149051232,2,moderate,0
S7E_BMD_AREA20_DURATION3_1996_02,bmd_area20_duration3,"BMD Tmin at or below 10 C, 20 percent area, 3 days",False,1996,1996/97,1997-01-17,1997-01-20,4,0.999999999999997,0.2067680261642481,0.5926818288183807,0.8757807888760966,2.370727315273523,1997-01-19,0.5655605672379437,0.4266140292570073,0.8757807888760966,8.804783702366816,5.199999809265137,1.2637388476981928,3,severe,0
S7E_BMD_AREA20_DURATION3_1996_03,bmd_area20_duration3,"BMD Tmin at or below 10 C, 20 percent area, 3 days",False,1996,1996/97,1997-01-23,1997-01-31,9,0.9572719266596434,0.2538949574431986,0.7114043791872128,0.9522514100901387,6.402639412684915,1997-01-26,0.9412342089525384,0.4206105326517266,0.9522514100901387,8.040179851035115,5.0,3.790506584753821,3,severe,0
S7E_BMD_AREA20_DURATION3_1996_04,bmd_area20_duration3,"BMD Tmin at or below 10 C, 20 percent area, 3 days",False,1996,1996/97,1997-02-07,1997-02-09,3,0.999999999999997,0.384713695634655,0.5897253452935224,0.8972204978277631,1.7691760358805673,1997-02-08,0.9747265440578569,0.9275996127789063,0.8972204978277631,9.017203124214198,6.400000095367432,4.737639926699631,2,moderate,0
S7E_BMD_AREA20_DURATION3_1997_01,bmd_area20_duration3,"BMD Tmin at or below 10 C, 20 percent area, 3 days",False,1997,1997/98,1997-12-22,1997-12-25,4,0.999999999999997,0.4080049573788793,0.4503293228494087,0.516404286159406,1.8013172913976347,1997-12-25,0.455373338114395,0.2073302966715623,0.516404286159406,10.869213769924492,8.0,1.236113622612488,2,moderate,0
S7E_BMD_AREA20_DURATION3_1997_02,bmd_area20_duration3,"BMD Tmin at or below 10 C, 20 percent area, 3 days",False,1997,1997/98,1998-01-02,1998-01-07,6,0.999999999999997,0.348612796892531,0.4368836765016304,0.6024968303132157,2.6213020590097824,1998-01-03,0.7076710126734166,0.4205010959898685,0.6024968303132157,9.39145450882063,6.199999809265137,1.427384087313871,2,moderate,0
S7E_BMD_AREA20_DURATION3_1997_03,bmd_area20_duration3,"BMD Tmin at or below 10 C, 20 percent area, 3 days",False,1997,1997/98,1998-01-10,1998-01-16,7,0.999999999999997,0.20676802616424808,0.4615331143810539,0.7974020740130732,3.2307318006673773,1998-01-11,0.5351874843723392,0.22900284369075818,0.7974020740130732,8.490405936661631,5.5,1.1211146532990874,3,severe,0
S7E_BMD_AREA20_DURATION3_1997_04,bmd_area20_duration3,"BMD Tmin at or below 10 C, 20 percent area, 3 days",False,1997,1997/98,1998-01-22,1998-01-25,4,0.999999999999997,0.2538949574431986,0.3205134326112339,0.3844526999202138,1.2820537304449355,1998-01-23,0.0,0.0,0.3844526999202138,10.844671906287942,,0.0,2,moderate,0
S7E_BMD_AREA20_DURATION3_1998_01,bmd_area20_duration3,"BMD Tmin at or below 10 C, 20 percent area, 3 days",False,1998,1998/99,1999-01-11,1999-01-14,4,0.9350767784007573,0.2537951511367861,0.4055076566379814,0.5289135910684496,1.6220306265519255,1999-01-13,0.14286379524398468,0.0,0.5289135910684496,10.289763845253855,6.5,0.09097547392276217,2,moderate,0
S7E_BMD_AREA20_DURATION3_1998_02,bmd_area20_duration3,"BMD Tmin at or below 10 C, 20 percent area, 3 days",False,1998,1998/99,1999-01-16,1999-01-22,7,0.9758504840165336,0.2159597017802936,0.3370357352033287,0.5019339444649141,2.359250146423301,1999-01-19,0.15499097889757402,0.0,0.5019339444649141,10.187547799734254,7.0,0.043972567223518305,2,moderate,0
S7E_BMD_AREA20_DURATION3_1998_03,bmd_area20_duration3,"BMD Tmin at or below 10 C, 20 percent area, 3 days",False,1998,1998/99,1999-01-31,1999-02-02,3,0.9758504840165336,0.2540330330028988,0.2667502771973793,0.27472549282775216,0.800250831592138,1999-02-01,0.2901786864577385,0.1178761319909164,0.27472549282775216,10.634324546093152,6.699999809265137,0.1903267315148966,2,moderate,0
S7E_BMD_AREA20_DURATION3_1999_01,bmd_area20_duration3,"BMD Tmin at or below 10 C, 20 percent area, 3 days",False,1999,1999/00,2000-01-05,2000-01-10,6,0.999999999999997,0.457606870053281,0.6202007329567615,0.7634607411536494,3.721204397740569,2000-01-10,0.620479277722752,0.1833696711047183,0.7634607411536494,8.975333758707274,5.5,1.8939657984417577,3,severe,0
S7E_BMD_AREA20_DURATION3_2000_01,bmd_area20_duration3,"BMD Tmin at or below 10 C, 20 percent area, 3 days",False,2000,2000/01,2001-01-05,2001-01-22,18,0.999999999999997,0.21100444315518568,0.5774725973127839,0.8777225101171006,10.394506751630109,2001-01-12,0.8192881541460911,0.2885797720565924,0.8777225101171006,8.322864474834883,5.199999809265137,4.362895168045778,3,severe,0
S7E_BMD_AREA20_DURATION3_2000_02,bmd_area20_duration3,"BMD Tmin at or below 10 C, 20 percent area, 3 days",False,2000,2000/01,2001-01-25,2001-01-29,5,0.999999999999997,0.249564163089952,0.6810218277865581,0.901872026100564,3.40510913893279,2001-01-26,0.4961136675972157,0.1681203818406265,0.901872026100564,8.703122239199756,6.800000190734863,0.6227620346633518,2,moderate,0
S7E_BMD_AREA20_DURATION3_2001_01,bmd_area20_duration3,"BMD Tmin at or below 10 C, 20 percent area, 3 days",False,2001,2001/02,2002-01-01,2002-01-03,3,0.999999999999997,0.2029383189327719,0.23342082745864723,0.2653219664211949,0.7002624823759417,2002-01-02,0.1238498129290527,0.0321194688028497,0.2653219664211949,11.212494402832098,8.199999809265137,0.06804771839157903,1,mild,0
S7E_BMD_AREA20_DURATION3_2001_02,bmd_area20_duration3,"BMD Tmin at or below 10 C, 20 percent area, 3 days",False,2001,2001/02,2002-01-25,2002-01-27,3,0.999999999999997,0.23216977459278298,0.38129073152541454,0.5477257029675636,1.1438721945762436,2002-01-26,0.0,0.0,0.5477257029675636,10.064901187923617,,0.0,2,moderate,0
S7E_BMD_AREA20_DURATION3_2001_03,bmd_area20_duration3,"BMD Tmin at or below 10 C, 20 percent area, 3 days",False,2001,2001/02,2002-02-04,2002-02-06,3,0.999999999999997,0.2387238948781402,0.34377789304902545,0.46208177566836595,1.0313336791470764,2002-02-05,0.6061414452149307,0.1617922161728324,0.46208177566836595,10.41232935391947,8.0,0.7697961970953656,2,moderate,0
S7E_BMD_AREA20_DURATION3_2002_01,bmd_area20_duration3,"BMD Tmin at or below 10 C, 20 percent area, 3 days",False,2002,2002/03,2003-01-07,2003-01-28,22,0.999999999999997,0.2574874745242769,0.50250447222302,0.9522514100901386,11.055098388906439,2003-01-23,0.999999999999997,0.9612889574432951,0.9522514100901386,6.702264520108782,3.4000000953674316,7.328730548561619,4,very_severe,0
S7E_BMD_AREA20_DURATION3_2003_01,bmd_area20_duration3,"BMD Tmin at or below 10 C, 20 percent area, 3 days",False,2003,2003/04,2004-01-26,2004-01-30,5,0.9556729255883639,0.2247855924489125,0.447011933219614,0.7517673626862761,2.23505966609807,2004-01-29,0.7216813367542037,0.2400189368224036,0.7517673626862761,9.595703738836754,5.800000190734863,0.8870224106433259,3,severe,0
S7E_BMD_AREA20_DURATION3_2003_02,bmd_area20_duration3,"BMD Tmin at or below 10 C, 20 percent area, 3 days",False,2003,2003/04,2004-02-04,2004-02-07,4,0.9556729255883639,0.25389495744319857,0.5173299864602272,0.6767440263451472,2.069319945840909,2004-02-05,0.9331977916206456,0.7256286871874315,0.6767440263451472,9.37732606350722,6.199999809265137,3.054192535109592,2,moderate,0
S7E_BMD_AREA20_DURATION3_2004_01,bmd_area20_duration3,"BMD Tmin at or below 10 C, 20 percent area, 3 days",False,2004,2004/05,2004-12-27,2004-12-31,5,0.999999999999997,0.45636757150451135,0.5762995177641148,0.781419973184934,2.881497588820574,2004-12-28,0.637574077804047,0.4044300949333114,0.781419973184934,9.40255081699827,5.199999809265137,2.47236477264675,3,severe,0
S7E_BMD_AREA20_DURATION3_2004_02,bmd_area20_duration3,"BMD Tmin at or below 10 C, 20 percent area, 3 days",False,2004,2004/05,2005-02-03,2005-02-05,3,0.999999999999997,0.2696052911570524,0.2989203192476429,0.3362953630774369,0.8967609577429287,2005-02-03,0.453756789585859,0.0975649220218331,0.3362953630774369,10.767541614368852,7.300000190734863,0.5118085720228331,2,moderate,0
S7E_BMD_AREA20_DURATION3_2005_01,bmd_area20_duration3,"BMD Tmin at or below 10 C, 20 percent area, 3 days",False,2005,2005/06,2006-01-11,2006-01-14,4,0.999999999999997,0.2330843966779392,0.40167333518111037,0.4959457522363132,1.6066933407244415,2006-01-13,0.1572479477774416,0.0,0.4959457522363132,10.079575286375938,6.199999809265137,0.08158160055442848,2,moderate,0
S7E_BMD_AREA20_DURATION3_2006_01,bmd_area20_duration3,"BMD Tmin at or below 10 C, 20 percent area, 3 days",False,2006,2006/07,2007-01-01,2007-01-06,6,0.999999999999997,0.309649040832828,0.4805152400838286,0.6739930857856175,2.8830914405029717,2007-01-04,0.5105169307791209,0.0964316980944867,0.6739930857856175,9.907191921802866,7.199999809265137,0.8688594941189238,2,moderate,0
S7E_BMD_AREA20_DURATION3_2006_02,bmd_area20_duration3,"BMD Tmin at or below 10 C, 20 percent area, 3 days",False,2006,2006/07,2007-01-08,2007-01-21,14,0.999999999999997,0.2455545903878977,0.5011196242748218,0.8225670192654558,7.015674739847506,2007-01-16,0.5979426570138089,0.4806856837004172,0.8225670192654558,8.635263489143771,4.0,2.85645949067833,4,very_severe,0
S7E_BMD_AREA20_DURATION3_2006_03,bmd_area20_duration3,"BMD Tmin at or below 10 C, 20 percent area, 3 days",False,2006,2006/07,2007-01-23,2007-01-25,3,0.999999999999997,0.20932303218315168,0.32494625583493103,0.4947272663969718,0.9748387675047931,2007-01-23,0.1566501075003071,0.0,0.4947272663969718,10.56592882712494,5.900000095367432,0.050409495942584384,3,severe,0
S7E_BMD_AREA20_DURATION3_2007_01,bmd_area20_duration3,"BMD Tmin at or below 10 C, 20 percent area, 3 days",False,2007,2007/08,2007-12-20,2007-12-22,3,0.9791879558892063,0.30956563698409223,0.38161037242106777,0.4184323158416064,1.1448311172632033,2007-12-22,0.634277697111581,0.2295827347848277,0.4184323158416064,10.411984307179166,7.199999809265137,1.2860898500025029,2,moderate,0
S7E_BMD_AREA20_DURATION3_2007_02,bmd_area20_duration3,"BMD Tmin at or below 10 C, 20 percent area, 3 days",False,2007,2007/08,2008-02-01,2008-02-04,4,0.9791879558892063,0.2786828977485457,0.4153299128962714,0.5529670355186743,1.6613196515850857,2008-02-03,0.8407445124076889,0.6192696415159901,0.5529670355186743,9.310357840566043,5.599999904632568,2.114737094673018,3,severe,0
S7E_BMD_AREA20_DURATION3_2007_03,bmd_area20_duration3,"BMD Tmin at or below 10 C, 20 percent area, 3 days",False,2007,2007/08,2008-02-12,2008-02-16,5,0.9791879558892063,0.2670440379800376,0.45724651156602303,0.6921432880163356,2.286232557830115,2008-02-15,0.9791879558892063,0.9538960086733033,0.6921432880163356,9.205687072432022,5.199999809265137,9.139318168933663,3,severe,0
S7E_BMD_AREA20_DURATION3_2008_01,bmd_area20_duration3,"BMD Tmin at or below 10 C, 20 percent area, 3 days",False,2008,2008/09,2009-01-03,2009-01-05,3,0.9791694646154434,0.3284159179557601,0.379446768344551,0.45770930508171725,1.138340305033653,2009-01-03,0.2480310995433151,0.0527984115282859,0.45770930508171725,10.61566930272456,7.599999904632568,0.21909764489117847,2,moderate,0
S7E_BMD_AREA20_DURATION3_2009_01,bmd_area20_duration3,"BMD Tmin at or below 10 C, 20 percent area, 3 days",False,2009,2009/10,2009-12-24,2009-12-30,7,0.999999999999997,0.30956563698409223,0.5932396437784526,0.7383533626328834,4.1526775064491686,2009-12-27,0.9046590559161682,0.6263398101958051,0.7383533626328834,9.36164346228723,6.0,4.763295459250233,3,severe,0
S7E_BMD_AREA20_DURATION3_2009_02,bmd_area20_duration3,"BMD Tmin at or below 10 C, 20 percent area, 3 days",False,2009,2009/10,2010-01-04,2010-01-08,5,0.999999999999997,0.2813596841282999,0.40506183437919024,0.5964613661994173,2.0253091718959513,2010-01-06,0.2397302718859339,0.055080166109906105,0.5964613661994173,10.001415937406184,6.900000095367432,0.47771881491001256,2,moderate,0
S7E_BMD_AREA20_DURATION3_2009_03,bmd_area20_duration3,"BMD Tmin at or below 10 C, 20 percent area, 3 days",False,2009,2009/10,2010-01-10,2010-01-14,5,0.999999999999997,0.20997557415449858,0.44474194127418115,0.7300557741400354,2.2237097063709057,2010-01-13,0.2186390358159761,0.0471269312789505,0.7300557741400354,9.383458059860892,5.0,0.28601635399668285,3,severe,0
S7E_BMD_AREA20_DURATION3_2009_04,bmd_area20_duration3,"BMD Tmin at or below 10 C, 20 percent area, 3 days",False,2009,2009/10,2010-01-20,2010-01-24,5,0.999999999999997,0.2774652861795569,0.34158677236148954,0.4193011778060684,1.7079338618074478,2010-01-22,0.047189485171702995,0.0044614118313494,0.4193011778060684,10.944920117596661,6.5,0.028648803996144397,2,moderate,0
S7E_BMD_AREA20_DURATION3_2009_05,bmd_area20_duration3,"BMD Tmin at or below 10 C, 20 percent area, 3 days",False,2009,2009/10,2010-01-27,2010-01-29,3,0.999999999999997,0.2178933594935866,0.29924257871624416,0.3638831602501014,0.8977277361487325,2010-01-27,0.0936847118507803,0.0,0.3638831602501014,10.857860128217862,7.400000095367432,0.031381212771018935,2,moderate,0
S7E_BMD_AREA20_DURATION3_2009_06,bmd_area20_duration3,"BMD Tmin at or below 10 C, 20 percent area, 3 days",False,2009,2009/10,2010-02-04,2010-02-06,3,0.999999999999997,0.30956563698409223,0.3443135259113214,0.3786082405557821,1.0329405777339642,2010-02-05,0.4277401032354921,0.2040981722368878,0.3786082405557821,10.59681565522398,5.699999809265137,0.6194841714221639,3,severe,0
S7E_BMD_AREA20_DURATION3_2010_01,bmd_area20_duration3,"BMD Tmin at or below 10 C, 20 percent area, 3 days",False,2010,2010/11,2010-12-21,2010-12-29,9,0.999999999999997,0.2351958632953218,0.32595732629473123,0.4137318136031638,2.933615936652581,2010-12-28,0.4896472512944051,0.3040041878351757,0.4137318136031638,10.556597987519934,7.0,1.8765515659700527,2,moderate,0
S7E_BMD_AREA20_DURATION3_2010_02,bmd_area20_duration3,"BMD Tmin at or below 10 C, 20 percent area, 3 days",False,2010,2010/11,2011-01-05,2011-01-08,4,0.999999999999997,0.2332024976183452,0.2953500692036912,0.384713695634655,1.181400276814765,2011-01-08,0.0232985487531173,0.0208305353845536,0.384713695634655,10.784268998307454,8.699999809265137,0.023343354330081036,2,moderate,0
S7E_BMD_AREA20_DURATION3_2010_03,bmd_area20_duration3,"BMD Tmin at or below 10 C, 20 percent area, 3 days",False,2010,2010/11,2011-01-10,2011-01-24,15,0.999999999999997,0.3127988240503574,0.6443326685144736,0.9522514100901387,9.664990027717103,2011-01-18,0.999999999999997,0.7242682801692025,0.9522514100901387,7.551586293983397,4.5,6.4384103239184025,3,severe,0
S7E_BMD_AREA20_DURATION3_2011_01,bmd_area20_duration3,"BMD Tmin at or below 10 C, 20 percent area, 3 days",False,2011,2011/12,2011-12-22,2011-12-25,4,0.999999999999997,0.2579904379236923,0.3190541478751623,0.384713695634655,1.2762165915006491,2011-12-24,0.4657508259594495,0.2199171067010871,0.384713695634655,10.567931916889142,6.5,1.1514768210584485,2,moderate,0
S7E_BMD_AREA20_DURATION3_2011_02,bmd_area20_duration3,"BMD Tmin at or below 10 C, 20 percent area, 3 days",False,2011,2011/12,2012-01-13,2012-01-17,5,0.999999999999997,0.49452927612300956,0.6586866282277922,0.7846276992707456,3.2934331411389612,2012-01-14,0.6627135054363587,0.18051893007726189,0.7846276992707456,8.692944234546298,5.900000095367432,1.1060210664684575,3,severe,0
S7E_BMD_AREA20_DURATION3_2011_03,bmd_area20_duration3,"BMD Tmin at or below 10 C, 20 percent area, 3 days",False,2011,2011/12,2012-01-22,2012-01-26,5,0.999999999999997,0.4082102346617345,0.5545584901768559,0.6511392647176839,2.772792450884279,2012-01-25,0.151159968172995,0.0471269312789505,0.6511392647176839,9.701625305691515,5.400000095367432,0.12012147148740406,3,severe,0
S7E_BMD_AREA20_DURATION3_2011_04,bmd_area20_duration3,"BMD Tmin at or below 10 C, 20 percent area, 3 days",False,2011,2011/12,2012-01-30,2012-02-04,6,0.999999999999997,0.2538949574431986,0.3649499289779672,0.5663775621611675,2.189699573867803,2012-02-03,0.7489333180398223,0.33012493071490623,0.5663775621611675,9.904621751318846,6.099999904632568,1.138799054600626,2,moderate,0
S7E_BMD_AREA20_DURATION3_2011_05,bmd_area20_duration3,"BMD Tmin at or below 10 C, 20 percent area, 3 days",False,2011,2011/12,2012-02-10,2012-02-13,4,0.999999999999997,0.2067680261642481,0.34337488336037314,0.4580816468330533,1.3734995334414926,2012-02-12,0.9592262943842207,0.771720478795634,0.4580816468330533,10.370922074568588,5.900000095367432,3.2995460008546718,3,severe,0
S7E_BMD_AREA20_DURATION3_2012_01,bmd_area20_duration3,"BMD Tmin at or below 10 C, 20 percent area, 3 days",False,2012,2012/13,2012-12-26,2013-01-02,8,0.999999999999997,0.3480784610988093,0.5649798089697395,0.8254014048865219,4.519838471757916,2012-12-31,0.9476788947694182,0.5357486164351579,0.8254014048865219,9.171735307803653,5.699999809265137,4.145617597049877,3,severe,0
S7E_BMD_AREA20_DURATION3_2012_02,bmd_area20_duration3,"BMD Tmin at or below 10 C, 20 percent area, 3 days",False,2012,2012/13,2013-01-06,2013-01-16,11,0.999999999999997,0.2130086571207042,0.6460671238364797,0.9730634542009293,7.106738362201277,2013-01-12,0.999999999999997,0.999999999999997,0.9730634542009293,6.005771053216176,3.200000047683716,12.751486044662583,4,very_severe,0
S7E_BMD_AREA20_DURATION3_2012_03,bmd_area20_duration3,"BMD Tmin at or below 10 C, 20 percent area, 3 days",False,2012,2012/13,2013-01-23,2013-01-31,9,0.999999999999997,0.23320249761834522,0.45792262687569646,0.8777225101171006,4.121303641881268,2013-01-27,0.8301996589569447,0.3724744818631978,0.8777225101171006,8.573378288868984,5.400000095367432,1.9303630506938083,3,severe,0
S7E_BMD_AREA20_DURATION3_2013_01,bmd_area20_duration3,"BMD Tmin at or below 10 C, 20 percent area, 3 days",False,2013,2013/14,2013-12-30,2014-01-01,3,0.9751631433868623,0.2199171067010871,0.31030257724461535,0.4335654865109472,0.930907731733846,2013-12-31,0.3954748365288174,0.16611335816724948,0.4335654865109472,10.418442040638237,7.400000095367432,0.5173651738653391,2,moderate,0
S7E_BMD_AREA20_DURATION3_2013_02,bmd_area20_duration3,"BMD Tmin at or below 10 C, 20 percent area, 3 days",False,2013,2013/14,2014-01-08,2014-01-10,3,0.9751631433868623,0.4517031328336878,0.5299152900063439,0.6244141162963647,1.5897458700190314,2014-01-09,0.3654111865791387,0.1764580534605105,0.6244141162963647,9.419785726378983,6.0,0.52812921437128,3,severe,0
S7E_BMD_AREA20_DURATION3_2014_01,bmd_area20_duration3,"BMD Tmin at or below 10 C, 20 percent area, 3 days",False,2014,2014/15,2014-12-27,2014-12-29,3,0.9472015884717111,0.2332024976183452,0.25166822706496716,0.276960826189703,0.7550046811949015,2014-12-27,0.1524505028982389,0.1097224295578853,0.276960826189703,11.113291089046347,7.199999809265137,0.10482676746036883,2,moderate,0
S7E_BMD_AREA20_DURATION3_2014_02,bmd_area20_duration3,"BMD Tmin at or below 10 C, 20 percent area, 3 days",False,2014,2014/15,2015-01-11,2015-01-13,3,0.9472015884717111,0.3167562289711509,0.3294508475190134,0.3376803211215001,0.9883525425570401,2015-01-11,0.0,0.0,0.3376803211215001,10.682408592562128,,0.0,2,moderate,0
S7E_BMD_AREA20_DURATION3_2014_03,bmd_area20_duration3,"BMD Tmin at or below 10 C, 20 percent area, 3 days",False,2014,2014/15,2015-01-20,2015-01-22,3,0.9472015884717111,0.20676802616424808,0.2870370064970345,0.3375867643557045,0.8611110194911035,2015-01-20,0.0427280733403536,0.0,0.3375867643557045,10.909206703973444,6.699999809265137,0.002563702329834315,2,moderate,0
S7E_BMD_AREA20_DURATION3_2014_04,bmd_area20_duration3,"BMD Tmin at or below 10 C, 20 percent area, 3 days",False,2014,2014/15,2015-01-31,2015-02-02,3,0.9472015884717111,0.3538927113957253,0.47173043417598826,0.5773265858341018,1.4151913025279648,2015-02-01,0.7610506151492175,0.521879775385553,0.5773265858341018,9.65483350830098,5.5,1.1765473412345333,3,severe,0
S7E_BMD_AREA20_DURATION3_2015_01,bmd_area20_duration3,"BMD Tmin at or below 10 C, 20 percent area, 3 days",False,2015,2015/16,2015-12-20,2015-12-22,3,0.999999999999997,0.28761357765015,0.404092154263493,0.525333512255317,1.212276462790479,2015-12-21,0.7737354406472754,0.5457739808699459,0.525333512255317,10.249530615450386,6.300000190734863,1.6594183732527104,2,moderate,0
S7E_BMD_AREA20_DURATION3_2015_02,bmd_area20_duration3,"BMD Tmin at or below 10 C, 20 percent area, 3 days",False,2015,2015/16,2015-12-26,2015-12-30,5,0.999999999999997,0.2332024976183452,0.3332743623180507,0.4563675715045114,1.6663718115902535,2015-12-26,0.3262949626684449,0.0543175232660092,0.4563675715045114,10.639483640414735,6.099999904632568,0.43399124958749496,2,moderate,0
S7E_BMD_AREA20_DURATION3_2015_03,bmd_area20_duration3,"BMD Tmin at or below 10 C, 20 percent area, 3 days",False,2015,2015/16,2016-01-23,2016-01-27,5,0.999999999999997,0.36388316025010137,0.6194769804581531,0.7911517741611693,3.0973849022907656,2016-01-26,0.5398377990701279,0.1820340414747384,0.7911517741611693,8.852312693218156,6.099999904632568,1.0594181229029134,2,moderate,0
S7E_BMD_AREA20_DURATION3_2016_01,bmd_area20_duration3,"BMD Tmin at or below 10 C, 20 percent area, 3 days",False,2016,2016/17,2017-01-13,2017-01-18,6,0.999999999999997,0.4242756325534704,0.6047138324447302,0.8254014048865219,3.628282994668381,2017-01-14,0.4932216203624216,0.2731487966439633,0.8254014048865219,8.480557687056438,5.099999904632568,1.084329920026661,3,severe,0
S7E_BMD_AREA20_DURATION3_2017_01,bmd_area20_duration3,"BMD Tmin at or below 10 C, 20 percent area, 3 days",False,2017,2017/18,2018-01-04,2018-01-24,21,0.999999999999997,0.2181950351422444,0.5049779305926329,0.8994529985618529,10.60453654244529,2018-01-08,0.9247264545039929,0.8265598241432268,0.8994529985618529,7.350693041295237,3.200000047683716,6.4888596216562675,4,very_severe,0
S7E_BMD_AREA20_DURATION3_2017_02,bmd_area20_duration3,"BMD Tmin at or below 10 C, 20 percent area, 3 days",False,2017,2017/18,2018-01-28,2018-01-30,3,0.999999999999997,0.5338179968501392,0.6426990807856332,0.7006923933674241,1.9280972423568996,2018-01-28,0.5463985103391398,0.2979369276633525,0.7006923933674241,9.47500839650076,7.199999809265137,0.7347776642346433,2,moderate,0
S7E_BMD_AREA20_DURATION3_2018_01,bmd_area20_duration3,"BMD Tmin at or below 10 C, 20 percent area, 3 days",False,2018,2018/19,2018-12-26,2019-01-07,13,0.999999999999997,0.211166884102845,0.4496127259287581,0.8254014048865219,5.8449654370738555,2018-12-29,0.7990865177183621,0.7046455266947319,0.8254014048865219,8.507338013788313,5.800000190734863,3.7850534417532615,3,severe,0
S7E_BMD_AREA20_DURATION3_2018_02,bmd_area20_duration3,"BMD Tmin at or below 10 C, 20 percent area, 3 days",False,2018,2018/19,2019-01-16,2019-01-18,3,0.999999999999997,0.2057151966424473,0.33134061357642347,0.4595881011177273,0.9940218407292705,2019-01-16,0.1487368182585443,0.0701928000254549,0.4595881011177273,10.61082188781746,7.0,0.1891258493522488,2,moderate,0
S7E_BMD_AREA20_DURATION3_2019_01,bmd_area20_duration3,"BMD Tmin at or below 10 C, 20 percent area, 3 days",False,2019,2019/20,2019-12-28,2019-12-30,3,0.999999999999997,0.2786828977485457,0.3536200994268511,0.4182942402819062,1.0608602982805533,2019-12-29,0.1771890333607335,0.0719148715842976,0.4182942402819062,10.81267483624372,6.900000095367432,0.3502810542285269,2,moderate,0
S7E_BMD_AREA20_DURATION3_2019_02,bmd_area20_duration3,"BMD Tmin at or below 10 C, 20 percent area, 3 days",False,2019,2019/20,2020-01-21,2020-01-28,8,0.907515588745587,0.2653297623512829,0.42084994716329294,0.5444974561103266,3.3667995773063435,2020-01-22,0.0543175232660092,0.0,0.5444974561103266,10.166678762399746,7.400000095367432,0.01965392264195788,3,severe,0
S7E_BMD_AREA20_DURATION3_2019_03,bmd_area20_duration3,"BMD Tmin at or below 10 C, 20 percent area, 3 days",False,2019,2019/20,2020-02-02,2020-02-07,6,0.999999999999997,0.21116688410284498,0.3807090514975359,0.671040937933138,2.2842543089852154,2020-02-03,0.7815797727752098,0.5823106265188079,0.671040937933138,9.644635845352767,6.5,1.9467291939249396,2,moderate,0
S7E_BMD_AREA20_DURATION3_2020_01,bmd_area20_duration3,"BMD Tmin at or below 10 C, 20 percent area, 3 days",False,2020,2020/21,2020-12-27,2020-12-29,3,0.999999999999997,0.2509316821685579,0.32189551316304876,0.37954310947923076,0.9656865394891463,2020-12-29,0.2421494788999452,0.0,0.37954310947923076,10.701067690493636,7.300000190734863,0.12768695642361572,2,moderate,0
S7E_BMD_AREA20_DURATION3_2020_02,bmd_area20_duration3,"BMD Tmin at or below 10 C, 20 percent area, 3 days",False,2020,2020/21,2021-01-14,2021-01-16,3,0.999999999999997,0.20676802616424808,0.2522569665588958,0.3256869088727552,0.7567708996766873,2021-01-15,0.0,0.0,0.3256869088727552,11.352752557189623,,0.0,2,moderate,0
S7E_BMD_AREA20_DURATION3_2020_03,bmd_area20_duration3,"BMD Tmin at or below 10 C, 20 percent area, 3 days",False,2020,2020/21,2021-01-31,2021-02-04,5,0.999999999999997,0.2671637394390541,0.5674432344869296,0.8757807888760966,2.837216172434648,2021-02-01,0.9730634542009294,0.9730634542009294,0.8757807888760966,8.352295478280695,5.5,4.02586613943544,3,severe,0
S7E_BMD_AREA20_DURATION3_2021_01,bmd_area20_duration3,"BMD Tmin at or below 10 C, 20 percent area, 3 days",False,2021,2021/22,2022-01-28,2022-01-31,4,0.999999999999997,0.4563675715045114,0.5135577920374528,0.5799340540543118,2.054231168149811,2022-01-30,0.4579598803939699,0.2793696555866562,0.5799340540543118,10.038318360076026,7.800000190734863,0.6799730600143197,2,moderate,0
S7E_BMD_AREA20_DURATION3_2022_01,bmd_area20_duration3,"BMD Tmin at or below 10 C, 20 percent area, 3 days",False,2022,2022/23,2023-01-07,2023-01-09,3,0.999999999999997,0.2786828977485457,0.30606934320131524,0.3344369811381751,0.9182080296039458,2023-01-08,0.0248368566131347,0.0,0.3344369811381751,11.415223573820876,9.0,0.009603575398386813,2,moderate,0
S7E_BMD_AREA20_DURATION3_2022_02,bmd_area20_duration3,"BMD Tmin at or below 10 C, 20 percent area, 3 days",False,2022,2022/23,2023-01-11,2023-01-13,3,0.999999999999997,0.3167562289711509,0.4100849848991748,0.457688784310292,1.2302549546975243,2023-01-13,0.0342496307253525,0.0,0.457688784310292,10.351552296334006,9.199999809265137,0.010274895750204386,2,moderate,0
S7E_BMD_AREA20_DURATION3_2022_03,bmd_area20_duration3,"BMD Tmin at or below 10 C, 20 percent area, 3 days",False,2022,2022/23,2023-01-17,2023-01-21,5,0.999999999999997,0.2786828977485457,0.45341797522727695,0.6029716070929879,2.2670898761363847,2023-01-20,0.2925024222282928,0.1507991869442186,0.6029716070929879,9.83641465125891,5.599999904632568,0.36673399763271436,3,severe,0
S7E_BMD_AREA20_DURATION3_2023_01,bmd_area20_duration3,"BMD Tmin at or below 10 C, 20 percent area, 3 days",False,2023,2023/24,2024-01-26,2024-01-29,4,0.999999999999997,0.2786828977485457,0.4507667677980638,0.5791854256355526,1.8030670711922552,2024-01-28,0.4606912358847103,0.3095642940274579,0.5791854256355526,9.531347602297567,5.300000190734863,0.7800884599704514,3,severe,0
S7E_P05_AREA20_DURATION3_1985_01,p05_area20_duration3,"p05, 20 percent area, 3 days",False,1985,1985/86,1986-02-18,1986-02-21,4,0.8884948962992469,0.2469915116321587,0.42597869705247615,0.6006649739254024,1.7039147882099046,1986-02-18,0.7769175496736024,0.6006649739254024,0.2304588304561016,11.491814908763923,8.300000190734863,3.502669608972707,1,mild,0
S7E_P05_AREA20_DURATION3_1985_02,p05_area20_duration3,"p05, 20 percent area, 3 days",False,1985,1985/86,1986-02-25,1986-02-28,4,0.9394515348096736,0.4132918924606887,0.49281294428825145,0.5791263548254995,1.9712517771530058,1986-02-28,0.7511897815393032,0.5791263548254995,0.1995774341771894,12.361871546144966,7.800000190734863,3.834004122451937,2,moderate,0
S7E_P05_AREA20_DURATION3_1988_01,p05_area20_duration3,"p05, 20 percent area, 3 days",False,1988,1988/89,1989-01-12,1989-01-16,5,0.999999999999997,0.23203247155330262,0.384578348129057,0.6771354798251256,1.922891740645285,1989-01-13,0.917133854456868,0.6771354798251256,0.9522514100901388,7.409460017467628,4.599999904632568,3.5109373017184313,3,severe,0
S7E_P05_AREA20_DURATION3_1988_02,p05_area20_duration3,"p05, 20 percent area, 3 days",False,1988,1988/89,1989-01-18,1989-01-20,3,0.999999999999997,0.30768076687803103,0.40730284093645386,0.5465391833374948,1.2219085228093616,1989-01-19,0.8059286909743186,0.5465391833374948,0.8431390884535032,8.517923883597097,5.599999904632568,1.82938757403716,3,severe,0
S7E_P05_AREA20_DURATION3_1988_03,p05_area20_duration3,"p05, 20 percent area, 3 days",False,1988,1988/89,1989-01-27,1989-01-30,4,0.999999999999997,0.2003782106346816,0.27158520203121406,0.3352197122899015,1.0863408081248562,1989-01-30,0.6061048671205806,0.3352197122899015,0.7658040556481625,9.376266442044074,5.0,1.4143349247902903,3,severe,0
S7E_P05_AREA20_DURATION3_1988_04,p05_area20_duration3,"p05, 20 percent area, 3 days",False,1988,1988/89,1989-02-20,1989-02-22,3,0.999999999999997,0.5647828190185755,0.7351436117949411,0.9955385881686476,2.2054308353848233,1989-02-21,0.999999999999997,0.9955385881686476,0.3327419942815801,10.636769399726509,8.199999809265137,4.635850035975782,1,mild,0
S7E_P05_AREA20_DURATION3_1989_01,p05_area20_duration3,"p05, 20 percent area, 3 days",False,1989,1989/90,1989-12-02,1989-12-12,11,0.999999999999997,0.2127233353773466,0.6922547674029286,0.9646571918897354,7.614802441432214,1989-12-07,0.9955385881686476,0.9646571918897354,0.3489854576258725,10.98298430138226,7.599999904632568,13.82471441540097,2,moderate,0
S7E_P05_AREA20_DURATION3_1989_02,p05_area20_duration3,"p05, 20 percent area, 3 days",False,1989,1989/90,1989-12-29,1990-01-03,6,0.9280851284156993,0.25169772796553047,0.40937663192574414,0.5441970638181846,2.456259791554465,1990-01-02,0.8374851506664333,0.5441970638181846,0.7681328821827579,9.015680894674734,5.300000190734863,4.310744480655919,3,severe,0
S7E_P05_AREA20_DURATION3_1990_01,p05_area20_duration3,"p05, 20 percent area, 3 days",False,1990,1990/91,1991-01-20,1991-01-22,3,0.9955385881686476,0.21672038806928628,0.27434097867059687,0.3066668528422961,0.8230229360117907,1991-01-20,0.7290708809202227,0.3066668528422961,0.842661782155796,8.403714969920959,5.400000095367432,1.8881986595689804,3,severe,0
S7E_P05_AREA20_DURATION3_1991_01,p05_area20_duration3,"p05, 20 percent area, 3 days",False,1991,1991/92,1991-12-01,1991-12-04,4,0.9619266687773917,0.5249703511960885,0.6668181072743041,0.7819956041870469,2.6672724290972165,1991-12-02,0.999999999999997,0.7819956041870469,0.0898550046193041,12.008931750228584,9.199999809265137,5.295102774065423,1,mild,0
S7E_P05_AREA20_DURATION3_1992_01,p05_area20_duration3,"p05, 20 percent area, 3 days",False,1992,1992/93,1992-12-06,1992-12-13,8,0.999999999999997,0.2009198770186455,0.41504983490512226,0.5760030128606426,3.320398679240978,1992-12-10,0.8971047922672465,0.5760030128606426,0.19512916639574,11.73831197339485,9.0,5.922987372515655,1,mild,0
S7E_P05_AREA20_DURATION3_1992_02,p05_area20_duration3,"p05, 20 percent area, 3 days",False,1992,1992/93,1992-12-17,1992-12-19,3,0.999999999999997,0.3332057510711713,0.34682715428732697,0.3707140030915132,1.040481462861981,1992-12-18,0.8235453220997843,0.3707140030915132,0.3737212952017216,10.608882613501727,7.400000095367432,2.1812666289211036,2,moderate,0
S7E_P05_AREA20_DURATION3_1992_03,p05_area20_duration3,"p05, 20 percent area, 3 days",False,1992,1992/93,1993-01-20,1993-01-22,3,0.999999999999997,0.209601685633864,0.45860559058056677,0.606130919470465,1.3758167717417003,1993-01-22,0.9030541769142376,0.606130919470465,0.9522514100901387,7.76511472914851,4.599999904632568,2.95163717824812,3,severe,0
S7E_P05_AREA20_DURATION3_1992_04,p05_area20_duration3,"p05, 20 percent area, 3 days",False,1992,1992/93,1993-01-24,1993-01-27,4,0.999999999999997,0.2425836002029016,0.30770114978682334,0.4003228637653826,1.2308045991472933,1993-01-24,0.8240705827954178,0.4003228637653826,0.8740204847324154,7.999102841238169,4.400000095367432,3.0672676006909727,3,severe,0
S7E_P05_AREA20_DURATION3_1992_05,p05_area20_duration3,"p05, 20 percent area, 3 days",False,1992,1992/93,1993-02-23,1993-02-25,3,0.999999999999997,0.22465163678280078,0.6342495601691241,0.8738726952271153,1.9027486805073726,1993-02-23,0.9955385881686476,0.8738726952271153,0.3887200168632361,10.707143896533388,7.0,5.395156568125632,2,moderate,0
S7E_P05_AREA20_DURATION3_1993_01,p05_area20_duration3,"p05, 20 percent area, 3 days",False,1993,1993/94,1994-02-24,1994-02-26,3,0.9472015884717111,0.5054961106644875,0.5518069027755194,0.5773213244608382,1.6554207083265582,1994-02-25,0.8490554647895814,0.5773213244608382,0.0471269312789505,11.881809912666249,9.899999618530273,4.255187013848447,1,mild,0
S7E_P05_AREA20_DURATION3_1994_01,p05_area20_duration3,"p05, 20 percent area, 3 days",False,1994,1994/95,1994-12-13,1994-12-15,3,0.999999999999997,0.3013281372014759,0.6162938169377207,0.7860727494905162,1.848881450813162,1994-12-13,0.9730634542009294,0.7860727494905162,0.4503172898366785,10.352960439360555,7.800000190734863,3.6962964114219763,2,moderate,0
S7E_P05_AREA20_DURATION3_1994_02,p05_area20_duration3,"p05, 20 percent area, 3 days",False,1994,1994/95,1995-01-02,1995-01-05,4,0.9775248660322788,0.5652214263233344,0.7627908238671286,0.9955385881686476,3.0511632954685144,1995-01-03,0.9955385881686476,0.9955385881686476,0.9522514100901387,7.296044819095461,4.0,7.739683305330284,4,very_severe,0
S7E_P05_AREA20_DURATION3_1994_03,p05_area20_duration3,"p05, 20 percent area, 3 days",False,1994,1994/95,1995-01-24,1995-01-26,3,0.999999999999997,0.3195477636921352,0.43255026790570916,0.589527340514827,1.2976508037171275,1995-01-25,0.8763899624432094,0.589527340514827,0.8972204978277631,7.725699703898286,4.199999809265137,2.75734567450324,3,severe,0
S7E_P05_AREA20_DURATION3_1996_01,p05_area20_duration3,"p05, 20 percent area, 3 days",False,1996,1996/97,1996-12-08,1996-12-12,5,0.999999999999997,0.2062042658862554,0.3385973738801319,0.6307098962432552,1.6929868694006593,1996-12-10,0.7361509550689732,0.6307098962432552,0.1638775118762352,11.934761139230035,8.600000381469727,3.2563994857741054,1,mild,0
S7E_P05_AREA20_DURATION3_1996_02,p05_area20_duration3,"p05, 20 percent area, 3 days",False,1996,1996/97,1997-01-25,1997-01-27,3,0.999999999999997,0.2451957288854481,0.3051423114336423,0.4206105326517266,0.9154269343009268,1997-01-26,0.9412342089525384,0.4206105326517266,0.9522514100901387,8.040179851035115,5.0,2.1669308823897966,3,severe,0
S7E_P05_AREA20_DURATION3_1996_03,p05_area20_duration3,"p05, 20 percent area, 3 days",False,1996,1996/97,1997-02-07,1997-02-09,3,0.999999999999997,0.3214499690412986,0.6803525955103655,0.9275996127789063,2.0410577865310966,1997-02-08,0.9747265440578569,0.9275996127789063,0.8972204978277631,9.017203124214198,6.400000095367432,4.737639926699631,2,moderate,0
S7E_P05_AREA20_DURATION3_1999_01,p05_area20_duration3,"p05, 20 percent area, 3 days",False,1999,1999/00,2000-02-27,2000-02-29,3,0.999999999999997,0.4158890866912572,0.4675195184812759,0.549343097826741,1.4025585554438276,2000-02-27,0.9955385881686476,0.549343097826741,0.1602102455924183,12.459199219984482,9.300000190734863,3.3871660293521826,1,mild,0
S7E_P05_AREA20_DURATION3_2002_01,p05_area20_duration3,"p05, 20 percent area, 3 days",False,2002,2002/03,2003-01-21,2003-01-26,6,0.999999999999997,0.20556772556787778,0.4791181714904778,0.9612889574432951,2.874709028942867,2003-01-23,0.999999999999997,0.9612889574432951,0.9522514100901386,6.702264520108782,3.4000000953674316,5.91348827930908,4,very_severe,0
S7E_P05_AREA20_DURATION3_2003_01,p05_area20_duration3,"p05, 20 percent area, 3 days",False,2003,2003/04,2004-02-04,2004-02-06,3,0.9556729255883639,0.4874087096690686,0.5845322607821349,0.7256286871874315,1.7535967823464047,2004-02-05,0.9331977916206456,0.7256286871874315,0.6767440263451472,9.37732606350722,6.199999809265137,2.8748063811253495,2,moderate,0
S7E_P05_AREA20_DURATION3_2004_01,p05_area20_duration3,"p05, 20 percent area, 3 days",False,2004,2004/05,2004-12-27,2004-12-29,3,0.999999999999997,0.2989108043242546,0.36009051097309014,0.4044300949333114,1.0802715329192705,2004-12-28,0.637574077804047,0.4044300949333114,0.781419973184934,9.40255081699827,5.199999809265137,2.130543650733282,3,severe,0
S7E_P05_AREA20_DURATION3_2007_01,p05_area20_duration3,"p05, 20 percent area, 3 days",False,2007,2007/08,2008-02-02,2008-02-04,3,0.9791879558892063,0.2062546397939765,0.35307076127180376,0.6192696415159901,1.0592122838154112,2008-02-03,0.8407445124076889,0.6192696415159901,0.5529670355186743,9.310357840566043,5.599999904632568,1.9453668121854097,3,severe,0
S7E_P05_AREA20_DURATION3_2007_02,p05_area20_duration3,"p05, 20 percent area, 3 days",False,2007,2007/08,2008-02-13,2008-02-17,5,0.9791879558892063,0.3560608046385926,0.7443260445889595,0.9538960086733033,3.721630222944797,2008-02-14,0.9791879558892063,0.9538960086733033,0.6921432880163356,9.205687072432022,5.199999809265137,9.84427327343605,3,severe,0
S7E_P05_AREA20_DURATION3_2009_01,p05_area20_duration3,"p05, 20 percent area, 3 days",False,2009,2009/10,2009-12-25,2009-12-27,3,0.999999999999997,0.5461016540151341,0.5877739082449822,0.6263398101958051,1.7633217247349466,2009-12-25,0.9046590559161682,0.6263398101958051,0.7383533626328834,9.36164346228723,6.0,3.0452427800593838,3,severe,0
S7E_P05_AREA20_DURATION3_2011_01,p05_area20_duration3,"p05, 20 percent area, 3 days",False,2011,2011/12,2012-02-11,2012-02-13,3,0.999999999999997,0.3353869968643799,0.5468776696694129,0.771720478795634,1.6406330090082386,2012-02-12,0.9592262943842207,0.771720478795634,0.4580816468330533,10.370922074568588,5.900000095367432,3.0988721662074172,3,severe,0
S7E_P05_AREA20_DURATION3_2012_01,p05_area20_duration3,"p05, 20 percent area, 3 days",False,2012,2012/13,2013-01-08,2013-01-12,5,0.999999999999997,0.265735305338709,0.7518151276273504,0.999999999999997,3.759075638136752,2013-01-10,0.999999999999997,0.999999999999997,0.9730634542009293,6.005771053216176,3.200000047683716,11.348709849657887,4,very_severe,0
S7E_P05_AREA20_DURATION3_2013_01,p05_area20_duration3,"p05, 20 percent area, 3 days",False,2013,2013/14,2014-02-18,2014-02-21,4,0.9751631433868623,0.2002144238436193,0.37473453149347896,0.6412542557411675,1.4989381259739158,2014-02-18,0.8222950367181394,0.6412542557411675,0.178884974352336,11.411472244667276,8.199999809265137,2.9131774247656477,1,mild,0
S7E_P05_AREA20_DURATION3_2017_01,p05_area20_duration3,"p05, 20 percent area, 3 days",False,2017,2017/18,2018-01-07,2018-01-09,3,0.999999999999997,0.3633010571651166,0.5651927569634555,0.8265598241432268,1.6955782708903664,2018-01-08,0.9247264545039929,0.8265598241432268,0.8994529985618529,7.350693041295237,3.200000047683716,4.689617960213505,4,very_severe,0
S7E_P05_AREA20_DURATION3_2018_01,p05_area20_duration3,"p05, 20 percent area, 3 days",False,2018,2018/19,2018-12-28,2018-12-30,3,0.999999999999997,0.223793563924998,0.4340489285667939,0.7046455266947319,1.3021467857003817,2018-12-29,0.7990865177183621,0.7046455266947319,0.8254014048865219,8.507338013788313,5.800000190734863,2.7619871396226747,3,severe,0
S7E_P05_AREA20_DURATION3_2020_01,p05_area20_duration3,"p05, 20 percent area, 3 days",False,2020,2020/21,2021-01-31,2021-02-02,3,0.999999999999997,0.52383328782483,0.6999069733443424,0.9730634542009294,2.099720920033027,2021-02-01,0.9730634542009294,0.9730634542009294,0.8757807888760966,8.352295478280695,5.5,3.7008817309517275,3,severe,0
S7E_P10_AREA10_DURATION3_1985_01,p10_area10_duration3,"p10, 10 percent area, 3 days",False,1985,1985/86,1985-12-01,1985-12-07,7,0.9394515348096736,0.11072025193939461,0.17976178963945813,0.2412741029249345,1.258332527476207,1985-12-04,0.2412741029249345,0.1316589654660846,0.0,13.64323974887938,10.699999809265137,0.8506171181272331,0,no_bmd_cold_wave,0
S7E_P10_AREA10_DURATION3_1985_02,p10_area10_duration3,"p10, 10 percent area, 3 days",False,1985,1985/86,1985-12-09,1985-12-13,5,0.9394515348096736,0.1172443268298184,0.276436075029251,0.6287034208016422,1.382180375146255,1985-12-11,0.6287034208016422,0.29777364281463703,0.0936847118507803,12.606151462281991,10.0,0.8707678290936893,1,mild,0
S7E_P10_AREA10_DURATION3_1985_03,p10_area10_duration3,"p10, 10 percent area, 3 days",False,1985,1985/86,1986-02-17,1986-02-22,6,0.8884948962992469,0.1994741081879429,0.48364753732333293,0.7769175496736024,2.9018852239399977,1986-02-19,0.7769175496736024,0.6006649739254024,0.25389495744319857,11.491814908763923,8.300000190734863,4.0904386401920325,1,mild,0
S7E_P10_AREA10_DURATION3_1985_04,p10_area10_duration3,"p10, 10 percent area, 3 days",False,1985,1985/86,1986-02-25,1986-02-28,4,0.9394515348096736,0.6790610082930533,0.7215340335073253,0.7511897815393032,2.886136134029301,1986-02-26,0.7511897815393032,0.5791263548254995,0.1995774341771894,12.361871546144966,7.800000190734863,3.834004122451937,2,moderate,0
S7E_P10_AREA10_DURATION3_1986_01,p10_area10_duration3,"p10, 10 percent area, 3 days",False,1986,1986/87,1986-12-03,1986-12-05,3,0.999999999999997,0.1110868962780373,0.1110868962780373,0.1110868962780373,0.3332606888341119,1986-12-03,0.1110868962780373,0.0523211052305787,0.0,14.644748998217523,12.300000190734863,0.19800807170990797,0,no_bmd_cold_wave,0
S7E_P10_AREA10_DURATION3_1986_02,p10_area10_duration3,"p10, 10 percent area, 3 days",False,1986,1986/87,1987-01-01,1987-01-05,5,0.999999999999997,0.1137126581105767,0.44154412854505515,0.7229907139094522,2.207720642725276,1987-01-02,0.7229907139094522,0.5312426018514336,0.850480142316065,9.265500839403197,6.800000190734863,2.0634460762605724,2,moderate,0
S7E_P10_AREA10_DURATION3_1987_01,p10_area10_duration3,"p10, 10 percent area, 3 days",False,1987,1987/88,1988-01-30,1988-02-01,3,0.8718853996458569,0.1004387201001827,0.15669957647915314,0.1922803096545205,0.47009872943745945,1988-01-30,0.1922803096545205,0.0407737056157763,0.2660275524399105,10.539734426753398,8.0,0.1142936601939407,2,moderate,0
S7E_P10_AREA10_DURATION3_1988_01,p10_area10_duration3,"p10, 10 percent area, 3 days",False,1988,1988/89,1989-01-11,1989-01-16,6,0.999999999999997,0.28707360404630133,0.6328033898965769,0.917133854456868,3.7968203393794617,1989-01-13,0.917133854456868,0.6771354798251256,0.9522514100901388,7.409460017467628,4.599999904632568,3.696614548864316,3,severe,0
S7E_P10_AREA10_DURATION3_1988_02,p10_area10_duration3,"p10, 10 percent area, 3 days",False,1988,1988/89,1989-01-18,1989-01-24,7,0.999999999999997,0.1053400842853231,0.39319850469990864,0.8059286909743186,2.7523895328993606,1989-01-19,0.8059286909743186,0.5465391833374948,0.8431390884535032,8.517923883597097,5.599999904632568,2.2515876907508994,3,severe,0
S7E_P10_AREA10_DURATION3_1988_03,p10_area10_duration3,"p10, 10 percent area, 3 days",False,1988,1988/89,1989-01-26,1989-02-01,7,0.999999999999997,0.2441325451934377,0.3675950265365873,0.6061048671205806,2.5731651857561113,1989-01-30,0.6061048671205806,0.3352197122899015,0.7658040556481625,9.376266442044074,5.0,1.9669081393561387,3,severe,0
S7E_P10_AREA10_DURATION3_1988_04,p10_area10_duration3,"p10, 10 percent area, 3 days",False,1988,1988/89,1989-02-11,1989-02-14,4,0.999999999999997,0.1306806626317562,0.2916193201035838,0.5209947295020596,1.1664772804143353,1989-02-13,0.5209947295020596,0.4738677982231091,0.3258098290274962,11.470872128178003,7.199999809265137,1.6493492548230864,2,moderate,0
S7E_P10_AREA10_DURATION3_1988_05,p10_area10_duration3,"p10, 10 percent area, 3 days",False,1988,1988/89,1989-02-20,1989-02-27,8,0.999999999999997,0.2872959313991287,0.6002835661128045,0.999999999999997,4.802268528902436,1989-02-21,0.999999999999997,0.9955385881686476,0.3327419942815801,10.636769399726509,8.199999809265137,6.526637725392705,1,mild,0
S7E_P10_AREA10_DURATION3_1989_01,p10_area10_duration3,"p10, 10 percent area, 3 days",False,1989,1989/90,1989-12-02,1989-12-15,14,0.999999999999997,0.189159198414116,0.6918494110553891,0.9955385881686476,9.685891754775447,1989-12-06,0.9955385881686476,0.9646571918897354,0.3489854576258725,10.98298430138226,7.599999904632568,14.122977486730527,2,moderate,0
S7E_P10_AREA10_DURATION3_1989_02,p10_area10_duration3,"p10, 10 percent area, 3 days",False,1989,1989/90,1989-12-28,1990-01-12,16,0.9280851284156993,0.1856627798326099,0.4681206655098221,0.8374851506664333,7.489930648157154,1990-01-02,0.8374851506664333,0.5441970638181846,0.768610188480465,8.848323803642655,5.300000190734863,7.0910519254179345,3,severe,0
S7E_P10_AREA10_DURATION3_1990_01,p10_area10_duration3,"p10, 10 percent area, 3 days",False,1990,1990/91,1991-01-16,1991-01-24,9,0.9955385881686476,0.1132964553652007,0.37988795809099946,0.7290708809202227,3.418991622818995,1991-01-21,0.7290708809202227,0.3066668528422961,0.842661782155796,8.403714969920959,5.199999809265137,3.439565020061203,3,severe,0
S7E_P10_AREA10_DURATION3_1990_02,p10_area10_duration3,"p10, 10 percent area, 3 days",False,1990,1990/91,1991-02-19,1991-02-22,4,0.9955385881686476,0.1157829600075273,0.16972695882502187,0.2231650738861662,0.6789078353000875,1991-02-21,0.2231650738861662,0.0587657910474586,0.0,13.938612643731547,10.300000190734863,0.47526850769026807,0,no_bmd_cold_wave,0
S7E_P10_AREA10_DURATION3_1991_01,p10_area10_duration3,"p10, 10 percent area, 3 days",False,1991,1991/92,1991-12-01,1991-12-08,8,0.9619266687773917,0.1828506018324894,0.6734568582280063,0.999999999999997,5.38765486582405,1991-12-02,0.999999999999997,0.7819956041870469,0.0898550046193041,12.008931750228584,9.199999809265137,6.25091257734638,1,mild,0
S7E_P10_AREA10_DURATION3_1991_02,p10_area10_duration3,"p10, 10 percent area, 3 days",False,1991,1991/92,1991-12-29,1992-01-07,10,0.999999999999997,0.131898940388828,0.445680298221067,0.7692139165191938,4.45680298221067,1992-01-03,0.7692139165191938,0.5058402534184684,0.7990142784616702,9.143405807852433,6.5,4.469321324123665,2,moderate,0
S7E_P10_AREA10_DURATION3_1991_03,p10_area10_duration3,"p10, 10 percent area, 3 days",False,1991,1991/92,1992-02-11,1992-02-13,3,0.999999999999997,0.1130833143134678,0.41794920174405803,0.6802343206675272,1.253847605232174,1992-02-13,0.6802343206675272,0.2649526935376774,0.25389495744319857,11.284040257243962,8.0,0.9875296686962229,2,moderate,0
S7E_P10_AREA10_DURATION3_1991_04,p10_area10_duration3,"p10, 10 percent area, 3 days",False,1991,1991/92,1992-02-24,1992-02-29,6,0.999999999999997,0.1130833143134678,0.4616734756738643,0.969628768041503,2.770040854043186,1992-02-27,0.969628768041503,0.6255628919449457,0.1014444545449597,12.505022803060056,9.5,2.623210944966573,1,mild,0
S7E_P10_AREA10_DURATION3_1992_01,p10_area10_duration3,"p10, 10 percent area, 3 days",False,1992,1992/93,1992-12-06,1992-12-26,21,0.999999999999997,0.1275373458332881,0.5557373579930321,0.8971047922672465,11.670484517853675,1992-12-08,0.8971047922672465,0.5760030128606426,0.577143217040736,10.532555411367005,7.400000095367432,11.081335588031175,2,moderate,0
S7E_P10_AREA10_DURATION3_1992_02,p10_area10_duration3,"p10, 10 percent area, 3 days",False,1992,1992/93,1993-01-15,1993-01-17,3,0.999999999999997,0.1394583945716158,0.4425119080783233,0.608900079813154,1.32753572423497,1993-01-15,0.608900079813154,0.2640108242356841,0.850480142316065,8.768066711381866,5.0,0.9961330219115525,3,severe,0
S7E_P10_AREA10_DURATION3_1992_03,p10_area10_duration3,"p10, 10 percent area, 3 days",False,1992,1992/93,1993-01-19,1993-01-28,10,0.999999999999997,0.14286379524398468,0.6663627202316894,0.9030541769142376,6.663627202316894,1993-01-22,0.9030541769142376,0.606130919470465,0.9522514100901387,7.76511472914851,4.400000095367432,6.978521051821335,3,severe,0
S7E_P10_AREA10_DURATION3_1992_04,p10_area10_duration3,"p10, 10 percent area, 3 days",False,1992,1992/93,1993-02-23,1993-02-25,3,0.999999999999997,0.8730159835684853,0.9477542081737423,0.9955385881686476,2.843262624521227,1993-02-24,0.9955385881686476,0.8738726952271153,0.3887200168632361,10.707143896533388,7.0,5.395156568125632,2,moderate,0
S7E_P10_AREA10_DURATION3_1993_01,p10_area10_duration3,"p10, 10 percent area, 3 days",False,1993,1993/94,1994-02-24,1994-02-27,4,0.9472015884717111,0.5790479590181123,0.7630808953151658,0.8490554647895814,3.052323581260663,1994-02-26,0.8490554647895814,0.5773213244608382,0.0471269312789505,11.881809912666249,9.899999618530273,4.841586438227097,1,mild,0
S7E_P10_AREA10_DURATION3_1994_01,p10_area10_duration3,"p10, 10 percent area, 3 days",False,1994,1994/95,1994-12-05,1994-12-08,4,0.9791879558892063,0.1847648290207293,0.29534375325562806,0.4074730593124647,1.1813750130225122,1994-12-07,0.4074730593124647,0.2060909981227927,0.0,13.250633215588444,11.0,0.686409898683554,0,no_bmd_cold_wave,0
S7E_P10_AREA10_DURATION3_1994_02,p10_area10_duration3,"p10, 10 percent area, 3 days",False,1994,1994/95,1994-12-12,1994-12-24,13,0.999999999999997,0.1529243328244922,0.4512907676184694,0.9730634542009294,5.8667799790401025,1994-12-14,0.9730634542009294,0.7860727494905162,0.4503172898366785,10.352960439360555,7.199999809265137,6.371643213101783,2,moderate,0
S7E_P10_AREA10_DURATION3_1994_03,p10_area10_duration3,"p10, 10 percent area, 3 days",False,1994,1994/95,1995-01-01,1995-01-06,6,0.9775248660322788,0.1004215145927029,0.6327130204196766,0.9955385881686476,3.7962781225180597,1995-01-03,0.9955385881686476,0.9955385881686476,0.9522514100901387,7.296044819095461,4.0,8.004447000596185,4,very_severe,0
S7E_P10_AREA10_DURATION3_1994_04,p10_area10_duration3,"p10, 10 percent area, 3 days",False,1994,1994/95,1995-01-23,1995-02-04,13,0.999999999999997,0.1600952204242275,0.45065831568795844,0.8763899624432094,5.8585581039434595,1995-01-25,0.8763899624432094,0.589527340514827,0.8972204978277631,7.725699703898286,4.199999809265137,5.146003582249449,3,severe,0
S7E_P10_AREA10_DURATION3_1994_05,p10_area10_duration3,"p10, 10 percent area, 3 days",False,1994,1994/95,1995-02-07,1995-02-09,3,0.999999999999997,0.1208048640216425,0.26911149833112274,0.5016918295155945,0.8073344949933683,1995-02-08,0.5016918295155945,0.3107566218576999,0.26222472113145967,10.877603166085446,7.800000190734863,0.8035618748241498,2,moderate,0
S7E_P10_AREA10_DURATION3_1994_06,p10_area10_duration3,"p10, 10 percent area, 3 days",False,1994,1994/95,1995-02-25,1995-02-27,3,0.999999999999997,0.189604242036402,0.5073936146255625,0.8286295032135169,1.5221808438766875,1995-02-26,0.8286295032135169,0.3121950436191981,0.0509566385104267,13.022355177642785,10.0,1.5312465813024942,1,mild,0
S7E_P10_AREA10_DURATION3_1995_01,p10_area10_duration3,"p10, 10 percent area, 3 days",False,1995,1995/96,1995-12-03,1995-12-06,4,0.999999999999997,0.1613458896308059,0.30091537595076173,0.4167005349474137,1.203661503803047,1995-12-04,0.4167005349474137,0.2725498242616515,0.0808014045629588,12.971329201026814,9.399999618530273,1.3120479906106057,1,mild,0
S7E_P10_AREA10_DURATION3_1995_02,p10_area10_duration3,"p10, 10 percent area, 3 days",False,1995,1995/96,1996-01-19,1996-01-21,3,0.999999999999997,0.1027004892201534,0.20486193912188866,0.3690215329015279,0.614585817365666,1996-01-19,0.3690215329015279,0.09992534280723639,0.5719045652902728,9.814711030771237,5.800000190734863,0.3232300079294866,3,severe,0
S7E_P10_AREA10_DURATION3_1995_03,p10_area10_duration3,"p10, 10 percent area, 3 days",False,1995,1995/96,1996-01-30,1996-02-01,3,0.999999999999997,0.2267344086390293,0.48795163258300095,0.6581858278777742,1.463854897749003,1996-01-31,0.6581858278777742,0.4469972732195809,0.5294553990556714,9.472690625069593,5.800000190734863,1.5843021564292996,3,severe,0
S7E_P10_AREA10_DURATION3_1995_04,p10_area10_duration3,"p10, 10 percent area, 3 days",False,1995,1995/96,1996-02-17,1996-02-19,3,0.999999999999997,0.2073755999775737,0.3013171210172587,0.3965952269797013,0.9039513630517761,1996-02-19,0.3965952269797013,0.1119836249899046,0.0471269312789505,12.801884699141574,8.699999809265137,0.5991894848114708,1,mild,0
S7E_P10_AREA10_DURATION3_1996_01,p10_area10_duration3,"p10, 10 percent area, 3 days",False,1996,1996/97,1996-12-06,1996-12-19,14,0.999999999999997,0.1093528309101882,0.37269714747299465,0.7361509550689732,5.217760064621925,1996-12-10,0.7361509550689732,0.6307098962432552,0.2181950351422444,11.358046446662836,8.5,4.59728684345549,1,mild,0
S7E_P10_AREA10_DURATION3_1996_02,p10_area10_duration3,"p10, 10 percent area, 3 days",False,1996,1996/97,1997-01-18,1997-01-20,3,0.999999999999997,0.2336944971376879,0.44135538791509404,0.5655605672379437,1.3240661637452822,1997-01-19,0.5655605672379437,0.4266140292570073,0.8757807888760966,8.804783702366816,5.199999809265137,1.2637388476981928,3,severe,0
S7E_P10_AREA10_DURATION3_1996_03,p10_area10_duration3,"p10, 10 percent area, 3 days",False,1996,1996/97,1997-01-23,1997-01-31,9,0.9572719266596434,0.283072447120963,0.5327012544296257,0.9412342089525384,4.794311289866632,1997-01-26,0.9412342089525384,0.4206105326517266,0.9522514100901387,8.040179851035115,5.0,3.790506584753821,3,severe,0
S7E_P10_AREA10_DURATION3_1996_04,p10_area10_duration3,"p10, 10 percent area, 3 days",False,1996,1996/97,1997-02-07,1997-02-15,9,0.999999999999997,0.1498274204991039,0.5359735896937082,0.9747265440578569,4.823762307243374,1997-02-08,0.9747265440578569,0.9275996127789063,0.8972204978277631,9.017203124214198,6.400000095367432,7.082484605178968,2,moderate,0
S7E_P10_AREA10_DURATION3_1996_05,p10_area10_duration3,"p10, 10 percent area, 3 days",False,1996,1996/97,1997-02-22,1997-02-26,5,0.999999999999997,0.1719391542610747,0.509259116751627,0.8661046415757385,2.5462955837581354,1997-02-24,0.8661046415757385,0.5327718983331738,0.1602102455924183,12.225446756239716,9.0,2.444738008905242,1,mild,0
S7E_P10_AREA10_DURATION3_1997_01,p10_area10_duration3,"p10, 10 percent area, 3 days",False,1997,1997/98,1997-12-21,1997-12-27,7,0.999999999999997,0.1305529649424389,0.3086475607213698,0.455373338114395,2.1605329250495884,1997-12-23,0.455373338114395,0.2073302966715623,0.516404286159406,10.869213769924492,8.0,1.5297828537348699,2,moderate,0
S7E_P10_AREA10_DURATION3_1997_02,p10_area10_duration3,"p10, 10 percent area, 3 days",False,1997,1997/98,1998-01-02,1998-01-07,6,0.999999999999997,0.1607096860712488,0.2806231693050767,0.7076710126734166,1.6837390158304602,1998-01-03,0.7076710126734166,0.4205010959898685,0.6024968303132157,9.39145450882063,6.199999809265137,1.427384087313871,2,moderate,0
S7E_P10_AREA10_DURATION3_1997_03,p10_area10_duration3,"p10, 10 percent area, 3 days",False,1997,1997/98,1998-01-09,1998-01-12,4,0.999999999999997,0.1408434007562133,0.3158106410271246,0.5351874843723392,1.2632425641084983,1998-01-11,0.5351874843723392,0.22900284369075818,0.7974020740130732,8.490405936661631,5.5,1.172729101477507,3,severe,0
S7E_P10_AREA10_DURATION3_1997_04,p10_area10_duration3,"p10, 10 percent area, 3 days",False,1997,1997/98,1998-02-08,1998-02-11,4,0.999999999999997,0.1498274204991039,0.3591061338052703,0.5651013424794422,1.4364245352210812,1998-02-10,0.5651013424794422,0.2918907027915483,0.1694513310513163,11.400213916339435,7.5,0.9739484373026233,2,moderate,0
S7E_P10_AREA10_DURATION3_1999_01,p10_area10_duration3,"p10, 10 percent area, 3 days",False,1999,1999/00,2000-01-05,2000-01-10,6,0.999999999999997,0.15499097889757402,0.37082516586433084,0.620479277722752,2.224950995185985,2000-01-08,0.620479277722752,0.1833696711047183,0.7634607411536494,8.975333758707274,5.5,1.8939657984417577,3,severe,0
S7E_P10_AREA10_DURATION3_1999_02,p10_area10_duration3,"p10, 10 percent area, 3 days",False,1999,1999/00,2000-02-15,2000-02-17,3,0.999999999999997,0.2552845426890159,0.5295925396363351,0.8085698335638267,1.5887776189090055,2000-02-16,0.8085698335638267,0.4797919989986019,0.1906602964827932,11.408542202299287,8.399999618530273,2.150508588367146,1,mild,0
S7E_P10_AREA10_DURATION3_1999_03,p10_area10_duration3,"p10, 10 percent area, 3 days",False,1999,1999/00,2000-02-19,2000-02-24,6,0.999999999999997,0.1319174316625909,0.46752381266028536,0.9482265975877947,2.805142875961712,2000-02-20,0.9482265975877947,0.48088417686953466,0.2067680261642481,12.096476378867582,9.0,2.891372702687204,1,mild,0
S7E_P10_AREA10_DURATION3_1999_04,p10_area10_duration3,"p10, 10 percent area, 3 days",False,1999,1999/00,2000-02-26,2000-02-29,4,0.999999999999997,0.1130833143134678,0.6995764768044055,0.9955385881686476,2.798305907217622,2000-02-28,0.9955385881686476,0.549343097826741,0.1602102455924183,12.459199219984482,9.300000190734863,3.5835048821791373,1,mild,0
S7E_P10_AREA10_DURATION3_2000_01,p10_area10_duration3,"p10, 10 percent area, 3 days",False,2000,2000/01,2000-12-02,2000-12-13,12,0.999999999999997,0.1704108768846336,0.38526163091295945,0.6831174977225926,4.623139570955513,2000-12-03,0.6831174977225926,0.5056263238531485,0.1130833143134678,12.553357602904873,9.800000190734863,3.4484246542935995,1,mild,0
S7E_P10_AREA10_DURATION3_2000_02,p10_area10_duration3,"p10, 10 percent area, 3 days",False,2000,2000/01,2001-01-05,2001-01-18,14,0.999999999999997,0.1101883115730662,0.40581672859723256,0.8192881541460911,5.681434200361256,2001-01-12,0.8192881541460911,0.2885797720565924,0.8777225101171006,8.322864474834883,5.199999809265137,4.326183786876316,3,severe,0
S7E_P10_AREA10_DURATION3_2000_03,p10_area10_duration3,"p10, 10 percent area, 3 days",False,2000,2000/01,2001-01-26,2001-01-28,3,0.999999999999997,0.1289338482856628,0.33613376568585657,0.4961136675972157,1.0084012970575698,2001-01-26,0.4961136675972157,0.1681203818406265,0.901872026100564,8.703122239199756,6.800000190734863,0.5208663755564444,2,moderate,0
S7E_P10_AREA10_DURATION3_2000_04,p10_area10_duration3,"p10, 10 percent area, 3 days",False,2000,2000/01,2001-02-04,2001-02-11,8,0.999999999999997,0.1130833143134678,0.33558454451981234,0.6350072578403,2.6846763561584988,2001-02-08,0.6350072578403,0.1928574981678292,0.3258098290274962,10.981737826812545,7.0,1.7671600508992313,2,moderate,0
S7E_P10_AREA10_DURATION3_2001_01,p10_area10_duration3,"p10, 10 percent area, 3 days",False,2001,2001/02,2001-12-01,2001-12-04,4,0.999999999999997,0.10417282942965139,0.165626999614773,0.2429151629646191,0.662507998459092,2001-12-02,0.2429151629646191,0.0523211052305787,0.0,13.605109010749793,12.399999618530273,0.36980992841088667,0,no_bmd_cold_wave,0
S7E_P10_AREA10_DURATION3_2001_02,p10_area10_duration3,"p10, 10 percent area, 3 days",False,2001,2001/02,2002-02-02,2002-02-07,6,0.999999999999997,0.129139286955467,0.3627852274935614,0.6061414452149307,2.1767113649613683,2002-02-06,0.6061414452149307,0.1617922161728324,0.46208177566836595,10.41232935391947,8.0,1.1113994765543254,2,moderate,0
S7E_P10_AREA10_DURATION3_2002_01,p10_area10_duration3,"p10, 10 percent area, 3 days",False,2002,2002/03,2003-01-09,2003-01-11,3,0.999999999999997,0.1480022351167895,0.17895993666951235,0.2199171067010871,0.536879810008537,2003-01-09,0.2199171067010871,0.10527416177643589,0.5059402656934952,9.964536593426951,5.099999904632568,0.501607460060284,3,severe,0
S7E_P10_AREA10_DURATION3_2002_02,p10_area10_duration3,"p10, 10 percent area, 3 days",False,2002,2002/03,2003-01-20,2003-01-26,7,0.999999999999997,0.20556772556787778,0.5779986823173371,0.999999999999997,4.04599077622136,2003-01-23,0.999999999999997,0.9612889574432951,0.9522514100901386,6.702264520108782,3.4000000953674316,6.270490280894198,4,very_severe,0
S7E_P10_AREA10_DURATION3_2003_01,p10_area10_duration3,"p10, 10 percent area, 3 days",False,2003,2003/04,2004-01-27,2004-01-31,5,0.9556729255883639,0.1055007993352939,0.32179895033362854,0.7216813367542037,1.6089947516681427,2004-01-29,0.7216813367542037,0.2400189368224036,0.7517673626862761,9.595703738836754,5.800000190734863,0.9326825065939498,3,severe,0
S7E_P10_AREA10_DURATION3_2003_02,p10_area10_duration3,"p10, 10 percent area, 3 days",False,2003,2003/04,2004-02-03,2004-02-10,8,0.9556729255883639,0.1079080407623554,0.4292369381751659,0.9331977916206456,3.433895505401327,2004-02-05,0.9331977916206456,0.7256286871874315,0.6767440263451472,9.37732606350722,6.199999809265137,3.4526297912545245,2,moderate,0
S7E_P10_AREA10_DURATION3_2004_01,p10_area10_duration3,"p10, 10 percent area, 3 days",False,2004,2004/05,2004-12-27,2004-12-31,5,0.999999999999997,0.2174254294400061,0.4653474084696807,0.637574077804047,2.3267370423484035,2004-12-28,0.637574077804047,0.4044300949333114,0.781419973184934,9.40255081699827,5.199999809265137,2.47236477264675,3,severe,0
S7E_P10_AREA10_DURATION3_2004_02,p10_area10_duration3,"p10, 10 percent area, 3 days",False,2004,2004/05,2005-02-03,2005-02-05,3,0.999999999999997,0.14702756363178648,0.3104795263712596,0.453756789585859,0.9314385791137787,2005-02-05,0.453756789585859,0.0975649220218331,0.3362953630774369,10.767541614368852,7.300000190734863,0.5118085720228331,2,moderate,0
S7E_P10_AREA10_DURATION3_2006_01,p10_area10_duration3,"p10, 10 percent area, 3 days",False,2006,2006/07,2006-12-01,2006-12-06,6,0.999999999999997,0.1594669207484919,0.5486645783189467,0.8571601812083532,3.29198746991368,2006-12-02,0.8571601812083532,0.4695400928713231,0.178884974352336,12.47546534918766,8.800000190734863,3.0583095545741488,1,mild,0
S7E_P10_AREA10_DURATION3_2006_02,p10_area10_duration3,"p10, 10 percent area, 3 days",False,2006,2006/07,2007-01-01,2007-01-05,5,0.999999999999997,0.1784996626732725,0.33641035894945015,0.5105169307791209,1.6820517947472509,2007-01-04,0.5105169307791209,0.0964316980944867,0.6739930857856175,9.907191921802866,7.199999809265137,0.8649631917865788,2,moderate,0
S7E_P10_AREA10_DURATION3_2006_03,p10_area10_duration3,"p10, 10 percent area, 3 days",False,2006,2006/07,2007-01-14,2007-01-20,7,0.999999999999997,0.1275961449144694,0.36573011951860196,0.5979426570138089,2.560110836630214,2007-01-15,0.5979426570138089,0.4806856837004172,0.8225670192654558,8.635263489143771,4.0,2.7950511758056407,4,very_severe,0
S7E_P10_AREA10_DURATION3_2006_04,p10_area10_duration3,"p10, 10 percent area, 3 days",False,2006,2006/07,2007-02-19,2007-02-22,4,0.999999999999997,0.1051195167588646,0.32122530545149947,0.5592040262692592,1.2849012218059979,2007-02-20,0.5592040262692592,0.2454667843658387,0.0471269312789505,12.70587793640031,10.800000190734863,0.9376924827529678,1,mild,0
S7E_P10_AREA10_DURATION3_2007_01,p10_area10_duration3,"p10, 10 percent area, 3 days",False,2007,2007/08,2007-12-09,2007-12-12,4,0.9791879558892063,0.1663256258333462,0.2221683958074327,0.2834272365903486,0.8886735832297308,2007-12-12,0.2834272365903486,0.0908717427508911,0.0852002625015557,12.679633022015235,9.600000381469727,0.3823993003405865,1,mild,0
S7E_P10_AREA10_DURATION3_2007_02,p10_area10_duration3,"p10, 10 percent area, 3 days",False,2007,2007/08,2007-12-17,2007-12-23,7,0.9791879558892063,0.1299330986209125,0.34465587121970487,0.634277697111581,2.412591098537934,2007-12-22,0.634277697111581,0.2295827347848277,0.4184323158416064,10.411984307179166,7.199999809265137,1.996580123994557,2,moderate,0
S7E_P10_AREA10_DURATION3_2007_03,p10_area10_duration3,"p10, 10 percent area, 3 days",False,2007,2007/08,2008-02-01,2008-02-04,4,0.9791879558892063,0.1849981858977654,0.6218720053235816,0.8407445124076889,2.4874880212943262,2008-02-03,0.8407445124076889,0.6192696415159901,0.5529670355186743,9.310357840566043,5.599999904632568,2.114737094673018,3,severe,0
S7E_P10_AREA10_DURATION3_2007_04,p10_area10_duration3,"p10, 10 percent area, 3 days",False,2007,2007/08,2008-02-11,2008-02-17,7,0.9791879558892063,0.1655995834350779,0.7492579030239702,0.9791879558892063,5.244805321167791,2008-02-15,0.9791879558892063,0.9538960086733033,0.6921432880163356,9.205687072432022,5.199999809265137,10.257083691758504,3,severe,0
S7E_P10_AREA10_DURATION3_2007_05,p10_area10_duration3,"p10, 10 percent area, 3 days",False,2007,2007/08,2008-02-27,2008-02-29,3,0.9791879558892063,0.1273329219260737,0.35675783958047447,0.5227212191766619,1.0702735187414234,2008-02-28,0.5227212191766619,0.0984047032470074,0.0,13.785147920948178,10.600000381469727,0.6064839341861574,0,no_bmd_cold_wave,0
S7E_P10_AREA10_DURATION3_2008_01,p10_area10_duration3,"p10, 10 percent area, 3 days",False,2008,2008/09,2009-02-17,2009-02-20,4,0.9791694646154434,0.1027962678632098,0.14391309189682056,0.1847255589821896,0.5756523675872822,2009-02-17,0.1847255589821896,0.0889106852089065,0.0,13.679310499817044,10.5,0.3030003723424512,0,no_bmd_cold_wave,0
S7E_P10_AREA10_DURATION3_2009_01,p10_area10_duration3,"p10, 10 percent area, 3 days",False,2009,2009/10,2009-12-24,2009-12-30,7,0.999999999999997,0.3096277264233242,0.6779552052160028,0.9046590559161682,4.7456864365120195,2009-12-27,0.9046590559161682,0.6263398101958051,0.7383533626328834,9.36164346228723,6.0,4.763295459250233,3,severe,0
S7E_P10_AREA10_DURATION3_2009_02,p10_area10_duration3,"p10, 10 percent area, 3 days",False,2009,2009/10,2010-01-05,2010-01-08,4,0.999999999999997,0.1548493360770655,0.2041624851954095,0.2397302718859339,0.816649940781638,2010-01-06,0.2397302718859339,0.055080166109906105,0.5964613661994173,10.001415937406184,6.900000095367432,0.44683577149916887,2,moderate,0
S7E_P10_AREA10_DURATION3_2009_03,p10_area10_duration3,"p10, 10 percent area, 3 days",False,2009,2009/10,2010-02-04,2010-02-07,4,0.999999999999997,0.171840214391534,0.2760634476403428,0.4277401032354921,1.1042537905613712,2010-02-06,0.4277401032354921,0.2040981722368878,0.3786082405557821,10.59681565522398,5.699999809265137,0.8075993090669336,3,severe,0
S7E_P10_AREA10_DURATION3_2010_01,p10_area10_duration3,"p10, 10 percent area, 3 days",False,2010,2010/11,2010-12-01,2010-12-03,3,0.999999999999997,0.1343631117880861,0.29219081903725636,0.452069536450959,0.876572457111769,2010-12-01,0.452069536450959,0.1132964553652007,0.0,13.75639387709613,10.5,0.47440426931258406,0,no_bmd_cold_wave,0
S7E_P10_AREA10_DURATION3_2010_02,p10_area10_duration3,"p10, 10 percent area, 3 days",False,2010,2010/11,2010-12-14,2010-12-16,3,0.999999999999997,0.1849981858977654,0.24254012421027424,0.34436018647599237,0.7276203726308227,2010-12-15,0.34436018647599237,0.1306806626317562,0.2919682886658038,11.883636385691844,8.300000190734863,0.5708538193770248,1,mild,0
S7E_P10_AREA10_DURATION3_2010_03,p10_area10_duration3,"p10, 10 percent area, 3 days",False,2010,2010/11,2010-12-21,2010-12-28,8,0.999999999999997,0.1683389237075846,0.3234160085962726,0.4896472512944051,2.587328068770181,2010-12-25,0.4896472512944051,0.3040041878351757,0.4137318136031638,10.556597987519934,7.0,1.8390161383998838,2,moderate,0
S7E_P10_AREA10_DURATION3_2010_04,p10_area10_duration3,"p10, 10 percent area, 3 days",False,2010,2010/11,2011-01-11,2011-01-15,5,0.999999999999997,0.2344846056849007,0.565114506025331,0.8960905516591184,2.8255725301266548,2011-01-13,0.8960905516591184,0.6575582730124963,0.8999303048595599,7.551586293983397,4.5,3.28706620261777,3,severe,0
S7E_P10_AREA10_DURATION3_2010_05,p10_area10_duration3,"p10, 10 percent area, 3 days",False,2010,2010/11,2011-01-17,2011-01-19,3,0.999999999999997,0.3992501913711848,0.7018282980502352,0.999999999999997,2.1054848941507056,2011-01-18,0.999999999999997,0.7242682801692025,0.9522514100901387,7.72913285149484,5.400000095367432,2.8275328444074104,3,severe,0
S7E_P10_AREA10_DURATION3_2010_06,p10_area10_duration3,"p10, 10 percent area, 3 days",False,2010,2010/11,2011-02-23,2011-02-25,3,0.999999999999997,0.226484681106683,0.2944945721999575,0.3937642660475501,0.8834837165998725,2011-02-25,0.3937642660475501,0.0950296566385896,0.0,13.959160721929296,10.399999618530273,0.6381098094732117,0,no_bmd_cold_wave,0
S7E_P10_AREA10_DURATION3_2011_01,p10_area10_duration3,"p10, 10 percent area, 3 days",False,2011,2011/12,2011-12-15,2011-12-25,11,0.999999999999997,0.1343378171395524,0.3613414153179751,0.6012375859130337,3.974755568497726,2011-12-17,0.6012375859130337,0.4094101528455346,0.384713695634655,10.567931916889142,6.0,3.2382614845946724,3,severe,0
S7E_P10_AREA10_DURATION3_2011_02,p10_area10_duration3,"p10, 10 percent area, 3 days",False,2011,2011/12,2012-01-13,2012-01-17,5,0.999999999999997,0.1027962678632098,0.3542059205841791,0.6627135054363587,1.7710296029208954,2012-01-15,0.6627135054363587,0.18051893007726189,0.7846276992707456,8.692944234546298,5.900000095367432,1.1060210664684575,3,severe,0
S7E_P10_AREA10_DURATION3_2011_03,p10_area10_duration3,"p10, 10 percent area, 3 days",False,2011,2011/12,2012-01-30,2012-02-03,5,0.999999999999997,0.1014444545449597,0.32310385959284954,0.7489333180398223,1.6155192979642476,2012-02-03,0.7489333180398223,0.33012493071490623,0.5663775621611675,9.904621751318846,6.099999904632568,1.0963340555234315,2,moderate,0
S7E_P10_AREA10_DURATION3_2011_04,p10_area10_duration3,"p10, 10 percent area, 3 days",False,2011,2011/12,2012-02-10,2012-02-14,5,0.999999999999997,0.2364771694071156,0.6073653951412042,0.9592262943842207,3.0368269757060213,2012-02-13,0.9592262943842207,0.771720478795634,0.4580816468330533,10.370922074568588,5.900000095367432,3.4569329426950426,3,severe,0
S7E_P10_AREA10_DURATION3_2012_01,p10_area10_duration3,"p10, 10 percent area, 3 days",False,2012,2012/13,2012-12-01,2012-12-09,9,0.999999999999997,0.1359455962852007,0.3290464393537131,0.5415326913912114,2.9614179541834176,2012-12-07,0.5415326913912114,0.2465392723467465,0.0,13.216666556527253,10.199999809265137,1.852602603014199,0,no_bmd_cold_wave,0
S7E_P10_AREA10_DURATION3_2012_02,p10_area10_duration3,"p10, 10 percent area, 3 days",False,2012,2012/13,2012-12-24,2013-01-02,10,0.999999999999997,0.1500810768531187,0.493209473685108,0.9476788947694182,4.93209473685108,2012-12-31,0.9476788947694182,0.5357486164351579,0.8254014048865219,9.171735307803653,5.699999809265137,4.3039315877556845,3,severe,0
S7E_P10_AREA10_DURATION3_2012_03,p10_area10_duration3,"p10, 10 percent area, 3 days",False,2012,2012/13,2013-01-06,2013-01-14,9,0.999999999999997,0.1602102455924183,0.6251576259389956,0.999999999999997,5.62641863345096,2013-01-10,0.999999999999997,0.999999999999997,0.9730634542009293,6.005771053216176,3.200000047683716,12.583988143715477,4,very_severe,0
S7E_P10_AREA10_DURATION3_2012_04,p10_area10_duration3,"p10, 10 percent area, 3 days",False,2012,2012/13,2013-01-25,2013-01-28,4,0.999999999999997,0.1289585910729135,0.4246108830002981,0.8301996589569447,1.6984435320011924,2013-01-27,0.8301996589569447,0.3724744818631978,0.8777225101171006,8.573378288868984,5.400000095367432,1.6154742552086219,3,severe,0
S7E_P10_AREA10_DURATION3_2012_05,p10_area10_duration3,"p10, 10 percent area, 3 days",False,2012,2012/13,2013-02-10,2013-02-12,3,0.999999999999997,0.1109665056412312,0.1474341540393718,0.1779406549419384,0.4423024621181154,2013-02-11,0.1779406549419384,0.0380733312226052,0.0980835697893772,12.359206544309812,9.199999809265137,0.23254647774276813,1,mild,0
S7E_P10_AREA10_DURATION3_2013_01,p10_area10_duration3,"p10, 10 percent area, 3 days",False,2013,2013/14,2013-12-15,2013-12-18,4,0.9751631433868623,0.1202600806203199,0.2640440742547522,0.441785517473602,1.0561762970190087,2013-12-17,0.441785517473602,0.2952385100814108,0.2286413122663924,11.39318292158653,6.5,0.9211439782172701,2,moderate,0
S7E_P10_AREA10_DURATION3_2013_02,p10_area10_duration3,"p10, 10 percent area, 3 days",False,2013,2013/14,2014-02-18,2014-02-22,5,0.9751631433868623,0.308596830718284,0.5425374297441814,0.8222950367181394,2.712687148720907,2014-02-18,0.8222950367181394,0.6412542557411675,0.178884974352336,11.411472244667276,8.199999809265137,3.001007546283823,1,mild,0
S7E_P10_AREA10_DURATION3_2014_01,p10_area10_duration3,"p10, 10 percent area, 3 days",False,2014,2014/15,2015-01-31,2015-02-02,3,0.9472015884717111,0.3093746943562402,0.5322317695689476,0.7610506151492175,1.5966953087068427,2015-02-01,0.7610506151492175,0.521879775385553,0.5773265858341018,9.65483350830098,5.5,1.1765473412345333,3,severe,0
S7E_P10_AREA10_DURATION3_2015_01,p10_area10_duration3,"p10, 10 percent area, 3 days",False,2015,2015/16,2015-12-15,2015-12-27,13,0.999999999999997,0.1130833143134678,0.3543374676803489,0.7737354406472754,4.606387079844536,2015-12-21,0.7737354406472754,0.5457739808699459,0.525333512255317,10.249530615450386,6.0,4.116691857281881,3,severe,0
S7E_P10_AREA10_DURATION3_2015_02,p10_area10_duration3,"p10, 10 percent area, 3 days",False,2015,2015/16,2016-01-24,2016-01-27,4,0.999999999999997,0.1454012707160002,0.3431999096941595,0.5398377990701279,1.372799638776638,2016-01-26,0.5398377990701279,0.1820340414747384,0.7911517741611693,8.852312693218156,6.099999904632568,1.0594181229029134,2,moderate,0
S7E_P10_AREA10_DURATION3_2016_01,p10_area10_duration3,"p10, 10 percent area, 3 days",False,2016,2016/17,2017-01-13,2017-01-17,5,0.999999999999997,0.1130833143134678,0.2568603137739121,0.4932216203624216,1.2843015688695605,2017-01-14,0.4932216203624216,0.2731487966439633,0.8254014048865219,8.480557687056438,5.099999904632568,1.0814894894725322,3,severe,0
S7E_P10_AREA10_DURATION3_2017_01,p10_area10_duration3,"p10, 10 percent area, 3 days",False,2017,2017/18,2018-01-04,2018-01-13,10,0.999999999999997,0.1176511663808545,0.4743469499559702,0.9247264545039929,4.743469499559702,2018-01-08,0.9247264545039929,0.8265598241432268,0.8994529985618529,7.350693041295237,3.200000047683716,6.347688060231861,4,very_severe,0
S7E_P10_AREA10_DURATION3_2017_02,p10_area10_duration3,"p10, 10 percent area, 3 days",False,2017,2017/18,2018-01-28,2018-01-30,3,0.999999999999997,0.2309875814256196,0.38735210728957775,0.5463985103391398,1.1620563218687332,2018-01-29,0.5463985103391398,0.2979369276633525,0.7006923933674241,9.47500839650076,7.199999809265137,0.7347776642346433,2,moderate,0
S7E_P10_AREA10_DURATION3_2018_01,p10_area10_duration3,"p10, 10 percent area, 3 days",False,2018,2018/19,2018-12-08,2018-12-11,4,0.999999999999997,0.1763862027308611,0.30730343086936907,0.4255148493303326,1.2292137234774763,2018-12-09,0.4255148493303326,0.2457478433096082,0.0471269312789505,12.854623945012719,9.300000190734863,0.6052697058169225,1,mild,0
S7E_P10_AREA10_DURATION3_2018_02,p10_area10_duration3,"p10, 10 percent area, 3 days",False,2018,2018/19,2018-12-26,2018-12-31,6,0.999999999999997,0.1156212477589796,0.4816056906621491,0.7990865177183621,2.8896341439728945,2018-12-29,0.7990865177183621,0.7046455266947319,0.8254014048865219,8.507338013788313,5.800000190734863,3.3489040917171686,3,severe,0
S7E_P10_AREA10_DURATION3_2018_03,p10_area10_duration3,"p10, 10 percent area, 3 days",False,2018,2018/19,2019-01-03,2019-01-06,4,0.999999999999997,0.12000009397543761,0.19845995497152852,0.3321021556832895,0.7938398198861141,2019-01-05,0.3321021556832895,0.0752084706905453,0.5275829348419532,10.35097200275234,7.599999904632568,0.329065291375836,2,moderate,0
S7E_P10_AREA10_DURATION3_2019_01,p10_area10_duration3,"p10, 10 percent area, 3 days",False,2019,2019/20,2019-12-19,2019-12-21,3,0.999999999999997,0.119314256237782,0.1472614496459952,0.1891130485555386,0.44178434893798557,2019-12-21,0.1891130485555386,0.0443270744116331,0.1317580430733855,11.83914440055884,8.800000190734863,0.15847623731392987,1,mild,0
S7E_P10_AREA10_DURATION3_2019_02,p10_area10_duration3,"p10, 10 percent area, 3 days",False,2019,2019/20,2020-02-02,2020-02-04,3,0.999999999999997,0.1510692514634415,0.5135726027668831,0.7815797727752098,1.5407178083006494,2020-02-03,0.7815797727752098,0.5823106265188079,0.671040937933138,9.644635845352767,6.5,1.58400214396631,2,moderate,0
S7E_P10_AREA10_DURATION3_2019_03,p10_area10_duration3,"p10, 10 percent area, 3 days",False,2019,2019/20,2020-02-06,2020-02-08,3,0.999999999999997,0.1130833143134678,0.22052238468875385,0.38260211391104,0.6615671540662615,2020-02-07,0.38260211391104,0.14680193452041918,0.2538949574431986,11.563679491107067,7.900000095367432,0.397951568585211,2,moderate,0
S7E_P10_AREA10_DURATION3_2019_04,p10_area10_duration3,"p10, 10 percent area, 3 days",False,2019,2019/20,2020-02-10,2020-02-14,5,0.999999999999997,0.293814149442177,0.35707738922875276,0.4387523794682121,1.7853869461437637,2020-02-11,0.4387523794682121,0.2178950454857156,0.2509316821685579,11.515228430530033,8.600000381469727,1.1840495396212776,1,mild,0
S7E_P10_AREA10_DURATION3_2020_01,p10_area10_duration3,"p10, 10 percent area, 3 days",False,2020,2020/21,2020-12-19,2020-12-22,4,0.999999999999997,0.2502936041115366,0.5345626189510798,0.7936371057425482,2.1382504758043193,2020-12-19,0.7936371057425482,0.5905461057329487,0.5645398876705299,10.102658419898061,7.300000190734863,2.0304448076035553,2,moderate,0
S7E_P10_AREA10_DURATION3_2020_02,p10_area10_duration3,"p10, 10 percent area, 3 days",False,2020,2020/21,2021-01-31,2021-02-04,5,0.999999999999997,0.1500489073354003,0.6204079859278073,0.9730634542009294,3.102039929639037,2021-02-01,0.9730634542009294,0.9730634542009294,0.8757807888760966,8.352295478280695,5.5,4.02586613943544,3,severe,0
S7E_P10_AREA10_DURATION3_2021_01,p10_area10_duration3,"p10, 10 percent area, 3 days",False,2021,2021/22,2022-01-28,2022-01-31,4,0.999999999999997,0.1306806626317562,0.3480840910194649,0.4579598803939699,1.3923363640778597,2022-01-30,0.4579598803939699,0.2793696555866562,0.5799340540543118,10.038318360076026,7.800000190734863,0.6799730600143197,2,moderate,0
S7E_P10_AREA10_DURATION3_2021_02,p10_area10_duration3,"p10, 10 percent area, 3 days",False,2021,2021/22,2022-02-06,2022-02-09,4,0.999999999999997,0.2043102757326787,0.4269638860746528,0.66289640019348,1.7078555442986112,2022-02-07,0.66289640019348,0.2142304432241977,0.3714772210251845,10.829790489501809,8.5,0.8580534679306462,1,mild,0
S7E_P10_AREA10_DURATION3_2021_03,p10_area10_duration3,"p10, 10 percent area, 3 days",False,2021,2021/22,2022-02-12,2022-02-20,9,0.999999999999997,0.2295384013611314,0.3987587524793115,0.5776368744585019,3.5888287723138035,2022-02-19,0.5776368744585019,0.2967751446460055,0.19971550973688962,11.750752818281983,7.699999809265137,2.9505621482506665,2,moderate,0
S7E_P10_AREA10_DURATION3_2023_01,p10_area10_duration3,"p10, 10 percent area, 3 days",False,2023,2023/24,2024-02-08,2024-02-10,3,0.999999999999997,0.14680193452041918,0.2503571125844636,0.4335442642558301,0.7510713377533907,2024-02-09,0.4335442642558301,0.1480022351167895,0.19512916639574,11.639352608217031,8.100000381469727,0.35560238768881736,1,mild,0
S7E_P10_AREA10_DURATION3_2024_01,p10_area10_duration3,"p10, 10 percent area, 3 days",False,2024,2024/25,2024-12-07,2024-12-09,3,0.9955385881686476,0.2312157440802913,0.2665847839030672,0.2963305217709666,0.7997543517092017,2024-12-07,0.2963305217709666,0.2473712292448091,0.0,13.341533284813861,10.100000381469727,0.6179749730125564,0,no_bmd_cold_wave,0
S7E_P10_AREA20_DURATION3_GAP1_1985_01,p10_area20_duration3_gap1,"p10, 20 percent area, 3 days, one marginal gap allowed",False,1985,1985/86,1985-12-03,1985-12-06,4,0.9394515348096736,0.20187334154474562,0.21530604891878857,0.2412741029249345,0.8612241956751543,1985-12-04,0.2412741029249345,0.1316589654660846,0.0,13.64323974887938,10.699999809265137,0.5834195583021182,0,no_bmd_cold_wave,0
S7E_P10_AREA20_DURATION3_GAP1_1985_02,p10_area20_duration3_gap1,"p10, 20 percent area, 3 days, one marginal gap allowed",False,1985,1985/86,1986-02-17,1986-02-21,5,0.8884948962992469,0.272732124054546,0.540482223150411,0.7769175496736024,2.7024111157520547,1986-02-19,0.7769175496736024,0.6006649739254024,0.25389495744319857,11.491814908763923,8.300000190734863,3.9896646477840756,1,mild,0
S7E_P10_AREA20_DURATION3_GAP1_1985_03,p10_area20_duration3_gap1,"p10, 20 percent area, 3 days, one marginal gap allowed",False,1985,1985/86,1986-02-25,1986-02-28,4,0.9394515348096736,0.6790610082930533,0.7215340335073253,0.7511897815393032,2.886136134029301,1986-02-26,0.7511897815393032,0.5791263548254995,0.1995774341771894,12.361871546144966,7.800000190734863,3.834004122451937,2,moderate,0
S7E_P10_AREA20_DURATION3_GAP1_1986_01,p10_area20_duration3_gap1,"p10, 20 percent area, 3 days, one marginal gap allowed",False,1986,1986/87,1987-01-02,1987-01-04,3,0.999999999999997,0.4689037826973141,0.6366759713060118,0.7229907139094522,1.9100279139180356,1987-01-02,0.7229907139094522,0.5312426018514336,0.850480142316065,9.265500839403197,6.800000190734863,1.83267617533671,2,moderate,0
S7E_P10_AREA20_DURATION3_GAP1_1988_01,p10_area20_duration3_gap1,"p10, 20 percent area, 3 days, one marginal gap allowed",False,1988,1988/89,1989-01-11,1989-01-16,6,0.999999999999997,0.28707360404630133,0.6328033898965769,0.917133854456868,3.7968203393794617,1989-01-13,0.917133854456868,0.6771354798251256,0.9522514100901388,7.409460017467628,4.599999904632568,3.696614548864316,3,severe,0
S7E_P10_AREA20_DURATION3_GAP1_1988_02,p10_area20_duration3_gap1,"p10, 20 percent area, 3 days, one marginal gap allowed",False,1988,1988/89,1989-01-18,1989-01-21,4,0.999999999999997,0.2281791329406032,0.5651812259135564,0.8059286909743186,2.2607249036542254,1989-01-19,0.8059286909743186,0.5465391833374948,0.8431390884535032,8.517923883597097,5.599999904632568,1.9649628360049507,3,severe,0
S7E_P10_AREA20_DURATION3_GAP1_1988_03,p10_area20_duration3_gap1,"p10, 20 percent area, 3 days, one marginal gap allowed",False,1988,1988/89,1989-01-26,1989-02-01,7,0.999999999999997,0.2441325451934377,0.3675950265365873,0.6061048671205806,2.5731651857561113,1989-01-30,0.6061048671205806,0.3352197122899015,0.7658040556481625,9.376266442044074,5.0,1.9669081393561387,3,severe,0
S7E_P10_AREA20_DURATION3_GAP1_1988_04,p10_area20_duration3_gap1,"p10, 20 percent area, 3 days, one marginal gap allowed",False,1988,1988/89,1989-02-20,1989-02-27,8,0.999999999999997,0.2872959313991287,0.6002835661128045,0.999999999999997,4.802268528902436,1989-02-21,0.999999999999997,0.9955385881686476,0.3327419942815801,10.636769399726509,8.199999809265137,6.526637725392705,1,mild,0
S7E_P10_AREA20_DURATION3_GAP1_1989_01,p10_area20_duration3_gap1,"p10, 20 percent area, 3 days, one marginal gap allowed",False,1989,1989/90,1989-12-02,1989-12-14,13,0.999999999999997,0.2257946039128838,0.7305178889508717,0.9955385881686476,9.496732556361332,1989-12-06,0.9955385881686476,0.9646571918897354,0.3489854576258725,10.98298430138226,7.599999904632568,14.105670843025178,2,moderate,0
S7E_P10_AREA20_DURATION3_GAP1_1989_02,p10_area20_duration3_gap1,"p10, 20 percent area, 3 days, one marginal gap allowed",False,1989,1989/90,1989-12-28,1990-01-12,16,0.9280851284156993,0.1856627798326099,0.4681206655098221,0.8374851506664333,7.489930648157154,1990-01-02,0.8374851506664333,0.5441970638181846,0.768610188480465,8.848323803642655,5.300000190734863,7.0910519254179345,3,severe,1
S7E_P10_AREA20_DURATION3_GAP1_1990_01,p10_area20_duration3_gap1,"p10, 20 percent area, 3 days, one marginal gap allowed",False,1990,1990/91,1991-01-16,1991-01-22,7,0.9955385881686476,0.2762326664754065,0.4453035952275128,0.7290708809202227,3.1171251665925896,1991-01-21,0.7290708809202227,0.3066668528422961,0.842661782155796,8.403714969920959,5.199999809265137,3.3546695709899,3,severe,0
S7E_P10_AREA20_DURATION3_GAP1_1991_01,p10_area20_duration3_gap1,"p10, 20 percent area, 3 days, one marginal gap allowed",False,1991,1991/92,1991-12-01,1991-12-07,7,0.9619266687773917,0.3022373708420717,0.7435434662845086,0.999999999999997,5.20480426399156,1991-12-02,0.999999999999997,0.7819956041870469,0.0898550046193041,12.008931750228584,9.199999809265137,6.195057514677553,1,mild,0
S7E_P10_AREA20_DURATION3_GAP1_1991_02,p10_area20_duration3_gap1,"p10, 20 percent area, 3 days, one marginal gap allowed",False,1991,1991/92,1991-12-29,1991-12-31,3,0.999999999999997,0.23146895257377842,0.5529102805636562,0.7482531921226475,1.6587308416909687,1991-12-30,0.7482531921226475,0.5058402534184684,0.7681328821827579,9.38376389864528,6.599999904632568,1.8109085011247248,2,moderate,0
S7E_P10_AREA20_DURATION3_GAP1_1991_03,p10_area20_duration3_gap1,"p10, 20 percent area, 3 days, one marginal gap allowed",False,1991,1991/92,1992-01-02,1992-01-07,6,0.999999999999997,0.365916237343967,0.4443622000218121,0.7692139165191938,2.6661732001308724,1992-01-03,0.7692139165191938,0.4075946159043745,0.7990142784616702,9.143405807852433,6.5,2.4441472691249744,2,moderate,0
S7E_P10_AREA20_DURATION3_GAP1_1991_04,p10_area20_duration3_gap1,"p10, 20 percent area, 3 days, one marginal gap allowed",False,1991,1991/92,1992-02-25,1992-02-29,5,0.999999999999997,0.1911347681777271,0.5313915079459435,0.969628768041503,2.6569575397297176,1992-02-27,0.969628768041503,0.6255628919449457,0.1014444545449597,12.505022803060056,9.800000190734863,2.4917938373858046,1,mild,1
S7E_P10_AREA20_DURATION3_GAP1_1992_01,p10_area20_duration3_gap1,"p10, 20 percent area, 3 days, one marginal gap allowed",False,1992,1992/93,1992-12-06,1992-12-25,20,0.999999999999997,0.1915452116774283,0.5771473586010194,0.8971047922672465,11.542947172020387,1992-12-08,0.8971047922672465,0.5760030128606426,0.577143217040736,10.532555411367005,7.400000095367432,11.040411746916718,2,moderate,1
S7E_P10_AREA20_DURATION3_GAP1_1992_02,p10_area20_duration3_gap1,"p10, 20 percent area, 3 days, one marginal gap allowed",False,1992,1992/93,1993-01-20,1993-01-28,9,0.999999999999997,0.2998750149917982,0.7245292674525454,0.9030541769142376,6.520763407072909,1993-01-22,0.9030541769142376,0.606130919470465,0.9522514100901387,7.76511472914851,4.400000095367432,6.885443168822619,3,severe,0
S7E_P10_AREA20_DURATION3_GAP1_1992_03,p10_area20_duration3_gap1,"p10, 20 percent area, 3 days, one marginal gap allowed",False,1992,1992/93,1993-02-23,1993-02-25,3,0.999999999999997,0.8730159835684853,0.9477542081737423,0.9955385881686476,2.843262624521227,1993-02-24,0.9955385881686476,0.8738726952271153,0.3887200168632361,10.707143896533388,7.0,5.395156568125632,2,moderate,0
S7E_P10_AREA20_DURATION3_GAP1_1993_01,p10_area20_duration3_gap1,"p10, 20 percent area, 3 days, one marginal gap allowed",False,1993,1993/94,1994-02-24,1994-02-27,4,0.9472015884717111,0.5790479590181123,0.7630808953151658,0.8490554647895814,3.052323581260663,1994-02-26,0.8490554647895814,0.5773213244608382,0.0471269312789505,11.881809912666249,9.899999618530273,4.841586438227097,1,mild,0
S7E_P10_AREA20_DURATION3_GAP1_1994_01,p10_area20_duration3_gap1,"p10, 20 percent area, 3 days, one marginal gap allowed",False,1994,1994/95,1994-12-05,1994-12-08,4,0.9791879558892063,0.1847648290207293,0.29534375325562806,0.4074730593124647,1.1813750130225122,1994-12-07,0.4074730593124647,0.2060909981227927,0.0,13.250633215588444,11.0,0.686409898683554,0,no_bmd_cold_wave,1
S7E_P10_AREA20_DURATION3_GAP1_1994_02,p10_area20_duration3_gap1,"p10, 20 percent area, 3 days, one marginal gap allowed",False,1994,1994/95,1994-12-12,1994-12-18,7,0.999999999999997,0.2484131804930505,0.5880042996519572,0.9730634542009294,4.1160300975637005,1994-12-14,0.9730634542009294,0.7860727494905162,0.4503172898366785,10.352960439360555,7.800000190734863,4.929250676560569,2,moderate,0
S7E_P10_AREA20_DURATION3_GAP1_1994_03,p10_area20_duration3_gap1,"p10, 20 percent area, 3 days, one marginal gap allowed",False,1994,1994/95,1994-12-21,1994-12-24,4,0.999999999999997,0.3330981334312185,0.3596198639923159,0.4276887995522372,1.4384794559692635,1994-12-23,0.4276887995522372,0.2272054111048094,0.3674771500416208,11.013100174695184,7.599999904632568,1.1909424019767645,2,moderate,0
S7E_P10_AREA20_DURATION3_GAP1_1994_04,p10_area20_duration3_gap1,"p10, 20 percent area, 3 days, one marginal gap allowed",False,1994,1994/95,1995-01-02,1995-01-06,5,0.9775248660322788,0.2260526475801181,0.7391713215850714,0.9955385881686476,3.6958566079253568,1995-01-03,0.9955385881686476,0.9955385881686476,0.9522514100901387,7.296044819095461,4.0,7.880714544644811,4,very_severe,0
S7E_P10_AREA20_DURATION3_GAP1_1994_05,p10_area20_duration3_gap1,"p10, 20 percent area, 3 days, one marginal gap allowed",False,1994,1994/95,1995-01-23,1995-01-31,9,0.999999999999997,0.3187117048732924,0.5556214220283432,0.8763899624432094,5.000592798255089,1995-01-25,0.8763899624432094,0.589527340514827,0.8972204978277631,7.725699703898286,4.199999809265137,4.58556229561548,3,severe,0
S7E_P10_AREA20_DURATION3_GAP1_1995_01,p10_area20_duration3_gap1,"p10, 20 percent area, 3 days, one marginal gap allowed",False,1995,1995/96,1995-12-03,1995-12-05,3,0.999999999999997,0.2986696061589435,0.34743853805741365,0.4167005349474137,1.042315614172241,1995-12-04,0.4167005349474137,0.2725498242616515,0.0808014045629588,12.971329201026814,9.399999618530273,1.2227268735759245,1,mild,0
S7E_P10_AREA20_DURATION3_GAP1_1995_02,p10_area20_duration3_gap1,"p10, 20 percent area, 3 days, one marginal gap allowed",False,1995,1995/96,1996-01-30,1996-02-01,3,0.999999999999997,0.2267344086390293,0.48795163258300095,0.6581858278777742,1.463854897749003,1996-01-31,0.6581858278777742,0.4469972732195809,0.5294553990556714,9.472690625069593,5.800000190734863,1.5843021564292996,3,severe,0
S7E_P10_AREA20_DURATION3_GAP1_1995_03,p10_area20_duration3_gap1,"p10, 20 percent area, 3 days, one marginal gap allowed",False,1995,1995/96,1996-02-17,1996-02-19,3,0.999999999999997,0.2073755999775737,0.3013171210172587,0.3965952269797013,0.9039513630517761,1996-02-19,0.3965952269797013,0.1119836249899046,0.0471269312789505,12.801884699141574,8.699999809265137,0.5991894848114708,1,mild,0
S7E_P10_AREA20_DURATION3_GAP1_1996_01,p10_area20_duration3_gap1,"p10, 20 percent area, 3 days, one marginal gap allowed",False,1996,1996/97,1996-12-08,1996-12-17,10,0.999999999999997,0.1768738759963858,0.4765177695352306,0.7361509550689732,4.765177695352306,1996-12-10,0.7361509550689732,0.6307098962432552,0.2181950351422444,11.358046446662836,8.5,4.269988161442382,1,mild,1
S7E_P10_AREA20_DURATION3_GAP1_1996_02,p10_area20_duration3_gap1,"p10, 20 percent area, 3 days, one marginal gap allowed",False,1996,1996/97,1997-01-18,1997-01-20,3,0.999999999999997,0.2336944971376879,0.44135538791509404,0.5655605672379437,1.3240661637452822,1997-01-19,0.5655605672379437,0.4266140292570073,0.8757807888760966,8.804783702366816,5.199999809265137,1.2637388476981928,3,severe,0
S7E_P10_AREA20_DURATION3_GAP1_1996_03,p10_area20_duration3_gap1,"p10, 20 percent area, 3 days, one marginal gap allowed",False,1996,1996/97,1997-01-23,1997-01-31,9,0.9572719266596434,0.283072447120963,0.5327012544296257,0.9412342089525384,4.794311289866632,1997-01-26,0.9412342089525384,0.4206105326517266,0.9522514100901387,8.040179851035115,5.0,3.790506584753821,3,severe,0
S7E_P10_AREA20_DURATION3_GAP1_1996_04,p10_area20_duration3_gap1,"p10, 20 percent area, 3 days, one marginal gap allowed",False,1996,1996/97,1997-02-07,1997-02-11,5,0.999999999999997,0.2356969321401553,0.6152873511275566,0.9747265440578569,3.076436755637783,1997-02-08,0.9747265440578569,0.9275996127789063,0.8972204978277631,9.017203124214198,6.400000095367432,5.282513108359168,2,moderate,0
S7E_P10_AREA20_DURATION3_GAP1_1996_05,p10_area20_duration3_gap1,"p10, 20 percent area, 3 days, one marginal gap allowed",False,1996,1996/97,1997-02-22,1997-02-25,4,0.999999999999997,0.4177169857610542,0.5935891073742652,0.8661046415757385,2.3743564294970607,1997-02-24,0.8661046415757385,0.5327718983331738,0.1602102455924183,12.225446756239716,9.0,2.366761132094095,1,mild,0
S7E_P10_AREA20_DURATION3_GAP1_1997_01,p10_area20_duration3_gap1,"p10, 20 percent area, 3 days, one marginal gap allowed",False,1997,1997/98,1997-12-21,1997-12-25,5,0.999999999999997,0.2983813144888756,0.37282113507808284,0.455373338114395,1.8641056753904142,1997-12-23,0.455373338114395,0.2073302966715623,0.516404286159406,10.869213769924492,8.0,1.3942292159080603,2,moderate,0
S7E_P10_AREA20_DURATION3_GAP1_1997_02,p10_area20_duration3_gap1,"p10, 20 percent area, 3 days, one marginal gap allowed",False,1997,1997/98,1998-01-03,1998-01-07,5,0.999999999999997,0.1607096860712488,0.3040187600239919,0.7076710126734166,1.5200938001199595,1998-01-03,0.7076710126734166,0.4205010959898685,0.6024968303132157,9.39145450882063,6.199999809265137,1.3292520127662446,2,moderate,2
S7E_P10_AREA20_DURATION3_GAP1_1997_03,p10_area20_duration3_gap1,"p10, 20 percent area, 3 days, one marginal gap allowed",False,1997,1997/98,1998-02-09,1998-02-11,3,0.999999999999997,0.2411763662234631,0.42886570490732573,0.5651013424794422,1.2865971147219772,1998-02-10,0.5651013424794422,0.2918907027915483,0.1694513310513163,11.400213916339435,7.699999809265137,0.8207801199955209,2,moderate,0
S7E_P10_AREA20_DURATION3_GAP1_1999_01,p10_area20_duration3_gap1,"p10, 20 percent area, 3 days, one marginal gap allowed",False,1999,1999/00,2000-01-07,2000-01-10,4,0.999999999999997,0.2409962187080659,0.4701813533499269,0.620479277722752,1.8807254133997076,2000-01-08,0.620479277722752,0.1833696711047183,0.7634607411536494,8.975333758707274,5.5,1.6448248635841418,3,severe,0
S7E_P10_AREA20_DURATION3_GAP1_1999_02,p10_area20_duration3_gap1,"p10, 20 percent area, 3 days, one marginal gap allowed",False,1999,1999/00,2000-02-15,2000-02-17,3,0.999999999999997,0.2552845426890159,0.5295925396363351,0.8085698335638267,1.5887776189090055,2000-02-16,0.8085698335638267,0.4797919989986019,0.1906602964827932,11.408542202299287,8.399999618530273,2.150508588367146,1,mild,0
S7E_P10_AREA20_DURATION3_GAP1_1999_03,p10_area20_duration3_gap1,"p10, 20 percent area, 3 days, one marginal gap allowed",False,1999,1999/00,2000-02-19,2000-02-23,5,0.999999999999997,0.2133689442314852,0.5346450888598242,0.9482265975877947,2.673225444299121,2000-02-20,0.9482265975877947,0.48088417686953466,0.2067680261642481,12.096476378867582,9.0,2.8495006680329036,1,mild,0
S7E_P10_AREA20_DURATION3_GAP1_1999_04,p10_area20_duration3_gap1,"p10, 20 percent area, 3 days, one marginal gap allowed",False,1999,1999/00,2000-02-27,2000-02-29,3,0.999999999999997,0.828443978652614,0.8950741976347181,0.9955385881686476,2.685222592904154,2000-02-28,0.9955385881686476,0.549343097826741,0.1602102455924183,12.459199219984482,9.300000190734863,3.3871660293521826,1,mild,0
S7E_P10_AREA20_DURATION3_GAP1_2000_01,p10_area20_duration3_gap1,"p10, 20 percent area, 3 days, one marginal gap allowed",False,2000,2000/01,2000-12-03,2000-12-07,5,0.999999999999997,0.3744051583015091,0.5381800727187949,0.6831174977225926,2.690900363593974,2000-12-03,0.6831174977225926,0.5056263238531485,0.1014444545449597,12.553357602904873,9.800000190734863,2.3701952370639456,1,mild,0
S7E_P10_AREA20_DURATION3_GAP1_2000_02,p10_area20_duration3_gap1,"p10, 20 percent area, 3 days, one marginal gap allowed",False,2000,2000/01,2000-12-10,2000-12-13,4,0.999999999999997,0.2475345628379598,0.3513761000709863,0.4249824068693703,1.4055044002839452,2000-12-11,0.4249824068693703,0.07807186747042599,0.0,12.574532991300135,10.199999809265137,0.6045267954563772,0,no_bmd_cold_wave,0
S7E_P10_AREA20_DURATION3_GAP1_2000_03,p10_area20_duration3_gap1,"p10, 20 percent area, 3 days, one marginal gap allowed",False,2000,2000/01,2001-01-06,2001-01-16,11,0.999999999999997,0.195533626116324,0.48243455257207213,0.8192881541460911,5.306780078292793,2001-01-12,0.8192881541460911,0.2885797720565924,0.8777225101171006,8.322864474834883,5.199999809265137,4.16575257056596,3,severe,1
S7E_P10_AREA20_DURATION3_GAP1_2000_04,p10_area20_duration3_gap1,"p10, 20 percent area, 3 days, one marginal gap allowed",False,2000,2000/01,2001-02-07,2001-02-11,5,0.999999999999997,0.2942756165443285,0.42761131051967116,0.6350072578403,2.1380565525983557,2001-02-08,0.6350072578403,0.1928574981678292,0.3258098290274962,10.981737826812545,9.0,1.4095379279353624,1,mild,0
S7E_P10_AREA20_DURATION3_GAP1_2001_01,p10_area20_duration3_gap1,"p10, 20 percent area, 3 days, one marginal gap allowed",False,2001,2001/02,2002-02-02,2002-02-06,5,0.999999999999997,0.2048244007239514,0.4095144156011803,0.6061414452149307,2.0475720780059015,2002-02-06,0.6061414452149307,0.1617922161728324,0.46208177566836595,10.41232935391947,8.0,0.9987794088663074,2,moderate,0
S7E_P10_AREA20_DURATION3_GAP1_2002_01,p10_area20_duration3_gap1,"p10, 20 percent area, 3 days, one marginal gap allowed",False,2002,2002/03,2003-01-20,2003-01-26,7,0.999999999999997,0.20556772556787778,0.5779986823173371,0.999999999999997,4.04599077622136,2003-01-23,0.999999999999997,0.9612889574432951,0.9522514100901386,6.702264520108782,3.4000000953674316,6.270490280894198,4,very_severe,0
S7E_P10_AREA20_DURATION3_GAP1_2003_01,p10_area20_duration3_gap1,"p10, 20 percent area, 3 days, one marginal gap allowed",False,2003,2003/04,2004-02-04,2004-02-09,6,0.9556729255883639,0.2306066716270756,0.5358167613934891,0.9331977916206456,3.2149005683609344,2004-02-05,0.9331977916206456,0.7256286871874315,0.6767440263451472,9.37732606350722,6.199999809265137,3.3628290341364577,2,moderate,0
S7E_P10_AREA20_DURATION3_GAP1_2004_01,p10_area20_duration3_gap1,"p10, 20 percent area, 3 days, one marginal gap allowed",False,2004,2004/05,2004-12-27,2004-12-31,5,0.999999999999997,0.2174254294400061,0.4653474084696807,0.637574077804047,2.3267370423484035,2004-12-28,0.637574077804047,0.4044300949333114,0.781419973184934,9.40255081699827,5.199999809265137,2.47236477264675,3,severe,0
S7E_P10_AREA20_DURATION3_GAP1_2006_01,p10_area20_duration3_gap1,"p10, 20 percent area, 3 days, one marginal gap allowed",False,2006,2006/07,2006-12-01,2006-12-05,5,0.999999999999997,0.2218228341702403,0.6265041098330377,0.8571601812083532,3.1325205491651884,2006-12-02,0.8571601812083532,0.4695400928713231,0.178884974352336,12.47546534918766,8.800000190734863,2.943895783941405,1,mild,0
S7E_P10_AREA20_DURATION3_GAP1_2006_02,p10_area20_duration3_gap1,"p10, 20 percent area, 3 days, one marginal gap allowed",False,2006,2006/07,2007-01-01,2007-01-05,5,0.999999999999997,0.1784996626732725,0.33641035894945015,0.5105169307791209,1.6820517947472509,2007-01-04,0.5105169307791209,0.0964316980944867,0.6739930857856175,9.907191921802866,7.199999809265137,0.8649631917865788,2,moderate,1
S7E_P10_AREA20_DURATION3_GAP1_2006_03,p10_area20_duration3_gap1,"p10, 20 percent area, 3 days, one marginal gap allowed",False,2006,2006/07,2007-01-15,2007-01-19,5,0.999999999999997,0.2980969500735893,0.45625289788277523,0.5979426570138089,2.2812644894138763,2007-01-15,0.5979426570138089,0.4806856837004172,0.8225670192654558,8.635263489143771,4.0,2.6172835206056413,4,very_severe,0
S7E_P10_AREA20_DURATION3_GAP1_2006_04,p10_area20_duration3_gap1,"p10, 20 percent area, 3 days, one marginal gap allowed",False,2006,2006/07,2007-02-20,2007-02-22,3,0.999999999999997,0.2970640733787482,0.39326056834904444,0.5592040262692592,1.1797817050471333,2007-02-20,0.5592040262692592,0.2454667843658387,0.0471269312789505,12.70587793640031,10.800000190734863,0.9000583150800973,1,mild,0
S7E_P10_AREA20_DURATION3_GAP1_2007_01,p10_area20_duration3_gap1,"p10, 20 percent area, 3 days, one marginal gap allowed",False,2007,2007/08,2007-12-10,2007-12-12,3,0.9791879558892063,0.1663256258333462,0.23843808570015781,0.2834272365903486,0.7153142571004735,2007-12-12,0.2834272365903486,0.0908717427508911,0.0852002625015557,12.679633022015235,9.600000381469727,0.32030884702160534,1,mild,1
S7E_P10_AREA20_DURATION3_GAP1_2007_02,p10_area20_duration3_gap1,"p10, 20 percent area, 3 days, one marginal gap allowed",False,2007,2007/08,2007-12-17,2007-12-22,6,0.9791879558892063,0.194922692059441,0.38044299998617026,0.634277697111581,2.2826579999170216,2007-12-22,0.634277697111581,0.2295827347848277,0.4184323158416064,10.411984307179166,7.199999809265137,1.942815270653327,2,moderate,1
S7E_P10_AREA20_DURATION3_GAP1_2007_03,p10_area20_duration3_gap1,"p10, 20 percent area, 3 days, one marginal gap allowed",False,2007,2007/08,2008-02-02,2008-02-04,3,0.9791879558892063,0.6360497961804216,0.7674966117988536,0.8407445124076889,2.302489835396561,2008-02-03,0.8407445124076889,0.6192696415159901,0.5529670355186743,9.310357840566043,5.599999904632568,1.9453668121854097,3,severe,0
S7E_P10_AREA20_DURATION3_GAP1_2007_04,p10_area20_duration3_gap1,"p10, 20 percent area, 3 days, one marginal gap allowed",False,2007,2007/08,2008-02-12,2008-02-17,6,0.9791879558892063,0.3467671119047039,0.8465342896221189,0.9791879558892063,5.079205737732713,2008-02-15,0.9791879558892063,0.9538960086733033,0.6921432880163356,9.205687072432022,5.199999809265137,10.134046255138312,3,severe,0
S7E_P10_AREA20_DURATION3_GAP1_2009_01,p10_area20_duration3_gap1,"p10, 20 percent area, 3 days, one marginal gap allowed",False,2009,2009/10,2009-12-24,2009-12-30,7,0.999999999999997,0.3096277264233242,0.6779552052160028,0.9046590559161682,4.7456864365120195,2009-12-27,0.9046590559161682,0.6263398101958051,0.7383533626328834,9.36164346228723,6.0,4.763295459250233,3,severe,0
S7E_P10_AREA20_DURATION3_GAP1_2009_02,p10_area20_duration3_gap1,"p10, 20 percent area, 3 days, one marginal gap allowed",False,2009,2009/10,2010-01-05,2010-01-08,4,0.999999999999997,0.1548493360770655,0.2041624851954095,0.2397302718859339,0.816649940781638,2010-01-06,0.2397302718859339,0.055080166109906105,0.5964613661994173,10.001415937406184,6.900000095367432,0.44683577149916887,2,moderate,1
S7E_P10_AREA20_DURATION3_GAP1_2010_01,p10_area20_duration3_gap1,"p10, 20 percent area, 3 days, one marginal gap allowed",False,2010,2010/11,2010-12-21,2010-12-28,8,0.999999999999997,0.1683389237075846,0.3234160085962726,0.4896472512944051,2.587328068770181,2010-12-25,0.4896472512944051,0.3040041878351757,0.4137318136031638,10.556597987519934,7.0,1.8390161383998838,2,moderate,1
S7E_P10_AREA20_DURATION3_GAP1_2010_02,p10_area20_duration3_gap1,"p10, 20 percent area, 3 days, one marginal gap allowed",False,2010,2010/11,2011-01-11,2011-01-15,5,0.999999999999997,0.2344846056849007,0.565114506025331,0.8960905516591184,2.8255725301266548,2011-01-13,0.8960905516591184,0.6575582730124963,0.8999303048595599,7.551586293983397,4.5,3.28706620261777,3,severe,0
S7E_P10_AREA20_DURATION3_GAP1_2010_03,p10_area20_duration3_gap1,"p10, 20 percent area, 3 days, one marginal gap allowed",False,2010,2010/11,2011-01-17,2011-01-19,3,0.999999999999997,0.3992501913711848,0.7018282980502352,0.999999999999997,2.1054848941507056,2011-01-18,0.999999999999997,0.7242682801692025,0.9522514100901387,7.72913285149484,5.400000095367432,2.8275328444074104,3,severe,0
S7E_P10_AREA20_DURATION3_GAP1_2010_04,p10_area20_duration3_gap1,"p10, 20 percent area, 3 days, one marginal gap allowed",False,2010,2010/11,2011-02-23,2011-02-25,3,0.999999999999997,0.226484681106683,0.2944945721999575,0.3937642660475501,0.8834837165998725,2011-02-25,0.3937642660475501,0.0950296566385896,0.0,13.959160721929296,10.399999618530273,0.6381098094732117,0,no_bmd_cold_wave,0
S7E_P10_AREA20_DURATION3_GAP1_2011_01,p10_area20_duration3_gap1,"p10, 20 percent area, 3 days, one marginal gap allowed",False,2011,2011/12,2011-12-15,2011-12-20,6,0.999999999999997,0.20894400448188402,0.4036180338572955,0.6012375859130337,2.421708203143773,2011-12-17,0.6012375859130337,0.4094101528455346,0.3075793215871456,11.244302186771794,6.0,1.979695735444068,3,severe,0
S7E_P10_AREA20_DURATION3_GAP1_2011_02,p10_area20_duration3_gap1,"p10, 20 percent area, 3 days, one marginal gap allowed",False,2011,2011/12,2011-12-22,2011-12-25,4,0.999999999999997,0.28060489971797187,0.3546773870536001,0.4657508259594495,1.4187095482144003,2011-12-24,0.4657508259594495,0.2199171067010871,0.384713695634655,10.567931916889142,6.5,1.1514768210584485,2,moderate,0
S7E_P10_AREA20_DURATION3_GAP1_2011_03,p10_area20_duration3_gap1,"p10, 20 percent area, 3 days, one marginal gap allowed",False,2011,2011/12,2012-01-14,2012-01-16,3,0.999999999999997,0.2731553779069344,0.5090558980276246,0.6627135054363587,1.5271676940828738,2012-01-15,0.6627135054363587,0.18051893007726189,0.7846276992707456,8.692944234546298,5.900000095367432,0.9542094127193183,3,severe,0
S7E_P10_AREA20_DURATION3_GAP1_2011_04,p10_area20_duration3_gap1,"p10, 20 percent area, 3 days, one marginal gap allowed",False,2011,2011/12,2012-02-10,2012-02-14,5,0.999999999999997,0.2364771694071156,0.6073653951412042,0.9592262943842207,3.0368269757060213,2012-02-13,0.9592262943842207,0.771720478795634,0.4580816468330533,10.370922074568588,5.900000095367432,3.4569329426950426,3,severe,0
S7E_P10_AREA20_DURATION3_GAP1_2012_01,p10_area20_duration3_gap1,"p10, 20 percent area, 3 days, one marginal gap allowed",False,2012,2012/13,2012-12-03,2012-12-09,7,0.999999999999997,0.22433710380974708,0.37980177805645915,0.5415326913912114,2.658612446395214,2012-12-07,0.5415326913912114,0.2465392723467465,0.0,13.216666556527253,10.199999809265137,1.7001509614536028,0,no_bmd_cold_wave,0
S7E_P10_AREA20_DURATION3_GAP1_2012_02,p10_area20_duration3_gap1,"p10, 20 percent area, 3 days, one marginal gap allowed",False,2012,2012/13,2012-12-26,2013-01-02,8,0.999999999999997,0.3175159541310272,0.574494176356197,0.9476788947694182,4.595953410849576,2012-12-31,0.9476788947694182,0.5357486164351579,0.8254014048865219,9.171735307803653,5.699999809265137,4.145617597049877,3,severe,0
S7E_P10_AREA20_DURATION3_GAP1_2012_03,p10_area20_duration3_gap1,"p10, 20 percent area, 3 days, one marginal gap allowed",False,2012,2012/13,2013-01-08,2013-01-14,7,0.999999999999997,0.2924794492020834,0.7571895231452556,0.999999999999997,5.300326662016789,2013-01-10,0.999999999999997,0.999999999999997,0.9730634542009293,6.005771053216176,3.200000047683716,12.118391666476864,4,very_severe,0
S7E_P10_AREA20_DURATION3_GAP1_2012_04,p10_area20_duration3_gap1,"p10, 20 percent area, 3 days, one marginal gap allowed",False,2012,2012/13,2013-01-25,2013-01-27,3,0.999999999999997,0.2126475584993233,0.523161646976093,0.8301996589569447,1.569484940928279,2013-01-27,0.8301996589569447,0.3724744818631978,0.8777225101171006,8.573378288868984,5.400000095367432,1.5467897761883902,3,severe,0
S7E_P10_AREA20_DURATION3_GAP1_2013_01,p10_area20_duration3_gap1,"p10, 20 percent area, 3 days, one marginal gap allowed",False,2013,2013/14,2013-12-16,2013-12-18,3,0.9751631433868623,0.2022767925292936,0.3119720721328963,0.441785517473602,0.9359162163986889,2013-12-17,0.441785517473602,0.2952385100814108,0.2286413122663924,11.39318292158653,6.5,0.8379312831520125,2,moderate,0
S7E_P10_AREA20_DURATION3_GAP1_2013_02,p10_area20_duration3_gap1,"p10, 20 percent area, 3 days, one marginal gap allowed",False,2013,2013/14,2014-02-18,2014-02-22,5,0.9751631433868623,0.308596830718284,0.5425374297441814,0.8222950367181394,2.712687148720907,2014-02-18,0.8222950367181394,0.6412542557411675,0.178884974352336,11.411472244667276,8.199999809265137,3.001007546283823,1,mild,0
S7E_P10_AREA20_DURATION3_GAP1_2014_01,p10_area20_duration3_gap1,"p10, 20 percent area, 3 days, one marginal gap allowed",False,2014,2014/15,2015-01-31,2015-02-02,3,0.9472015884717111,0.3093746943562402,0.5322317695689476,0.7610506151492175,1.5966953087068427,2015-02-01,0.7610506151492175,0.521879775385553,0.5773265858341018,9.65483350830098,5.5,1.1765473412345333,3,severe,0
S7E_P10_AREA20_DURATION3_GAP1_2015_01,p10_area20_duration3_gap1,"p10, 20 percent area, 3 days, one marginal gap allowed",False,2015,2015/16,2015-12-16,2015-12-26,11,0.999999999999997,0.1537655597755384,0.3906319239529301,0.7737354406472754,4.296951163482231,2015-12-21,0.7737354406472754,0.5457739808699459,0.525333512255317,10.249530615450386,6.0,3.9027519366603682,3,severe,2
S7E_P10_AREA20_DURATION3_GAP1_2015_02,p10_area20_duration3_gap1,"p10, 20 percent area, 3 days, one marginal gap allowed",False,2015,2015/16,2016-01-25,2016-01-27,3,0.999999999999997,0.3352542473615564,0.40913278935354586,0.5398377990701279,1.2273983680606375,2016-01-26,0.5398377990701279,0.1820340414747384,0.7911517741611693,8.852312693218156,6.099999904632568,0.9740010478981183,2,moderate,0
S7E_P10_AREA20_DURATION3_GAP1_2016_01,p10_area20_duration3_gap1,"p10, 20 percent area, 3 days, one marginal gap allowed",False,2016,2016/17,2017-01-14,2017-01-16,3,0.999999999999997,0.2122975049045473,0.3271497211600918,0.4932216203624216,0.9814491634802753,2017-01-14,0.4932216203624216,0.2731487966439633,0.8254014048865219,8.480557687056438,5.099999904632568,0.931858916364512,3,severe,0
S7E_P10_AREA20_DURATION3_GAP1_2017_01,p10_area20_duration3_gap1,"p10, 20 percent area, 3 days, one marginal gap allowed",False,2017,2017/18,2018-01-04,2018-01-12,9,0.999999999999997,0.1688373977030972,0.5139798147976498,0.9247264545039929,4.625818333178848,2018-01-08,0.9247264545039929,0.8265598241432268,0.8994529985618529,7.350693041295237,3.200000047683716,6.325108905525413,4,very_severe,1
S7E_P10_AREA20_DURATION3_GAP1_2017_02,p10_area20_duration3_gap1,"p10, 20 percent area, 3 days, one marginal gap allowed",False,2017,2017/18,2018-01-28,2018-01-30,3,0.999999999999997,0.2309875814256196,0.38735210728957775,0.5463985103391398,1.1620563218687332,2018-01-29,0.5463985103391398,0.2979369276633525,0.7006923933674241,9.47500839650076,7.199999809265137,0.7347776642346433,2,moderate,0
S7E_P10_AREA20_DURATION3_GAP1_2018_01,p10_area20_duration3_gap1,"p10, 20 percent area, 3 days, one marginal gap allowed",False,2018,2018/19,2018-12-08,2018-12-10,3,0.999999999999997,0.2310268285177133,0.35094250691553835,0.4255148493303326,1.0528275207466151,2018-12-09,0.4255148493303326,0.2457478433096082,0.0471269312789505,12.854623945012719,9.300000190734863,0.5437956000274956,1,mild,0
S7E_P10_AREA20_DURATION3_GAP1_2018_02,p10_area20_duration3_gap1,"p10, 20 percent area, 3 days, one marginal gap allowed",False,2018,2018/19,2018-12-27,2018-12-31,5,0.999999999999997,0.2985478131695313,0.554802579242783,0.7990865177183621,2.774012896213915,2018-12-29,0.7990865177183621,0.7046455266947319,0.8254014048865219,8.507338013788313,5.800000190734863,3.3082888490038322,3,severe,0
S7E_P10_AREA20_DURATION3_GAP1_2019_01,p10_area20_duration3_gap1,"p10, 20 percent area, 3 days, one marginal gap allowed",False,2019,2019/20,2020-02-10,2020-02-14,5,0.999999999999997,0.293814149442177,0.35707738922875276,0.4387523794682121,1.7853869461437637,2020-02-11,0.4387523794682121,0.2178950454857156,0.2509316821685579,11.515228430530033,8.600000381469727,1.1840495396212776,1,mild,0
S7E_P10_AREA20_DURATION3_GAP1_2020_01,p10_area20_duration3_gap1,"p10, 20 percent area, 3 days, one marginal gap allowed",False,2020,2020/21,2020-12-19,2020-12-22,4,0.999999999999997,0.2502936041115366,0.5345626189510798,0.7936371057425482,2.1382504758043193,2020-12-19,0.7936371057425482,0.5905461057329487,0.5645398876705299,10.102658419898061,7.300000190734863,2.0304448076035553,2,moderate,0
S7E_P10_AREA20_DURATION3_GAP1_2020_02,p10_area20_duration3_gap1,"p10, 20 percent area, 3 days, one marginal gap allowed",False,2020,2020/21,2021-01-31,2021-02-03,4,0.999999999999997,0.429460505082105,0.7379977555759092,0.9730634542009294,2.9519910223036367,2021-02-01,0.9730634542009294,0.9730634542009294,0.8757807888760966,8.352295478280695,5.5,3.976795946396737,3,severe,0
S7E_P10_AREA20_DURATION3_GAP1_2021_01,p10_area20_duration3_gap1,"p10, 20 percent area, 3 days, one marginal gap allowed",False,2021,2021/22,2022-01-29,2022-01-31,3,0.999999999999997,0.3742422695621654,0.42055190048203456,0.4579598803939699,1.2616557014461036,2022-01-30,0.4579598803939699,0.2793696555866562,0.5799340540543118,10.038318360076026,7.800000190734863,0.5943731665761391,2,moderate,0
S7E_P10_AREA20_DURATION3_GAP1_2021_02,p10_area20_duration3_gap1,"p10, 20 percent area, 3 days, one marginal gap allowed",False,2021,2021/22,2022-02-06,2022-02-09,4,0.999999999999997,0.2043102757326787,0.4269638860746528,0.66289640019348,1.7078555442986112,2022-02-07,0.66289640019348,0.2142304432241977,0.3714772210251845,10.829790489501809,8.5,0.8580534679306462,1,mild,0
S7E_P10_AREA20_DURATION3_GAP1_2021_03,p10_area20_duration3_gap1,"p10, 20 percent area, 3 days, one marginal gap allowed",False,2021,2021/22,2022-02-12,2022-02-20,9,0.999999999999997,0.2295384013611314,0.3987587524793115,0.5776368744585019,3.5888287723138035,2022-02-19,0.5776368744585019,0.2967751446460055,0.19971550973688962,11.750752818281983,7.699999809265137,2.9505621482506665,2,moderate,0
S7E_P10_AREA20_DURATION3_GAP1_2024_01,p10_area20_duration3_gap1,"p10, 20 percent area, 3 days, one marginal gap allowed",False,2024,2024/25,2024-12-07,2024-12-09,3,0.9955385881686476,0.2312157440802913,0.2665847839030672,0.2963305217709666,0.7997543517092017,2024-12-07,0.2963305217709666,0.2473712292448091,0.0,13.341533284813861,10.100000381469727,0.6179749730125564,0,no_bmd_cold_wave,0
S7E_P10_AREA20_DURATION4_1985_01,p10_area20_duration4,"p10, 20 percent area, 4 days",False,1985,1985/86,1985-12-03,1985-12-06,4,0.9394515348096736,0.20187334154474562,0.21530604891878857,0.2412741029249345,0.8612241956751543,1985-12-04,0.2412741029249345,0.1316589654660846,0.0,13.64323974887938,10.699999809265137,0.5834195583021182,0,no_bmd_cold_wave,0
S7E_P10_AREA20_DURATION4_1985_02,p10_area20_duration4,"p10, 20 percent area, 4 days",False,1985,1985/86,1986-02-17,1986-02-21,5,0.8884948962992469,0.272732124054546,0.540482223150411,0.7769175496736024,2.7024111157520547,1986-02-19,0.7769175496736024,0.6006649739254024,0.25389495744319857,11.491814908763923,8.300000190734863,3.9896646477840756,1,mild,0
S7E_P10_AREA20_DURATION4_1985_03,p10_area20_duration4,"p10, 20 percent area, 4 days",False,1985,1985/86,1986-02-25,1986-02-28,4,0.9394515348096736,0.6790610082930533,0.7215340335073253,0.7511897815393032,2.886136134029301,1986-02-26,0.7511897815393032,0.5791263548254995,0.1995774341771894,12.361871546144966,7.800000190734863,3.834004122451937,2,moderate,0
S7E_P10_AREA20_DURATION4_1988_01,p10_area20_duration4,"p10, 20 percent area, 4 days",False,1988,1988/89,1989-01-11,1989-01-16,6,0.999999999999997,0.28707360404630133,0.6328033898965769,0.917133854456868,3.7968203393794617,1989-01-13,0.917133854456868,0.6771354798251256,0.9522514100901388,7.409460017467628,4.599999904632568,3.696614548864316,3,severe,0
S7E_P10_AREA20_DURATION4_1988_02,p10_area20_duration4,"p10, 20 percent area, 4 days",False,1988,1988/89,1989-01-18,1989-01-21,4,0.999999999999997,0.2281791329406032,0.5651812259135564,0.8059286909743186,2.2607249036542254,1989-01-19,0.8059286909743186,0.5465391833374948,0.8431390884535032,8.517923883597097,5.599999904632568,1.9649628360049507,3,severe,0
S7E_P10_AREA20_DURATION4_1988_03,p10_area20_duration4,"p10, 20 percent area, 4 days",False,1988,1988/89,1989-01-26,1989-02-01,7,0.999999999999997,0.2441325451934377,0.3675950265365873,0.6061048671205806,2.5731651857561113,1989-01-30,0.6061048671205806,0.3352197122899015,0.7658040556481625,9.376266442044074,5.0,1.9669081393561387,3,severe,0
S7E_P10_AREA20_DURATION4_1988_04,p10_area20_duration4,"p10, 20 percent area, 4 days",False,1988,1988/89,1989-02-20,1989-02-27,8,0.999999999999997,0.2872959313991287,0.6002835661128045,0.999999999999997,4.802268528902436,1989-02-21,0.999999999999997,0.9955385881686476,0.3327419942815801,10.636769399726509,8.199999809265137,6.526637725392705,1,mild,0
S7E_P10_AREA20_DURATION4_1989_01,p10_area20_duration4,"p10, 20 percent area, 4 days",False,1989,1989/90,1989-12-02,1989-12-14,13,0.999999999999997,0.2257946039128838,0.7305178889508717,0.9955385881686476,9.496732556361332,1989-12-06,0.9955385881686476,0.9646571918897354,0.3489854576258725,10.98298430138226,7.599999904632568,14.105670843025178,2,moderate,0
S7E_P10_AREA20_DURATION4_1989_02,p10_area20_duration4,"p10, 20 percent area, 4 days",False,1989,1989/90,1989-12-28,1990-01-08,12,0.9280851284156993,0.2257879078383859,0.5161677645750528,0.8374851506664333,6.1940131749006335,1990-01-02,0.8374851506664333,0.5441970638181846,0.7681328821827579,9.015680894674734,5.300000190734863,6.216037265973995,3,severe,0
S7E_P10_AREA20_DURATION4_1990_01,p10_area20_duration4,"p10, 20 percent area, 4 days",False,1990,1990/91,1991-01-16,1991-01-22,7,0.9955385881686476,0.2762326664754065,0.4453035952275128,0.7290708809202227,3.1171251665925896,1991-01-21,0.7290708809202227,0.3066668528422961,0.842661782155796,8.403714969920959,5.199999809265137,3.3546695709899,3,severe,0
S7E_P10_AREA20_DURATION4_1991_01,p10_area20_duration4,"p10, 20 percent area, 4 days",False,1991,1991/92,1991-12-01,1991-12-07,7,0.9619266687773917,0.3022373708420717,0.7435434662845086,0.999999999999997,5.20480426399156,1991-12-02,0.999999999999997,0.7819956041870469,0.0898550046193041,12.008931750228584,9.199999809265137,6.195057514677553,1,mild,0
S7E_P10_AREA20_DURATION4_1991_02,p10_area20_duration4,"p10, 20 percent area, 4 days",False,1991,1991/92,1992-01-02,1992-01-07,6,0.999999999999997,0.365916237343967,0.4443622000218121,0.7692139165191938,2.6661732001308724,1992-01-03,0.7692139165191938,0.4075946159043745,0.7990142784616702,9.143405807852433,6.5,2.4441472691249744,2,moderate,0
S7E_P10_AREA20_DURATION4_1992_01,p10_area20_duration4,"p10, 20 percent area, 4 days",False,1992,1992/93,1992-12-06,1992-12-22,17,0.999999999999997,0.3070645285579151,0.6231264493328031,0.8971047922672465,10.593149638657653,1992-12-08,0.8971047922672465,0.5760030128606426,0.3737212952017216,10.608882613501727,7.400000095367432,10.225099007315606,2,moderate,0
S7E_P10_AREA20_DURATION4_1992_02,p10_area20_duration4,"p10, 20 percent area, 4 days",False,1992,1992/93,1993-01-20,1993-01-28,9,0.999999999999997,0.2998750149917982,0.7245292674525454,0.9030541769142376,6.520763407072909,1993-01-22,0.9030541769142376,0.606130919470465,0.9522514100901387,7.76511472914851,4.400000095367432,6.885443168822619,3,severe,0
S7E_P10_AREA20_DURATION4_1993_01,p10_area20_duration4,"p10, 20 percent area, 4 days",False,1993,1993/94,1994-02-24,1994-02-27,4,0.9472015884717111,0.5790479590181123,0.7630808953151658,0.8490554647895814,3.052323581260663,1994-02-26,0.8490554647895814,0.5773213244608382,0.0471269312789505,11.881809912666249,9.899999618530273,4.841586438227097,1,mild,0
S7E_P10_AREA20_DURATION4_1994_01,p10_area20_duration4,"p10, 20 percent area, 4 days",False,1994,1994/95,1994-12-12,1994-12-18,7,0.999999999999997,0.2484131804930505,0.5880042996519572,0.9730634542009294,4.1160300975637005,1994-12-14,0.9730634542009294,0.7860727494905162,0.4503172898366785,10.352960439360555,7.800000190734863,4.929250676560569,2,moderate,0
S7E_P10_AREA20_DURATION4_1994_02,p10_area20_duration4,"p10, 20 percent area, 4 days",False,1994,1994/95,1994-12-21,1994-12-24,4,0.999999999999997,0.3330981334312185,0.3596198639923159,0.4276887995522372,1.4384794559692635,1994-12-23,0.4276887995522372,0.2272054111048094,0.3674771500416208,11.013100174695184,7.599999904632568,1.1909424019767645,2,moderate,0
S7E_P10_AREA20_DURATION4_1994_03,p10_area20_duration4,"p10, 20 percent area, 4 days",False,1994,1994/95,1995-01-02,1995-01-06,5,0.9775248660322788,0.2260526475801181,0.7391713215850714,0.9955385881686476,3.6958566079253568,1995-01-03,0.9955385881686476,0.9955385881686476,0.9522514100901387,7.296044819095461,4.0,7.880714544644811,4,very_severe,0
S7E_P10_AREA20_DURATION4_1994_04,p10_area20_duration4,"p10, 20 percent area, 4 days",False,1994,1994/95,1995-01-23,1995-01-31,9,0.999999999999997,0.3187117048732924,0.5556214220283432,0.8763899624432094,5.000592798255089,1995-01-25,0.8763899624432094,0.589527340514827,0.8972204978277631,7.725699703898286,4.199999809265137,4.58556229561548,3,severe,0
S7E_P10_AREA20_DURATION4_1996_01,p10_area20_duration4,"p10, 20 percent area, 4 days",False,1996,1996/97,1996-12-08,1996-12-14,7,0.999999999999997,0.2251875768543674,0.5206062980725937,0.7361509550689732,3.6442440865081562,1996-12-10,0.7361509550689732,0.6307098962432552,0.1638775118762352,11.934761139230035,8.600000381469727,3.4550889236026547,1,mild,0
S7E_P10_AREA20_DURATION4_1996_02,p10_area20_duration4,"p10, 20 percent area, 4 days",False,1996,1996/97,1997-01-23,1997-01-31,9,0.9572719266596434,0.283072447120963,0.5327012544296257,0.9412342089525384,4.794311289866632,1997-01-26,0.9412342089525384,0.4206105326517266,0.9522514100901387,8.040179851035115,5.0,3.790506584753821,3,severe,0
S7E_P10_AREA20_DURATION4_1996_03,p10_area20_duration4,"p10, 20 percent area, 4 days",False,1996,1996/97,1997-02-07,1997-02-11,5,0.999999999999997,0.2356969321401553,0.6152873511275566,0.9747265440578569,3.076436755637783,1997-02-08,0.9747265440578569,0.9275996127789063,0.8972204978277631,9.017203124214198,6.400000095367432,5.282513108359168,2,moderate,0
S7E_P10_AREA20_DURATION4_1996_04,p10_area20_duration4,"p10, 20 percent area, 4 days",False,1996,1996/97,1997-02-22,1997-02-25,4,0.999999999999997,0.4177169857610542,0.5935891073742652,0.8661046415757385,2.3743564294970607,1997-02-24,0.8661046415757385,0.5327718983331738,0.1602102455924183,12.225446756239716,9.0,2.366761132094095,1,mild,0
S7E_P10_AREA20_DURATION4_1997_01,p10_area20_duration4,"p10, 20 percent area, 4 days",False,1997,1997/98,1997-12-21,1997-12-25,5,0.999999999999997,0.2983813144888756,0.37282113507808284,0.455373338114395,1.8641056753904142,1997-12-23,0.455373338114395,0.2073302966715623,0.516404286159406,10.869213769924492,8.0,1.3942292159080603,2,moderate,0
S7E_P10_AREA20_DURATION4_1999_01,p10_area20_duration4,"p10, 20 percent area, 4 days",False,1999,1999/00,2000-01-07,2000-01-10,4,0.999999999999997,0.2409962187080659,0.4701813533499269,0.620479277722752,1.8807254133997076,2000-01-08,0.620479277722752,0.1833696711047183,0.7634607411536494,8.975333758707274,5.5,1.6448248635841418,3,severe,0
S7E_P10_AREA20_DURATION4_1999_02,p10_area20_duration4,"p10, 20 percent area, 4 days",False,1999,1999/00,2000-02-19,2000-02-23,5,0.999999999999997,0.2133689442314852,0.5346450888598242,0.9482265975877947,2.673225444299121,2000-02-20,0.9482265975877947,0.48088417686953466,0.2067680261642481,12.096476378867582,9.0,2.8495006680329036,1,mild,0
S7E_P10_AREA20_DURATION4_2000_01,p10_area20_duration4,"p10, 20 percent area, 4 days",False,2000,2000/01,2000-12-03,2000-12-07,5,0.999999999999997,0.3744051583015091,0.5381800727187949,0.6831174977225926,2.690900363593974,2000-12-03,0.6831174977225926,0.5056263238531485,0.1014444545449597,12.553357602904873,9.800000190734863,2.3701952370639456,1,mild,0
S7E_P10_AREA20_DURATION4_2000_02,p10_area20_duration4,"p10, 20 percent area, 4 days",False,2000,2000/01,2000-12-10,2000-12-13,4,0.999999999999997,0.2475345628379598,0.3513761000709863,0.4249824068693703,1.4055044002839452,2000-12-11,0.4249824068693703,0.07807186747042599,0.0,12.574532991300135,10.199999809265137,0.6045267954563772,0,no_bmd_cold_wave,0
S7E_P10_AREA20_DURATION4_2000_03,p10_area20_duration4,"p10, 20 percent area, 4 days",False,2000,2000/01,2001-01-10,2001-01-16,7,0.999999999999997,0.2035713075324473,0.5061652117883145,0.8192881541460911,3.543156482518202,2001-01-12,0.8192881541460911,0.2885797720565924,0.8777225101171006,8.322864474834883,5.199999809265137,3.0252260400636883,3,severe,0
S7E_P10_AREA20_DURATION4_2000_04,p10_area20_duration4,"p10, 20 percent area, 4 days",False,2000,2000/01,2001-02-07,2001-02-11,5,0.999999999999997,0.2942756165443285,0.42761131051967116,0.6350072578403,2.1380565525983557,2001-02-08,0.6350072578403,0.1928574981678292,0.3258098290274962,10.981737826812545,9.0,1.4095379279353624,1,mild,0
S7E_P10_AREA20_DURATION4_2001_01,p10_area20_duration4,"p10, 20 percent area, 4 days",False,2001,2001/02,2002-02-02,2002-02-06,5,0.999999999999997,0.2048244007239514,0.4095144156011803,0.6061414452149307,2.0475720780059015,2002-02-06,0.6061414452149307,0.1617922161728324,0.46208177566836595,10.41232935391947,8.0,0.9987794088663074,2,moderate,0
S7E_P10_AREA20_DURATION4_2002_01,p10_area20_duration4,"p10, 20 percent area, 4 days",False,2002,2002/03,2003-01-20,2003-01-26,7,0.999999999999997,0.20556772556787778,0.5779986823173371,0.999999999999997,4.04599077622136,2003-01-23,0.999999999999997,0.9612889574432951,0.9522514100901386,6.702264520108782,3.4000000953674316,6.270490280894198,4,very_severe,0
S7E_P10_AREA20_DURATION4_2003_01,p10_area20_duration4,"p10, 20 percent area, 4 days",False,2003,2003/04,2004-02-04,2004-02-09,6,0.9556729255883639,0.2306066716270756,0.5358167613934891,0.9331977916206456,3.2149005683609344,2004-02-05,0.9331977916206456,0.7256286871874315,0.6767440263451472,9.37732606350722,6.199999809265137,3.3628290341364577,2,moderate,0
S7E_P10_AREA20_DURATION4_2004_01,p10_area20_duration4,"p10, 20 percent area, 4 days",False,2004,2004/05,2004-12-27,2004-12-31,5,0.999999999999997,0.2174254294400061,0.4653474084696807,0.637574077804047,2.3267370423484035,2004-12-28,0.637574077804047,0.4044300949333114,0.781419973184934,9.40255081699827,5.199999809265137,2.47236477264675,3,severe,0
S7E_P10_AREA20_DURATION4_2006_01,p10_area20_duration4,"p10, 20 percent area, 4 days",False,2006,2006/07,2006-12-01,2006-12-05,5,0.999999999999997,0.2218228341702403,0.6265041098330377,0.8571601812083532,3.1325205491651884,2006-12-02,0.8571601812083532,0.4695400928713231,0.178884974352336,12.47546534918766,8.800000190734863,2.943895783941405,1,mild,0
S7E_P10_AREA20_DURATION4_2006_02,p10_area20_duration4,"p10, 20 percent area, 4 days",False,2006,2006/07,2007-01-15,2007-01-19,5,0.999999999999997,0.2980969500735893,0.45625289788277523,0.5979426570138089,2.2812644894138763,2007-01-15,0.5979426570138089,0.4806856837004172,0.8225670192654558,8.635263489143771,4.0,2.6172835206056413,4,very_severe,0
S7E_P10_AREA20_DURATION4_2007_01,p10_area20_duration4,"p10, 20 percent area, 4 days",False,2007,2007/08,2008-02-12,2008-02-17,6,0.9791879558892063,0.3467671119047039,0.8465342896221189,0.9791879558892063,5.079205737732713,2008-02-15,0.9791879558892063,0.9538960086733033,0.6921432880163356,9.205687072432022,5.199999809265137,10.134046255138312,3,severe,0
S7E_P10_AREA20_DURATION4_2009_01,p10_area20_duration4,"p10, 20 percent area, 4 days",False,2009,2009/10,2009-12-24,2009-12-30,7,0.999999999999997,0.3096277264233242,0.6779552052160028,0.9046590559161682,4.7456864365120195,2009-12-27,0.9046590559161682,0.6263398101958051,0.7383533626328834,9.36164346228723,6.0,4.763295459250233,3,severe,0
S7E_P10_AREA20_DURATION4_2010_01,p10_area20_duration4,"p10, 20 percent area, 4 days",False,2010,2010/11,2010-12-21,2010-12-26,6,0.999999999999997,0.2015484817165171,0.3670522036096792,0.4896472512944051,2.202313221658075,2010-12-25,0.4896472512944051,0.3040041878351757,0.4052832353047674,10.556597987519934,7.199999809265137,1.5869011182096522,2,moderate,0
S7E_P10_AREA20_DURATION4_2010_02,p10_area20_duration4,"p10, 20 percent area, 4 days",False,2010,2010/11,2011-01-11,2011-01-15,5,0.999999999999997,0.2344846056849007,0.565114506025331,0.8960905516591184,2.8255725301266548,2011-01-13,0.8960905516591184,0.6575582730124963,0.8999303048595599,7.551586293983397,4.5,3.28706620261777,3,severe,0
S7E_P10_AREA20_DURATION4_2011_01,p10_area20_duration4,"p10, 20 percent area, 4 days",False,2011,2011/12,2011-12-15,2011-12-20,6,0.999999999999997,0.20894400448188402,0.4036180338572955,0.6012375859130337,2.421708203143773,2011-12-17,0.6012375859130337,0.4094101528455346,0.3075793215871456,11.244302186771794,6.0,1.979695735444068,3,severe,0
S7E_P10_AREA20_DURATION4_2011_02,p10_area20_duration4,"p10, 20 percent area, 4 days",False,2011,2011/12,2011-12-22,2011-12-25,4,0.999999999999997,0.28060489971797187,0.3546773870536001,0.4657508259594495,1.4187095482144003,2011-12-24,0.4657508259594495,0.2199171067010871,0.384713695634655,10.567931916889142,6.5,1.1514768210584485,2,moderate,0
S7E_P10_AREA20_DURATION4_2011_03,p10_area20_duration4,"p10, 20 percent area, 4 days",False,2011,2011/12,2012-02-10,2012-02-14,5,0.999999999999997,0.2364771694071156,0.6073653951412042,0.9592262943842207,3.0368269757060213,2012-02-13,0.9592262943842207,0.771720478795634,0.4580816468330533,10.370922074568588,5.900000095367432,3.4569329426950426,3,severe,0
S7E_P10_AREA20_DURATION4_2012_01,p10_area20_duration4,"p10, 20 percent area, 4 days",False,2012,2012/13,2012-12-03,2012-12-09,7,0.999999999999997,0.22433710380974708,0.37980177805645915,0.5415326913912114,2.658612446395214,2012-12-07,0.5415326913912114,0.2465392723467465,0.0,13.216666556527253,10.199999809265137,1.7001509614536028,0,no_bmd_cold_wave,0
S7E_P10_AREA20_DURATION4_2012_02,p10_area20_duration4,"p10, 20 percent area, 4 days",False,2012,2012/13,2012-12-26,2013-01-02,8,0.999999999999997,0.3175159541310272,0.574494176356197,0.9476788947694182,4.595953410849576,2012-12-31,0.9476788947694182,0.5357486164351579,0.8254014048865219,9.171735307803653,5.699999809265137,4.145617597049877,3,severe,0
S7E_P10_AREA20_DURATION4_2012_03,p10_area20_duration4,"p10, 20 percent area, 4 days",False,2012,2012/13,2013-01-08,2013-01-14,7,0.999999999999997,0.2924794492020834,0.7571895231452556,0.999999999999997,5.300326662016789,2013-01-10,0.999999999999997,0.999999999999997,0.9730634542009293,6.005771053216176,3.200000047683716,12.118391666476864,4,very_severe,0
S7E_P10_AREA20_DURATION4_2013_01,p10_area20_duration4,"p10, 20 percent area, 4 days",False,2013,2013/14,2014-02-18,2014-02-22,5,0.9751631433868623,0.308596830718284,0.5425374297441814,0.8222950367181394,2.712687148720907,2014-02-18,0.8222950367181394,0.6412542557411675,0.178884974352336,11.411472244667276,8.199999809265137,3.001007546283823,1,mild,0
S7E_P10_AREA20_DURATION4_2015_01,p10_area20_duration4,"p10, 20 percent area, 4 days",False,2015,2015/16,2015-12-20,2015-12-24,5,0.999999999999997,0.212531350822997,0.453095424607013,0.7737354406472754,2.265477123035065,2015-12-21,0.7737354406472754,0.5457739808699459,0.525333512255317,10.249530615450386,6.0,2.21374244523912,3,severe,0
S7E_P10_AREA20_DURATION4_2017_01,p10_area20_duration4,"p10, 20 percent area, 4 days",False,2017,2017/18,2018-01-06,2018-01-12,7,0.999999999999997,0.3023175123353254,0.5827523188141842,0.9247264545039929,4.07926623169929,2018-01-08,0.9247264545039929,0.8265598241432268,0.8994529985618529,7.350693041295237,3.200000047683716,5.978539795789239,4,very_severe,0
S7E_P10_AREA20_DURATION4_2018_01,p10_area20_duration4,"p10, 20 percent area, 4 days",False,2018,2018/19,2018-12-27,2018-12-31,5,0.999999999999997,0.2985478131695313,0.554802579242783,0.7990865177183621,2.774012896213915,2018-12-29,0.7990865177183621,0.7046455266947319,0.8254014048865219,8.507338013788313,5.800000190734863,3.3082888490038322,3,severe,0
S7E_P10_AREA20_DURATION4_2019_01,p10_area20_duration4,"p10, 20 percent area, 4 days",False,2019,2019/20,2020-02-10,2020-02-14,5,0.999999999999997,0.293814149442177,0.35707738922875276,0.4387523794682121,1.7853869461437637,2020-02-11,0.4387523794682121,0.2178950454857156,0.2509316821685579,11.515228430530033,8.600000381469727,1.1840495396212776,1,mild,0
S7E_P10_AREA20_DURATION4_2020_01,p10_area20_duration4,"p10, 20 percent area, 4 days",False,2020,2020/21,2020-12-19,2020-12-22,4,0.999999999999997,0.2502936041115366,0.5345626189510798,0.7936371057425482,2.1382504758043193,2020-12-19,0.7936371057425482,0.5905461057329487,0.5645398876705299,10.102658419898061,7.300000190734863,2.0304448076035553,2,moderate,0
S7E_P10_AREA20_DURATION4_2020_02,p10_area20_duration4,"p10, 20 percent area, 4 days",False,2020,2020/21,2021-01-31,2021-02-03,4,0.999999999999997,0.429460505082105,0.7379977555759092,0.9730634542009294,2.9519910223036367,2021-02-01,0.9730634542009294,0.9730634542009294,0.8757807888760966,8.352295478280695,5.5,3.976795946396737,3,severe,0
S7E_P10_AREA20_DURATION4_2021_01,p10_area20_duration4,"p10, 20 percent area, 4 days",False,2021,2021/22,2022-02-06,2022-02-09,4,0.999999999999997,0.2043102757326787,0.4269638860746528,0.66289640019348,1.7078555442986112,2022-02-07,0.66289640019348,0.2142304432241977,0.3714772210251845,10.829790489501809,8.5,0.8580534679306462,1,mild,0
S7E_P10_AREA20_DURATION4_2021_02,p10_area20_duration4,"p10, 20 percent area, 4 days",False,2021,2021/22,2022-02-12,2022-02-20,9,0.999999999999997,0.2295384013611314,0.3987587524793115,0.5776368744585019,3.5888287723138035,2022-02-19,0.5776368744585019,0.2967751446460055,0.19971550973688962,11.750752818281983,7.699999809265137,2.9505621482506665,2,moderate,0
S7E_P10_AREA30_DURATION3_1985_01,p10_area30_duration3,"p10, 30 percent area, 3 days",False,1985,1985/86,1986-02-17,1986-02-20,4,0.8884948962992469,0.43017685530371663,0.6074197479243771,0.7769175496736024,2.4296789916975086,1986-02-19,0.7769175496736024,0.6006649739254024,0.25389495744319857,11.491814908763923,8.300000190734863,3.582357117602561,1,mild,0
S7E_P10_AREA30_DURATION3_1985_02,p10_area30_duration3,"p10, 30 percent area, 3 days",False,1985,1985/86,1986-02-25,1986-02-28,4,0.9394515348096736,0.6790610082930533,0.7215340335073253,0.7511897815393032,2.886136134029301,1986-02-26,0.7511897815393032,0.5791263548254995,0.1995774341771894,12.361871546144966,7.800000190734863,3.834004122451937,2,moderate,0
S7E_P10_AREA30_DURATION3_1986_01,p10_area30_duration3,"p10, 30 percent area, 3 days",False,1986,1986/87,1987-01-02,1987-01-04,3,0.999999999999997,0.4689037826973141,0.6366759713060118,0.7229907139094522,1.9100279139180356,1987-01-02,0.7229907139094522,0.5312426018514336,0.850480142316065,9.265500839403197,6.800000190734863,1.83267617533671,2,moderate,0
S7E_P10_AREA30_DURATION3_1988_01,p10_area30_duration3,"p10, 30 percent area, 3 days",False,1988,1988/89,1989-01-12,1989-01-16,5,0.999999999999997,0.5947618396572827,0.701949347066632,0.917133854456868,3.5097467353331604,1989-01-13,0.917133854456868,0.6771354798251256,0.9522514100901388,7.409460017467628,4.599999904632568,3.5109373017184313,3,severe,0
S7E_P10_AREA30_DURATION3_1988_02,p10_area30_duration3,"p10, 30 percent area, 3 days",False,1988,1988/89,1989-01-18,1989-01-20,3,0.999999999999997,0.5636278764354835,0.6775152569045407,0.8059286909743186,2.032545770713622,1989-01-19,0.8059286909743186,0.5465391833374948,0.8431390884535032,8.517923883597097,5.599999904632568,1.82938757403716,3,severe,0
S7E_P10_AREA30_DURATION3_1988_03,p10_area30_duration3,"p10, 30 percent area, 3 days",False,1988,1988/89,1989-01-29,1989-01-31,3,0.999999999999997,0.3534157957901712,0.4762999437396403,0.6061048671205806,1.428899831218921,1989-01-30,0.6061048671205806,0.3352197122899015,0.6603937593962123,9.535285073921832,5.0,1.0859828603832333,3,severe,0
S7E_P10_AREA30_DURATION3_1988_04,p10_area30_duration3,"p10, 30 percent area, 3 days",False,1988,1988/89,1989-02-20,1989-02-22,3,0.999999999999997,0.7171561360138221,0.8863756156946073,0.999999999999997,2.659126847083822,1989-02-21,0.999999999999997,0.9955385881686476,0.3327419942815801,10.636769399726509,8.199999809265137,4.635850035975782,1,mild,0
S7E_P10_AREA30_DURATION3_1988_05,p10_area30_duration3,"p10, 30 percent area, 3 days",False,1988,1988/89,1989-02-24,1989-02-27,4,0.999999999999997,0.39005296290826447,0.4639614376048715,0.531312513158154,1.855845750419486,1989-02-24,0.531312513158154,0.2303397435809284,0.0407737056157763,12.94507696686563,9.0,1.6748298520655616,1,mild,0
S7E_P10_AREA30_DURATION3_1989_01,p10_area30_duration3,"p10, 30 percent area, 3 days",False,1989,1989/90,1989-12-03,1989-12-13,11,0.999999999999997,0.301891564194287,0.8167984404175415,0.9955385881686476,8.984782844592957,1989-12-06,0.9955385881686476,0.9646571918897354,0.3489854576258725,10.98298430138226,7.599999904632568,13.699453221742393,2,moderate,0
S7E_P10_AREA30_DURATION3_1989_02,p10_area30_duration3,"p10, 30 percent area, 3 days",False,1989,1989/90,1989-12-29,1990-01-07,10,0.9280851284156993,0.364587116607842,0.5730905975933902,0.8374851506664333,5.7309059759339025,1990-01-02,0.8374851506664333,0.5441970638181846,0.7681328821827579,9.015680894674734,5.300000190734863,5.810896474104768,3,severe,0
S7E_P10_AREA30_DURATION3_1989_03,p10_area30_duration3,"p10, 30 percent area, 3 days",False,1989,1989/90,1990-01-10,1990-01-12,3,0.999999999999997,0.333892438726387,0.3700848978079707,0.4136031492506168,1.1102546934239121,1990-01-10,0.4136031492506168,0.14344104976483668,0.768610188480465,8.848323803642655,5.300000190734863,0.7786884355533333,3,severe,0
S7E_P10_AREA30_DURATION3_1990_01,p10_area30_duration3,"p10, 30 percent area, 3 days",False,1990,1990/91,1991-01-19,1991-01-22,4,0.9955385881686476,0.3333298412884921,0.51023388458725,0.7290708809202227,2.040935538349,1991-01-21,0.7290708809202227,0.3066668528422961,0.842661782155796,8.403714969920959,5.400000095367432,2.1680372217666073,3,severe,0
S7E_P10_AREA30_DURATION3_1991_01,p10_area30_duration3,"p10, 30 percent area, 3 days",False,1991,1991/92,1991-12-01,1991-12-07,7,0.9619266687773917,0.3022373708420717,0.7435434662845086,0.999999999999997,5.20480426399156,1991-12-02,0.999999999999997,0.7819956041870469,0.0898550046193041,12.008931750228584,9.199999809265137,6.195057514677553,1,mild,0
S7E_P10_AREA30_DURATION3_1991_02,p10_area30_duration3,"p10, 30 percent area, 3 days",False,1991,1991/92,1992-01-02,1992-01-07,6,0.999999999999997,0.365916237343967,0.4443622000218121,0.7692139165191938,2.6661732001308724,1992-01-03,0.7692139165191938,0.4075946159043745,0.7990142784616702,9.143405807852433,6.5,2.4441472691249744,2,moderate,0
S7E_P10_AREA30_DURATION3_1991_03,p10_area30_duration3,"p10, 30 percent area, 3 days",False,1991,1991/92,1992-02-25,1992-02-27,3,0.999999999999997,0.3564532203333809,0.6723876982615217,0.969628768041503,2.017163094784565,1992-02-27,0.969628768041503,0.6255628919449457,0.1014444545449597,12.505022803060056,9.800000190734863,2.210281960267186,1,mild,0
S7E_P10_AREA30_DURATION3_1992_01,p10_area30_duration3,"p10, 30 percent area, 3 days",False,1992,1992/93,1992-12-06,1992-12-22,17,0.999999999999997,0.3070645285579151,0.6231264493328031,0.8971047922672465,10.593149638657653,1992-12-08,0.8971047922672465,0.5760030128606426,0.3737212952017216,10.608882613501727,7.400000095367432,10.225099007315606,2,moderate,0
S7E_P10_AREA30_DURATION3_1992_02,p10_area30_duration3,"p10, 30 percent area, 3 days",False,1992,1992/93,1993-01-20,1993-01-27,8,0.999999999999997,0.5592518455008865,0.7776110490101389,0.9030541769142376,6.220888392081111,1993-01-22,0.9030541769142376,0.606130919470465,0.9522514100901387,7.76511472914851,4.400000095367432,6.619528809150572,3,severe,0
S7E_P10_AREA30_DURATION3_1992_03,p10_area30_duration3,"p10, 30 percent area, 3 days",False,1992,1992/93,1993-02-23,1993-02-25,3,0.999999999999997,0.8730159835684853,0.9477542081737423,0.9955385881686476,2.843262624521227,1993-02-24,0.9955385881686476,0.8738726952271153,0.3887200168632361,10.707143896533388,7.0,5.395156568125632,2,moderate,0
S7E_P10_AREA30_DURATION3_1993_01,p10_area30_duration3,"p10, 30 percent area, 3 days",False,1993,1993/94,1994-02-24,1994-02-27,4,0.9472015884717111,0.5790479590181123,0.7630808953151658,0.8490554647895814,3.052323581260663,1994-02-26,0.8490554647895814,0.5773213244608382,0.0471269312789505,11.881809912666249,9.899999618530273,4.841586438227097,1,mild,0
S7E_P10_AREA30_DURATION3_1994_01,p10_area30_duration3,"p10, 30 percent area, 3 days",False,1994,1994/95,1994-12-12,1994-12-16,5,0.999999999999997,0.320210670492529,0.6778531545981725,0.9730634542009294,3.3892657729908624,1994-12-14,0.9730634542009294,0.7860727494905162,0.4503172898366785,10.352960439360555,7.800000190734863,4.468625891167426,2,moderate,0
S7E_P10_AREA30_DURATION3_1994_02,p10_area30_duration3,"p10, 30 percent area, 3 days",False,1994,1994/95,1994-12-21,1994-12-24,4,0.999999999999997,0.3330981334312185,0.3596198639923159,0.4276887995522372,1.4384794559692635,1994-12-23,0.4276887995522372,0.2272054111048094,0.3674771500416208,11.013100174695184,7.599999904632568,1.1909424019767645,2,moderate,0
S7E_P10_AREA30_DURATION3_1994_03,p10_area30_duration3,"p10, 30 percent area, 3 days",False,1994,1994/95,1995-01-02,1995-01-05,4,0.9775248660322788,0.6399981741701087,0.8674509900863097,0.9955385881686476,3.4698039603452386,1995-01-03,0.9955385881686476,0.9955385881686476,0.9522514100901387,7.296044819095461,4.0,7.739683305330284,4,very_severe,0
S7E_P10_AREA30_DURATION3_1994_04,p10_area30_duration3,"p10, 30 percent area, 3 days",False,1994,1994/95,1995-01-23,1995-01-31,9,0.999999999999997,0.3187117048732924,0.5556214220283432,0.8763899624432094,5.000592798255089,1995-01-25,0.8763899624432094,0.589527340514827,0.8972204978277631,7.725699703898286,4.199999809265137,4.58556229561548,3,severe,0
S7E_P10_AREA30_DURATION3_1996_01,p10_area30_duration3,"p10, 30 percent area, 3 days",False,1996,1996/97,1996-12-08,1996-12-12,5,0.999999999999997,0.5449729479265926,0.6277673442174884,0.7361509550689732,3.1388367210874417,1996-12-10,0.7361509550689732,0.6307098962432552,0.1638775118762352,11.934761139230035,8.600000381469727,3.2563994857741054,1,mild,0
S7E_P10_AREA30_DURATION3_1996_02,p10_area30_duration3,"p10, 30 percent area, 3 days",False,1996,1996/97,1997-01-23,1997-01-27,5,0.999999999999997,0.3613978814128682,0.6742694748714715,0.9412342089525384,3.3713473743573577,1997-01-26,0.9412342089525384,0.4206105326517266,0.9522514100901387,8.040179851035115,5.0,2.8598695219683368,3,severe,0
S7E_P10_AREA30_DURATION3_1996_03,p10_area30_duration3,"p10, 30 percent area, 3 days",False,1996,1996/97,1997-01-29,1997-01-31,3,0.999999999999997,0.3255491748041212,0.37996382279610347,0.48399727697160827,1.1398914683883103,1997-01-30,0.48399727697160827,0.14480551648498868,0.5852711617261029,10.005380405648186,6.699999809265137,0.6977550209717337,2,moderate,0
S7E_P10_AREA30_DURATION3_1996_04,p10_area30_duration3,"p10, 30 percent area, 3 days",False,1996,1996/97,1997-02-07,1997-02-09,3,0.999999999999997,0.6201459423976665,0.8477263486886059,0.9747265440578569,2.5431790460658177,1997-02-08,0.9747265440578569,0.9275996127789063,0.8972204978277631,9.017203124214198,6.400000095367432,4.737639926699631,2,moderate,0
S7E_P10_AREA30_DURATION3_1996_05,p10_area30_duration3,"p10, 30 percent area, 3 days",False,1996,1996/97,1997-02-22,1997-02-25,4,0.999999999999997,0.4177169857610542,0.5935891073742652,0.8661046415757385,2.3743564294970607,1997-02-24,0.8661046415757385,0.5327718983331738,0.1602102455924183,12.225446756239716,9.0,2.366761132094095,1,mild,0
S7E_P10_AREA30_DURATION3_1997_01,p10_area30_duration3,"p10, 30 percent area, 3 days",False,1997,1997/98,1997-12-22,1997-12-25,4,0.999999999999997,0.3521536681790899,0.39143109022538464,0.455373338114395,1.5657243609015385,1997-12-23,0.455373338114395,0.2073302966715623,0.516404286159406,10.869213769924492,8.0,1.236113622612488,2,moderate,0
S7E_P10_AREA30_DURATION3_1999_01,p10_area30_duration3,"p10, 30 percent area, 3 days",False,1999,1999/00,2000-01-07,2000-01-09,3,0.999999999999997,0.4718903105763695,0.5465763982305473,0.620479277722752,1.6397291946916417,2000-01-08,0.620479277722752,0.1833696711047183,0.7417215970793237,8.975333758707274,5.5,1.5411880369603155,3,severe,0
S7E_P10_AREA30_DURATION3_1999_02,p10_area30_duration3,"p10, 30 percent area, 3 days",False,1999,1999/00,2000-02-19,2000-02-22,4,0.999999999999997,0.31182422584324193,0.614964125016909,0.9482265975877947,2.459856500067636,2000-02-20,0.9482265975877947,0.48088417686953466,0.2067680261642481,12.096476378867582,9.0,2.757747626201144,1,mild,0
S7E_P10_AREA30_DURATION3_1999_03,p10_area30_duration3,"p10, 30 percent area, 3 days",False,1999,1999/00,2000-02-27,2000-02-29,3,0.999999999999997,0.828443978652614,0.8950741976347181,0.9955385881686476,2.685222592904154,2000-02-28,0.9955385881686476,0.549343097826741,0.1602102455924183,12.459199219984482,9.300000190734863,3.3871660293521826,1,mild,0
S7E_P10_AREA30_DURATION3_2000_01,p10_area30_duration3,"p10, 30 percent area, 3 days",False,2000,2000/01,2000-12-03,2000-12-07,5,0.999999999999997,0.3744051583015091,0.5381800727187949,0.6831174977225926,2.690900363593974,2000-12-03,0.6831174977225926,0.5056263238531485,0.1014444545449597,12.553357602904873,9.800000190734863,2.3701952370639456,1,mild,0
S7E_P10_AREA30_DURATION3_2000_02,p10_area30_duration3,"p10, 30 percent area, 3 days",False,2000,2000/01,2000-12-10,2000-12-12,3,0.999999999999997,0.322757874700208,0.3859899458153285,0.4249824068693703,1.1579698374459855,2000-12-11,0.4249824068693703,0.0666042181053891,0.0,12.65313418701957,10.199999809265137,0.48592956961162354,0,no_bmd_cold_wave,0
S7E_P10_AREA30_DURATION3_2000_03,p10_area30_duration3,"p10, 30 percent area, 3 days",False,2000,2000/01,2001-01-06,2001-01-08,3,0.999999999999997,0.4477853976686397,0.5226966565527555,0.6020679862279712,1.5680899696582666,2001-01-08,0.6020679862279712,0.0969090043921939,0.7945200086076097,9.325134374974061,6.099999904632568,1.0329900471673104,2,moderate,0
S7E_P10_AREA30_DURATION3_2000_04,p10_area30_duration3,"p10, 30 percent area, 3 days",False,2000,2000/01,2001-01-11,2001-01-15,5,0.999999999999997,0.3500591865181348,0.6224148194306893,0.8192881541460911,3.1120740971534464,2001-01-12,0.8192881541460911,0.2885797720565924,0.8777225101171006,8.322864474834883,5.199999809265137,2.714995775613895,3,severe,0
S7E_P10_AREA30_DURATION3_2000_05,p10_area30_duration3,"p10, 30 percent area, 3 days",False,2000,2000/01,2001-02-08,2001-02-11,4,0.999999999999997,0.3420755988552169,0.4609452340135068,0.6350072578403,1.8437809360540272,2001-02-08,0.6350072578403,0.1928574981678292,0.2540330330028988,10.981737826812545,9.0,1.2707414214543473,1,mild,0
S7E_P10_AREA30_DURATION3_2002_01,p10_area30_duration3,"p10, 30 percent area, 3 days",False,2002,2002/03,2003-01-20,2003-01-25,6,0.999999999999997,0.3230099721601788,0.640070508442247,0.999999999999997,3.8404230506534818,2003-01-23,0.999999999999997,0.9612889574432951,0.9522514100901386,6.702264520108782,3.4000000953674316,6.0832617556465065,4,very_severe,0
S7E_P10_AREA30_DURATION3_2003_01,p10_area30_duration3,"p10, 30 percent area, 3 days",False,2003,2003/04,2004-02-04,2004-02-07,4,0.9556729255883639,0.3190750073228766,0.6740164951046482,0.9331977916206456,2.696065980418593,2004-02-05,0.9331977916206456,0.7256286871874315,0.6767440263451472,9.37732606350722,6.199999809265137,3.054192535109592,2,moderate,0
S7E_P10_AREA30_DURATION3_2004_01,p10_area30_duration3,"p10, 30 percent area, 3 days",False,2004,2004/05,2004-12-27,2004-12-30,4,0.999999999999997,0.45651109604037543,0.5273279032270993,0.637574077804047,2.1093116129083973,2004-12-28,0.637574077804047,0.4044300949333114,0.781419973184934,9.40255081699827,5.199999809265137,2.362373348954289,3,severe,0
S7E_P10_AREA30_DURATION3_2006_01,p10_area30_duration3,"p10, 30 percent area, 3 days",False,2006,2006/07,2006-12-01,2006-12-04,4,0.999999999999997,0.6435740595544596,0.727674428748737,0.8571601812083532,2.910697714994948,2006-12-02,0.8571601812083532,0.4695400928713231,0.178884974352336,12.47546534918766,8.800000190734863,2.833733840333898,1,mild,0
S7E_P10_AREA30_DURATION3_2007_01,p10_area30_duration3,"p10, 30 percent area, 3 days",False,2007,2007/08,2008-02-02,2008-02-04,3,0.9791879558892063,0.6360497961804216,0.7674966117988536,0.8407445124076889,2.302489835396561,2008-02-03,0.8407445124076889,0.6192696415159901,0.5529670355186743,9.310357840566043,5.599999904632568,1.9453668121854097,3,severe,0
S7E_P10_AREA30_DURATION3_2007_02,p10_area30_duration3,"p10, 30 percent area, 3 days",False,2007,2007/08,2008-02-12,2008-02-17,6,0.9791879558892063,0.3467671119047039,0.8465342896221189,0.9791879558892063,5.079205737732713,2008-02-15,0.9791879558892063,0.9538960086733033,0.6921432880163356,9.205687072432022,5.199999809265137,10.134046255138312,3,severe,0
S7E_P10_AREA30_DURATION3_2009_01,p10_area30_duration3,"p10, 30 percent area, 3 days",False,2009,2009/10,2009-12-24,2009-12-30,7,0.999999999999997,0.3096277264233242,0.6779552052160028,0.9046590559161682,4.7456864365120195,2009-12-27,0.9046590559161682,0.6263398101958051,0.7383533626328834,9.36164346228723,6.0,4.763295459250233,3,severe,0
S7E_P10_AREA30_DURATION3_2010_01,p10_area30_duration3,"p10, 30 percent area, 3 days",False,2010,2010/11,2010-12-23,2010-12-26,4,0.999999999999997,0.3787917329916449,0.43354227143508406,0.4896472512944051,1.7341690857403362,2010-12-25,0.4896472512944051,0.3040041878351757,0.4052832353047674,10.556597987519934,7.199999809265137,1.2151157450866585,2,moderate,0
S7E_P10_AREA30_DURATION3_2010_02,p10_area30_duration3,"p10, 30 percent area, 3 days",False,2010,2010/11,2011-01-11,2011-01-14,4,0.999999999999997,0.4002744933912068,0.6477719811104385,0.8960905516591184,2.591087924441754,2011-01-13,0.8960905516591184,0.6575582730124963,0.8999303048595599,7.551586293983397,4.5,3.130032268604993,3,severe,0
S7E_P10_AREA30_DURATION3_2010_03,p10_area30_duration3,"p10, 30 percent area, 3 days",False,2010,2010/11,2011-01-17,2011-01-19,3,0.999999999999997,0.3992501913711848,0.7018282980502352,0.999999999999997,2.1054848941507056,2011-01-18,0.999999999999997,0.7242682801692025,0.9522514100901387,7.72913285149484,5.400000095367432,2.8275328444074104,3,severe,0
S7E_P10_AREA30_DURATION3_2011_01,p10_area30_duration3,"p10, 30 percent area, 3 days",False,2011,2011/12,2011-12-15,2011-12-17,3,0.999999999999997,0.3379068364346461,0.4950305660402814,0.6012375859130337,1.4850916981208442,2011-12-17,0.6012375859130337,0.4094101528455346,0.3075793215871456,11.244302186771794,6.0,1.4100426777419455,3,severe,0
S7E_P10_AREA30_DURATION3_2011_02,p10_area30_duration3,"p10, 30 percent area, 3 days",False,2011,2011/12,2011-12-22,2011-12-24,3,0.999999999999997,0.325854233137552,0.3793682161654761,0.4657508259594495,1.1381046484964283,2011-12-24,0.4657508259594495,0.2199171067010871,0.384713695634655,10.567931916889142,6.5,0.9618536009254279,2,moderate,0
S7E_P10_AREA30_DURATION3_2011_03,p10_area30_duration3,"p10, 30 percent area, 3 days",False,2011,2011/12,2012-02-11,2012-02-13,3,0.999999999999997,0.6427758293590976,0.8405556361834533,0.9592262943842207,2.52166690855036,2012-02-13,0.9592262943842207,0.771720478795634,0.4580816468330533,10.370922074568588,5.900000095367432,3.0988721662074172,3,severe,0
S7E_P10_AREA30_DURATION3_2012_01,p10_area30_duration3,"p10, 30 percent area, 3 days",False,2012,2012/13,2012-12-05,2012-12-09,5,0.999999999999997,0.3214301963670794,0.43804037445870814,0.5415326913912114,2.1902018722935406,2012-12-07,0.5415326913912114,0.2465392723467465,0.0,13.216666556527253,10.199999809265137,1.4659248377736844,0,no_bmd_cold_wave,0
S7E_P10_AREA30_DURATION3_2012_02,p10_area30_duration3,"p10, 30 percent area, 3 days",False,2012,2012/13,2012-12-26,2013-01-02,8,0.999999999999997,0.3175159541310272,0.574494176356197,0.9476788947694182,4.595953410849576,2012-12-31,0.9476788947694182,0.5357486164351579,0.8254014048865219,9.171735307803653,5.699999809265137,4.145617597049877,3,severe,0
S7E_P10_AREA30_DURATION3_2012_03,p10_area30_duration3,"p10, 30 percent area, 3 days",False,2012,2012/13,2013-01-08,2013-01-13,6,0.999999999999997,0.4907106240172982,0.8346412021357842,0.999999999999997,5.007847212814705,2013-01-10,0.999999999999997,0.999999999999997,0.9730634542009293,6.005771053216176,3.200000047683716,11.888205782287375,4,very_severe,0
S7E_P10_AREA30_DURATION3_2013_01,p10_area30_duration3,"p10, 30 percent area, 3 days",False,2013,2013/14,2014-02-18,2014-02-22,5,0.9751631433868623,0.308596830718284,0.5425374297441814,0.8222950367181394,2.712687148720907,2014-02-18,0.8222950367181394,0.6412542557411675,0.178884974352336,11.411472244667276,8.199999809265137,3.001007546283823,1,mild,0
S7E_P10_AREA30_DURATION3_2014_01,p10_area30_duration3,"p10, 30 percent area, 3 days",False,2014,2014/15,2015-01-31,2015-02-02,3,0.9472015884717111,0.3093746943562402,0.5322317695689476,0.7610506151492175,1.5966953087068427,2015-02-01,0.7610506151492175,0.521879775385553,0.5773265858341018,9.65483350830098,5.5,1.1765473412345333,3,severe,0
S7E_P10_AREA30_DURATION3_2015_01,p10_area30_duration3,"p10, 30 percent area, 3 days",False,2015,2015/16,2015-12-20,2015-12-22,3,0.999999999999997,0.3574475292670502,0.5650438662021251,0.7737354406472754,1.6951315986063753,2015-12-21,0.7737354406472754,0.5457739808699459,0.525333512255317,10.249530615450386,6.300000190734863,1.6594183732527104,2,moderate,0
S7E_P10_AREA30_DURATION3_2015_02,p10_area30_duration3,"p10, 30 percent area, 3 days",False,2015,2015/16,2016-01-25,2016-01-27,3,0.999999999999997,0.3352542473615564,0.40913278935354586,0.5398377990701279,1.2273983680606375,2016-01-26,0.5398377990701279,0.1820340414747384,0.7911517741611693,8.852312693218156,6.099999904632568,0.9740010478981183,2,moderate,0
S7E_P10_AREA30_DURATION3_2017_01,p10_area30_duration3,"p10, 30 percent area, 3 days",False,2017,2017/18,2018-01-06,2018-01-12,7,0.999999999999997,0.3023175123353254,0.5827523188141842,0.9247264545039929,4.07926623169929,2018-01-08,0.9247264545039929,0.8265598241432268,0.8994529985618529,7.350693041295237,3.200000047683716,5.978539795789239,4,very_severe,0
S7E_P10_AREA30_DURATION3_2018_01,p10_area30_duration3,"p10, 30 percent area, 3 days",False,2018,2018/19,2018-12-27,2018-12-30,4,0.999999999999997,0.402653072739058,0.6188662707610959,0.7990865177183621,2.4754650830443836,2018-12-29,0.7990865177183621,0.7046455266947319,0.8254014048865219,8.507338013788313,5.800000190734863,3.0515335239359738,3,severe,0
S7E_P10_AREA30_DURATION3_2020_01,p10_area30_duration3,"p10, 30 percent area, 3 days",False,2020,2020/21,2020-12-19,2020-12-21,3,0.999999999999997,0.417836212188546,0.6293189572309276,0.7936371057425482,1.8879568716927826,2020-12-19,0.7936371057425482,0.5905461057329487,0.5645398876705299,10.102658419898061,7.300000190734863,1.9362793281014765,2,moderate,0
S7E_P10_AREA30_DURATION3_2020_02,p10_area30_duration3,"p10, 30 percent area, 3 days",False,2020,2020/21,2021-01-31,2021-02-03,4,0.999999999999997,0.429460505082105,0.7379977555759092,0.9730634542009294,2.9519910223036367,2021-02-01,0.9730634542009294,0.9730634542009294,0.8757807888760966,8.352295478280695,5.5,3.976795946396737,3,severe,0
S7E_P10_AREA30_DURATION3_2021_01,p10_area30_duration3,"p10, 30 percent area, 3 days",False,2021,2021/22,2022-01-29,2022-01-31,3,0.999999999999997,0.3742422695621654,0.42055190048203456,0.4579598803939699,1.2616557014461036,2022-01-30,0.4579598803939699,0.2793696555866562,0.5799340540543118,10.038318360076026,7.800000190734863,0.5943731665761391,2,moderate,0
S7E_P10_AREA30_DURATION3_2021_02,p10_area30_duration3,"p10, 30 percent area, 3 days",False,2021,2021/22,2022-02-13,2022-02-17,5,0.999999999999997,0.31798157207486233,0.408653619059959,0.5454435212540569,2.043268095299795,2022-02-16,0.5454435212540569,0.2003523688783916,0.19971550973688962,11.750752818281983,7.699999809265137,1.6362073791473761,2,moderate,0
S7E_PRIMARY_P10_AREA20_DURATION3_1985_01,primary_p10_area20_duration3,"Primary p10, 20 percent area, 3 days",True,1985,1985/86,1985-12-03,1985-12-06,4,0.9394515348096736,0.20187334154474562,0.21530604891878857,0.2412741029249345,0.8612241956751543,1985-12-04,0.2412741029249345,0.1316589654660846,0.0,13.64323974887938,10.699999809265137,0.5834195583021182,0,no_bmd_cold_wave,0
S7E_PRIMARY_P10_AREA20_DURATION3_1985_02,primary_p10_area20_duration3,"Primary p10, 20 percent area, 3 days",True,1985,1985/86,1986-02-17,1986-02-21,5,0.8884948962992469,0.272732124054546,0.540482223150411,0.7769175496736024,2.7024111157520547,1986-02-19,0.7769175496736024,0.6006649739254024,0.25389495744319857,11.491814908763923,8.300000190734863,3.9896646477840756,1,mild,0
S7E_PRIMARY_P10_AREA20_DURATION3_1985_03,primary_p10_area20_duration3,"Primary p10, 20 percent area, 3 days",True,1985,1985/86,1986-02-25,1986-02-28,4,0.9394515348096736,0.6790610082930533,0.7215340335073253,0.7511897815393032,2.886136134029301,1986-02-26,0.7511897815393032,0.5791263548254995,0.1995774341771894,12.361871546144966,7.800000190734863,3.834004122451937,2,moderate,0
S7E_PRIMARY_P10_AREA20_DURATION3_1986_01,primary_p10_area20_duration3,"Primary p10, 20 percent area, 3 days",True,1986,1986/87,1987-01-02,1987-01-04,3,0.999999999999997,0.4689037826973141,0.6366759713060118,0.7229907139094522,1.9100279139180356,1987-01-02,0.7229907139094522,0.5312426018514336,0.850480142316065,9.265500839403197,6.800000190734863,1.83267617533671,2,moderate,0
S7E_PRIMARY_P10_AREA20_DURATION3_1988_01,primary_p10_area20_duration3,"Primary p10, 20 percent area, 3 days",True,1988,1988/89,1989-01-11,1989-01-16,6,0.999999999999997,0.28707360404630133,0.6328033898965769,0.917133854456868,3.7968203393794617,1989-01-13,0.917133854456868,0.6771354798251256,0.9522514100901388,7.409460017467628,4.599999904632568,3.696614548864316,3,severe,0
S7E_PRIMARY_P10_AREA20_DURATION3_1988_02,primary_p10_area20_duration3,"Primary p10, 20 percent area, 3 days",True,1988,1988/89,1989-01-18,1989-01-21,4,0.999999999999997,0.2281791329406032,0.5651812259135564,0.8059286909743186,2.2607249036542254,1989-01-19,0.8059286909743186,0.5465391833374948,0.8431390884535032,8.517923883597097,5.599999904632568,1.9649628360049507,3,severe,0
S7E_PRIMARY_P10_AREA20_DURATION3_1988_03,primary_p10_area20_duration3,"Primary p10, 20 percent area, 3 days",True,1988,1988/89,1989-01-26,1989-02-01,7,0.999999999999997,0.2441325451934377,0.3675950265365873,0.6061048671205806,2.5731651857561113,1989-01-30,0.6061048671205806,0.3352197122899015,0.7658040556481625,9.376266442044074,5.0,1.9669081393561387,3,severe,0
S7E_PRIMARY_P10_AREA20_DURATION3_1988_04,primary_p10_area20_duration3,"Primary p10, 20 percent area, 3 days",True,1988,1988/89,1989-02-20,1989-02-27,8,0.999999999999997,0.2872959313991287,0.6002835661128045,0.999999999999997,4.802268528902436,1989-02-21,0.999999999999997,0.9955385881686476,0.3327419942815801,10.636769399726509,8.199999809265137,6.526637725392705,1,mild,0
S7E_PRIMARY_P10_AREA20_DURATION3_1989_01,primary_p10_area20_duration3,"Primary p10, 20 percent area, 3 days",True,1989,1989/90,1989-12-02,1989-12-14,13,0.999999999999997,0.2257946039128838,0.7305178889508717,0.9955385881686476,9.496732556361332,1989-12-06,0.9955385881686476,0.9646571918897354,0.3489854576258725,10.98298430138226,7.599999904632568,14.105670843025178,2,moderate,0
S7E_PRIMARY_P10_AREA20_DURATION3_1989_02,primary_p10_area20_duration3,"Primary p10, 20 percent area, 3 days",True,1989,1989/90,1989-12-28,1990-01-08,12,0.9280851284156993,0.2257879078383859,0.5161677645750528,0.8374851506664333,6.1940131749006335,1990-01-02,0.8374851506664333,0.5441970638181846,0.7681328821827579,9.015680894674734,5.300000190734863,6.216037265973995,3,severe,0
S7E_PRIMARY_P10_AREA20_DURATION3_1989_03,primary_p10_area20_duration3,"Primary p10, 20 percent area, 3 days",True,1989,1989/90,1990-01-10,1990-01-12,3,0.999999999999997,0.333892438726387,0.3700848978079707,0.4136031492506168,1.1102546934239121,1990-01-10,0.4136031492506168,0.14344104976483668,0.768610188480465,8.848323803642655,5.300000190734863,0.7786884355533333,3,severe,0
S7E_PRIMARY_P10_AREA20_DURATION3_1990_01,primary_p10_area20_duration3,"Primary p10, 20 percent area, 3 days",True,1990,1990/91,1991-01-16,1991-01-22,7,0.9955385881686476,0.2762326664754065,0.4453035952275128,0.7290708809202227,3.1171251665925896,1991-01-21,0.7290708809202227,0.3066668528422961,0.842661782155796,8.403714969920959,5.199999809265137,3.3546695709899,3,severe,0
S7E_PRIMARY_P10_AREA20_DURATION3_1991_01,primary_p10_area20_duration3,"Primary p10, 20 percent area, 3 days",True,1991,1991/92,1991-12-01,1991-12-07,7,0.9619266687773917,0.3022373708420717,0.7435434662845086,0.999999999999997,5.20480426399156,1991-12-02,0.999999999999997,0.7819956041870469,0.0898550046193041,12.008931750228584,9.199999809265137,6.195057514677553,1,mild,0
S7E_PRIMARY_P10_AREA20_DURATION3_1991_02,primary_p10_area20_duration3,"Primary p10, 20 percent area, 3 days",True,1991,1991/92,1991-12-29,1991-12-31,3,0.999999999999997,0.23146895257377842,0.5529102805636562,0.7482531921226475,1.6587308416909687,1991-12-30,0.7482531921226475,0.5058402534184684,0.7681328821827579,9.38376389864528,6.599999904632568,1.8109085011247248,2,moderate,0
S7E_PRIMARY_P10_AREA20_DURATION3_1991_03,primary_p10_area20_duration3,"Primary p10, 20 percent area, 3 days",True,1991,1991/92,1992-01-02,1992-01-07,6,0.999999999999997,0.365916237343967,0.4443622000218121,0.7692139165191938,2.6661732001308724,1992-01-03,0.7692139165191938,0.4075946159043745,0.7990142784616702,9.143405807852433,6.5,2.4441472691249744,2,moderate,0
S7E_PRIMARY_P10_AREA20_DURATION3_1991_04,primary_p10_area20_duration3,"Primary p10, 20 percent area, 3 days",True,1991,1991/92,1992-02-25,1992-02-27,3,0.999999999999997,0.3564532203333809,0.6723876982615217,0.969628768041503,2.017163094784565,1992-02-27,0.969628768041503,0.6255628919449457,0.1014444545449597,12.505022803060056,9.800000190734863,2.210281960267186,1,mild,0
S7E_PRIMARY_P10_AREA20_DURATION3_1992_01,primary_p10_area20_duration3,"Primary p10, 20 percent area, 3 days",True,1992,1992/93,1992-12-06,1992-12-22,17,0.999999999999997,0.3070645285579151,0.6231264493328031,0.8971047922672465,10.593149638657653,1992-12-08,0.8971047922672465,0.5760030128606426,0.3737212952017216,10.608882613501727,7.400000095367432,10.225099007315606,2,moderate,0
S7E_PRIMARY_P10_AREA20_DURATION3_1992_02,primary_p10_area20_duration3,"Primary p10, 20 percent area, 3 days",True,1992,1992/93,1993-01-20,1993-01-28,9,0.999999999999997,0.2998750149917982,0.7245292674525454,0.9030541769142376,6.520763407072909,1993-01-22,0.9030541769142376,0.606130919470465,0.9522514100901387,7.76511472914851,4.400000095367432,6.885443168822619,3,severe,0
S7E_PRIMARY_P10_AREA20_DURATION3_1992_03,primary_p10_area20_duration3,"Primary p10, 20 percent area, 3 days",True,1992,1992/93,1993-02-23,1993-02-25,3,0.999999999999997,0.8730159835684853,0.9477542081737423,0.9955385881686476,2.843262624521227,1993-02-24,0.9955385881686476,0.8738726952271153,0.3887200168632361,10.707143896533388,7.0,5.395156568125632,2,moderate,0
S7E_PRIMARY_P10_AREA20_DURATION3_1993_01,primary_p10_area20_duration3,"Primary p10, 20 percent area, 3 days",True,1993,1993/94,1994-02-24,1994-02-27,4,0.9472015884717111,0.5790479590181123,0.7630808953151658,0.8490554647895814,3.052323581260663,1994-02-26,0.8490554647895814,0.5773213244608382,0.0471269312789505,11.881809912666249,9.899999618530273,4.841586438227097,1,mild,0
S7E_PRIMARY_P10_AREA20_DURATION3_1994_01,primary_p10_area20_duration3,"Primary p10, 20 percent area, 3 days",True,1994,1994/95,1994-12-12,1994-12-18,7,0.999999999999997,0.2484131804930505,0.5880042996519572,0.9730634542009294,4.1160300975637005,1994-12-14,0.9730634542009294,0.7860727494905162,0.4503172898366785,10.352960439360555,7.800000190734863,4.929250676560569,2,moderate,0
S7E_PRIMARY_P10_AREA20_DURATION3_1994_02,primary_p10_area20_duration3,"Primary p10, 20 percent area, 3 days",True,1994,1994/95,1994-12-21,1994-12-24,4,0.999999999999997,0.3330981334312185,0.3596198639923159,0.4276887995522372,1.4384794559692635,1994-12-23,0.4276887995522372,0.2272054111048094,0.3674771500416208,11.013100174695184,7.599999904632568,1.1909424019767645,2,moderate,0
S7E_PRIMARY_P10_AREA20_DURATION3_1994_03,primary_p10_area20_duration3,"Primary p10, 20 percent area, 3 days",True,1994,1994/95,1995-01-02,1995-01-06,5,0.9775248660322788,0.2260526475801181,0.7391713215850714,0.9955385881686476,3.6958566079253568,1995-01-03,0.9955385881686476,0.9955385881686476,0.9522514100901387,7.296044819095461,4.0,7.880714544644811,4,very_severe,0
S7E_PRIMARY_P10_AREA20_DURATION3_1994_04,primary_p10_area20_duration3,"Primary p10, 20 percent area, 3 days",True,1994,1994/95,1995-01-23,1995-01-31,9,0.999999999999997,0.3187117048732924,0.5556214220283432,0.8763899624432094,5.000592798255089,1995-01-25,0.8763899624432094,0.589527340514827,0.8972204978277631,7.725699703898286,4.199999809265137,4.58556229561548,3,severe,0
S7E_PRIMARY_P10_AREA20_DURATION3_1995_01,primary_p10_area20_duration3,"Primary p10, 20 percent area, 3 days",True,1995,1995/96,1995-12-03,1995-12-05,3,0.999999999999997,0.2986696061589435,0.34743853805741365,0.4167005349474137,1.042315614172241,1995-12-04,0.4167005349474137,0.2725498242616515,0.0808014045629588,12.971329201026814,9.399999618530273,1.2227268735759245,1,mild,0
S7E_PRIMARY_P10_AREA20_DURATION3_1995_02,primary_p10_area20_duration3,"Primary p10, 20 percent area, 3 days",True,1995,1995/96,1996-01-30,1996-02-01,3,0.999999999999997,0.2267344086390293,0.48795163258300095,0.6581858278777742,1.463854897749003,1996-01-31,0.6581858278777742,0.4469972732195809,0.5294553990556714,9.472690625069593,5.800000190734863,1.5843021564292996,3,severe,0
S7E_PRIMARY_P10_AREA20_DURATION3_1995_03,primary_p10_area20_duration3,"Primary p10, 20 percent area, 3 days",True,1995,1995/96,1996-02-17,1996-02-19,3,0.999999999999997,0.2073755999775737,0.3013171210172587,0.3965952269797013,0.9039513630517761,1996-02-19,0.3965952269797013,0.1119836249899046,0.0471269312789505,12.801884699141574,8.699999809265137,0.5991894848114708,1,mild,0
S7E_PRIMARY_P10_AREA20_DURATION3_1996_01,primary_p10_area20_duration3,"Primary p10, 20 percent area, 3 days",True,1996,1996/97,1996-12-08,1996-12-14,7,0.999999999999997,0.2251875768543674,0.5206062980725937,0.7361509550689732,3.6442440865081562,1996-12-10,0.7361509550689732,0.6307098962432552,0.1638775118762352,11.934761139230035,8.600000381469727,3.4550889236026547,1,mild,0
S7E_PRIMARY_P10_AREA20_DURATION3_1996_02,primary_p10_area20_duration3,"Primary p10, 20 percent area, 3 days",True,1996,1996/97,1997-01-18,1997-01-20,3,0.999999999999997,0.2336944971376879,0.44135538791509404,0.5655605672379437,1.3240661637452822,1997-01-19,0.5655605672379437,0.4266140292570073,0.8757807888760966,8.804783702366816,5.199999809265137,1.2637388476981928,3,severe,0
S7E_PRIMARY_P10_AREA20_DURATION3_1996_03,primary_p10_area20_duration3,"Primary p10, 20 percent area, 3 days",True,1996,1996/97,1997-01-23,1997-01-31,9,0.9572719266596434,0.283072447120963,0.5327012544296257,0.9412342089525384,4.794311289866632,1997-01-26,0.9412342089525384,0.4206105326517266,0.9522514100901387,8.040179851035115,5.0,3.790506584753821,3,severe,0
S7E_PRIMARY_P10_AREA20_DURATION3_1996_04,primary_p10_area20_duration3,"Primary p10, 20 percent area, 3 days",True,1996,1996/97,1997-02-07,1997-02-11,5,0.999999999999997,0.2356969321401553,0.6152873511275566,0.9747265440578569,3.076436755637783,1997-02-08,0.9747265440578569,0.9275996127789063,0.8972204978277631,9.017203124214198,6.400000095367432,5.282513108359168,2,moderate,0
S7E_PRIMARY_P10_AREA20_DURATION3_1996_05,primary_p10_area20_duration3,"Primary p10, 20 percent area, 3 days",True,1996,1996/97,1997-02-22,1997-02-25,4,0.999999999999997,0.4177169857610542,0.5935891073742652,0.8661046415757385,2.3743564294970607,1997-02-24,0.8661046415757385,0.5327718983331738,0.1602102455924183,12.225446756239716,9.0,2.366761132094095,1,mild,0
S7E_PRIMARY_P10_AREA20_DURATION3_1997_01,primary_p10_area20_duration3,"Primary p10, 20 percent area, 3 days",True,1997,1997/98,1997-12-21,1997-12-25,5,0.999999999999997,0.2983813144888756,0.37282113507808284,0.455373338114395,1.8641056753904142,1997-12-23,0.455373338114395,0.2073302966715623,0.516404286159406,10.869213769924492,8.0,1.3942292159080603,2,moderate,0
S7E_PRIMARY_P10_AREA20_DURATION3_1997_02,primary_p10_area20_duration3,"Primary p10, 20 percent area, 3 days",True,1997,1997/98,1998-02-09,1998-02-11,3,0.999999999999997,0.2411763662234631,0.42886570490732573,0.5651013424794422,1.2865971147219772,1998-02-10,0.5651013424794422,0.2918907027915483,0.1694513310513163,11.400213916339435,7.699999809265137,0.8207801199955209,2,moderate,0
S7E_PRIMARY_P10_AREA20_DURATION3_1999_01,primary_p10_area20_duration3,"Primary p10, 20 percent area, 3 days",True,1999,1999/00,2000-01-07,2000-01-10,4,0.999999999999997,0.2409962187080659,0.4701813533499269,0.620479277722752,1.8807254133997076,2000-01-08,0.620479277722752,0.1833696711047183,0.7634607411536494,8.975333758707274,5.5,1.6448248635841418,3,severe,0
S7E_PRIMARY_P10_AREA20_DURATION3_1999_02,primary_p10_area20_duration3,"Primary p10, 20 percent area, 3 days",True,1999,1999/00,2000-02-15,2000-02-17,3,0.999999999999997,0.2552845426890159,0.5295925396363351,0.8085698335638267,1.5887776189090055,2000-02-16,0.8085698335638267,0.4797919989986019,0.1906602964827932,11.408542202299287,8.399999618530273,2.150508588367146,1,mild,0
S7E_PRIMARY_P10_AREA20_DURATION3_1999_03,primary_p10_area20_duration3,"Primary p10, 20 percent area, 3 days",True,1999,1999/00,2000-02-19,2000-02-23,5,0.999999999999997,0.2133689442314852,0.5346450888598242,0.9482265975877947,2.673225444299121,2000-02-20,0.9482265975877947,0.48088417686953466,0.2067680261642481,12.096476378867582,9.0,2.8495006680329036,1,mild,0
S7E_PRIMARY_P10_AREA20_DURATION3_1999_04,primary_p10_area20_duration3,"Primary p10, 20 percent area, 3 days",True,1999,1999/00,2000-02-27,2000-02-29,3,0.999999999999997,0.828443978652614,0.8950741976347181,0.9955385881686476,2.685222592904154,2000-02-28,0.9955385881686476,0.549343097826741,0.1602102455924183,12.459199219984482,9.300000190734863,3.3871660293521826,1,mild,0
S7E_PRIMARY_P10_AREA20_DURATION3_2000_01,primary_p10_area20_duration3,"Primary p10, 20 percent area, 3 days",True,2000,2000/01,2000-12-03,2000-12-07,5,0.999999999999997,0.3744051583015091,0.5381800727187949,0.6831174977225926,2.690900363593974,2000-12-03,0.6831174977225926,0.5056263238531485,0.1014444545449597,12.553357602904873,9.800000190734863,2.3701952370639456,1,mild,0
S7E_PRIMARY_P10_AREA20_DURATION3_2000_02,primary_p10_area20_duration3,"Primary p10, 20 percent area, 3 days",True,2000,2000/01,2000-12-10,2000-12-13,4,0.999999999999997,0.2475345628379598,0.3513761000709863,0.4249824068693703,1.4055044002839452,2000-12-11,0.4249824068693703,0.07807186747042599,0.0,12.574532991300135,10.199999809265137,0.6045267954563772,0,no_bmd_cold_wave,0
S7E_PRIMARY_P10_AREA20_DURATION3_2000_03,primary_p10_area20_duration3,"Primary p10, 20 percent area, 3 days",True,2000,2000/01,2001-01-06,2001-01-08,3,0.999999999999997,0.4477853976686397,0.5226966565527555,0.6020679862279712,1.5680899696582666,2001-01-08,0.6020679862279712,0.0969090043921939,0.7945200086076097,9.325134374974061,6.099999904632568,1.0329900471673104,2,moderate,0
S7E_PRIMARY_P10_AREA20_DURATION3_2000_04,primary_p10_area20_duration3,"Primary p10, 20 percent area, 3 days",True,2000,2000/01,2001-01-10,2001-01-16,7,0.999999999999997,0.2035713075324473,0.5061652117883145,0.8192881541460911,3.543156482518202,2001-01-12,0.8192881541460911,0.2885797720565924,0.8777225101171006,8.322864474834883,5.199999809265137,3.0252260400636883,3,severe,0
S7E_PRIMARY_P10_AREA20_DURATION3_2000_05,primary_p10_area20_duration3,"Primary p10, 20 percent area, 3 days",True,2000,2000/01,2001-02-07,2001-02-11,5,0.999999999999997,0.2942756165443285,0.42761131051967116,0.6350072578403,2.1380565525983557,2001-02-08,0.6350072578403,0.1928574981678292,0.3258098290274962,10.981737826812545,9.0,1.4095379279353624,1,mild,0
S7E_PRIMARY_P10_AREA20_DURATION3_2001_01,primary_p10_area20_duration3,"Primary p10, 20 percent area, 3 days",True,2001,2001/02,2002-02-02,2002-02-06,5,0.999999999999997,0.2048244007239514,0.4095144156011803,0.6061414452149307,2.0475720780059015,2002-02-06,0.6061414452149307,0.1617922161728324,0.46208177566836595,10.41232935391947,8.0,0.9987794088663074,2,moderate,0
S7E_PRIMARY_P10_AREA20_DURATION3_2002_01,primary_p10_area20_duration3,"Primary p10, 20 percent area, 3 days",True,2002,2002/03,2003-01-20,2003-01-26,7,0.999999999999997,0.20556772556787778,0.5779986823173371,0.999999999999997,4.04599077622136,2003-01-23,0.999999999999997,0.9612889574432951,0.9522514100901386,6.702264520108782,3.4000000953674316,6.270490280894198,4,very_severe,0
S7E_PRIMARY_P10_AREA20_DURATION3_2003_01,primary_p10_area20_duration3,"Primary p10, 20 percent area, 3 days",True,2003,2003/04,2004-02-04,2004-02-09,6,0.9556729255883639,0.2306066716270756,0.5358167613934891,0.9331977916206456,3.2149005683609344,2004-02-05,0.9331977916206456,0.7256286871874315,0.6767440263451472,9.37732606350722,6.199999809265137,3.3628290341364577,2,moderate,0
S7E_PRIMARY_P10_AREA20_DURATION3_2004_01,primary_p10_area20_duration3,"Primary p10, 20 percent area, 3 days",True,2004,2004/05,2004-12-27,2004-12-31,5,0.999999999999997,0.2174254294400061,0.4653474084696807,0.637574077804047,2.3267370423484035,2004-12-28,0.637574077804047,0.4044300949333114,0.781419973184934,9.40255081699827,5.199999809265137,2.47236477264675,3,severe,0
S7E_PRIMARY_P10_AREA20_DURATION3_2006_01,primary_p10_area20_duration3,"Primary p10, 20 percent area, 3 days",True,2006,2006/07,2006-12-01,2006-12-05,5,0.999999999999997,0.2218228341702403,0.6265041098330377,0.8571601812083532,3.1325205491651884,2006-12-02,0.8571601812083532,0.4695400928713231,0.178884974352336,12.47546534918766,8.800000190734863,2.943895783941405,1,mild,0
S7E_PRIMARY_P10_AREA20_DURATION3_2006_02,primary_p10_area20_duration3,"Primary p10, 20 percent area, 3 days",True,2006,2006/07,2007-01-03,2007-01-05,3,0.999999999999997,0.2900980674306661,0.4312084914090892,0.5105169307791209,1.2936254742272675,2007-01-04,0.5105169307791209,0.0964316980944867,0.6739930857856175,9.907191921802866,7.199999809265137,0.6639093481260557,2,moderate,0
S7E_PRIMARY_P10_AREA20_DURATION3_2006_03,primary_p10_area20_duration3,"Primary p10, 20 percent area, 3 days",True,2006,2006/07,2007-01-15,2007-01-19,5,0.999999999999997,0.2980969500735893,0.45625289788277523,0.5979426570138089,2.2812644894138763,2007-01-15,0.5979426570138089,0.4806856837004172,0.8225670192654558,8.635263489143771,4.0,2.6172835206056413,4,very_severe,0
S7E_PRIMARY_P10_AREA20_DURATION3_2006_04,primary_p10_area20_duration3,"Primary p10, 20 percent area, 3 days",True,2006,2006/07,2007-02-20,2007-02-22,3,0.999999999999997,0.2970640733787482,0.39326056834904444,0.5592040262692592,1.1797817050471333,2007-02-20,0.5592040262692592,0.2454667843658387,0.0471269312789505,12.70587793640031,10.800000190734863,0.9000583150800973,1,mild,0
S7E_PRIMARY_P10_AREA20_DURATION3_2007_01,primary_p10_area20_duration3,"Primary p10, 20 percent area, 3 days",True,2007,2007/08,2007-12-20,2007-12-22,3,0.9791879558892063,0.28239466341253083,0.49547045107760485,0.634277697111581,1.4864113532328145,2007-12-22,0.634277697111581,0.2295827347848277,0.4184323158416064,10.411984307179166,7.199999809265137,1.2860898500025029,2,moderate,0
S7E_PRIMARY_P10_AREA20_DURATION3_2007_02,primary_p10_area20_duration3,"Primary p10, 20 percent area, 3 days",True,2007,2007/08,2008-02-02,2008-02-04,3,0.9791879558892063,0.6360497961804216,0.7674966117988536,0.8407445124076889,2.302489835396561,2008-02-03,0.8407445124076889,0.6192696415159901,0.5529670355186743,9.310357840566043,5.599999904632568,1.9453668121854097,3,severe,0
S7E_PRIMARY_P10_AREA20_DURATION3_2007_03,primary_p10_area20_duration3,"Primary p10, 20 percent area, 3 days",True,2007,2007/08,2008-02-12,2008-02-17,6,0.9791879558892063,0.3467671119047039,0.8465342896221189,0.9791879558892063,5.079205737732713,2008-02-15,0.9791879558892063,0.9538960086733033,0.6921432880163356,9.205687072432022,5.199999809265137,10.134046255138312,3,severe,0
S7E_PRIMARY_P10_AREA20_DURATION3_2009_01,primary_p10_area20_duration3,"Primary p10, 20 percent area, 3 days",True,2009,2009/10,2009-12-24,2009-12-30,7,0.999999999999997,0.3096277264233242,0.6779552052160028,0.9046590559161682,4.7456864365120195,2009-12-27,0.9046590559161682,0.6263398101958051,0.7383533626328834,9.36164346228723,6.0,4.763295459250233,3,severe,0
S7E_PRIMARY_P10_AREA20_DURATION3_2010_01,primary_p10_area20_duration3,"Primary p10, 20 percent area, 3 days",True,2010,2010/11,2010-12-21,2010-12-26,6,0.999999999999997,0.2015484817165171,0.3670522036096792,0.4896472512944051,2.202313221658075,2010-12-25,0.4896472512944051,0.3040041878351757,0.4052832353047674,10.556597987519934,7.199999809265137,1.5869011182096522,2,moderate,0
S7E_PRIMARY_P10_AREA20_DURATION3_2010_02,primary_p10_area20_duration3,"Primary p10, 20 percent area, 3 days",True,2010,2010/11,2011-01-11,2011-01-15,5,0.999999999999997,0.2344846056849007,0.565114506025331,0.8960905516591184,2.8255725301266548,2011-01-13,0.8960905516591184,0.6575582730124963,0.8999303048595599,7.551586293983397,4.5,3.28706620261777,3,severe,0
S7E_PRIMARY_P10_AREA20_DURATION3_2010_03,primary_p10_area20_duration3,"Primary p10, 20 percent area, 3 days",True,2010,2010/11,2011-01-17,2011-01-19,3,0.999999999999997,0.3992501913711848,0.7018282980502352,0.999999999999997,2.1054848941507056,2011-01-18,0.999999999999997,0.7242682801692025,0.9522514100901387,7.72913285149484,5.400000095367432,2.8275328444074104,3,severe,0
S7E_PRIMARY_P10_AREA20_DURATION3_2010_04,primary_p10_area20_duration3,"Primary p10, 20 percent area, 3 days",True,2010,2010/11,2011-02-23,2011-02-25,3,0.999999999999997,0.226484681106683,0.2944945721999575,0.3937642660475501,0.8834837165998725,2011-02-25,0.3937642660475501,0.0950296566385896,0.0,13.959160721929296,10.399999618530273,0.6381098094732117,0,no_bmd_cold_wave,0
S7E_PRIMARY_P10_AREA20_DURATION3_2011_01,primary_p10_area20_duration3,"Primary p10, 20 percent area, 3 days",True,2011,2011/12,2011-12-15,2011-12-20,6,0.999999999999997,0.20894400448188402,0.4036180338572955,0.6012375859130337,2.421708203143773,2011-12-17,0.6012375859130337,0.4094101528455346,0.3075793215871456,11.244302186771794,6.0,1.979695735444068,3,severe,0
S7E_PRIMARY_P10_AREA20_DURATION3_2011_02,primary_p10_area20_duration3,"Primary p10, 20 percent area, 3 days",True,2011,2011/12,2011-12-22,2011-12-25,4,0.999999999999997,0.28060489971797187,0.3546773870536001,0.4657508259594495,1.4187095482144003,2011-12-24,0.4657508259594495,0.2199171067010871,0.384713695634655,10.567931916889142,6.5,1.1514768210584485,2,moderate,0
S7E_PRIMARY_P10_AREA20_DURATION3_2011_03,primary_p10_area20_duration3,"Primary p10, 20 percent area, 3 days",True,2011,2011/12,2012-01-14,2012-01-16,3,0.999999999999997,0.2731553779069344,0.5090558980276246,0.6627135054363587,1.5271676940828738,2012-01-15,0.6627135054363587,0.18051893007726189,0.7846276992707456,8.692944234546298,5.900000095367432,0.9542094127193183,3,severe,0
S7E_PRIMARY_P10_AREA20_DURATION3_2011_04,primary_p10_area20_duration3,"Primary p10, 20 percent area, 3 days",True,2011,2011/12,2012-02-10,2012-02-14,5,0.999999999999997,0.2364771694071156,0.6073653951412042,0.9592262943842207,3.0368269757060213,2012-02-13,0.9592262943842207,0.771720478795634,0.4580816468330533,10.370922074568588,5.900000095367432,3.4569329426950426,3,severe,0
S7E_PRIMARY_P10_AREA20_DURATION3_2012_01,primary_p10_area20_duration3,"Primary p10, 20 percent area, 3 days",True,2012,2012/13,2012-12-03,2012-12-09,7,0.999999999999997,0.22433710380974708,0.37980177805645915,0.5415326913912114,2.658612446395214,2012-12-07,0.5415326913912114,0.2465392723467465,0.0,13.216666556527253,10.199999809265137,1.7001509614536028,0,no_bmd_cold_wave,0
S7E_PRIMARY_P10_AREA20_DURATION3_2012_02,primary_p10_area20_duration3,"Primary p10, 20 percent area, 3 days",True,2012,2012/13,2012-12-26,2013-01-02,8,0.999999999999997,0.3175159541310272,0.574494176356197,0.9476788947694182,4.595953410849576,2012-12-31,0.9476788947694182,0.5357486164351579,0.8254014048865219,9.171735307803653,5.699999809265137,4.145617597049877,3,severe,0
S7E_PRIMARY_P10_AREA20_DURATION3_2012_03,primary_p10_area20_duration3,"Primary p10, 20 percent area, 3 days",True,2012,2012/13,2013-01-08,2013-01-14,7,0.999999999999997,0.2924794492020834,0.7571895231452556,0.999999999999997,5.300326662016789,2013-01-10,0.999999999999997,0.999999999999997,0.9730634542009293,6.005771053216176,3.200000047683716,12.118391666476864,4,very_severe,0
S7E_PRIMARY_P10_AREA20_DURATION3_2012_04,primary_p10_area20_duration3,"Primary p10, 20 percent area, 3 days",True,2012,2012/13,2013-01-25,2013-01-27,3,0.999999999999997,0.2126475584993233,0.523161646976093,0.8301996589569447,1.569484940928279,2013-01-27,0.8301996589569447,0.3724744818631978,0.8777225101171006,8.573378288868984,5.400000095367432,1.5467897761883902,3,severe,0
S7E_PRIMARY_P10_AREA20_DURATION3_2013_01,primary_p10_area20_duration3,"Primary p10, 20 percent area, 3 days",True,2013,2013/14,2013-12-16,2013-12-18,3,0.9751631433868623,0.2022767925292936,0.3119720721328963,0.441785517473602,0.9359162163986889,2013-12-17,0.441785517473602,0.2952385100814108,0.2286413122663924,11.39318292158653,6.5,0.8379312831520125,2,moderate,0
S7E_PRIMARY_P10_AREA20_DURATION3_2013_02,primary_p10_area20_duration3,"Primary p10, 20 percent area, 3 days",True,2013,2013/14,2014-02-18,2014-02-22,5,0.9751631433868623,0.308596830718284,0.5425374297441814,0.8222950367181394,2.712687148720907,2014-02-18,0.8222950367181394,0.6412542557411675,0.178884974352336,11.411472244667276,8.199999809265137,3.001007546283823,1,mild,0
S7E_PRIMARY_P10_AREA20_DURATION3_2014_01,primary_p10_area20_duration3,"Primary p10, 20 percent area, 3 days",True,2014,2014/15,2015-01-31,2015-02-02,3,0.9472015884717111,0.3093746943562402,0.5322317695689476,0.7610506151492175,1.5966953087068427,2015-02-01,0.7610506151492175,0.521879775385553,0.5773265858341018,9.65483350830098,5.5,1.1765473412345333,3,severe,0
S7E_PRIMARY_P10_AREA20_DURATION3_2015_01,primary_p10_area20_duration3,"Primary p10, 20 percent area, 3 days",True,2015,2015/16,2015-12-16,2015-12-18,3,0.999999999999997,0.2926157678215162,0.45076349275072825,0.7298710080479145,1.3522904782521847,2015-12-17,0.7298710080479145,0.5339180853757092,0.4136394981641578,10.656142354468576,8.399999618530273,1.1950747511636757,1,mild,0
S7E_PRIMARY_P10_AREA20_DURATION3_2015_02,primary_p10_area20_duration3,"Primary p10, 20 percent area, 3 days",True,2015,2015/16,2015-12-20,2015-12-24,5,0.999999999999997,0.212531350822997,0.453095424607013,0.7737354406472754,2.265477123035065,2015-12-21,0.7737354406472754,0.5457739808699459,0.525333512255317,10.249530615450386,6.0,2.21374244523912,3,severe,0
S7E_PRIMARY_P10_AREA20_DURATION3_2015_03,primary_p10_area20_duration3,"Primary p10, 20 percent area, 3 days",True,2015,2015/16,2016-01-25,2016-01-27,3,0.999999999999997,0.3352542473615564,0.40913278935354586,0.5398377990701279,1.2273983680606375,2016-01-26,0.5398377990701279,0.1820340414747384,0.7911517741611693,8.852312693218156,6.099999904632568,0.9740010478981183,2,moderate,0
S7E_PRIMARY_P10_AREA20_DURATION3_2016_01,primary_p10_area20_duration3,"Primary p10, 20 percent area, 3 days",True,2016,2016/17,2017-01-14,2017-01-16,3,0.999999999999997,0.2122975049045473,0.3271497211600918,0.4932216203624216,0.9814491634802753,2017-01-14,0.4932216203624216,0.2731487966439633,0.8254014048865219,8.480557687056438,5.099999904632568,0.931858916364512,3,severe,0
S7E_PRIMARY_P10_AREA20_DURATION3_2017_01,primary_p10_area20_duration3,"Primary p10, 20 percent area, 3 days",True,2017,2017/18,2018-01-06,2018-01-12,7,0.999999999999997,0.3023175123353254,0.5827523188141842,0.9247264545039929,4.07926623169929,2018-01-08,0.9247264545039929,0.8265598241432268,0.8994529985618529,7.350693041295237,3.200000047683716,5.978539795789239,4,very_severe,0
S7E_PRIMARY_P10_AREA20_DURATION3_2017_02,primary_p10_area20_duration3,"Primary p10, 20 percent area, 3 days",True,2017,2017/18,2018-01-28,2018-01-30,3,0.999999999999997,0.2309875814256196,0.38735210728957775,0.5463985103391398,1.1620563218687332,2018-01-29,0.5463985103391398,0.2979369276633525,0.7006923933674241,9.47500839650076,7.199999809265137,0.7347776642346433,2,moderate,0
S7E_PRIMARY_P10_AREA20_DURATION3_2018_01,primary_p10_area20_duration3,"Primary p10, 20 percent area, 3 days",True,2018,2018/19,2018-12-08,2018-12-10,3,0.999999999999997,0.2310268285177133,0.35094250691553835,0.4255148493303326,1.0528275207466151,2018-12-09,0.4255148493303326,0.2457478433096082,0.0471269312789505,12.854623945012719,9.300000190734863,0.5437956000274956,1,mild,0
S7E_PRIMARY_P10_AREA20_DURATION3_2018_02,primary_p10_area20_duration3,"Primary p10, 20 percent area, 3 days",True,2018,2018/19,2018-12-27,2018-12-31,5,0.999999999999997,0.2985478131695313,0.554802579242783,0.7990865177183621,2.774012896213915,2018-12-29,0.7990865177183621,0.7046455266947319,0.8254014048865219,8.507338013788313,5.800000190734863,3.3082888490038322,3,severe,0
S7E_PRIMARY_P10_AREA20_DURATION3_2019_01,primary_p10_area20_duration3,"Primary p10, 20 percent area, 3 days",True,2019,2019/20,2020-02-10,2020-02-14,5,0.999999999999997,0.293814149442177,0.35707738922875276,0.4387523794682121,1.7853869461437637,2020-02-11,0.4387523794682121,0.2178950454857156,0.2509316821685579,11.515228430530033,8.600000381469727,1.1840495396212776,1,mild,0
S7E_PRIMARY_P10_AREA20_DURATION3_2020_01,primary_p10_area20_duration3,"Primary p10, 20 percent area, 3 days",True,2020,2020/21,2020-12-19,2020-12-22,4,0.999999999999997,0.2502936041115366,0.5345626189510798,0.7936371057425482,2.1382504758043193,2020-12-19,0.7936371057425482,0.5905461057329487,0.5645398876705299,10.102658419898061,7.300000190734863,2.0304448076035553,2,moderate,0
S7E_PRIMARY_P10_AREA20_DURATION3_2020_02,primary_p10_area20_duration3,"Primary p10, 20 percent area, 3 days",True,2020,2020/21,2021-01-31,2021-02-03,4,0.999999999999997,0.429460505082105,0.7379977555759092,0.9730634542009294,2.9519910223036367,2021-02-01,0.9730634542009294,0.9730634542009294,0.8757807888760966,8.352295478280695,5.5,3.976795946396737,3,severe,0
S7E_PRIMARY_P10_AREA20_DURATION3_2021_01,primary_p10_area20_duration3,"Primary p10, 20 percent area, 3 days",True,2021,2021/22,2022-01-29,2022-01-31,3,0.999999999999997,0.3742422695621654,0.42055190048203456,0.4579598803939699,1.2616557014461036,2022-01-30,0.4579598803939699,0.2793696555866562,0.5799340540543118,10.038318360076026,7.800000190734863,0.5943731665761391,2,moderate,0
S7E_PRIMARY_P10_AREA20_DURATION3_2021_02,primary_p10_area20_duration3,"Primary p10, 20 percent area, 3 days",True,2021,2021/22,2022-02-06,2022-02-09,4,0.999999999999997,0.2043102757326787,0.4269638860746528,0.66289640019348,1.7078555442986112,2022-02-07,0.66289640019348,0.2142304432241977,0.3714772210251845,10.829790489501809,8.5,0.8580534679306462,1,mild,0
S7E_PRIMARY_P10_AREA20_DURATION3_2021_03,primary_p10_area20_duration3,"Primary p10, 20 percent area, 3 days",True,2021,2021/22,2022-02-12,2022-02-20,9,0.999999999999997,0.2295384013611314,0.3987587524793115,0.5776368744585019,3.5888287723138035,2022-02-19,0.5776368744585019,0.2967751446460055,0.19971550973688962,11.750752818281983,7.699999809265137,2.9505621482506665,2,moderate,0
S7E_PRIMARY_P10_AREA20_DURATION3_2024_01,primary_p10_area20_duration3,"Primary p10, 20 percent area, 3 days",True,2024,2024/25,2024-12-07,2024-12-09,3,0.9955385881686476,0.2312157440802913,0.2665847839030672,0.2963305217709666,0.7997543517092017,2024-12-07,0.2963305217709666,0.2473712292448091,0.0,13.341533284813861,10.100000381469727,0.6179749730125564,0,no_bmd_cold_wave,0
