date,year,month,day,winter_start_year,winter_label,winter_day_index,observed_station_count,p10_cold_station_count,p05_severe_station_count,observed_national_area_fraction,p10_cold_national_area_fraction,p05_severe_national_area_fraction,weighted_tmin_numerator,area_weighted_p10_deficit,cold_station_minimum_tmin,bmd_mild_area_fraction,bmd_moderate_area_fraction,bmd_severe_area_fraction,bmd_very_severe_area_fraction,maximum_bmd_severity_rank,area_weighted_mean_tmin,cold_area_mean_p10_deficit,p10_cold_fraction_of_observed_area,daily_area_coverage_usable,regional_p10_cold_day,most_severe_bmd_category,candidate_run_length,area_weighted_event_active,event_id,area_weighted_event_day_index,event_onset_date,day_relative_to_onset,final_primary_definition_id,frozen_for_atmospheric_analysis,frozen_utc
1985-12-03,1985,12,3,1985,1985/86,3,24,5,2,0.9394515348096736,0.2132846363980201,0.0649232215992397,12.915450096351467,0.1188392222227046,11.8,0.0,0.0,0.0,0.0,0,13.747862042684352,0.5571860412905381,0.2270310159653207,True,True,no_bmd_cold_wave,4,True,BDP10A_1985_01,1,1985-12-03,0,p10_area20_duration3,True,2026-06-24T18:32:06.313319+00:00
1985-12-04,1985,12,4,1985,1985/86,4,24,7,3,0.9394515348096736,0.2412741029249345,0.0797820907570269,13.104310777690316,0.1214479041657176,11.8,0.0,0.0,0.0,0.0,0,13.948894958530412,0.5033607117109566,0.2568244278549345,True,True,no_bmd_cold_wave,4,True,BDP10A_1985_01,2,1985-12-03,1,p10_area20_duration3,True,2026-06-24T18:32:06.313319+00:00
1985-12-05,1985,12,5,1985,1985/86,5,24,5,3,0.9394515348096736,0.204792114807454,0.1316589654660846,12.81716252186108,0.2058999662705654,10.7,0.0,0.0,0.0,0.0,0,13.64323974887938,1.005409639253704,0.2179911440018494,True,True,no_bmd_cold_wave,4,True,BDP10A_1985_01,3,1985-12-03,2,p10_area20_duration3,True,2026-06-24T18:32:06.313319+00:00
1985-12-06,1985,12,6,1985,1985/86,6,24,5,3,0.9394515348096736,0.2018733415447456,0.1107202519393946,13.098697708596893,0.1372324656431305,12.8,0.0,0.0,0.0,0.0,0,13.942920122271763,0.6797948881859307,0.2148842532740592,True,True,no_bmd_cold_wave,4,True,BDP10A_1985_01,4,1985-12-03,3,p10_area20_duration3,True,2026-06-24T18:32:06.313319+00:00
1986-02-17,1986,2,17,1985,1985/86,79,24,9,3,0.9394515348096736,0.4301768553037166,0.1352364122615007,11.934506262384074,0.4869950388113687,8.6,0.2538949574431985,0.0,0.0,0.0,1,12.70369552890445,1.1320809867084478,0.4579021262558983,True,True,mild,5,True,BDP10A_1985_02,1,1986-02-17,0,p10_area20_duration3,True,2026-06-24T18:32:06.313319+00:00
1986-02-18,1986,2,18,1985,1985/86,80,24,16,14,0.9394515348096736,0.6769541780421217,0.6006649739254024,10.80433480347993,1.1307107800683114,8.3,0.2304588304561016,0.0,0.0,0.0,1,11.500683540496652,1.670291456562893,0.7205844612082813,True,True,mild,5,True,BDP10A_1985_02,2,1986-02-17,1,p10_area20_duration3,True,2026-06-24T18:32:06.313319+00:00
1986-02-19,1986,2,19,1985,1985/86,81,23,20,14,0.8884948962992469,0.7769175496736024,0.5053360135145327,10.21041889565234,1.162304159564428,8.4,0.1762961022327687,0.0,0.0,0.0,1,11.491814908763924,1.496045700155356,0.8744198226794709,True,True,mild,5,True,BDP10A_1985_02,3,1986-02-17,2,p10_area20_duration3,True,2026-06-24T18:32:06.313319+00:00
1986-02-20,1986,2,20,1985,1985/86,82,24,17,11,0.9394515348096736,0.545630408678068,0.3509222891378107,11.44812834004206,0.802347139158453,8.5,0.0879006368947268,0.0,0.0,0.0,1,12.18597012815714,1.4704956439329475,0.5807967611534202,True,True,mild,5,True,BDP10A_1985_02,4,1986-02-17,3,p10_area20_duration3,True,2026-06-24T18:32:06.313319+00:00
1986-02-21,1986,2,21,1985,1985/86,83,24,10,8,0.9394515348096736,0.272732124054546,0.2469915116321587,12.508592999121298,0.4073075301815145,11.1,0.0,0.0,0.0,0.0,0,13.314782653109884,1.493434378489472,0.290309945695921,True,True,no_bmd_cold_wave,5,True,BDP10A_1985_02,5,1986-02-17,4,p10_area20_duration3,True,2026-06-24T18:32:06.313319+00:00
1986-02-25,1986,2,25,1985,1985/86,87,24,16,10,0.9394515348096736,0.6790610082930533,0.4132918924606887,11.983289926136312,0.7360996526276503,8.8,0.0471269312789505,0.0,0.0,0.0,1,12.755623342042917,1.0839963473649803,0.7228270784938644,True,True,mild,4,True,BDP10A_1985_03,1,1986-02-25,0,p10_area20_duration3,True,2026-06-24T18:32:06.313319+00:00
1986-02-26,1986,2,26,1985,1985/86,88,24,17,11,0.9394515348096736,0.7511897815393032,0.4575582736610597,11.732755289082842,0.9328410361382602,8.6,0.0980835697893772,0.0,0.0,0.0,1,12.488941530613197,1.241818058582647,0.7996046136552314,True,True,mild,4,True,BDP10A_1985_03,2,1986-02-25,1,p10_area20_duration3,True,2026-06-24T18:32:06.313319+00:00
1986-02-27,1986,2,27,1985,1985/86,89,24,17,11,0.9394515348096736,0.7389636846567569,0.5212752562057578,11.61337919714592,1.113779564188765,8.8,0.1995774341771894,0.0,0.0,0.0,1,12.361871546144966,1.507218267033118,0.7865905342381135,True,True,mild,4,True,BDP10A_1985_03,3,1986-02-25,2,p10_area20_duration3,True,2026-06-24T18:32:06.313319+00:00
1986-02-28,1986,2,28,1985,1985/86,90,24,16,12,0.9394515348096736,0.7169216595401878,0.5791263548254995,12.089988236984064,1.0512838694972615,7.8,0.0587657910474586,0.0471269312789505,0.0,0.0,2,12.869198451449028,1.4663859788690492,0.7631278815095355,True,True,moderate,4,True,BDP10A_1985_03,4,1986-02-25,3,p10_area20_duration3,True,2026-06-24T18:32:06.313319+00:00
1987-01-02,1987,1,2,1986,1986/87,33,26,17,11,0.999999999999997,0.7229907139094522,0.5312426018514336,9.571391933263149,0.881046333432704,7.2,0.5333655251450611,0.1558113876538214,0.0,0.0,2,9.571391933263175,1.2186136232215103,0.7229907139094545,True,True,moderate,3,True,BDP10A_1986_01,1,1987-01-02,0,p10_area20_duration3,True,2026-06-24T18:32:06.313319+00:00
1987-01-03,1987,1,3,1986,1986/87,34,26,19,12,0.999999999999997,0.7181334173112692,0.4614704089347815,9.265500839403169,0.6690430665473437,7.0,0.6509027081388755,0.1995774341771894,0.0,0.0,2,9.265500839403195,0.9316417401271724,0.7181334173112713,True,True,moderate,3,True,BDP10A_1986_01,2,1987-01-02,1,p10_area20_duration3,True,2026-06-24T18:32:06.313319+00:00
1987-01-04,1987,1,4,1986,1986/87,35,26,14,6,0.999999999999997,0.4689037826973141,0.1501918083370467,9.828988102500816,0.2825867753566624,6.8,0.6563256474053278,0.0471269312789505,0.0,0.0,2,9.828988102500848,0.6026540748532996,0.4689037826973155,True,True,moderate,3,True,BDP10A_1986_01,3,1987-01-02,2,p10_area20_duration3,True,2026-06-24T18:32:06.313319+00:00
1989-01-11,1989,1,11,1988,1988/89,42,26,7,1,0.999999999999997,0.2870736040463013,0.0523211052305787,9.041281106336228,0.1856772471458846,6.4,0.6050110167560014,0.2376507653997946,0.0,0.0,2,9.041281106336251,0.6467931726524647,0.2870736040463022,True,True,moderate,6,True,BDP10A_1988_01,1,1989-01-11,0,p10_area20_duration3,True,2026-06-24T18:32:06.313319+00:00
1989-01-12,1989,1,12,1988,1988/89,43,26,14,7,0.999999999999997,0.6074645326301571,0.3061424590180136,8.150093728148567,0.6952889962193504,4.6,0.4596959789852801,0.367989322975166,0.0936847118507803,0.0,3,8.150093728148592,1.1445754589308073,0.6074645326301589,True,True,severe,6,True,BDP10A_1988_01,2,1989-01-11,1,p10_area20_duration3,True,2026-06-24T18:32:06.313319+00:00
1989-01-13,1989,1,13,1988,1988/89,44,26,23,16,0.999999999999997,0.917133854456868,0.6771354798251256,7.409460017467606,1.22091639336451,4.6,0.2772662052897217,0.3830169161346132,0.2919682886658038,0.0,3,7.409460017467628,1.331230318705816,0.9171338544568708,True,True,severe,6,True,BDP10A_1988_01,3,1989-01-11,2,p10_area20_duration3,True,2026-06-24T18:32:06.313319+00:00
1989-01-14,1989,1,14,1988,1988/89,45,26,17,11,0.999999999999997,0.6425836718351619,0.3326101454652924,8.364696832502636,0.5628949889142288,6.0,0.2744195999019745,0.4123296147781321,0.0898550046193041,0.0,3,8.364696832502661,0.8759870715461082,0.6425836718351637,True,True,severe,6,True,BDP10A_1988_01,4,1989-01-11,3,p10_area20_duration3,True,2026-06-24T18:32:06.313319+00:00
1989-01-15,1989,1,15,1988,1988/89,46,26,20,12,0.999999999999997,0.7478028367536905,0.3749711847835508,8.383010487057184,0.6004451621772552,5.2,0.4946445400368577,0.3677518654339769,0.0898550046193041,0.0,3,8.38301048705721,0.8029458202965181,0.7478028367536927,True,True,severe,6,True,BDP10A_1988_01,5,1989-01-11,4,p10_area20_duration3,True,2026-06-24T18:32:06.313319+00:00
1989-01-16,1989,1,16,1988,1988/89,47,26,18,9,0.999999999999997,0.5947618396572827,0.2320324715533026,8.742523554841327,0.4313917610430867,6.2,0.4601856969625294,0.384713695634655,0.0,0.0,2,8.742523554841354,0.7253184926787938,0.5947618396572845,True,True,moderate,6,True,BDP10A_1988_01,6,1989-01-11,5,p10_area20_duration3,True,2026-06-24T18:32:06.313319+00:00
1989-01-18,1989,1,18,1988,1988/89,49,26,11,7,0.999999999999997,0.5636278764354835,0.307680766878031,9.025266448953984,0.5001891958098741,6.0,0.4205494161961331,0.3238554613029188,0.0427280733403536,0.0,3,9.025266448954012,0.8874458072819061,0.5636278764354852,True,True,severe,4,True,BDP10A_1988_02,1,1989-01-18,0,p10_area20_duration3,True,2026-06-24T18:32:06.313319+00:00
1989-01-19,1989,1,19,1988,1988/89,50,26,22,16,0.999999999999997,0.8059286909743186,0.5465391833374948,8.517923883597073,0.7410303428623252,5.6,0.4312123252102089,0.2304900710866156,0.1408116431297308,0.0,3,8.517923883597097,0.919473833307094,0.8059286909743211,True,True,severe,4,True,BDP10A_1988_02,2,1989-01-18,1,p10_area20_duration3,True,2026-06-24T18:32:06.313319+00:00
1989-01-20,1989,1,20,1988,1988/89,51,26,18,12,0.999999999999997,0.66298920330382,0.3676885725938358,8.66905223448517,0.5881680353649605,5.6,0.3750856460397245,0.4253253690734251,0.0427280733403536,0.0,3,8.669052234485196,0.8871457218820318,0.662989203303822,True,True,severe,4,True,BDP10A_1988_02,3,1989-01-18,2,p10_area20_duration3,True,2026-06-24T18:32:06.313319+00:00
1989-01-21,1989,1,21,1988,1988/89,52,26,5,1,0.999999999999997,0.2281791329406032,0.0407737056157763,9.51931272241717,0.1355752619677907,7.6,0.3548067495880306,0.271492305761487,0.0,0.0,2,9.5193127224172,0.5941615266067386,0.2281791329406039,True,True,moderate,4,True,BDP10A_1988_02,4,1989-01-18,3,p10_area20_duration3,True,2026-06-24T18:32:06.313319+00:00
1989-01-26,1989,1,26,1988,1988/89,57,26,7,2,0.999999999999997,0.2853636008552417,0.076376283415647,9.66687318238888,0.1805949427590671,6.6,0.504970066805601,0.2036729146576831,0.0,0.0,2,9.666873182388908,0.6328590689836394,0.2853636008552425,True,True,moderate,7,True,BDP10A_1988_03,1,1989-01-26,0,p10_area20_duration3,True,2026-06-24T18:32:06.313319+00:00
1989-01-27,1989,1,27,1988,1988/89,58,26,10,7,0.999999999999997,0.3634340178523364,0.2556861629358529,9.376266442044043,0.3309805005972759,6.4,0.6002044722130846,0.1655995834350779,0.0,0.0,2,9.376266442044074,0.9107031382289414,0.3634340178523375,True,True,moderate,7,True,BDP10A_1988_03,2,1989-01-26,1,p10_area20_duration3,True,2026-06-24T18:32:06.313319+00:00
1989-01-28,1989,1,28,1988,1988/89,59,26,7,5,0.999999999999997,0.2441325451934377,0.2003782106346816,9.95265915522812,0.2058422770401705,7.1,0.3030852402028933,0.1408116431297308,0.0,0.0,2,9.95265915522815,0.843157870971574,0.2441325451934384,True,True,moderate,7,True,BDP10A_1988_03,3,1989-01-26,2,p10_area20_duration3,True,2026-06-24T18:32:06.313319+00:00
1989-01-29,1989,1,29,1988,1988/89,60,26,10,7,0.999999999999997,0.4693791683081691,0.2950567222644202,9.637823304982083,0.3050281877167121,6.8,0.5195821162664814,0.1408116431297308,0.0,0.0,2,9.637823304982112,0.6498545489697723,0.4693791683081705,True,True,moderate,7,True,BDP10A_1988_03,4,1989-01-26,3,p10_area20_duration3,True,2026-06-24T18:32:06.313319+00:00
1989-01-30,1989,1,30,1988,1988/89,61,26,13,7,0.999999999999997,0.6061048671205806,0.3352197122899015,9.535285073921804,0.5724839594361318,5.0,0.3050437448208884,0.1408116431297308,0.0543175232660092,0.0,3,9.535285073921832,0.944529553368922,0.6061048671205824,True,True,severe,7,True,BDP10A_1988_03,5,1989-01-26,4,p10_area20_duration3,True,2026-06-24T18:32:06.313319+00:00
1989-01-31,1989,1,31,1988,1988/89,62,26,10,4,0.999999999999997,0.3534157957901712,0.1267889570346388,10.42909978657109,0.2084707132303894,7.7,0.3827593279100777,0.0427280733403536,0.0,0.0,2,10.429099786571122,0.5898737852514151,0.3534157957901722,True,True,moderate,7,True,BDP10A_1988_03,6,1989-01-26,5,p10_area20_duration3,True,2026-06-24T18:32:06.313319+00:00
1989-02-01,1989,2,1,1988,1988/89,63,26,7,5,0.999999999999997,0.2513351906361745,0.1801252712620462,11.026644674851925,0.1635075585763921,9.2,0.2716303813211872,0.0,0.0,0.0,1,11.026644674851957,0.6505557704137057,0.2513351906361752,True,True,mild,7,True,BDP10A_1988_03,7,1989-01-26,6,p10_area20_duration3,True,2026-06-24T18:32:06.313319+00:00
1989-02-20,1989,2,20,1988,1988/89,82,26,16,14,0.999999999999997,0.7171561360138221,0.6451094281976002,12.21828036409595,1.248977086794789,8.6,0.1395671956104174,0.0,0.0,0.0,1,12.218280364095987,1.741569267937933,0.7171561360138242,True,True,mild,8,True,BDP10A_1988_04,1,1989-02-20,0,p10_area20_duration3,True,2026-06-24T18:32:06.313319+00:00
1989-02-21,1989,2,21,1988,1988/89,83,26,26,25,0.999999999999997,0.999999999999997,0.9955385881686476,10.636769399726475,2.2787007343460832,8.2,0.3327419942815801,0.0,0.0,0.0,1,10.636769399726507,2.27870073434609,1.0,True,True,mild,8,True,BDP10A_1988_04,2,1989-02-20,1,p10_area20_duration3,True,2026-06-24T18:32:06.313319+00:00
1989-02-22,1989,2,22,1988,1988/89,84,26,24,16,0.999999999999997,0.9419707110700029,0.5647828190185755,11.911031302651551,1.1081722148349098,8.4,0.0471269312789505,0.0,0.0,0.0,1,11.911031302651589,1.176440203301136,0.9419707110700056,True,True,mild,8,True,BDP10A_1988_04,3,1989-02-20,2,p10_area20_duration3,True,2026-06-24T18:32:06.313319+00:00
1989-02-23,1989,2,23,1988,1988/89,85,26,7,2,0.999999999999997,0.2872959313991287,0.025291947215903,14.536490744711196,0.215957837351362,11.0,0.0,0.0,0.0,0.0,0,14.53649074471124,0.7516912484616445,0.2872959313991295,True,True,no_bmd_cold_wave,8,True,BDP10A_1988_04,4,1989-02-20,3,p10_area20_duration3,True,2026-06-24T18:32:06.313319+00:00
1989-02-24,1989,2,24,1988,1988/89,86,26,15,8,0.999999999999997,0.531312513158154,0.2298426596579921,12.94507696686559,0.5902687839292144,10.8,0.0,0.0,0.0,0.0,0,12.94507696686563,1.1109634524145136,0.5313125131581555,True,True,no_bmd_cold_wave,8,True,BDP10A_1988_04,5,1989-02-20,4,p10_area20_duration3,True,2026-06-24T18:32:06.313319+00:00
1989-02-25,1989,2,25,1988,1988/89,87,26,8,1,0.999999999999997,0.3900529629082644,0.0407737056157763,13.30023525223677,0.3365395967190341,9.0,0.0407737056157763,0.0,0.0,0.0,1,13.30023525223681,0.8628048719583347,0.3900529629082656,True,True,mild,8,True,BDP10A_1988_04,6,1989-02-20,5,p10_area20_duration3,True,2026-06-24T18:32:06.313319+00:00
1989-02-26,1989,2,26,1988,1988/89,88,26,14,5,0.999999999999997,0.4970670805428382,0.2303397435809284,13.237779044651576,0.4828309177826383,10.6,0.0,0.0,0.0,0.0,0,13.237779044651615,0.971359674946382,0.4970670805428397,True,True,no_bmd_cold_wave,8,True,BDP10A_1988_04,7,1989-02-20,6,p10_area20_duration3,True,2026-06-24T18:32:06.313319+00:00
1989-02-27,1989,2,27,1988,1988/89,89,26,12,3,0.999999999999997,0.4374131938102294,0.0929343024857264,13.67369077282027,0.2651905536346747,11.4,0.0,0.0,0.0,0.0,0,13.673690772820311,0.6062701294504778,0.4374131938102307,True,True,no_bmd_cold_wave,8,True,BDP10A_1988_04,8,1989-02-20,7,p10_area20_duration3,True,2026-06-24T18:32:06.313319+00:00
1989-12-02,1989,12,2,1989,1989/90,2,26,8,6,0.999999999999997,0.2861551078554915,0.2127233353773466,13.700477820216618,0.2993032375097559,11.0,0.0,0.0,0.0,0.0,0,13.700477820216658,1.0459475623300922,0.2861551078554923,True,True,no_bmd_cold_wave,13,True,BDP10A_1989_01,1,1989-12-02,0,p10_area20_duration3,True,2026-06-24T18:32:06.313319+00:00
1989-12-03,1989,12,3,1989,1989/90,3,26,16,11,0.999999999999997,0.7288471651569872,0.5692183805245207,12.355239230086529,1.1314855664634922,9.0,0.1905679810437872,0.0,0.0,0.0,1,12.355239230086564,1.5524318685108422,0.7288471651569894,True,True,mild,13,True,BDP10A_1989_01,2,1989-12-02,1,p10_area20_duration3,True,2026-06-24T18:32:06.313319+00:00
1989-12-04,1989,12,4,1989,1989/90,4,26,18,9,0.999999999999997,0.7634200341849476,0.4595912184525973,12.221457025533343,0.9905916416066968,8.8,0.1823394158737141,0.0,0.0,0.0,1,12.22145702553338,1.2975709272082243,0.76342003418495,True,True,mild,13,True,BDP10A_1989_01,3,1989-12-02,2,p10_area20_duration3,True,2026-06-24T18:32:06.313319+00:00
1989-12-05,1989,12,5,1989,1989/90,5,26,21,14,0.999999999999997,0.8165300252631457,0.6331168782818725,11.869028117699486,1.2410040494160817,8.6,0.1629098912864778,0.0,0.0,0.0,1,11.86902811769952,1.5198510906149951,0.8165300252631481,True,True,mild,13,True,BDP10A_1989_01,4,1989-12-02,3,p10_area20_duration3,True,2026-06-24T18:32:06.313319+00:00
1989-12-06,1989,12,6,1989,1989/90,6,26,25,23,0.999999999999997,0.9955385881686476,0.9387473717625908,11.055650804063442,1.9511570214547769,7.6,0.301858526346922,0.0471269312789505,0.0,0.0,2,11.055650804063475,1.9599009467267825,0.9955385881686506,True,True,moderate,13,True,BDP10A_1989_01,5,1989-12-02,4,p10_area20_duration3,True,2026-06-24T18:32:06.313319+00:00
1989-12-07,1989,12,7,1989,1989/90,7,26,25,24,0.999999999999997,0.9955385881686476,0.9646571918897354,10.982984301382226,1.959956441549421,8.0,0.21282855661389,0.0471269312789505,0.0,0.0,2,10.98298430138226,1.9687398005886212,0.9955385881686506,True,True,moderate,13,True,BDP10A_1989_01,6,1989-12-02,5,p10_area20_duration3,True,2026-06-24T18:32:06.313319+00:00
1989-12-08,1989,12,8,1989,1989/90,8,26,24,23,0.999999999999997,0.9427401766403616,0.8839743855929031,11.153940812478751,1.694390460983291,8.0,0.2591304530065684,0.0898550046193041,0.0,0.0,2,11.153940812478783,1.7973037566104175,0.9427401766403644,True,True,moderate,13,True,BDP10A_1989_01,7,1989-12-02,6,p10_area20_duration3,True,2026-06-24T18:32:06.313319+00:00
1989-12-09,1989,12,9,1989,1989/90,9,26,25,23,0.999999999999997,0.9472015884717112,0.921909641255808,11.3531222400927,1.5154547640842382,8.2,0.2519398610195097,0.0,0.0,0.0,1,11.353122240092734,1.5999284445134758,0.947201588471714,True,True,mild,13,True,BDP10A_1989_01,8,1989-12-02,7,p10_area20_duration3,True,2026-06-24T18:32:06.313319+00:00
1989-12-10,1989,12,10,1989,1989/90,10,26,25,24,0.999999999999997,0.9472015884717112,0.9091282572491058,11.398025950635516,1.307655284040543,9.0,0.1641101918828481,0.0,0.0,0.0,1,11.398025950635551,1.3805459154163964,0.947201588471714,True,True,mild,13,True,BDP10A_1989_01,9,1989-12-02,8,p10_area20_duration3,True,2026-06-24T18:32:06.313319+00:00
1989-12-11,1989,12,11,1989,1989/90,11,26,23,17,0.999999999999997,0.8839743855929031,0.6107370302725011,11.728243819262698,0.8968344097857063,9.0,0.1408116431297308,0.0,0.0,0.0,1,11.728243819262731,1.0145479602151342,0.8839743855929058,True,True,mild,13,True,BDP10A_1989_01,10,1989-12-02,9,p10_area20_duration3,True,2026-06-24T18:32:06.313319+00:00
1989-12-12,1989,12,12,1989,1989/90,12,26,17,12,0.999999999999997,0.661899140279606,0.5109987507732339,11.659489587454695,0.8368815385069682,8.0,0.1408116431297308,0.09248441125441,0.0,0.0,2,11.65948958745473,1.264364141874311,0.661899140279608,True,True,moderate,13,True,BDP10A_1989_01,11,1989-12-02,10,p10_area20_duration3,True,2026-06-24T18:32:06.313319+00:00
1989-12-13,1989,12,13,1989,1989/90,13,26,9,4,0.999999999999997,0.301891564194287,0.119757799292551,12.436449780364004,0.1740420438511762,9.5,0.0980835697893772,0.0,0.0,0.0,1,12.43644978036404,0.576505157789599,0.3018915641942878,True,True,mild,13,True,BDP10A_1989_01,12,1989-12-02,11,p10_area20_duration3,True,2026-06-24T18:32:06.313319+00:00
1989-12-14,1989,12,14,1989,1989/90,14,26,7,3,0.999999999999997,0.2257946039128838,0.0657920954788077,12.15424190021374,0.1069143837730313,9.6,0.0509566385104267,0.0,0.0,0.0,1,12.154241900213778,0.4735028292096881,0.2257946039128844,True,True,mild,13,True,BDP10A_1989_01,13,1989-12-02,12,p10_area20_duration3,True,2026-06-24T18:32:06.313319+00:00
1989-12-28,1989,12,28,1989,1989/90,28,26,4,3,0.999999999999997,0.2373192911283441,0.1830017678623349,11.142742445649551,0.2931441837718873,7.5,0.3691708909675252,0.1014444545449597,0.0,0.0,2,11.142742445649583,1.23523116211127,0.2373192911283448,True,True,moderate,12,True,BDP10A_1989_02,1,1989-12-28,0,p10_area20_duration3,True,2026-06-24T18:32:06.313319+00:00
1989-12-29,1989,12,29,1989,1989/90,29,26,10,7,0.999999999999997,0.5653218039136927,0.4118495544650263,9.941337355689988,0.6854391204916805,5.8,0.3198132535283779,0.1480022351167895,0.0471269312789505,0.0,3,9.941337355690017,1.2124760017151683,0.5653218039136944,True,True,severe,12,True,BDP10A_1989_02,2,1989-12-28,1,p10_area20_duration3,True,2026-06-24T18:32:06.313319+00:00
1989-12-30,1989,12,30,1989,1989/90,30,26,19,11,0.999999999999997,0.7799103883960415,0.4729086974692058,9.211138589130735,0.8114299940203117,6.8,0.5456371286194286,0.2090500754306083,0.0,0.0,2,9.211138589130766,1.0404143938755492,0.7799103883960439,True,True,moderate,12,True,BDP10A_1989_02,3,1989-12-28,2,p10_area20_duration3,True,2026-06-24T18:32:06.313319+00:00
1989-12-31,1989,12,31,1989,1989/90,31,25,7,6,0.9280851284156992,0.3987004739281873,0.3443829506621781,9.43522455583087,0.571630689944459,6.2,0.09248441125441,0.3062160626737773,0.0,0.0,2,10.166335249803431,1.4337346638003228,0.4295947232866391,True,True,moderate,12,True,BDP10A_1989_02,4,1989-12-28,3,p10_area20_duration3,True,2026-06-24T18:32:06.313319+00:00
1990-01-01,1990,1,1,1989,1989/90,32,26,18,8,0.999999999999997,0.7580061846489468,0.4312237971743394,9.21782522784096,0.856525646832945,6.3,0.3429158126337225,0.3258098290274962,0.0,0.0,2,9.217825227840988,1.1299718447938856,0.758006184648949,True,True,moderate,12,True,BDP10A_1989_02,5,1989-12-28,4,p10_area20_duration3,True,2026-06-24T18:32:06.313319+00:00
1990-01-02,1990,1,2,1989,1989/90,33,26,21,14,0.999999999999997,0.8374851506664333,0.5441970638181846,9.015680894674707,1.007298474066329,5.3,0.5659493590773046,0.108498811254673,0.0936847118507803,0.0,3,9.015680894674734,1.2027657723420722,0.8374851506664358,True,True,severe,12,True,BDP10A_1989_02,6,1989-12-28,5,p10_area20_duration3,True,2026-06-24T18:32:06.313319+00:00
1990-01-03,1990,1,3,1989,1989/90,34,26,15,7,0.999999999999997,0.543459218744086,0.2516977279655304,9.64607598087052,0.3784205553001944,6.6,0.3833594859715155,0.2332024976183452,0.0,0.0,2,9.646075980870547,0.6963182190095335,0.5434592187440876,True,True,moderate,12,True,BDP10A_1989_02,7,1989-12-28,6,p10_area20_duration3,True,2026-06-24T18:32:06.313319+00:00
1990-01-04,1990,1,4,1989,1989/90,35,26,7,2,0.999999999999997,0.364587116607842,0.1032777437410054,9.929990986699645,0.3490240972552387,6.0,0.3192632402921139,0.1421761098498828,0.0509566385104267,0.0,3,9.929990986699677,0.9573133041633416,0.3645871166078431,True,True,severe,12,True,BDP10A_1989_02,8,1989-12-28,7,p10_area20_duration3,True,2026-06-24T18:32:06.313319+00:00
1990-01-05,1990,1,5,1989,1989/90,36,26,9,2,0.999999999999997,0.3941380472494449,0.0950491785709323,9.884058714130408,0.2794576451990108,6.3,0.2536809565999509,0.2332024976183452,0.0,0.0,2,9.884058714130438,0.7090349362342725,0.394138047249446,True,True,moderate,12,True,BDP10A_1989_02,9,1989-12-28,8,p10_area20_duration3,True,2026-06-24T18:32:06.313319+00:00
1990-01-06,1990,1,6,1989,1989/90,37,26,16,9,0.999999999999997,0.666272929913396,0.3982680668289031,9.192863172834912,0.5766691961528385,7.0,0.3427018024336033,0.4153309650072654,0.0,0.0,2,9.19286317283494,0.8655149718116201,0.666272929913398,True,True,moderate,12,True,BDP10A_1989_02,10,1989-12-28,9,p10_area20_duration3,True,2026-06-24T18:32:06.313319+00:00
1990-01-07,1990,1,7,1989,1989/90,38,26,12,4,0.999999999999997,0.4230246618658321,0.1783010800821342,9.754861559853648,0.2950010548417607,6.4,0.384074919375938,0.2196586799681122,0.0,0.0,2,9.754861559853676,0.6973613631427574,0.4230246618658334,True,True,moderate,12,True,BDP10A_1989_02,11,1989-12-28,10,p10_area20_duration3,True,2026-06-24T18:32:06.313319+00:00
1990-01-08,1990,1,8,1989,1989/90,39,26,6,1,0.999999999999997,0.2257879078383859,0.0407737056157763,9.65654693007786,0.1119966080973395,6.8,0.5314673673273447,0.181585348745507,0.0,0.0,2,9.656546930077887,0.4960257135537316,0.2257879078383865,True,True,moderate,12,True,BDP10A_1989_02,12,1989-12-28,11,p10_area20_duration3,True,2026-06-24T18:32:06.313319+00:00
1990-01-10,1990,1,10,1989,1989/90,41,26,8,2,0.999999999999997,0.4136031492506168,0.1157829600075273,8.848323803642629,0.3078312774007355,6.0,0.4020273825363042,0.3156261674337342,0.0509566385104267,0.0,3,8.848323803642655,0.7442672473806762,0.413603149250618,True,True,severe,3,True,BDP10A_1989_03,1,1990-01-10,0,p10_area20_duration3,True,2026-06-24T18:32:06.313319+00:00
1990-01-11,1990,1,11,1989,1989/90,42,26,7,2,0.999999999999997,0.3627591054469082,0.1434410497648366,8.979045049839097,0.278247828486786,5.3,0.4044953959048679,0.3131581540651705,0.0509566385104267,0.0,3,8.979045049839124,0.767031962282499,0.3627591054469093,True,True,severe,3,True,BDP10A_1989_03,2,1990-01-10,1,p10_area20_duration3,True,2026-06-24T18:32:06.313319+00:00
1990-01-12,1990,1,12,1989,1989/90,43,26,10,3,0.999999999999997,0.333892438726387,0.0873983555669579,9.242941153748935,0.1926093296658118,6.5,0.4482559051513084,0.2917053877843342,0.0,0.0,2,9.242941153748966,0.5768604116957805,0.333892438726388,True,True,moderate,3,True,BDP10A_1989_03,3,1990-01-10,2,p10_area20_duration3,True,2026-06-24T18:32:06.313319+00:00
1991-01-16,1991,1,16,1990,1990/91,47,25,7,4,0.9955385881686476,0.4234884142335344,0.2658931472265198,9.905803366260718,0.5443755209527437,5.2,0.0903944364531839,0.3755661669415526,0.0427280733403536,0.0,3,9.950195285230512,1.2854555228813074,0.4253862374260816,True,True,severe,7,True,BDP10A_1990_01,1,1991-01-16,0,p10_area20_duration3,True,2026-06-24T18:32:06.313319+00:00
1991-01-17,1991,1,17,1990,1990/91,48,25,9,2,0.9955385881686476,0.3764685475346485,0.1166339272378734,9.38505700039247,0.4386135266539146,5.8,0.4734909303079974,0.1279283358419093,0.09248441125441,0.0,3,9.427115243877026,1.1650734955847717,0.378155655650862,True,True,severe,7,True,BDP10A_1990_01,2,1991-01-16,1,p10_area20_duration3,True,2026-06-24T18:32:06.313319+00:00
1991-01-18,1991,1,18,1990,1990/91,49,25,6,1,0.9955385881686476,0.2762326664754065,0.0407737056157763,9.582050660330037,0.2036433016166341,6.5,0.5290506247800751,0.0898550046193041,0.0,0.0,2,9.624991712231656,0.7372165798311361,0.2774705769904438,True,True,moderate,7,True,BDP10A_1990_01,3,1991-01-16,2,p10_area20_duration3,True,2026-06-24T18:32:06.313319+00:00
1991-01-19,1991,1,19,1990,1990/91,50,25,7,1,0.9955385881686476,0.3333298412884921,0.09248441125441,9.492277888753115,0.2798385621976272,7.0,0.2790582805166129,0.2449349141526489,0.0,0.0,2,9.534816632487068,0.8395244815642866,0.3348236273811065,True,True,moderate,7,True,BDP10A_1990_01,4,1991-01-16,3,p10_area20_duration3,True,2026-06-24T18:32:06.313319+00:00
1991-01-20,1991,1,20,1990,1990/91,51,25,8,5,0.9955385881686476,0.4340941125667649,0.3066668528422961,9.398781780071586,0.561773784469033,5.4,0.1854856653349694,0.3212486436755434,0.0427280733403536,0.0,3,9.440901529855516,1.294129010751397,0.4360394641912443,True,True,severe,7,True,BDP10A_1990_01,5,1991-01-16,4,p10_area20_duration3,True,2026-06-24T18:32:06.313319+00:00
1991-01-21,1991,1,21,1990,1990/91,52,25,17,5,0.9955385881686476,0.7290708809202227,0.2996356951002083,8.36622253652684,0.748648104418306,5.6,0.3862942106512846,0.3211550869097478,0.1352124845947636,0.0,3,8.403714969920959,1.0268522910603333,0.7323381429758458,True,True,severe,7,True,BDP10A_1990_01,6,1991-01-16,5,p10_area20_duration3,True,2026-06-24T18:32:06.313319+00:00
1991-01-22,1991,1,22,1990,1990/91,53,25,11,3,0.9955385881686476,0.5444407035735206,0.2167203880692862,8.417596612014224,0.5777767706816411,6.0,0.4026370534291376,0.2830817556871426,0.1352124845947636,0.0,3,8.455319273458695,1.0612299317250051,0.54688056298757,True,True,severe,7,True,BDP10A_1990_01,7,1991-01-16,6,p10_area20_duration3,True,2026-06-24T18:32:06.313319+00:00
1991-12-01,1991,12,1,1991,1991/92,1,26,21,19,0.999999999999997,0.8224800960200418,0.7522872959945869,12.252204330286135,1.4083692843138442,9.4,0.0427280733403536,0.0,0.0,0.0,1,12.252204330286174,1.712344518887331,0.8224800960200442,True,True,mild,7,True,BDP10A_1991_01,1,1991-12-01,0,p10_area20_duration3,True,2026-06-24T18:32:06.313319+00:00
1991-12-02,1991,12,2,1991,1991/92,2,26,26,20,0.999999999999997,0.999999999999997,0.7819956041870469,12.008931750228548,1.493256066673334,9.4,0.0898550046193041,0.0,0.0,0.0,1,12.008931750228584,1.4932560666733383,1.0,True,True,mild,7,True,BDP10A_1991_01,2,1991-12-01,1,p10_area20_duration3,True,2026-06-24T18:32:06.313319+00:00
1991-12-03,1991,12,3,1991,1991/92,3,25,23,15,0.9619266687773916,0.9265838606671302,0.6080191777194941,11.683524833240153,1.3017726035857975,9.2,0.0898550046193041,0.0,0.0,0.0,1,12.145962070154376,1.4049161212980072,0.9632583134895488,True,True,mild,7,True,BDP10A_1991_01,3,1991-12-01,2,p10_area20_duration3,True,2026-06-24T18:32:06.313319+00:00
1991-12-04,1991,12,4,1991,1991/92,4,26,25,13,0.999999999999997,0.9691186037210848,0.5249703511960885,12.248689599805472,1.0917048194924477,9.8,0.0471269312789505,0.0,0.0,0.0,1,12.24868959980551,1.1264924801780436,0.9691186037210876,True,True,mild,7,True,BDP10A_1991_01,4,1991-12-01,3,p10_area20_duration3,True,2026-06-24T18:32:06.313319+00:00
1991-12-05,1991,12,5,1991,1991/92,5,26,18,6,0.999999999999997,0.704790663844611,0.1773059787710208,12.8437081609066,0.4802221492166562,10.4,0.0,0.0,0.0,0.0,0,12.84370816090664,0.6813684883353299,0.7047906638446131,True,True,no_bmd_cold_wave,7,True,BDP10A_1991_01,5,1991-12-01,4,p10_area20_duration3,True,2026-06-24T18:32:06.313319+00:00
1991-12-06,1991,12,6,1991,1991/92,6,26,12,3,0.999999999999997,0.4795936688966239,0.0980947879514142,13.169612655084574,0.254632233803986,10.3,0.0,0.0,0.0,0.0,0,13.169612655084611,0.53093326771766,0.4795936688966253,True,True,no_bmd_cold_wave,7,True,BDP10A_1991_01,6,1991-12-01,5,p10_area20_duration3,True,2026-06-24T18:32:06.313319+00:00
1991-12-07,1991,12,7,1991,1991/92,7,26,7,1,0.999999999999997,0.3022373708420717,0.0224751339677182,13.231229834853671,0.1651003575914874,10.0,0.0471269312789505,0.0,0.0,0.0,1,13.23122983485371,0.5462605670883679,0.3022373708420726,True,True,mild,7,True,BDP10A_1991_01,7,1991-12-01,6,p10_area20_duration3,True,2026-06-24T18:32:06.313319+00:00
1991-12-29,1991,12,29,1991,1991/92,29,26,7,2,0.999999999999997,0.2314689525737784,0.0764706212140421,10.469741510442548,0.2249382191136143,8.8,0.4810278100693937,0.0,0.0,0.0,1,10.46974151044258,0.971785704356689,0.2314689525737791,True,True,mild,3,True,BDP10A_1991_02,1,1991-12-29,0,p10_area20_duration3,True,2026-06-24T18:32:06.313319+00:00
1991-12-30,1991,12,30,1991,1991/92,30,26,20,8,0.999999999999997,0.7482531921226475,0.3476942803441909,9.38376389864525,0.7229430866661904,7.5,0.5685554480055685,0.1995774341771894,0.0,0.0,2,9.38376389864528,0.966174410316036,0.7482531921226497,True,True,moderate,3,True,BDP10A_1991_02,2,1991-12-29,1,p10_area20_duration3,True,2026-06-24T18:32:06.313319+00:00
1991-12-31,1991,12,31,1991,1991/92,31,26,19,15,0.999999999999997,0.6790086969945428,0.5058402534184684,9.555774379660628,0.86302719534492,6.6,0.5627513959594492,0.0994480365095292,0.0,0.0,2,9.555774379660656,1.271010517486577,0.6790086969945448,True,True,moderate,3,True,BDP10A_1991_02,3,1991-12-29,2,p10_area20_duration3,True,2026-06-24T18:32:06.313319+00:00
1992-01-02,1992,1,2,1991,1991/92,33,26,8,4,0.999999999999997,0.3731602281184551,0.1862164636548372,10.190799291089755,0.4764121220767492,7.0,0.3499550368998084,0.1640399528238945,0.0,0.0,2,10.190799291089789,1.27669586997229,0.3731602281184562,True,True,moderate,6,True,BDP10A_1991_03,1,1992-01-02,0,p10_area20_duration3,True,2026-06-24T18:32:06.313319+00:00
1992-01-03,1992,1,3,1991,1991/92,34,26,20,11,0.999999999999997,0.7692139165191938,0.4075946159043745,9.143405807852409,0.8457453880999497,6.5,0.5240078199965444,0.2750064584651257,0.0,0.0,2,9.143405807852432,1.0994930928018984,0.7692139165191961,True,True,moderate,6,True,BDP10A_1991_03,2,1992-01-02,1,p10_area20_duration3,True,2026-06-24T18:32:06.313319+00:00
1992-01-04,1992,1,4,1991,1991/92,35,26,11,4,0.999999999999997,0.4127618984324907,0.147610024543379,9.779648129489324,0.4204835452425772,7.4,0.3933529312149814,0.192329714395268,0.0,0.0,2,9.779648129489354,1.018707266439587,0.4127618984324919,True,True,moderate,6,True,BDP10A_1991_03,3,1992-01-02,2,p10_area20_duration3,True,2026-06-24T18:32:06.313319+00:00
1992-01-05,1992,1,5,1991,1991/92,36,26,10,2,0.999999999999997,0.3780313504143377,0.1066386284965879,9.928926624752185,0.2880460499396556,7.2,0.3072596711550477,0.1441725278853133,0.0,0.0,2,9.928926624752217,0.7619633917238489,0.3780313504143388,True,True,moderate,6,True,BDP10A_1991_03,4,1992-01-02,3,p10_area20_duration3,True,2026-06-24T18:32:06.313319+00:00
1992-01-06,1992,1,6,1991,1991/92,37,26,10,2,0.999999999999997,0.367089569302428,0.0466246499511815,9.917697493998787,0.281797414097379,7.2,0.221158169969329,0.2067680261642481,0.0,0.0,2,9.917697493998816,0.7676530134944239,0.3670895693024291,True,True,moderate,6,True,BDP10A_1991_03,5,1992-01-02,4,p10_area20_duration3,True,2026-06-24T18:32:06.313319+00:00
1992-01-07,1992,1,7,1991,1991/92,38,26,10,1,0.999999999999997,0.365916237343967,0.0241495159834634,10.130165986139875,0.1316627496686634,7.4,0.4255469514941965,0.0427280733403536,0.0,0.0,2,10.130165986139907,0.3598166362453556,0.3659162373439681,True,True,moderate,6,True,BDP10A_1991_03,6,1992-01-02,5,p10_area20_duration3,True,2026-06-24T18:32:06.313319+00:00
1992-02-25,1992,2,25,1991,1991/92,87,26,8,1,0.999999999999997,0.3564532203333809,0.0587657910474586,13.710027428794833,0.3188289494783918,10.0,0.0543175232660092,0.0,0.0,0.0,1,13.710027428794872,0.8944482229118308,0.3564532203333819,True,True,mild,3,True,BDP10A_1991_04,1,1992-02-25,0,p10_area20_duration3,True,2026-06-24T18:32:06.313319+00:00
1992-02-26,1992,2,26,1991,1991/92,88,26,15,6,0.999999999999997,0.6910811064096813,0.2462941975028983,13.093483079981755,0.7252005011734745,9.8,0.1014444545449597,0.0,0.0,0.0,1,13.093483079981796,1.0493710426277618,0.6910811064096835,True,True,mild,3,True,BDP10A_1991_04,2,1992-02-25,1,p10_area20_duration3,True,2026-06-24T18:32:06.313319+00:00
1992-02-27,1992,2,27,1991,1991/92,89,26,24,14,0.999999999999997,0.969628768041503,0.6255628919449457,12.50502280306002,1.1662525096153198,9.8,0.1014444545449597,0.0,0.0,0.0,1,12.505022803060056,1.202782495790596,0.969628768041506,True,True,mild,3,True,BDP10A_1991_04,3,1992-02-25,2,p10_area20_duration3,True,2026-06-24T18:32:06.313319+00:00
1992-12-06,1992,12,6,1992,1992/93,6,26,7,6,0.999999999999997,0.3340869709017277,0.3107884221486104,13.236572729457192,0.4148088773738846,9.2,0.0471269312789505,0.0,0.0,0.0,1,13.236572729457231,1.2416194389571136,0.3340869709017287,True,True,mild,17,True,BDP10A_1992_01,1,1992-12-06,0,p10_area20_duration3,True,2026-06-24T18:32:06.313319+00:00
1992-12-07,1992,12,7,1992,1992/93,7,26,16,10,0.999999999999997,0.6424751219260575,0.3974650561758658,12.562434652122262,0.7001173174302431,9.3,0.0471269312789505,0.0,0.0,0.0,1,12.5624346521223,1.0897189533680025,0.6424751219260594,True,True,mild,17,True,BDP10A_1992_01,2,1992-12-06,1,p10_area20_duration3,True,2026-06-24T18:32:06.313319+00:00
1992-12-08,1992,12,8,1992,1992/93,8,26,21,11,0.999999999999997,0.8971047922672465,0.5639383416350193,12.22056507344731,0.8133312586745487,9.6,0.0471269312789505,0.0,0.0,0.0,1,12.220565073447348,0.9066178953509126,0.8971047922672492,True,True,mild,17,True,BDP10A_1992_01,3,1992-12-06,2,p10_area20_duration3,True,2026-06-24T18:32:06.313319+00:00
1992-12-09,1992,12,9,1992,1992/93,9,26,19,10,0.999999999999997,0.8021386145712697,0.4689976394588411,12.007177706799808,0.9778889310744784,9.4,0.19512916639574,0.0,0.0,0.0,1,12.007177706799844,1.2191021767442831,0.8021386145712721,True,True,mild,17,True,BDP10A_1992_01,4,1992-12-06,3,p10_area20_duration3,True,2026-06-24T18:32:06.313319+00:00
1992-12-10,1992,12,10,1992,1992/93,10,26,19,13,0.999999999999997,0.8213640902909952,0.5760030128606426,12.12842777363092,0.8195766772735439,9.8,0.1441725278853133,0.0,0.0,0.0,1,12.128427773630955,0.9978238481100165,0.8213640902909977,True,True,mild,17,True,BDP10A_1992_01,5,1992-12-06,4,p10_area20_duration3,True,2026-06-24T18:32:06.313319+00:00
1992-12-11,1992,12,11,1992,1992/93,11,26,15,6,0.999999999999997,0.6884360718622078,0.3721890555533832,12.14825838707592,0.6777980737846077,9.7,0.1441725278853133,0.0,0.0,0.0,1,12.148258387075956,0.9845475876230244,0.6884360718622099,True,True,mild,17,True,BDP10A_1992_01,6,1992-12-06,5,p10_area20_duration3,True,2026-06-24T18:32:06.313319+00:00
1992-12-12,1992,12,12,1992,1992/93,12,26,18,11,0.999999999999997,0.7506216688881803,0.4300972743899703,11.738311973394817,0.9748004513995624,9.5,0.1690700777097101,0.0,0.0,0.0,1,11.73831197339485,1.2986574885900048,0.7506216688881825,True,True,mild,17,True,BDP10A_1992_01,7,1992-12-06,6,p10_area20_duration3,True,2026-06-24T18:32:06.313319+00:00
1992-12-13,1992,12,13,1992,1992/93,13,26,18,5,0.999999999999997,0.7024597048436493,0.2009198770186455,11.881069776250676,0.5446657855047854,9.0,0.1408116431297308,0.0,0.0,0.0,1,11.881069776250712,0.7753694364946029,0.7024597048436514,True,True,mild,17,True,BDP10A_1992_01,8,1992-12-06,7,p10_area20_duration3,True,2026-06-24T18:32:06.313319+00:00
1992-12-14,1992,12,14,1992,1992/93,14,26,14,3,0.999999999999997,0.5695980200364373,0.1589700193362843,11.714913463120125,0.413596019266949,9.2,0.1408116431297308,0.0,0.0,0.0,1,11.714913463120158,0.7261191308925041,0.569598020036439,True,True,mild,17,True,BDP10A_1992_01,9,1992-12-06,8,p10_area20_duration3,True,2026-06-24T18:32:06.313319+00:00
1992-12-15,1992,12,15,1992,1992/93,15,26,16,4,0.999999999999997,0.668081101491032,0.210428725197473,11.397162426977475,0.52527226212869,8.4,0.2358412997683204,0.0,0.0,0.0,1,11.39716242697751,0.7862402647768073,0.668081101491034,True,True,mild,17,True,BDP10A_1992_01,10,1992-12-06,9,p10_area20_duration3,True,2026-06-24T18:32:06.313319+00:00
1992-12-16,1992,12,16,1992,1992/93,16,26,14,3,0.999999999999997,0.5812007709740765,0.0881546645822805,11.36176591029138,0.4056789531282582,8.3,0.108498811254673,0.0,0.0,0.0,1,11.361765910291414,0.6980014022492631,0.5812007709740783,True,True,mild,17,True,BDP10A_1992_01,11,1992-12-06,10,p10_area20_duration3,True,2026-06-24T18:32:06.313319+00:00
1992-12-17,1992,12,17,1992,1992/93,17,26,20,10,0.999999999999997,0.8235453220997843,0.3332057510711713,10.743321353605907,0.7545810811159345,8.1,0.3537781249704989,0.0,0.0,0.0,1,10.74332135360594,0.9162593252208484,0.8235453220997867,True,True,mild,17,True,BDP10A_1992_01,12,1992-12-06,11,p10_area20_duration3,True,2026-06-24T18:32:06.313319+00:00
1992-12-18,1992,12,18,1992,1992/93,18,26,17,10,0.999999999999997,0.6627428810006216,0.3707140030915132,10.675916172689782,0.7625786673402217,7.8,0.2124825854754616,0.1317580430733855,0.0,0.0,2,10.675916172689814,1.1506402998835177,0.6627428810006236,True,True,moderate,17,True,BDP10A_1992_01,13,1992-12-06,12,p10_area20_duration3,True,2026-06-24T18:32:06.313319+00:00
1992-12-19,1992,12,19,1992,1992/93,19,26,14,9,0.999999999999997,0.5349242139412843,0.3365617086992966,10.608882613501695,0.6641068804649477,7.4,0.2800365833509413,0.0936847118507803,0.0,0.0,2,10.608882613501727,1.241497137644704,0.5349242139412859,True,True,moderate,17,True,BDP10A_1992_01,14,1992-12-06,13,p10_area20_duration3,True,2026-06-24T18:32:06.313319+00:00
1992-12-20,1992,12,20,1992,1992/93,20,26,9,3,0.999999999999997,0.3070645285579151,0.0868931155749805,11.138736990679025,0.2667340220947396,9.2,0.2713474541302211,0.0,0.0,0.0,1,11.13873699067906,0.8686578790048399,0.307064528557916,True,True,mild,17,True,BDP10A_1992_01,15,1992-12-06,14,p10_area20_duration3,True,2026-06-24T18:32:06.313319+00:00
1992-12-21,1992,12,21,1992,1992/93,21,26,10,2,0.999999999999997,0.4997436508818343,0.0736779327426919,11.041930547683574,0.2839584000132603,8.8,0.2344654328559623,0.0,0.0,0.0,1,11.041930547683608,0.5682081193271687,0.4997436508818358,True,True,mild,17,True,BDP10A_1992_01,16,1992-12-06,15,p10_area20_duration3,True,2026-06-24T18:32:06.313319+00:00
1992-12-22,1992,12,22,1992,1992/93,22,26,7,3,0.999999999999997,0.3075621141233344,0.1195433150143425,11.004188454417449,0.2256053492469511,9.0,0.3256649773962303,0.0,0.0,0.0,1,11.00418845441748,0.7335277619937349,0.3075621141233353,True,True,mild,17,True,BDP10A_1992_01,17,1992-12-06,16,p10_area20_duration3,True,2026-06-24T18:32:06.313319+00:00
1993-01-20,1993,1,20,1992,1992/93,51,26,18,5,0.999999999999997,0.7897117779683926,0.209601685633864,8.82301751188794,0.529260304334954,6.2,0.5585118536502611,0.2919682886658038,0.0,0.0,2,8.823017511887967,0.6701942646677065,0.789711777968395,True,True,moderate,9,True,BDP10A_1992_02,1,1993-01-20,0,p10_area20_duration3,True,2026-06-24T18:32:06.313319+00:00
1993-01-21,1993,1,21,1992,1992/93,52,26,21,15,0.999999999999997,0.8254509163973901,0.560084166637371,8.020536383993488,1.1201473075052724,5.5,0.2973770382034685,0.4029539890848734,0.19512916639574,0.0,3,8.020536383993512,1.357012616079051,0.8254509163973925,True,True,severe,9,True,BDP10A_1992_02,2,1993-01-20,1,p10_area20_duration3,True,2026-06-24T18:32:06.313319+00:00
1993-01-22,1993,1,22,1992,1992/93,53,26,24,17,0.999999999999997,0.9030541769142376,0.606130919470465,7.765114729148487,1.302229566407894,4.6,0.3640302199870087,0.4241109982202818,0.1641101918828481,0.0,3,7.76511472914851,1.4420281747188748,0.9030541769142404,True,True,severe,9,True,BDP10A_1992_02,3,1993-01-20,2,p10_area20_duration3,True,2026-06-24T18:32:06.313319+00:00
1993-01-23,1993,1,23,1992,1992/93,54,26,21,2,0.999999999999997,0.8460204560675025,0.065610562228911,8.398080780330378,0.6006240302114788,6.0,0.4696027426682328,0.3545810037534352,0.0471269312789505,0.0,3,8.398080780330403,0.7099403163409514,0.8460204560675051,True,True,severe,9,True,BDP10A_1992_02,4,1993-01-20,3,p10_area20_duration3,True,2026-06-24T18:32:06.313319+00:00
1993-01-24,1993,1,24,1992,1992/93,55,26,22,11,0.999999999999997,0.8240705827954178,0.4003228637653826,7.999102841238145,0.8540620742293009,5.0,0.1960518198142294,0.5321854456366876,0.1408116431297308,0.0,3,7.999102841238169,1.036394323568918,0.8240705827954202,True,True,severe,9,True,BDP10A_1992_02,5,1993-01-20,4,p10_area20_duration3,True,2026-06-24T18:32:06.313319+00:00
1993-01-25,1993,1,25,1992,1992/93,56,26,21,8,0.999999999999997,0.7747246356811762,0.2454017521352693,8.181966122217666,0.7371584966533785,5.6,0.2923233695197092,0.5345701839337557,0.0471269312789505,0.0,3,8.181966122217691,0.9515103337397194,0.7747246356811786,True,True,severe,9,True,BDP10A_1992_02,6,1993-01-20,5,p10_area20_duration3,True,2026-06-24T18:32:06.313319+00:00
1993-01-26,1993,1,26,1992,1992/93,57,26,21,9,0.999999999999997,0.6986040007561075,0.3424963830437399,8.37125188466556,0.7697115737290524,5.2,0.3974707233481271,0.3278341372711324,0.0936847118507803,0.0,3,8.371251884665584,1.1017852358360165,0.6986040007561096,True,True,severe,9,True,BDP10A_1992_02,7,1993-01-20,6,p10_area20_duration3,True,2026-06-24T18:32:06.313319+00:00
1993-01-27,1993,1,27,1992,1992/93,58,26,16,7,0.999999999999997,0.5592518455008865,0.2425836002029016,8.83810742944665,0.7063354560792409,4.4,0.3125745299967723,0.3202459193680771,0.0936847118507803,0.0,3,8.838107429446676,1.263000670917091,0.5592518455008881,True,True,severe,9,True,BDP10A_1992_02,8,1993-01-20,7,p10_area20_duration3,True,2026-06-24T18:32:06.313319+00:00
1993-01-28,1993,1,28,1992,1992/93,59,26,9,4,0.999999999999997,0.2998750149917982,0.1684196592872655,10.015112393311,0.2659143596720468,6.2,0.2879834351049773,0.178884974352336,0.0,0.0,2,10.01511239331103,0.8867506340243778,0.2998750149917991,True,True,moderate,9,True,BDP10A_1992_02,9,1993-01-20,8,p10_area20_duration3,True,2026-06-24T18:32:06.313319+00:00
1993-02-23,1993,2,23,1992,1992/93,85,26,24,20,0.999999999999997,0.974708052784094,0.8738726952271153,10.707143896533356,2.592122342222866,7.0,0.2407177817464466,0.1480022351167895,0.0,0.0,2,10.707143896533388,2.6593833249031777,0.9747080527840968,True,True,moderate,3,True,BDP10A_1992_03,1,1993-02-23,0,p10_area20_duration3,True,2026-06-24T18:32:06.313319+00:00
1993-02-24,1993,2,24,1992,1992/93,86,26,25,21,0.999999999999997,0.9955385881686476,0.8042243484974565,11.43140269224564,1.8677909759786475,8.3,0.2479275779240259,0.0,0.0,0.0,1,11.431402692245674,1.876161304218815,0.9955385881686506,True,True,mild,3,True,BDP10A_1992_03,2,1993-02-23,1,p10_area20_duration3,True,2026-06-24T18:32:06.313319+00:00
1993-02-25,1993,2,25,1992,1992/93,87,26,22,7,0.999999999999997,0.8730159835684853,0.2246516367828007,12.545275965705956,0.9352432499241188,9.5,0.0999253428072363,0.0,0.0,0.0,1,12.545275965705994,1.0712784960720618,0.873015983568488,True,True,mild,3,True,BDP10A_1992_03,3,1993-02-23,2,p10_area20_duration3,True,2026-06-24T18:32:06.313319+00:00
1994-02-24,1994,2,24,1993,1993/94,86,25,19,11,0.9472015884717112,0.8218312467712424,0.5054961106644875,11.63088159703942,1.1843141624254367,10.2,0.0,0.0,0.0,0.0,0,12.279204066586916,1.4410673323486956,0.8676413308145408,True,True,no_bmd_cold_wave,4,True,BDP10A_1993_01,1,1994-02-24,0,p10_area20_duration3,True,2026-06-24T18:32:06.313319+00:00
1994-02-25,1994,2,25,1993,1993/94,87,25,20,14,0.9472015884717112,0.8023889106817271,0.5773213244608382,11.254469223196391,1.542456357343728,9.9,0.0471269312789505,0.0,0.0,0.0,1,11.881809912666249,1.922330103033482,0.847115250277783,True,True,mild,4,True,BDP10A_1993_01,2,1994-02-24,1,p10_area20_duration3,True,2026-06-24T18:32:06.313319+00:00
1994-02-26,1994,2,26,1993,1993/94,88,25,22,17,0.9472015884717112,0.8490554647895814,0.5726032732012324,11.387823003103296,1.5284164940792826,10.2,0.0,0.0,0.0,0.0,0,12.02259702866134,1.8001373967460006,0.8963830668395665,True,True,no_bmd_cold_wave,4,True,BDP10A_1993_01,3,1994-02-24,2,p10_area20_duration3,True,2026-06-24T18:32:06.313319+00:00
1994-02-27,1994,2,27,1993,1993/94,89,25,17,4,0.9472015884717112,0.5790479590181123,0.1036954857021585,12.583386419786136,0.5863994243786498,10.0,0.0208305353845536,0.0,0.0,0.0,1,13.284802910950722,1.012695779764086,0.6113249450440571,True,True,mild,4,True,BDP10A_1993_01,4,1994-02-24,3,p10_area20_duration3,True,2026-06-24T18:32:06.313319+00:00
1994-12-12,1994,12,12,1994,1994/95,12,26,5,2,0.999999999999997,0.320210670492529,0.1130833143134678,14.1066502323633,0.3674262940501466,9.0,0.1130833143134678,0.0,0.0,0.0,1,14.106650232363345,1.1474517494529253,0.3202106704925299,True,True,mild,7,True,BDP10A_1994_01,1,1994-12-12,0,p10_area20_duration3,True,2026-06-24T18:32:06.313319+00:00
1994-12-13,1994,12,13,1994,1994/95,13,26,20,19,0.999999999999997,0.8364521334800908,0.7860727494905162,11.035994487833628,1.3862871988457448,8.2,0.4503172898366785,0.0,0.0,0.0,1,11.035994487833662,1.657341936684463,0.8364521334800934,True,True,mild,7,True,BDP10A_1994_01,2,1994-12-12,1,p10_area20_duration3,True,2026-06-24T18:32:06.313319+00:00
1994-12-14,1994,12,14,1994,1994/95,14,26,24,19,0.999999999999997,0.9730634542009294,0.7614805641211699,10.352960439360524,1.6510601893914545,7.8,0.3899872084440997,0.0509566385104267,0.0,0.0,2,10.352960439360556,1.6967651824384768,0.9730634542009324,True,True,moderate,7,True,BDP10A_1994_01,3,1994-12-12,2,p10_area20_duration3,True,2026-06-24T18:32:06.313319+00:00
1994-12-15,1994,12,15,1994,1994/95,15,26,18,8,0.999999999999997,0.697953627405846,0.3013281372014759,11.089918782103744,0.6589490231847769,8.5,0.2667229772185122,0.0,0.0,0.0,1,11.089918782103778,0.9441157654469948,0.6979536274058481,True,True,mild,7,True,BDP10A_1994_01,4,1994-12-12,3,p10_area20_duration3,True,2026-06-24T18:32:06.313319+00:00
1994-12-16,1994,12,16,1994,1994/95,16,26,15,4,0.999999999999997,0.5615858874114668,0.1459137718441566,11.335198577717795,0.4049031856953037,8.2,0.2565010463714625,0.0,0.0,0.0,1,11.335198577717833,0.7209995741909312,0.5615858874114684,True,True,mild,7,True,BDP10A_1994_01,5,1994-12-12,4,p10_area20_duration3,True,2026-06-24T18:32:06.313319+00:00
1994-12-17,1994,12,17,1994,1994/95,17,26,8,3,0.999999999999997,0.2484131804930505,0.0781393445740414,11.68722566450604,0.108489645814627,9.8,0.1756996418085037,0.0,0.0,0.0,1,11.687225664506077,0.4367306340158634,0.2484131804930512,True,True,mild,7,True,BDP10A_1994_01,6,1994-12-12,5,p10_area20_duration3,True,2026-06-24T18:32:06.313319+00:00
1994-12-18,1994,12,18,1994,1994/95,18,26,14,5,0.999999999999997,0.4783511440797875,0.1509448767014818,11.500044786424189,0.3521351395785159,8.4,0.0912560154166214,0.0,0.0,0.0,1,11.500044786424224,0.7361436131942873,0.478351144079789,True,True,mild,7,True,BDP10A_1994_01,7,1994-12-12,6,p10_area20_duration3,True,2026-06-24T18:32:06.313319+00:00
1994-12-21,1994,12,21,1994,1994/95,21,26,9,3,0.999999999999997,0.3330981334312185,0.1264763442709779,11.122196086153323,0.2858626930328064,7.6,0.0984466074036801,0.0471269312789505,0.0,0.0,2,11.122196086153355,0.8581936202648648,0.3330981334312195,True,True,moderate,4,True,BDP10A_1994_02,1,1994-12-21,0,p10_area20_duration3,True,2026-06-24T18:32:06.313319+00:00
1994-12-22,1994,12,22,1994,1994/95,22,26,10,7,0.999999999999997,0.3363852485905741,0.2272054111048094,11.042158780796283,0.3401587434544499,8.3,0.268853139141015,0.0,0.0,0.0,1,11.042158780796315,1.0112177774729614,0.3363852485905751,True,True,mild,4,True,BDP10A_1994_02,2,1994-12-21,1,p10_area20_duration3,True,2026-06-24T18:32:06.313319+00:00
1994-12-23,1994,12,23,1994,1994/95,23,26,13,4,0.999999999999997,0.4276887995522372,0.0996579154540613,11.032095103679833,0.25023314982849,8.2,0.2013760544554485,0.0,0.0,0.0,1,11.032095103679865,0.5850823077211004,0.4276887995522385,True,True,mild,4,True,BDP10A_1994_02,3,1994-12-21,2,p10_area20_duration3,True,2026-06-24T18:32:06.313319+00:00
1994-12-24,1994,12,24,1994,1994/95,24,26,11,7,0.999999999999997,0.3413072743952337,0.2160998796340629,11.01310017469515,0.3146878156610179,8.7,0.3674771500416208,0.0,0.0,0.0,1,11.013100174695184,0.9220073501762214,0.3413072743952347,True,True,mild,4,True,BDP10A_1994_02,4,1994-12-21,3,p10_area20_duration3,True,2026-06-24T18:32:06.313319+00:00
1995-01-02,1995,1,2,1994,1994/95,33,25,14,11,0.9775248660322788,0.6399981741701087,0.5768402730453946,8.98564443132059,1.3483575188818846,4.3,0.3257387514601033,0.1848357449501061,0.1052741617764358,0.0,3,9.192241285679865,2.1068146336984657,0.6547129350968095,True,True,severe,5,True,BDP10A_1994_03,1,1995-01-02,0,p10_area20_duration3,True,2026-06-24T18:32:06.313319+00:00
1995-01-03,1995,1,3,1994,1994/95,34,26,25,25,0.999999999999997,0.9955385881686476,0.9955385881686476,7.296044819095439,2.766672110111632,4.4,0.1418661327801444,0.4848359466712187,0.2946679343598632,0.0,3,7.296044819095461,2.7790706889635386,0.9955385881686506,True,True,severe,5,True,BDP10A_1994_03,2,1995-01-02,1,p10_area20_duration3,True,2026-06-24T18:32:06.313319+00:00
1995-01-04,1995,1,4,1994,1994/95,35,26,25,24,0.999999999999997,0.9678805311971472,0.913563007931138,7.425218960817547,2.4912303954870727,4.0,0.1866605070139865,0.5114643133074578,0.2069996584897439,0.0471269312789505,4,7.42521896081757,2.573902785714402,0.9678805311971502,True,True,very_severe,5,True,BDP10A_1994_03,3,1995-01-02,2,p10_area20_duration3,True,2026-06-24T18:32:06.313319+00:00
1995-01-05,1995,1,5,1994,1994/95,36,26,23,17,0.999999999999997,0.8663866668093351,0.5652214263233344,8.638496308300548,1.1334232808496951,5.2,0.6167162156147726,0.2052057616869247,0.0471269312789505,0.0,3,8.638496308300574,1.3082187483606862,0.8663866668093376,True,True,severe,5,True,BDP10A_1994_03,4,1995-01-02,3,p10_area20_duration3,True,2026-06-24T18:32:06.313319+00:00
1995-01-06,1995,1,6,1994,1994/95,37,26,8,2,0.999999999999997,0.2260526475801181,0.0457736827208355,10.739690766096912,0.1410312393145276,7.4,0.2277399945296372,0.0471269312789505,0.0,0.0,2,10.739690766096944,0.6238866955298233,0.2260526475801187,True,True,moderate,5,True,BDP10A_1994_03,5,1995-01-02,4,p10_area20_duration3,True,2026-06-24T18:32:06.313319+00:00
1995-01-23,1995,1,23,1994,1994/95,54,26,19,1,0.999999999999997,0.8014616618180637,0.0232985487531173,8.180105309888358,0.6992610955713492,5.0,0.3459771654453015,0.3845218691255861,0.1408116431297308,0.0,3,8.180105309888383,0.8724822769252878,0.8014616618180661,True,True,severe,9,True,BDP10A_1994_04,1,1995-01-23,0,p10_area20_duration3,True,2026-06-24T18:32:06.313319+00:00
1995-01-24,1995,1,24,1994,1994/95,55,26,15,10,0.999999999999997,0.554829927278562,0.3885756995101653,8.10262631451753,0.9616208281743506,4.2,0.2326188571255146,0.3426591935860243,0.1524010930553864,0.0,3,8.102626314517554,1.7331812523003147,0.5548299272785636,True,True,severe,9,True,BDP10A_1994_04,2,1995-01-23,1,p10_area20_duration3,True,2026-06-24T18:32:06.313319+00:00
1995-01-25,1995,1,25,1994,1994/95,56,26,20,14,0.999999999999997,0.8763899624432094,0.589527340514827,7.725699703898263,1.108582576198034,4.4,0.2644390464153129,0.4376522850167102,0.19512916639574,0.0,3,7.725699703898286,1.2649421190396974,0.8763899624432121,True,True,severe,9,True,BDP10A_1994_04,3,1995-01-23,2,p10_area20_duration3,True,2026-06-24T18:32:06.313319+00:00
1995-01-26,1995,1,26,1994,1994/95,57,26,18,10,0.999999999999997,0.6032466148899577,0.3195477636921352,8.511903680757273,0.6871422701308552,5.2,0.48562829342807,0.3510195949880217,0.0471269312789505,0.0,3,8.511903680757298,1.1390735615751468,0.6032466148899595,True,True,severe,9,True,BDP10A_1994_04,4,1995-01-23,3,p10_area20_duration3,True,2026-06-24T18:32:06.313319+00:00
1995-01-27,1995,1,27,1994,1994/95,58,26,13,1,0.999999999999997,0.5355274607400387,0.0208120441107907,9.352267453788118,0.2259643996970994,6.4,0.436669536418682,0.19512916639574,0.0,0.0,2,9.352267453788146,0.4219473626708928,0.5355274607400402,True,True,moderate,9,True,BDP10A_1994_04,5,1995-01-23,4,p10_area20_duration3,True,2026-06-24T18:32:06.313319+00:00
1995-01-28,1995,1,28,1994,1994/95,59,26,9,0,0.999999999999997,0.3187117048732924,0.0,9.948889988706313,0.0796428696180849,6.6,0.4584393766851647,0.1014444545449597,0.0,0.0,2,9.94888998870634,0.2498900052941195,0.3187117048732933,True,True,moderate,9,True,BDP10A_1994_04,6,1995-01-23,5,p10_area20_duration3,True,2026-06-24T18:32:06.313319+00:00
1995-01-29,1995,1,29,1994,1994/95,60,26,11,0,0.999999999999997,0.3829482234375242,0.0,10.071385465438617,0.2009041940588052,7.4,0.3709367827341416,0.1408116431297308,0.0,0.0,2,10.071385465438643,0.5246249538786059,0.3829482234375254,True,True,moderate,9,True,BDP10A_1994_04,7,1995-01-23,6,p10_area20_duration3,True,2026-06-24T18:32:06.313319+00:00
1995-01-30,1995,1,30,1994,1994/95,61,26,10,3,0.999999999999997,0.3661473496012402,0.0799170227230408,10.24241123794568,0.1481652113416707,8.2,0.4101131878248572,0.0471269312789505,0.0,0.0,2,10.24241123794571,0.4046600678744033,0.3661473496012413,True,True,moderate,9,True,BDP10A_1994_04,8,1995-01-23,7,p10_area20_duration3,True,2026-06-24T18:32:06.313319+00:00
1995-01-31,1995,1,31,1994,1994/95,62,26,12,5,0.999999999999997,0.5613298931732007,0.3065090109544853,9.923874350056805,0.4742788508252309,7.4,0.5132823330748705,0.0980835697893772,0.0,0.0,2,9.923874350056831,0.8449199955201571,0.5613298931732024,True,True,moderate,9,True,BDP10A_1994_04,9,1995-01-23,8,p10_area20_duration3,True,2026-06-24T18:32:06.313319+00:00
1995-12-03,1995,12,3,1995,1995/96,3,26,7,1,0.999999999999997,0.3269454730658838,0.0509566385104267,13.448055339976404,0.3026257866816501,9.4,0.0509566385104267,0.0,0.0,0.0,1,13.448055339976444,0.9256154668355572,0.3269454730658848,True,True,mild,3,True,BDP10A_1995_01,1,1995-12-03,0,p10_area20_duration3,True,2026-06-24T18:32:06.313319+00:00
1995-12-04,1995,12,4,1995,1995/96,4,26,11,8,0.999999999999997,0.4167005349474137,0.2725498242616515,12.971329201026776,0.573449378309698,9.5,0.0808014045629588,0.0,0.0,0.0,1,12.971329201026814,1.3761666477871584,0.416700534947415,True,True,mild,3,True,BDP10A_1995_01,2,1995-12-03,1,p10_area20_duration3,True,2026-06-24T18:32:06.313319+00:00
1995-12-05,1995,12,5,1995,1995/96,5,26,8,6,0.999999999999997,0.2986696061589435,0.219822569320562,13.402804410223393,0.3466517085845763,10.3,0.0,0.0,0.0,0.0,0,13.402804410223432,1.1606527796474146,0.2986696061589444,True,True,no_bmd_cold_wave,3,True,BDP10A_1995_01,3,1995-12-03,2,p10_area20_duration3,True,2026-06-24T18:32:06.313319+00:00
1996-01-30,1996,1,30,1995,1995/96,61,26,7,5,0.999999999999997,0.2267344086390293,0.1881931799780259,10.456839023026276,0.2864841303629741,7.0,0.3353580861056165,0.0936847118507803,0.0,0.0,2,10.456839023026308,1.2635229565842776,0.2267344086390299,True,True,moderate,3,True,BDP10A_1995_02,1,1996-01-30,0,p10_area20_duration3,True,2026-06-24T18:32:06.313319+00:00
1996-01-31,1996,1,31,1995,1995/96,62,26,17,12,0.999999999999997,0.6581858278777742,0.4469972732195809,9.472690625069564,0.9013750961886544,5.8,0.3097967190875591,0.1687020414576855,0.0509566385104267,0.0,3,9.472690625069593,1.369484206451253,0.6581858278777762,True,True,severe,3,True,BDP10A_1995_02,2,1996-01-30,1,p10_area20_duration3,True,2026-06-24T18:32:06.313319+00:00
1996-02-01,1996,2,1,1995,1995/96,63,26,16,5,0.999999999999997,0.5789346612321994,0.1378113796870212,10.383036391002817,0.396442929877671,8.0,0.3547878195989018,0.0898550046193041,0.0,0.0,2,10.383036391002848,0.6847800907858675,0.5789346612322012,True,True,moderate,3,True,BDP10A_1995_02,3,1996-01-30,2,p10_area20_duration3,True,2026-06-24T18:32:06.313319+00:00
1996-02-17,1996,2,17,1995,1995/96,79,26,5,0,0.999999999999997,0.2073755999775737,0.0,13.79767809094268,0.0811358773741847,9.4,0.0471269312789505,0.0,0.0,0.0,1,13.79767809094272,0.3912508384928557,0.2073755999775743,True,True,mild,3,True,BDP10A_1995_03,1,1996-02-17,0,p10_area20_duration3,True,2026-06-24T18:32:06.313319+00:00
1996-02-18,1996,2,18,1995,1995/96,80,26,8,0,0.999999999999997,0.2999805360945012,0.0,12.935013083142364,0.1439368268038538,8.7,0.0471269312789505,0.0,0.0,0.0,1,12.935013083142405,0.4798205532858646,0.2999805360945021,True,True,mild,3,True,BDP10A_1995_03,2,1996-02-17,1,p10_area20_duration3,True,2026-06-24T18:32:06.313319+00:00
1996-02-19,1996,2,19,1995,1995/96,81,26,13,3,0.999999999999997,0.3965952269797013,0.1119836249899046,12.801884699141535,0.3741167806334322,9.2,0.0471269312789505,0.0,0.0,0.0,1,12.801884699141574,0.943321440055002,0.3965952269797024,True,True,mild,3,True,BDP10A_1995_03,3,1996-02-17,2,p10_area20_duration3,True,2026-06-24T18:32:06.313319+00:00
1996-12-08,1996,12,8,1996,1996/97,8,26,15,8,0.999999999999997,0.6129863507703724,0.2763056117834287,12.929214227149243,0.5694380705410595,9.5,0.0808014045629588,0.0,0.0,0.0,1,12.929214227149284,0.9289571779623096,0.6129863507703743,True,True,mild,7,True,BDP10A_1996_01,1,1996-12-08,0,p10_area20_duration3,True,2026-06-24T18:32:06.313319+00:00
1996-12-09,1996,12,9,1996,1996/97,9,26,17,8,0.999999999999997,0.6787275575874135,0.348612796892531,12.567161081412884,0.7293907052326647,9.0,0.1317580430733855,0.0,0.0,0.0,1,12.56716108141292,1.0746443062152022,0.6787275575874155,True,True,mild,7,True,BDP10A_1996_01,2,1996-12-08,1,p10_area20_duration3,True,2026-06-24T18:32:06.313319+00:00
1996-12-10,1996,12,10,1996,1996/97,10,26,19,16,0.999999999999997,0.7361509550689732,0.6307098962432552,11.93476113923,1.005338029235474,8.6,0.1638775118762352,0.0,0.0,0.0,1,11.934761139230035,1.3656683079916396,0.7361509550689754,True,True,mild,7,True,BDP10A_1996_01,3,1996-12-08,2,p10_area20_duration3,True,2026-06-24T18:32:06.313319+00:00
1996-12-11,1996,12,11,1996,1996/97,11,26,17,8,0.999999999999997,0.5659989097340897,0.231154298595189,12.354827242553831,0.5133102367431839,9.1,0.1211494385358816,0.0,0.0,0.0,1,12.35482724255387,0.9069102924320838,0.5659989097340914,True,True,mild,7,True,BDP10A_1996_01,4,1996-12-08,3,p10_area20_duration3,True,2026-06-24T18:32:06.313319+00:00
1996-12-12,1996,12,12,1996,1996/97,12,26,15,6,0.999999999999997,0.5449729479265926,0.2062042658862554,12.336183588932116,0.438922444021723,9.1,0.0792464000818002,0.0,0.0,0.0,1,12.336183588932156,0.8054022602253011,0.5449729479265942,True,True,mild,7,True,BDP10A_1996_01,5,1996-12-08,4,p10_area20_duration3,True,2026-06-24T18:32:06.313319+00:00
1996-12-13,1996,12,13,1996,1996/97,13,26,7,0,0.999999999999997,0.2802197885663472,0.0,12.791592062893946,0.1068523563981478,9.2,0.0471269312789505,0.0,0.0,0.0,1,12.791592062893985,0.3813162408865658,0.280219788566348,True,True,mild,7,True,BDP10A_1996_01,6,1996-12-08,5,p10_area20_duration3,True,2026-06-24T18:32:06.313319+00:00
1996-12-14,1996,12,14,1996,1996/97,14,26,7,1,0.999999999999997,0.2251875768543674,0.0044614118313494,12.811887715806169,0.0918370814304015,9.5,0.0471269312789505,0.0,0.0,0.0,1,12.811887715806206,0.4078248130437236,0.225187576854368,True,True,mild,7,True,BDP10A_1996_01,7,1996-12-08,6,p10_area20_duration3,True,2026-06-24T18:32:06.313319+00:00
1997-01-18,1997,1,18,1996,1996/97,49,26,11,4,0.999999999999997,0.5248110993696504,0.2016427303413432,9.433535562426751,0.4051583310938518,6.0,0.3161475555615029,0.2920618454315994,0.0543175232660092,0.0,3,9.433535562426782,0.7720079311975045,0.524811099369652,True,True,severe,3,True,BDP10A_1996_02,1,1997-01-18,0,p10_area20_duration3,True,2026-06-24T18:32:06.313319+00:00
1997-01-19,1997,1,19,1996,1996/97,50,26,16,13,0.999999999999997,0.5655605672379437,0.4266140292570073,8.80478370236679,0.6991185632799233,5.2,0.5486005537670181,0.2290966653197013,0.0980835697893772,0.0,3,8.804783702366816,1.2361515349173713,0.5655605672379453,True,True,severe,3,True,BDP10A_1996_02,2,1997-01-18,1,p10_area20_duration3,True,2026-06-24T18:32:06.313319+00:00
1997-01-20,1997,1,20,1996,1996/97,51,26,8,2,0.999999999999997,0.2336944971376879,0.0467218642379353,10.106049987503129,0.1594619533244176,8.7,0.578524644695116,0.0471269312789505,0.0,0.0,2,10.10604998750316,0.682352196040226,0.2336944971376885,True,True,moderate,3,True,BDP10A_1996_02,3,1997-01-18,2,p10_area20_duration3,True,2026-06-24T18:32:06.313319+00:00
1997-01-23,1997,1,23,1996,1996/97,54,26,11,3,0.999999999999997,0.3613978814128682,0.078841333040785,9.254863720659662,0.225264268392567,8.0,0.7311858363702577,0.138150266688959,0.0,0.0,2,9.25486372065969,0.623313749134076,0.3613978814128693,True,True,moderate,9,True,BDP10A_1996_03,1,1997-01-23,0,p10_area20_duration3,True,2026-06-24T18:32:06.313319+00:00
1997-01-24,1997,1,24,1996,1996/97,55,26,19,3,0.999999999999997,0.7376730750770331,0.0805044228977125,8.321312317502139,0.4676743711859734,6.0,0.3496203873899928,0.5275248682062558,0.0509566385104267,0.0,3,8.321312317502164,0.6339859579897715,0.7376730750770353,True,True,severe,9,True,BDP10A_1996_03,2,1997-01-23,1,p10_area20_duration3,True,2026-06-24T18:32:06.313319+00:00
1997-01-25,1997,1,25,1996,1996/97,56,26,16,6,0.999999999999997,0.6719149557512933,0.2451957288854481,8.309621796110672,0.6097071003670907,5.0,0.4600806946016156,0.3900128719471969,0.0471269312789505,0.0,3,8.309621796110697,0.907417069895928,0.6719149557512953,True,True,severe,9,True,BDP10A_1996_03,3,1997-01-23,2,p10_area20_duration3,True,2026-06-24T18:32:06.313319+00:00
1997-01-26,1997,1,26,1996,1996/97,57,26,25,11,0.999999999999997,0.9412342089525384,0.4206105326517266,8.04017985103509,0.9987851334687582,5.6,0.3824698927998784,0.5226545860113098,0.0471269312789505,0.0,3,8.040179851035115,1.061144106290257,0.9412342089525412,True,True,severe,9,True,BDP10A_1996_03,4,1997-01-23,3,p10_area20_duration3,True,2026-06-24T18:32:06.313319+00:00
1997-01-27,1997,1,27,1996,1996/97,58,26,18,8,0.999999999999997,0.6591272531636247,0.2496206727637521,8.811946096679495,0.5584386485539474,5.5,0.5854429201703683,0.2432109374267778,0.0471269312789505,0.0,3,8.811946096679522,0.8472395062919937,0.6591272531636267,True,True,severe,9,True,BDP10A_1996_03,5,1997-01-23,4,p10_area20_duration3,True,2026-06-24T18:32:06.313319+00:00
1997-01-28,1997,1,28,1996,1996/97,59,25,9,3,0.9572719266596434,0.283072447120963,0.0711449375742703,9.393129134288644,0.2328820418137501,7.4,0.4386672280899949,0.1388572754051535,0.0,0.0,2,9.812393816943466,0.8226941342483769,0.2957074570323308,True,True,moderate,9,True,BDP10A_1996_03,6,1997-01-23,5,p10_area20_duration3,True,2026-06-24T18:32:06.313319+00:00
1997-01-29,1997,1,29,1996,1996/97,60,26,7,2,0.999999999999997,0.3303450166125808,0.1448055164849886,10.005380405648156,0.2609460679779996,9.0,0.5381442304471524,0.0471269312789505,0.0,0.0,2,10.005380405648186,0.789919795533134,0.3303450166125818,True,True,moderate,9,True,BDP10A_1996_03,7,1997-01-23,6,p10_area20_duration3,True,2026-06-24T18:32:06.313319+00:00
1997-01-30,1997,1,30,1996,1996/97,61,26,12,2,0.999999999999997,0.4839972769716082,0.0712099193741283,10.067394158526705,0.2522721647802951,8.5,0.4161311647816254,0.0471269312789505,0.0,0.0,2,10.067394158526731,0.521226413418631,0.4839972769716097,True,True,moderate,9,True,BDP10A_1996_03,8,1997-01-23,7,p10_area20_duration3,True,2026-06-24T18:32:06.313319+00:00
1997-01-31,1997,1,31,1996,1996/97,62,26,6,2,0.999999999999997,0.3255491748041212,0.0812409250151768,10.941851796252203,0.184536788213439,6.7,0.2067680261642481,0.0471269312789505,0.0,0.0,2,10.941851796252235,0.5668476608010832,0.3255491748041222,True,True,moderate,9,True,BDP10A_1996_03,9,1997-01-23,8,p10_area20_duration3,True,2026-06-24T18:32:06.313319+00:00
1997-02-07,1997,2,7,1996,1996/97,69,26,13,7,0.999999999999997,0.6201459423976665,0.3214499690412986,11.189027899200063,0.6546150668913568,7.5,0.2289023079808336,0.1558113876538214,0.0,0.0,2,11.189027899200097,1.0555822785204765,0.6201459423976684,True,True,moderate,5,True,BDP10A_1996_04,1,1997-02-07,0,p10_area20_duration3,True,2026-06-24T18:32:06.313319+00:00
1997-02-08,1997,2,8,1996,1996/97,70,26,24,23,0.999999999999997,0.9747265440578567,0.9275996127789063,9.017203124214172,2.370639818739324,6.5,0.6812607960474695,0.2159597017802936,0.0,0.0,2,9.017203124214198,2.432107582574061,0.9747265440578596,True,True,moderate,5,True,BDP10A_1996_04,2,1997-02-07,1,p10_area20_duration3,True,2026-06-24T18:32:06.313319+00:00
1997-02-09,1997,2,9,1996,1996/97,71,26,24,20,0.999999999999997,0.948306559610294,0.7920082047108916,9.850249876388112,1.712385041068951,6.4,0.366485964226359,0.12075587819179,0.0,0.0,2,9.850249876388142,1.8057294065040048,0.948306559610297,True,True,moderate,5,True,BDP10A_1996_04,3,1997-02-07,2,p10_area20_duration3,True,2026-06-24T18:32:06.313319+00:00
1997-02-10,1997,2,10,1996,1996/97,72,26,11,5,0.999999999999997,0.2975607774318102,0.1545032275893736,12.916177716280425,0.3314904156514198,8.8,0.12075587819179,0.0,0.0,0.0,1,12.916177716280462,1.114025909303134,0.2975607774318111,True,True,mild,5,True,BDP10A_1996_04,4,1997-02-07,3,p10_area20_duration3,True,2026-06-24T18:32:06.313319+00:00
1997-02-11,1997,2,11,1996,1996/97,73,26,5,1,0.999999999999997,0.2356969321401553,0.09248441125441,13.365431386723555,0.2133827660081165,8.5,0.0471269312789505,0.0,0.0,0.0,1,13.365431386723598,0.9053268707003372,0.235696932140156,True,True,mild,5,True,BDP10A_1996_04,5,1997-02-07,4,p10_area20_duration3,True,2026-06-24T18:32:06.313319+00:00
1997-02-22,1997,2,22,1996,1996/97,84,26,7,2,0.999999999999997,0.4177169857610542,0.1091451750370333,13.356123710564084,0.4266436886246007,9.8,0.1602102455924183,0.0,0.0,0.0,1,13.356123710564123,1.021370217558385,0.4177169857610555,True,True,mild,4,True,BDP10A_1996_05,1,1997-02-22,0,p10_area20_duration3,True,2026-06-24T18:32:06.313319+00:00
1997-02-23,1997,2,23,1996,1996/97,85,26,9,4,0.999999999999997,0.4664439262077861,0.1746875553137977,13.41993050807602,0.2926966372193089,10.0,0.0543175232660092,0.0,0.0,0.0,1,13.41993050807606,0.6275065892677565,0.4664439262077874,True,True,mild,4,True,BDP10A_1996_05,2,1997-02-22,1,p10_area20_duration3,True,2026-06-24T18:32:06.313319+00:00
1997-02-24,1997,2,24,1996,1996/97,86,26,23,16,0.999999999999997,0.8661046415757385,0.5327718983331738,12.22544675623968,1.16913788301968,9.0,0.0898550046193041,0.0,0.0,0.0,1,12.225446756239716,1.349880634391499,0.8661046415757411,True,True,mild,4,True,BDP10A_1996_05,3,1997-02-22,2,p10_area20_duration3,True,2026-06-24T18:32:06.313319+00:00
1997-02-25,1997,2,25,1996,1996/97,87,26,17,4,0.999999999999997,0.6240908759524819,0.1550055089171425,13.127974552429198,0.4782829232305053,9.2,0.0471269312789505,0.0,0.0,0.0,1,13.127974552429237,0.7663674340704856,0.6240908759524838,True,True,mild,4,True,BDP10A_1996_05,4,1997-02-22,3,p10_area20_duration3,True,2026-06-24T18:32:06.313319+00:00
1997-12-21,1997,12,21,1997,1997/98,21,26,5,1,0.999999999999997,0.2983813144888756,0.0587657910474586,12.018387702894238,0.1581155932955722,9.0,0.1130833143134678,0.0,0.0,0.0,1,12.018387702894271,0.5299111761285145,0.2983813144888765,True,True,mild,5,True,BDP10A_1997_01,1,1997-12-21,0,p10_area20_duration3,True,2026-06-24T18:32:06.313319+00:00
1997-12-22,1997,12,22,1997,1997/98,22,26,8,4,0.999999999999997,0.3521536681790899,0.1781673361950619,10.999495917771537,0.3672371733370317,8.0,0.3523327082768451,0.1052741617764358,0.0,0.0,2,10.99949591777157,1.042832168229101,0.3521536681790909,True,True,moderate,5,True,BDP10A_1997_01,2,1997-12-21,1,p10_area20_duration3,True,2026-06-24T18:32:06.313319+00:00
1997-12-23,1997,12,23,1997,1997/98,23,26,12,4,0.999999999999997,0.455373338114395,0.149269457834273,10.940431138731524,0.3513930949770223,8.0,0.3765731044657148,0.0427280733403536,0.0,0.0,2,10.940431138731556,0.7716593519332228,0.4553733381143964,True,True,moderate,5,True,BDP10A_1997_01,3,1997-12-21,2,p10_area20_duration3,True,2026-06-24T18:32:06.313319+00:00
1997-12-24,1997,12,24,1997,1997/98,24,26,9,6,0.999999999999997,0.3602719658165386,0.2073302966715623,10.932471123130878,0.2519408750039945,8.3,0.4080049573788793,0.0,0.0,0.0,1,10.93247112313091,0.6993074646621005,0.3602719658165396,True,True,mild,5,True,BDP10A_1997_01,4,1997-12-21,3,p10_area20_duration3,True,2026-06-24T18:32:06.313319+00:00
1997-12-25,1997,12,25,1997,1997/98,25,26,10,4,0.999999999999997,0.3979253887915151,0.1279733405285321,10.86921376992446,0.2655424792944393,8.1,0.516404286159406,0.0,0.0,0.0,1,10.869213769924492,0.6673172578932,0.3979253887915163,True,True,mild,5,True,BDP10A_1997_01,5,1997-12-21,4,p10_area20_duration3,True,2026-06-24T18:32:06.313319+00:00
1998-02-09,1998,2,9,1997,1997/98,71,26,11,1,0.999999999999997,0.4803194060190718,0.0208305353845536,11.778979399953108,0.2118909183752415,8.3,0.1694513310513163,0.0,0.0,0.0,1,11.778979399953142,0.4411458619409353,0.4803194060190732,True,True,mild,3,True,BDP10A_1997_02,1,1998-02-09,0,p10_area20_duration3,True,2026-06-24T18:32:06.313319+00:00
1998-02-10,1998,2,10,1997,1997/98,72,26,15,8,0.999999999999997,0.5651013424794422,0.2918907027915483,11.400213916339402,0.4293793697870798,7.7,0.0795963264320122,0.0471269312789505,0.0,0.0,2,11.400213916339435,0.7598271982563909,0.5651013424794439,True,True,moderate,3,True,BDP10A_1997_02,2,1998-02-09,1,p10_area20_duration3,True,2026-06-24T18:32:06.313319+00:00
1998-02-11,1998,2,11,1997,1997/98,73,26,7,3,0.999999999999997,0.2411763662234631,0.10763920734921,12.268489482686132,0.1795098318331995,8.2,0.0471269312789505,0.0,0.0,0.0,1,12.268489482686167,0.7443093809070571,0.2411763662234638,True,True,mild,3,True,BDP10A_1997_02,3,1998-02-09,2,p10_area20_duration3,True,2026-06-24T18:32:06.313319+00:00
2000-01-07,2000,1,7,1999,1999/00,38,26,11,3,0.999999999999997,0.5473596063925202,0.1109665056412312,9.713467039574551,0.4291226639086353,5.6,0.4212573751089908,0.1860755663393947,0.0321194688028497,0.0,3,9.71346703957458,0.783986722617059,0.5473596063925219,True,True,severe,4,True,BDP10A_1999_01,1,2000-01-07,0,p10_area20_duration3,True,2026-06-24T18:32:06.313319+00:00
2000-01-08,2000,1,8,1999,1999/00,39,26,13,3,0.999999999999997,0.620479277722752,0.1833696711047183,8.975333758707247,0.7428551239766434,5.5,0.2653532800968476,0.2701984483993211,0.12580418065363,0.0,3,8.975333758707274,1.1972279343526642,0.6204792777227539,True,True,severe,4,True,BDP10A_1999_01,2,2000-01-07,1,p10_area20_duration3,True,2026-06-24T18:32:06.313319+00:00
2000-01-09,2000,1,9,1999,1999/00,40,26,14,2,0.999999999999997,0.4718903105763695,0.072893174418626,9.046892141388309,0.3692102490750366,5.7,0.4899434483083618,0.2196586799681122,0.0321194688028497,0.0,3,9.046892141388334,0.782406929746197,0.4718903105763709,True,True,severe,4,True,BDP10A_1999_01,3,2000-01-07,2,p10_area20_duration3,True,2026-06-24T18:32:06.313319+00:00
2000-01-10,2000,1,10,1999,1999/00,41,26,6,0,0.999999999999997,0.2409962187080659,0.0,9.425276950733844,0.1036368266238262,6.4,0.5364185802913587,0.2270421608622907,0.0,0.0,2,9.425276950733872,0.4300350734936971,0.2409962187080666,True,True,moderate,4,True,BDP10A_1999_01,4,2000-01-07,3,p10_area20_duration3,True,2026-06-24T18:32:06.313319+00:00
2000-02-15,2000,2,15,1999,1999/00,77,26,4,1,0.999999999999997,0.2552845426890159,0.0719148715842976,13.928043490805477,0.1418126989189195,10.3,0.0,0.0,0.0,0.0,0,13.92804349080552,0.5555083649998886,0.2552845426890167,True,True,no_bmd_cold_wave,3,True,BDP10A_1999_02,1,2000-02-15,0,p10_area20_duration3,True,2026-06-24T18:32:06.313319+00:00
2000-02-16,2000,2,16,1999,1999/00,78,26,22,14,0.999999999999997,0.8085698335638267,0.4797919989986019,11.408542202299254,1.12698228811992,8.4,0.1906602964827932,0.0,0.0,0.0,1,11.408542202299287,1.393797098702865,0.8085698335638292,True,True,mild,3,True,BDP10A_1999_02,2,2000-02-15,1,p10_area20_duration3,True,2026-06-24T18:32:06.313319+00:00
2000-02-17,2000,2,17,1999,1999/00,79,26,17,14,0.999999999999997,0.5249232426561627,0.3921434530323497,12.084524382191836,0.8817136013283065,9.0,0.0856866512137168,0.0,0.0,0.0,1,12.084524382191873,1.6797000583680572,0.5249232426561643,True,True,mild,3,True,BDP10A_1999_02,3,2000-02-15,2,p10_area20_duration3,True,2026-06-24T18:32:06.313319+00:00
2000-02-19,2000,2,19,1999,1999/00,81,26,14,10,0.999999999999997,0.6422300665003406,0.4808841768695346,12.107212582067032,0.968274693015342,9.7,0.2067680261642481,0.0,0.0,0.0,1,12.107212582067069,1.5076757435099444,0.6422300665003425,True,True,mild,5,True,BDP10A_1999_03,1,2000-02-19,0,p10_area20_duration3,True,2026-06-24T18:32:06.313319+00:00
2000-02-20,2000,2,20,1999,1999/00,82,26,23,9,0.999999999999997,0.9482265975877948,0.3374583308885993,12.096476378867546,0.9593102064102184,9.2,0.1441725278853133,0.0,0.0,0.0,1,12.096476378867582,1.0116887765546962,0.9482265975877976,True,True,mild,5,True,BDP10A_1999_03,2,2000-02-19,1,p10_area20_duration3,True,2026-06-24T18:32:06.313319+00:00
2000-02-21,2000,2,21,1999,1999/00,83,26,8,2,0.999999999999997,0.3118242258432419,0.0385412286610034,14.245316982999958,0.2336587846817739,10.5,0.0,0.0,0.0,0.0,0,14.245316983,0.7493285168909143,0.3118242258432429,True,True,no_bmd_cold_wave,5,True,BDP10A_1999_03,3,2000-02-19,2,p10_area20_duration3,True,2026-06-24T18:32:06.313319+00:00
2000-02-22,2000,2,22,1999,1999/00,84,26,11,4,0.999999999999997,0.5575756101362587,0.2638473193482368,12.874058275751572,0.5965039420938095,9.0,0.0471269312789505,0.0,0.0,0.0,1,12.874058275751612,1.069817135559494,0.5575756101362603,True,True,mild,5,True,BDP10A_1999_03,4,2000-02-19,3,p10_area20_duration3,True,2026-06-24T18:32:06.313319+00:00
2000-02-23,2000,2,23,1999,1999/00,85,26,6,0,0.999999999999997,0.2133689442314852,0.0,13.527336729472015,0.0917530418317596,9.8,0.0471269312789505,0.0,0.0,0.0,1,13.527336729472058,0.4300206019307865,0.2133689442314858,True,True,mild,5,True,BDP10A_1999_03,5,2000-02-19,4,p10_area20_duration3,True,2026-06-24T18:32:06.313319+00:00
2000-02-27,2000,2,27,1999,1999/00,89,26,18,11,0.999999999999997,0.828443978652614,0.549343097826741,12.459199219984445,1.2510484563058952,9.4,0.1602102455924183,0.0,0.0,0.0,1,12.459199219984482,1.510118352650239,0.8284439786526164,True,True,mild,3,True,BDP10A_1999_04,1,2000-02-27,0,p10_area20_duration3,True,2026-06-24T18:32:06.313319+00:00
2000-02-28,2000,2,28,1999,1999/00,90,26,25,10,0.999999999999997,0.9955385881686476,0.4373263709258294,12.814998888728514,1.1591766705903426,9.3,0.1014444545449597,0.0,0.0,0.0,1,12.814998888728551,1.1643714109793744,0.9955385881686506,True,True,mild,3,True,BDP10A_1999_04,2,2000-02-27,1,p10_area20_duration3,True,2026-06-24T18:32:06.313319+00:00
2000-02-29,2000,2,29,1999,1999/00,91,26,22,9,0.999999999999997,0.8612400260828927,0.4158890866912572,13.184263259856356,0.9769409024559444,9.7,0.0471269312789505,0.0,0.0,0.0,1,13.184263259856396,1.1343421959837194,0.8612400260828953,True,True,mild,3,True,BDP10A_1999_04,3,2000-02-27,2,p10_area20_duration3,True,2026-06-24T18:32:06.313319+00:00
2000-12-03,2000,12,3,2000,2000/01,3,26,15,10,0.999999999999997,0.6831174977225926,0.5056263238531485,12.553357602904835,0.8725941331743201,9.8,0.1014444545449597,0.0,0.0,0.0,1,12.553357602904873,1.2773704905575003,0.6831174977225946,True,True,mild,5,True,BDP10A_2000_01,1,2000-12-03,0,p10_area20_duration3,True,2026-06-24T18:32:06.313319+00:00
2000-12-04,2000,12,4,2000,2000/01,4,26,14,8,0.999999999999997,0.5246030042889198,0.3330056864665104,12.85002029240882,0.5491095359633592,10.0,0.0543175232660092,0.0,0.0,0.0,1,12.85002029240886,1.0467144325787023,0.5246030042889214,True,True,mild,5,True,BDP10A_2000_01,2,2000-12-03,1,p10_area20_duration3,True,2026-06-24T18:32:06.313319+00:00
2000-12-05,2000,12,5,2000,2000/01,5,26,11,5,0.999999999999997,0.3744051583015091,0.1914127753289607,13.238177685833488,0.384181956443878,10.4,0.0,0.0,0.0,0.0,0,13.238177685833527,1.026112883130995,0.3744051583015102,True,True,no_bmd_cold_wave,5,True,BDP10A_2000_01,3,2000-12-03,2,p10_area20_duration3,True,2026-06-24T18:32:06.313319+00:00
2000-12-06,2000,12,6,2000,2000/01,6,26,16,4,0.999999999999997,0.6402513015697434,0.1269840164315117,12.977074679427623,0.3653343447916816,10.4,0.0,0.0,0.0,0.0,0,12.977074679427664,0.5706108584175761,0.6402513015697453,True,True,no_bmd_cold_wave,5,True,BDP10A_2000_01,4,2000-12-03,3,p10_area20_duration3,True,2026-06-24T18:32:06.313319+00:00
2000-12-07,2000,12,7,2000,2000/01,7,26,11,2,0.999999999999997,0.468523401711209,0.0588853753333959,13.149132486979015,0.1989752666907069,10.5,0.0,0.0,0.0,0.0,0,13.149132486979054,0.4246858662000247,0.4685234017112104,True,True,no_bmd_cold_wave,5,True,BDP10A_2000_01,5,2000-12-03,4,p10_area20_duration3,True,2026-06-24T18:32:06.313319+00:00
2000-12-10,2000,12,10,2000,2000/01,10,26,12,2,0.999999999999997,0.4102295558764073,0.0436390046773573,12.807136411341466,0.205952882431046,11.4,0.0,0.0,0.0,0.0,0,12.807136411341505,0.5020430134319598,0.4102295558764085,True,True,no_bmd_cold_wave,4,True,BDP10A_2000_02,1,2000-12-10,0,p10_area20_duration3,True,2026-06-24T18:32:06.313319+00:00
2000-12-11,2000,12,11,2000,2000/01,11,26,14,3,0.999999999999997,0.4249824068693703,0.0666042181053891,12.653134187019532,0.1721316246088024,10.8,0.0,0.0,0.0,0.0,0,12.65313418701957,0.4050323538727374,0.4249824068693715,True,True,no_bmd_cold_wave,4,True,BDP10A_2000_02,2,2000-12-10,1,p10_area20_duration3,True,2026-06-24T18:32:06.313319+00:00
2000-12-12,2000,12,12,2000,2000/01,12,26,11,0,0.999999999999997,0.322757874700208,0.0,12.857204702564978,0.107845062571775,10.2,0.0,0.0,0.0,0.0,0,12.857204702565015,0.3341361157243535,0.3227578747002089,True,True,no_bmd_cold_wave,4,True,BDP10A_2000_02,3,2000-12-10,2,p10_area20_duration3,True,2026-06-24T18:32:06.313319+00:00
2000-12-13,2000,12,13,2000,2000/01,13,26,8,3,0.999999999999997,0.2475345628379598,0.0780718674704259,12.574532991300098,0.1185972258447536,11.0,0.0,0.0,0.0,0.0,0,12.574532991300137,0.4791138032808346,0.2475345628379605,True,True,no_bmd_cold_wave,4,True,BDP10A_2000_02,4,2000-12-10,3,p10_area20_duration3,True,2026-06-24T18:32:06.313319+00:00
2001-01-06,2001,1,6,2000,2000/01,37,26,14,1,0.999999999999997,0.4477853976686397,0.0523211052305787,9.611993721850055,0.2388155843024526,8.6,0.623846132342715,0.0852002625015557,0.0,0.0,2,9.611993721850084,0.5333259761167461,0.447785397668641,True,True,moderate,3,True,BDP10A_2000_03,1,2001-01-06,0,p10_area20_duration3,True,2026-06-24T18:32:06.313319+00:00
2001-01-07,2001,1,7,2000,2000/01,38,26,14,3,0.999999999999997,0.5182365857616557,0.0969090043921939,9.4990175312076,0.3785175584312483,6.8,0.7214832572015146,0.0471269312789505,0.0,0.0,2,9.499017531207627,0.7303952843756459,0.5182365857616572,True,True,moderate,3,True,BDP10A_2000_03,2,2001-01-06,1,p10_area20_duration3,True,2026-06-24T18:32:06.313319+00:00
2001-01-08,2001,1,8,2000,2000/01,39,26,17,2,0.999999999999997,0.6020679862279712,0.0696020652466687,9.325134374974033,0.4156569044336093,6.1,0.6886272862812006,0.105892722326409,0.0,0.0,2,9.32513437497406,0.690382006586582,0.602067986227973,True,True,moderate,3,True,BDP10A_2000_03,3,2001-01-06,2,p10_area20_duration3,True,2026-06-24T18:32:06.313319+00:00
2001-01-10,2001,1,10,2000,2000/01,41,26,3,0,0.999999999999997,0.2035713075324473,0.0,10.968108523883188,0.1657369695994662,7.7,0.2127265147140284,0.2055677255678777,0.0,0.0,2,10.96810852388322,0.814147001404161,0.2035713075324479,True,True,moderate,7,True,BDP10A_2000_04,1,2001-01-10,0,p10_area20_duration3,True,2026-06-24T18:32:06.313319+00:00
2001-01-11,2001,1,11,2000,2000/01,42,26,13,0,0.999999999999997,0.5829786866982557,0.0,8.672655217407408,0.511912066816694,6.1,0.3711453567121848,0.4756957571260036,0.0,0.0,2,8.672655217407435,0.8780973961774607,0.5829786866982575,True,True,moderate,7,True,BDP10A_2000_04,2,2001-01-10,1,p10_area20_duration3,True,2026-06-24T18:32:06.313319+00:00
2001-01-12,2001,1,12,2000,2000/01,43,26,20,7,0.999999999999997,0.8192881541460911,0.2290306916535624,8.322864474834859,0.770324057041335,5.5,0.4019825265181471,0.3704658218225176,0.1052741617764358,0.0,3,8.322864474834883,0.9402358048789448,0.8192881541460936,True,True,severe,7,True,BDP10A_2000_04,3,2001-01-10,2,p10_area20_duration3,True,2026-06-24T18:32:06.313319+00:00
2001-01-13,2001,1,13,2000,2000/01,44,26,18,8,0.999999999999997,0.673279578596916,0.2885797720565924,8.378230030827734,0.6137266980924403,5.7,0.3164686965140596,0.4064417391419588,0.0923908544886144,0.0,3,8.378230030827758,0.911548066512605,0.673279578596918,True,True,severe,7,True,BDP10A_2000_04,4,2001-01-10,3,p10_area20_duration3,True,2026-06-24T18:32:06.313319+00:00
2001-01-14,2001,1,14,2000,2000/01,45,26,17,2,0.999999999999997,0.6864684911940493,0.1149595452221282,8.486322041791395,0.5814437171781879,5.4,0.3098235894372425,0.3638831602501013,0.09248441125441,0.0,3,8.48632204179142,0.8470071454653652,0.6864684911940514,True,True,severe,7,True,BDP10A_2000_04,5,2001-01-10,4,p10_area20_duration3,True,2026-06-24T18:32:06.313319+00:00
2001-01-15,2001,1,15,2000,2000/01,46,26,10,4,0.999999999999997,0.3500591865181348,0.1151464873816866,9.375669747534577,0.237589236485238,5.2,0.4850653498298587,0.2275985615488017,0.0471269312789505,0.0,3,9.375669747534603,0.6787116168794781,0.3500591865181358,True,True,severe,7,True,BDP10A_2000_04,6,2001-01-10,5,p10_area20_duration3,True,2026-06-24T18:32:06.313319+00:00
2001-01-16,2001,1,16,2000,2000/01,47,26,7,3,0.999999999999997,0.227511077832308,0.0742292047784412,10.115189066235564,0.1444932948503268,6.2,0.4524311140639171,0.1000769354663538,0.0,0.0,2,10.115189066235594,0.6351044363511333,0.2275110778323087,True,True,moderate,7,True,BDP10A_2000_04,7,2001-01-10,6,p10_area20_duration3,True,2026-06-24T18:32:06.313319+00:00
2001-02-07,2001,2,7,2000,2000/01,69,26,6,0,0.999999999999997,0.2942756165443285,0.0,11.71962411183198,0.1387965064810151,9.4,0.3258098290274962,0.0,0.0,0.0,1,11.719624111832015,0.4716547980118067,0.2942756165443294,True,True,mild,5,True,BDP10A_2000_05,1,2001-02-07,0,p10_area20_duration3,True,2026-06-24T18:32:06.313319+00:00
2001-02-08,2001,2,8,2000,2000/01,70,26,18,4,0.999999999999997,0.6350072578403,0.169191950183334,10.98173782681251,0.4583600450807046,9.0,0.2540330330028988,0.0,0.0,0.0,1,10.981737826812545,0.7218185924986373,0.6350072578403019,True,True,mild,5,True,BDP10A_2000_05,2,2001-02-07,1,p10_area20_duration3,True,2026-06-24T18:32:06.313319+00:00
2001-02-09,2001,2,9,2000,2000/01,71,26,16,7,0.999999999999997,0.4806032737428779,0.1928574981678292,11.33587854591352,0.3936545050287112,9.6,0.1616421785142844,0.0,0.0,0.0,1,11.335878545913554,0.8190841106074442,0.4806032737428793,True,True,mild,5,True,BDP10A_2000_05,3,2001-02-07,2,p10_area20_duration3,True,2026-06-24T18:32:06.313319+00:00
2001-02-10,2001,2,10,2000,2000/01,72,26,13,2,0.999999999999997,0.3860948056156323,0.072893174418626,11.733231190566324,0.290864363958795,9.3,0.178884974352336,0.0,0.0,0.0,1,11.73323119056636,0.7533495911580801,0.3860948056156335,True,True,mild,5,True,BDP10A_2000_05,4,2001-02-07,3,p10_area20_duration3,True,2026-06-24T18:32:06.313319+00:00
2001-02-11,2001,2,11,2000,2000/01,73,26,11,0,0.999999999999997,0.3420755988552169,0.0,11.960096034029968,0.1278625073861364,10.2,0.1408116431297308,0.0,0.0,0.0,1,11.960096034030004,0.3737843558968791,0.3420755988552179,True,True,mild,5,True,BDP10A_2000_05,5,2001-02-07,4,p10_area20_duration3,True,2026-06-24T18:32:06.313319+00:00
2002-02-02,2002,2,2,2001,2001/02,64,26,9,2,0.999999999999997,0.40059619073565,0.076376283415647,10.693605702087284,0.137596512342934,8.3,0.384713695634655,0.0,0.0,0.0,1,10.693605702087316,0.3434793328669786,0.4005961907356512,True,True,mild,5,True,BDP10A_2001_01,1,2002-02-02,0,p10_area20_duration3,True,2026-06-24T18:32:06.313319+00:00
2002-02-03,2002,2,3,2001,2001/02,65,26,5,1,0.999999999999997,0.2048244007239514,0.0044614118313494,10.9114898768578,0.0913866994280078,9.1,0.1614488482278854,0.0,0.0,0.0,1,10.911489876857832,0.4461709596366534,0.204824400723952,True,True,mild,5,True,BDP10A_2001_01,2,2002-02-02,1,p10_area20_duration3,True,2026-06-24T18:32:06.313319+00:00
2002-02-04,2002,2,4,2001,2001/02,66,26,6,1,0.999999999999997,0.2486842954425239,0.0407737056157763,10.606057445281325,0.1122071061010252,8.5,0.2834010773216196,0.0471269312789505,0.0,0.0,2,10.606057445281357,0.4512030239036894,0.2486842954425246,True,True,moderate,5,True,BDP10A_2001_01,3,2002-02-02,2,p10_area20_duration3,True,2026-06-24T18:32:06.313319+00:00
2002-02-05,2002,2,5,2001,2001/02,67,26,16,6,0.999999999999997,0.5873257458888455,0.1617922161728324,10.412329353919436,0.3651451375117941,8.0,0.3722267710490619,0.0898550046193041,0.0,0.0,2,10.41232935391947,0.6217080386271706,0.5873257458888472,True,True,moderate,5,True,BDP10A_2001_01,4,2002-02-02,3,p10_area20_duration3,True,2026-06-24T18:32:06.313319+00:00
2002-02-06,2002,2,6,2001,2001/02,68,26,17,6,0.999999999999997,0.6061414452149307,0.144835227991436,10.775719233888664,0.2924439534825462,8.8,0.2387238948781402,0.0,0.0,0.0,1,10.775719233888696,0.4824681694201739,0.6061414452149325,True,True,mild,5,True,BDP10A_2001_01,5,2002-02-02,4,p10_area20_duration3,True,2026-06-24T18:32:06.313319+00:00
2003-01-20,2003,1,20,2002,2002/03,51,26,6,3,0.999999999999997,0.3230099721601788,0.1655995834350779,9.70689300043288,0.3570020015851177,5.3,0.1552935800528643,0.2321251171767159,0.0936847118507803,0.0,3,9.70689300043291,1.1052352322054084,0.3230099721601797,True,True,severe,7,True,BDP10A_2002_01,1,2003-01-20,0,p10_area20_duration3,True,2026-06-24T18:32:06.313319+00:00
2003-01-21,2003,1,21,2002,2002/03,52,26,17,9,0.999999999999997,0.7039581860650606,0.387928177428574,8.69495873709897,0.7789217903772198,4.9,0.3909906485579218,0.2336101096835246,0.1480022351167895,0.0,3,8.694958737098997,1.106488717364288,0.7039581860650627,True,True,severe,7,True,BDP10A_2002_01,2,2003-01-20,1,p10_area20_duration3,True,2026-06-24T18:32:06.313319+00:00
2003-01-22,2003,1,22,2002,2002/03,53,26,22,16,0.999999999999997,0.8994529985618528,0.7160100836925409,7.545780333223817,1.5330176915755205,4.5,0.2868567930858317,0.3030305684919289,0.3095656369840922,0.0,3,7.545780333223839,1.7043888830507905,0.8994529985618555,True,True,severe,7,True,BDP10A_2002_01,3,2003-01-20,2,p10_area20_duration3,True,2026-06-24T18:32:06.313319+00:00
2003-01-23,2003,1,23,2002,2002/03,54,26,26,24,0.999999999999997,0.999999999999997,0.9612889574432952,6.702264520108762,2.1751174985918738,3.4,0.270689263863312,0.2251945747223153,0.4136394981641578,0.0427280733403536,4,6.702264520108782,2.1751174985918804,1.0,True,True,very_severe,7,True,BDP10A_2002_01,4,2003-01-20,3,p10_area20_duration3,True,2026-06-24T18:32:06.313319+00:00
2003-01-24,2003,1,24,2002,2002/03,55,26,11,8,0.999999999999997,0.4663639636493947,0.326431487658404,8.33918287641973,0.823443266977174,4.5,0.2692719520949877,0.2937286294779342,0.2067680261642481,0.0,3,8.339182876419756,1.7656665848140574,0.4663639636493961,True,True,severe,7,True,BDP10A_2002_01,5,2003-01-20,4,p10_area20_duration3,True,2026-06-24T18:32:06.313319+00:00
2003-01-25,2003,1,25,2002,2002/03,56,26,8,4,0.999999999999997,0.4476379302169977,0.2774825971521754,9.2039966687542,0.4157595065396005,6.0,0.1164520460856286,0.363976717015897,0.0543175232660092,0.0,3,9.203996668754227,0.928785249136632,0.4476379302169991,True,True,severe,7,True,BDP10A_2002_01,6,2003-01-20,5,p10_area20_duration3,True,2026-06-24T18:32:06.313319+00:00
2003-01-26,2003,1,26,2002,2002/03,57,26,3,3,0.999999999999997,0.2055677255678777,0.2055677255678777,10.02006203052782,0.1872285252476917,7.0,0.1864301188196315,0.2526946568468283,0.0,0.0,2,10.02006203052785,0.9107875505771916,0.2055677255678784,True,True,moderate,7,True,BDP10A_2002_01,7,2003-01-20,6,p10_area20_duration3,True,2026-06-24T18:32:06.313319+00:00
2004-02-04,2004,2,4,2003,2003/04,66,25,16,9,0.955672925588364,0.7113169573771861,0.4874087096690686,9.161371554439697,0.9128344762660014,6.2,0.37421901077925,0.211166884102845,0.0,0.0,2,9.586304382118454,1.283302003134951,0.7443100440867475,True,True,moderate,6,True,BDP10A_2003_01,1,2004-02-04,0,p10_area20_duration3,True,2026-06-24T18:32:06.313319+00:00
2004-02-05,2004,2,5,2003,2003/04,67,25,24,18,0.955672925588364,0.9331977916206456,0.7256286871874315,8.961656633307962,1.0906198419382354,6.6,0.57866045655577,0.0980835697893772,0.0,0.0,2,9.37732606350722,1.1686909803378354,0.9764823996098024,True,True,moderate,6,True,BDP10A_2003_01,2,2004-02-04,1,p10_area20_duration3,True,2026-06-24T18:32:06.313319+00:00
2004-02-06,2004,2,6,2003,2003/04,68,25,17,11,0.955672925588364,0.7324762240978846,0.5405593854899047,9.557574370095248,0.8713520629211126,6.6,0.4008939741150818,0.1524010930553864,0.0,0.0,2,10.000884313229957,1.1895977429086753,0.7664507432257042,True,True,moderate,6,True,BDP10A_2003_01,3,2004-02-04,2,p10_area20_duration3,True,2026-06-24T18:32:06.313319+00:00
2004-02-07,2004,2,7,2003,2003/04,69,25,7,2,0.955672925588364,0.3190750073228766,0.0865707359559312,11.100847630920413,0.1793861539842426,9.3,0.2538949574431985,0.0,0.0,0.0,1,11.615739374520974,0.5622068475037885,0.3338746958081257,True,True,mild,6,True,BDP10A_2003_01,4,2004-02-04,3,p10_area20_duration3,True,2026-06-24T18:32:06.313319+00:00
2004-02-08,2004,2,8,2003,2003/04,70,25,6,2,0.955672925588364,0.2306066716270756,0.0679389753897412,11.374700673798458,0.1249079451849205,7.1,0.0543175232660092,0.0471269312789505,0.0,0.0,2,11.902294570912508,0.5416493126743306,0.2413029243086505,True,True,moderate,6,True,BDP10A_2003_01,5,2004-02-04,4,p10_area20_duration3,True,2026-06-24T18:32:06.313319+00:00
2004-02-09,2004,2,9,2003,2003/04,71,25,8,2,0.955672925588364,0.2882279163152661,0.044110592863908,11.391697997774404,0.183728553841945,9.8,0.0679574666635041,0.0,0.0,0.0,1,11.920080283493496,0.6374419112164738,0.3015968210439962,True,True,mild,6,True,BDP10A_2003_01,6,2004-02-04,5,p10_area20_duration3,True,2026-06-24T18:32:06.313319+00:00
2004-12-27,2004,12,27,2004,2004/05,27,26,9,6,0.999999999999997,0.5048649762378374,0.3769306336617046,10.042725331552637,0.6548089756393468,6.4,0.2612384051087714,0.19512916639574,0.0,0.0,2,10.042725331552663,1.2969982202347743,0.504864976237839,True,True,moderate,5,True,BDP10A_2004_01,1,2004-12-27,0,p10_area20_duration3,True,2026-06-24T18:32:06.313319+00:00
2004-12-28,2004,12,28,2004,2004/05,28,26,16,10,0.999999999999997,0.637574077804047,0.4044300949333114,9.40255081699824,0.8641284231596825,5.2,0.5433620232478933,0.1909310186580901,0.0471269312789505,0.0,3,9.40255081699827,1.3553380748099757,0.6375740778040488,True,True,severe,5,True,BDP10A_2004_01,2,2004-12-27,1,p10_area20_duration3,True,2026-06-24T18:32:06.313319+00:00
2004-12-29,2004,12,29,2004,2004/05,29,26,12,6,0.999999999999997,0.5103614628261374,0.2989108043242546,9.937145312042022,0.6116062519342524,6.2,0.4973878732760543,0.1014444545449597,0.0,0.0,2,9.937145312042052,1.1983785933747229,0.5103614628261389,True,True,moderate,5,True,BDP10A_2004_01,3,2004-12-27,2,p10_area20_duration3,True,2026-06-24T18:32:06.313319+00:00
2004-12-30,2004,12,30,2004,2004/05,30,26,11,2,0.999999999999997,0.4565110960403754,0.105892722326409,10.294384365949211,0.2318296982210071,6.5,0.5382876046943674,0.0471269312789505,0.0,0.0,2,10.294384365949242,0.5078292734433412,0.4565110960403768,True,True,moderate,5,True,BDP10A_2004_01,4,2004-12-27,3,p10_area20_duration3,True,2026-06-24T18:32:06.313319+00:00
2004-12-31,2004,12,31,2004,2004/05,31,26,7,1,0.999999999999997,0.2174254294400061,0.0308813962789122,10.417605239675831,0.109991423692461,7.4,0.4123362490578464,0.0471269312789505,0.0,0.0,2,10.417605239675863,0.505881138079163,0.2174254294400067,True,True,moderate,5,True,BDP10A_2004_01,5,2004-12-27,4,p10_area20_duration3,True,2026-06-24T18:32:06.313319+00:00
2006-12-01,2006,12,1,2006,2006/07,1,26,15,1,0.999999999999997,0.6734958676756178,0.0587657910474586,13.29986667288961,0.4136666941772907,11.0,0.0,0.0,0.0,0.0,0,13.29986667288965,0.6142082142314331,0.6734958676756198,True,True,no_bmd_cold_wave,5,True,BDP10A_2006_01,1,2006-12-01,0,p10_area20_duration3,True,2026-06-24T18:32:06.313319+00:00
2006-12-02,2006,12,2,2006,2006/07,2,26,21,8,0.999999999999997,0.8571601812083532,0.336283271219031,12.679473333444788,0.8415528756409165,9.8,0.1408116431297308,0.0,0.0,0.0,1,12.679473333444824,0.9817918448504748,0.8571601812083558,True,True,mild,5,True,BDP10A_2006_01,2,2006-12-01,1,p10_area20_duration3,True,2026-06-24T18:32:06.313319+00:00
2006-12-03,2006,12,3,2006,2006/07,3,26,19,13,0.999999999999997,0.7364676065565174,0.4695400928713231,12.475465349187624,1.0558229944107695,9.0,0.178884974352336,0.0,0.0,0.0,1,12.47546534918766,1.4336312758512948,0.7364676065565197,True,True,mild,5,True,BDP10A_2006_01,3,2006-12-01,2,p10_area20_duration3,True,2026-06-24T18:32:06.313319+00:00
2006-12-04,2006,12,4,2006,2006/07,4,26,18,6,0.999999999999997,0.6435740595544596,0.1971597859111619,12.929876184445655,0.5226912761049214,8.8,0.0380733312226052,0.0,0.0,0.0,1,12.929876184445694,0.8121695838188006,0.6435740595544615,True,True,mild,5,True,BDP10A_2006_01,4,2006-12-01,3,p10_area20_duration3,True,2026-06-24T18:32:06.313319+00:00
2006-12-05,2006,12,5,2006,2006/07,5,26,7,1,0.999999999999997,0.2218228341702403,0.0527984115282859,13.686981716544947,0.1101619436075067,11.0,0.0,0.0,0.0,0.0,0,13.686981716544988,0.4966212969894786,0.2218228341702409,True,True,no_bmd_cold_wave,5,True,BDP10A_2006_01,5,2006-12-01,4,p10_area20_duration3,True,2026-06-24T18:32:06.313319+00:00
2007-01-03,2007,1,3,2006,2006/07,34,26,10,0,0.999999999999997,0.4930104760174804,0.0,10.185426276792189,0.2134027299250112,8.0,0.4989943058791209,0.0427280733403536,0.0,0.0,2,10.185426276792215,0.4328563799472788,0.4930104760174819,True,True,moderate,3,True,BDP10A_2006_02,1,2007-01-03,0,p10_area20_duration3,True,2026-06-24T18:32:06.313319+00:00
2007-01-04,2007,1,4,2006,2006/07,35,26,13,3,0.999999999999997,0.5105169307791209,0.0964316980944867,9.907191921802836,0.308100030728882,7.2,0.5460647499437081,0.1279283358419093,0.0,0.0,2,9.907191921802866,0.6035059998082295,0.5105169307791224,True,True,moderate,3,True,BDP10A_2006_02,2,2007-01-03,1,p10_area20_duration3,True,2026-06-24T18:32:06.313319+00:00
2007-01-05,2007,1,5,2006,2006/07,36,26,8,2,0.999999999999997,0.2900980674306661,0.0812607802684869,10.143919927327742,0.1424065874721624,7.7,0.5220307841053655,0.0471269312789505,0.0,0.0,2,10.143919927327772,0.4908911966681674,0.2900980674306669,True,True,moderate,3,True,BDP10A_2006_02,3,2007-01-03,2,p10_area20_duration3,True,2026-06-24T18:32:06.313319+00:00
2007-01-15,2007,1,15,2006,2006/07,46,26,11,8,0.999999999999997,0.5979426570138089,0.4806856837004172,8.635263489143744,0.9283644809219216,4.6,0.2611978551357949,0.227726259238119,0.1905679810437872,0.0,3,8.635263489143771,1.5525978453490432,0.5979426570138107,True,True,severe,5,True,BDP10A_2006_03,1,2007-01-15,0,p10_area20_duration3,True,2026-06-24T18:32:06.313319+00:00
2007-01-16,2007,1,16,2006,2006/07,47,26,13,9,0.999999999999997,0.5903753957218886,0.4647676335334839,8.647409792361897,0.7487543526585722,4.4,0.4042727789835497,0.3711673090029557,0.0471269312789505,0.0,3,8.647409792361923,1.268268220668349,0.5903753957218904,True,True,severe,5,True,BDP10A_2006_03,2,2007-01-15,1,p10_area20_duration3,True,2026-06-24T18:32:06.313319+00:00
2007-01-17,2007,1,17,2006,2006/07,48,26,5,3,0.999999999999997,0.2980969500735893,0.1919324477639392,10.67516425073269,0.374538861795915,4.0,0.196558938762834,0.2404866463711995,0.0,0.0471269312789505,4,10.675164250732722,1.2564330554319827,0.2980969500735901,True,True,very_severe,5,True,BDP10A_2006_03,3,2007-01-15,2,p10_area20_duration3,True,2026-06-24T18:32:06.313319+00:00
2007-01-18,2007,1,18,2006,2006/07,49,26,12,3,0.999999999999997,0.4251375440779348,0.1232238915603537,9.530857130060795,0.3152370790199732,4.8,0.6499545495030405,0.0509566385104267,0.0471269312789505,0.0,3,9.530857130060824,0.7414943314490827,0.4251375440779361,True,True,severe,5,True,BDP10A_2006_03,4,2007-01-15,3,p10_area20_duration3,True,2026-06-24T18:32:06.313319+00:00
2007-01-19,2007,1,19,2006,2006/07,50,26,12,5,0.999999999999997,0.3697119425266548,0.1371544648691576,10.026766286165469,0.2503887462092592,6.0,0.4909845301667563,0.0,0.0471269312789505,0.0,3,10.0267662861655,0.6772536058696755,0.3697119425266559,True,True,severe,5,True,BDP10A_2006_03,5,2007-01-15,4,p10_area20_duration3,True,2026-06-24T18:32:06.313319+00:00
2007-02-20,2007,2,20,2006,2006/07,82,26,13,6,0.999999999999997,0.5592040262692592,0.2454667843658387,12.705877936400272,0.4321729137413626,11.2,0.0471269312789505,0.0,0.0,0.0,1,12.70587793640031,0.7728358406583957,0.5592040262692609,True,True,mild,3,True,BDP10A_2006_04,1,2007-02-20,0,p10_area20_duration3,True,2026-06-24T18:32:06.313319+00:00
2007-02-21,2007,2,21,2006,2006/07,83,26,11,4,0.999999999999997,0.3235136053991258,0.1303352203321473,13.285735217240187,0.2482703891545246,10.8,0.0,0.0,0.0,0.0,0,13.285735217240228,0.7674186958790434,0.3235136053991267,True,True,no_bmd_cold_wave,3,True,BDP10A_2006_04,2,2007-02-20,1,p10_area20_duration3,True,2026-06-24T18:32:06.313319+00:00
2007-02-22,2007,2,22,2006,2006/07,84,26,9,2,0.999999999999997,0.2970640733787482,0.0752735454960041,13.877882337521998,0.21961501218421,11.2,0.0,0.0,0.0,0.0,0,13.877882337522038,0.7392849956117286,0.297064073378749,True,True,no_bmd_cold_wave,3,True,BDP10A_2006_04,3,2007-02-20,2,p10_area20_duration3,True,2026-06-24T18:32:06.313319+00:00
2007-12-20,2007,12,20,2007,2007/08,20,25,6,3,0.9791879558892064,0.2823946634125308,0.1524505028982389,11.123825804221008,0.3072761256953998,7.3,0.2668375636437386,0.0427280733403536,0.0,0.0,2,11.360255952208274,1.0881088260741012,0.2883967901301304,True,True,moderate,3,True,BDP10A_2007_01,1,2007-12-20,0,p10_area20_duration3,True,2026-06-24T18:32:06.313319+00:00
2007-12-21,2007,12,21,2007,2007/08,21,25,14,5,0.9791879558892064,0.5697389927087025,0.2295827347848277,10.276849733040056,0.5179077933849081,7.2,0.2850751213641192,0.1317580430733855,0.0,0.0,2,10.495277920067542,0.9090264138717732,0.581848448280105,True,True,moderate,3,True,BDP10A_2007_01,2,2007-12-20,1,p10_area20_duration3,True,2026-06-24T18:32:06.313319+00:00
2007-12-22,2007,12,22,2007,2007/08,22,25,15,3,0.9791879558892064,0.634277697111581,0.2171976943669935,10.19528963049726,0.4609059309221948,8.1,0.4184323158416064,0.0,0.0,0.0,1,10.411984307179166,0.7266626794873935,0.6477588835695898,True,True,mild,3,True,BDP10A_2007_01,3,2007-12-20,2,p10_area20_duration3,True,2026-06-24T18:32:06.313319+00:00
2008-02-02,2008,2,2,2007,2007/08,64,25,16,6,0.9791879558892064,0.6360497961804216,0.2062546397939765,9.752111615124957,0.4651614033742001,6.4,0.2497469669539146,0.0980835697893772,0.0,0.0,2,9.95938681278918,0.7313285943452337,0.6495686475257154,True,True,moderate,3,True,BDP10A_2007_02,1,2008-02-02,0,p10_area20_duration3,True,2026-06-24T18:32:06.313319+00:00
2008-02-03,2008,2,3,2007,2007/08,65,25,21,15,0.9791879558892064,0.8407445124076889,0.6192696415159901,9.116590262500909,0.9904835632147584,5.6,0.2478496663160315,0.2579904379236923,0.0471269312789505,0.0,3,9.310357840566043,1.178102917827264,0.858614025378002,True,True,severe,3,True,BDP10A_2007_02,2,2008-02-02,1,p10_area20_duration3,True,2026-06-24T18:32:06.313319+00:00
2008-02-04,2008,2,4,2007,2007/08,66,25,20,7,0.9791879558892064,0.8256955268084502,0.2336880025054446,9.635803662605335,0.4897218455964512,7.2,0.3456822805625916,0.1361569010119824,0.0,0.0,2,9.840606805518773,0.5931022146739325,0.8432451827480162,True,True,moderate,3,True,BDP10A_2007_02,3,2008-02-02,2,p10_area20_duration3,True,2026-06-24T18:32:06.313319+00:00
2008-02-12,2008,2,12,2007,2007/08,74,25,7,1,0.9791879558892064,0.3467671119047039,0.0719148715842976,11.318725750691955,0.2897729817022622,9.4,0.2670440379800376,0.0,0.0,0.0,1,11.559298378433748,0.8356414773898616,0.354137435840704,True,True,mild,6,True,BDP10A_2007_03,1,2008-02-12,0,p10_area20_duration3,True,2026-06-24T18:32:06.313319+00:00
2008-02-13,2008,2,13,2007,2007/08,75,25,22,13,0.9791879558892064,0.9114777044743624,0.5933173579670241,10.321649044175343,1.15106392016939,7.2,0.3464465964729963,0.0471269312789505,0.0,0.0,2,10.541029413298078,1.2628547187922647,0.9308506083968774,True,True,moderate,6,True,BDP10A_2007_03,2,2008-02-12,1,p10_area20_duration3,True,2026-06-24T18:32:06.313319+00:00
2008-02-14,2008,2,14,2007,2007/08,76,25,24,23,0.9791879558892064,0.9747265440578567,0.9538960086733032,9.014097907010404,2.698207173816764,6.2,0.3595962215705724,0.2670440379800376,0.0,0.0,2,9.205687072432022,2.7681683547715163,0.9954437635751984,True,True,moderate,6,True,BDP10A_2007_03,3,2008-02-12,2,p10_area20_duration3,True,2026-06-24T18:32:06.313319+00:00
2008-02-15,2008,2,15,2007,2007/08,77,25,25,23,0.9791879558892064,0.9791879558892064,0.9522514100901388,9.087076670812806,2.885062599568822,5.2,0.4777026979737653,0.1673136587636198,0.0471269312789505,0.0,3,9.280216955447312,2.9463828493977746,1.0,True,True,severe,6,True,BDP10A_2007_03,4,2008-02-12,3,p10_area20_duration3,True,2026-06-24T18:32:06.313319+00:00
2008-02-16,2008,2,16,2007,2007/08,78,25,25,23,0.9791879558892064,0.9791879558892064,0.8661046415757385,10.211440398762925,2.1152114936764246,7.6,0.2597045132522342,0.0471269312789505,0.0,0.0,2,10.428478350195654,2.160169026747872,1.0,True,True,moderate,6,True,BDP10A_2007_03,5,2008-02-12,4,p10_area20_duration3,True,2026-06-24T18:32:06.313319+00:00
2008-02-17,2008,2,17,2007,2007/08,79,25,22,11,0.9791879558892064,0.887858465517377,0.3560608046385926,11.451645994826634,0.9947280862046484,8.7,0.178884974352336,0.0,0.0,0.0,1,11.69504376146797,1.120367856857676,0.9067293568895132,True,True,mild,6,True,BDP10A_2007_03,6,2008-02-12,5,p10_area20_duration3,True,2026-06-24T18:32:06.313319+00:00
2009-12-24,2009,12,24,2009,2009/10,24,26,7,1,0.999999999999997,0.3096277264233242,0.0380733312226052,11.060826034409738,0.2016345394539951,7.5,0.2287642324211334,0.0808014045629588,0.0,0.0,2,11.060826034409772,0.6512160321789775,0.3096277264233251,True,True,moderate,7,True,BDP10A_2009_01,1,2009-12-24,0,p10_area20_duration3,True,2026-06-24T18:32:06.313319+00:00
2009-12-25,2009,12,25,2009,2009/10,25,26,21,16,0.999999999999997,0.8456127815935508,0.6263398101958051,9.50613841447615,1.087328897278521,7.2,0.3493511624636477,0.271369385606746,0.0,0.0,2,9.506138414476178,1.2858472825226903,0.8456127815935534,True,True,moderate,7,True,BDP10A_2009_01,2,2009-12-24,1,p10_area20_duration3,True,2026-06-24T18:32:06.313319+00:00
2009-12-26,2009,12,26,2009,2009/10,26,26,23,15,0.999999999999997,0.8711535767609497,0.5908802605240076,9.39390058125199,1.0368215991711658,6.0,0.4619034662587143,0.1408116431297308,0.0380733312226052,0.0,3,9.393900581252018,1.1901708571595253,0.8711535767609524,True,True,severe,7,True,BDP10A_2009_01,3,2009-12-24,2,p10_area20_duration3,True,2026-06-24T18:32:06.313319+00:00
2009-12-27,2009,12,27,2009,2009/10,27,26,23,12,0.999999999999997,0.9046590559161682,0.5461016540151341,9.3616434622872,0.9210922836096972,6.6,0.5594683882805475,0.178884974352336,0.0,0.0,2,9.36164346228723,1.0181651060541108,0.9046590559161708,True,True,moderate,7,True,BDP10A_2009_01,4,2009-12-24,3,p10_area20_duration3,True,2026-06-24T18:32:06.313319+00:00
2009-12-28,2009,12,28,2009,2009/10,28,26,13,4,0.999999999999997,0.4372227367459054,0.1235493302720853,10.206894449826423,0.3616084867715537,6.4,0.3612396298206911,0.1682763698148321,0.0,0.0,2,10.206894449826455,0.82705782746542,0.4372227367459067,True,True,moderate,7,True,BDP10A_2009_01,5,2009-12-24,4,p10_area20_duration3,True,2026-06-24T18:32:06.313319+00:00
2009-12-29,2009,12,29,2009,2009/10,29,26,16,4,0.999999999999997,0.6321002187943779,0.2036729146576831,9.586278704680176,0.5763807207648975,6.0,0.36300819364855,0.1822458591079185,0.0509566385104267,0.0,3,9.586278704680204,0.9118502155627224,0.6321002187943798,True,True,severe,7,True,BDP10A_2009_01,6,2009-12-24,5,p10_area20_duration3,True,2026-06-24T18:32:06.313319+00:00
2009-12-30,2009,12,30,2009,2009/10,30,26,19,10,0.999999999999997,0.7453103402777436,0.3723656906236165,9.616944919117191,0.5784289322004029,6.8,0.5386378528959939,0.178884974352336,0.0,0.0,2,9.61694491911722,0.7760913822621172,0.7453103402777458,True,True,moderate,7,True,BDP10A_2009_01,7,2009-12-24,6,p10_area20_duration3,True,2026-06-24T18:32:06.313319+00:00
2010-12-21,2010,12,21,2010,2010/11,21,26,7,2,0.999999999999997,0.2015484817165171,0.0630008650817619,11.617919937057527,0.1025846350307726,9.2,0.2351958632953218,0.0,0.0,0.0,1,11.617919937057565,0.5089824252561747,0.2015484817165177,True,True,mild,6,True,BDP10A_2010_01,1,2010-12-21,0,p10_area20_duration3,True,2026-06-24T18:32:06.313319+00:00
2010-12-22,2010,12,22,2010,2010/11,22,26,8,5,0.999999999999997,0.2665956542012219,0.1518208730446464,11.157056324828034,0.2692007380922209,8.0,0.2053510972427897,0.0808014045629588,0.0,0.0,2,11.157056324828067,1.0097716667543004,0.2665956542012226,True,True,moderate,6,True,BDP10A_2010_01,2,2010-12-21,1,p10_area20_duration3,True,2026-06-24T18:32:06.313319+00:00
2010-12-23,2010,12,23,2010,2010/11,23,26,12,9,0.999999999999997,0.3904452854486403,0.3040041878351757,10.877837869390206,0.4205249192589842,7.8,0.2164507176942088,0.1317580430733855,0.0,0.0,2,10.877837869390238,1.0770393059703127,0.3904452854486415,True,True,moderate,6,True,BDP10A_2010_01,3,2010-12-21,2,p10_area20_duration3,True,2026-06-24T18:32:06.313319+00:00
2010-12-24,2010,12,24,2010,2010/11,24,26,13,6,0.999999999999997,0.4752848160056461,0.1649635325720752,10.667590840296118,0.3806715106169213,8.0,0.3225376440767866,0.0509566385104267,0.0,0.0,2,10.66759084029615,0.8009334567347071,0.4752848160056475,True,True,moderate,6,True,BDP10A_2010_01,4,2010-12-21,3,p10_area20_duration3,True,2026-06-24T18:32:06.313319+00:00
2010-12-25,2010,12,25,2010,2010/11,25,26,12,0,0.999999999999997,0.4896472512944051,0.0,10.605404182374778,0.1592225818047743,7.9,0.3625551619644138,0.0427280733403536,0.0,0.0,2,10.60540418237481,0.3251781387189698,0.4896472512944065,True,True,moderate,6,True,BDP10A_2010_01,5,2010-12-21,4,p10_area20_duration3,True,2026-06-24T18:32:06.313319+00:00
2010-12-26,2010,12,26,2010,2010/11,26,26,12,3,0.999999999999997,0.3787917329916449,0.066684259037418,10.556597987519902,0.2546967334059786,7.2,0.2170961541672074,0.0808014045629588,0.0,0.0,2,10.556597987519934,0.6723925345318887,0.378791732991646,True,True,moderate,6,True,BDP10A_2010_01,6,2010-12-21,5,p10_area20_duration3,True,2026-06-24T18:32:06.313319+00:00
2011-01-11,2011,1,11,2010,2010/11,42,26,14,5,0.999999999999997,0.4860485899484901,0.1394471052414333,8.837391806099825,0.355922576919584,6.3,0.5388019391938634,0.3083299541374106,0.0,0.0,2,8.837391806099852,0.7322777686842042,0.4860485899484915,True,True,moderate,5,True,BDP10A_2010_02,1,2011-01-11,0,p10_area20_duration3,True,2026-06-24T18:32:06.313319+00:00
2011-01-12,2011,1,12,2010,2010/11,43,26,19,10,0.999999999999997,0.8086742894429386,0.4763859089715984,7.794316584146728,1.1806832568500645,4.5,0.3288127898792713,0.2310627372560204,0.3167562289711509,0.0,3,7.794316584146751,1.4600232408320868,0.8086742894429411,True,True,severe,5,True,BDP10A_2010_02,2,2011-01-11,1,p10_area20_duration3,True,2026-06-24T18:32:06.313319+00:00
2011-01-13,2011,1,13,2010,2010/11,44,26,23,19,0.999999999999997,0.8960905516591184,0.6575582730124963,7.551586293983375,1.3105403841791352,4.6,0.2591418642485096,0.4547128742716557,0.1860755663393947,0.0,3,7.551586293983397,1.4625088745246335,0.8960905516591211,True,True,severe,5,True,BDP10A_2010_02,3,2011-01-11,2,p10_area20_duration3,True,2026-06-24T18:32:06.313319+00:00
2011-01-14,2011,1,14,2010,2010/11,45,26,12,5,0.999999999999997,0.4002744933912068,0.1232042008015497,8.906044472941964,0.2828860506562094,6.5,0.3157165364439026,0.4095505522477897,0.0,0.0,2,8.906044472941991,0.7067301447552687,0.400274493391208,True,True,moderate,5,True,BDP10A_2010_02,4,2011-01-11,3,p10_area20_duration3,True,2026-06-24T18:32:06.313319+00:00
2011-01-15,2011,1,15,2010,2010/11,46,26,7,2,0.999999999999997,0.2344846056849007,0.0668022083793513,9.362441672879026,0.157033934012777,7.2,0.5484701565535517,0.2492402153254502,0.0,0.0,2,9.362441672879054,0.6696982667757663,0.2344846056849014,True,True,moderate,5,True,BDP10A_2010_02,5,2011-01-11,4,p10_area20_duration3,True,2026-06-24T18:32:06.313319+00:00
2011-01-17,2011,1,17,2010,2010/11,48,26,7,3,0.999999999999997,0.3992501913711848,0.1734087359721098,10.567000014362044,0.4427714143755031,5.5,0.1911290089320522,0.2197106323647881,0.0427280733403536,0.0,3,10.567000014362076,1.109007394222778,0.399250191371186,True,True,severe,3,True,BDP10A_2010_03,1,2011-01-17,0,p10_area20_duration3,True,2026-06-24T18:32:06.313319+00:00
2011-01-18,2011,1,18,2010,2010/11,49,26,26,20,0.999999999999997,0.999999999999997,0.7242682801692025,7.729132851494817,1.6315509151109175,5.5,0.3522265333685213,0.4682668336482319,0.1317580430733855,0.0,3,7.72913285149484,1.6315509151109224,1.0,True,True,severe,3,True,BDP10A_2010_03,2,2011-01-17,1,p10_area20_duration3,True,2026-06-24T18:32:06.313319+00:00
2011-01-19,2011,1,19,2010,2010/11,50,26,20,13,0.999999999999997,0.7062347027795236,0.393352807025047,8.681653996543941,0.7532105149209893,5.4,0.4802193466100773,0.1982835768150235,0.0936847118507803,0.0,3,8.681653996543968,1.0665158649901842,0.7062347027795257,True,True,severe,3,True,BDP10A_2010_03,3,2011-01-17,2,p10_area20_duration3,True,2026-06-24T18:32:06.313319+00:00
2011-02-23,2011,2,23,2010,2010/11,85,26,7,1,0.999999999999997,0.226484681106683,0.0308813962789122,13.965798707515413,0.1211992669137993,10.8,0.0,0.0,0.0,0.0,0,13.965798707515455,0.5351322938115616,0.2264846811066836,True,True,no_bmd_cold_wave,3,True,BDP10A_2010_04,1,2011-02-23,0,p10_area20_duration3,True,2026-06-24T18:32:06.313319+00:00
2011-02-24,2011,2,24,2010,2010/11,86,26,8,1,0.999999999999997,0.2632347694456394,0.0308813962789122,14.198531291220268,0.1380781422751128,11.0,0.0,0.0,0.0,0.0,0,14.19853129122031,0.5245437088949122,0.2632347694456401,True,True,no_bmd_cold_wave,3,True,BDP10A_2010_04,2,2011-02-23,1,p10_area20_duration3,True,2026-06-24T18:32:06.313319+00:00
2011-02-25,2011,2,25,2010,2010/11,87,26,12,3,0.999999999999997,0.3937642660475501,0.0950296566385896,13.959160721929251,0.3788324002842996,10.4,0.0,0.0,0.0,0.0,0,13.959160721929296,0.962079175154387,0.3937642660475512,True,True,no_bmd_cold_wave,3,True,BDP10A_2010_04,3,2011-02-23,2,p10_area20_duration3,True,2026-06-24T18:32:06.313319+00:00
2011-12-15,2011,12,15,2011,2011/12,15,26,14,4,0.999999999999997,0.5459472757731644,0.1578272517897355,11.55343369115789,0.3386120130838511,9.0,0.1905238341208441,0.0,0.0,0.0,1,11.553433691157924,0.6202284141894703,0.545947275773166,True,True,mild,6,True,BDP10A_2011_01,1,2011-12-15,0,p10_area20_duration3,True,2026-06-24T18:32:06.313319+00:00
2011-12-16,2011,12,16,2011,2011/12,16,26,9,3,0.999999999999997,0.3379068364346461,0.089785262886071,11.639246709084333,0.2680275491920097,7.7,0.0980835697893772,0.0380733312226052,0.0,0.0,2,11.639246709084368,0.7931995458276216,0.3379068364346471,True,True,moderate,6,True,BDP10A_2011_01,2,2011-12-15,1,p10_area20_duration3,True,2026-06-24T18:32:06.313319+00:00
2011-12-17,2011,12,17,2011,2011/12,17,26,16,11,0.999999999999997,0.6012375859130337,0.4094101528455346,11.24430218677176,0.8034031154660844,6.0,0.1758212785137601,0.0936847118507803,0.0380733312226052,0.0,3,11.244302186771794,1.336248987571268,0.6012375859130354,True,True,severe,6,True,BDP10A_2011_01,3,2011-12-15,2,p10_area20_duration3,True,2026-06-24T18:32:06.313319+00:00
2011-12-18,2011,12,18,2011,2011/12,18,26,9,4,0.999999999999997,0.2798644591092144,0.0854021442208696,11.86549621365362,0.1440029087192639,9.2,0.1433474929990411,0.0,0.0,0.0,1,11.865496213653657,0.5145451808265094,0.2798644591092152,True,True,mild,6,True,BDP10A_2011_01,4,2011-12-15,3,p10_area20_duration3,True,2026-06-24T18:32:06.313319+00:00
2011-12-19,2011,12,19,2011,2011/12,19,26,12,4,0.999999999999997,0.4478080414318305,0.1528556039738178,11.602537121123913,0.3032259767021626,9.2,0.2657995904607242,0.0,0.0,0.0,1,11.602537121123948,0.6771338355886192,0.4478080414318318,True,True,mild,6,True,BDP10A_2011_01,5,2011-12-15,4,p10_area20_duration3,True,2026-06-24T18:32:06.313319+00:00
2011-12-20,2011,12,20,2011,2011/12,20,26,7,3,0.999999999999997,0.208944004481884,0.0808742806765341,11.928426919819492,0.1224241722806958,10.3,0.0,0.0,0.0,0.0,0,11.928426919819527,0.5859185698305611,0.2089440044818846,True,True,no_bmd_cold_wave,6,True,BDP10A_2011_01,6,2011-12-15,5,p10_area20_duration3,True,2026-06-24T18:32:06.313319+00:00
2011-12-22,2011,12,22,2011,2011/12,22,26,8,3,0.999999999999997,0.3464995893994269,0.1507619084226791,11.476215215261895,0.1738062112964012,8.0,0.2199171067010871,0.0380733312226052,0.0,0.0,2,11.476215215261927,0.5016058218067507,0.3464995893994279,True,True,moderate,4,True,BDP10A_2011_02,1,2011-12-22,0,p10_area20_duration3,True,2026-06-24T18:32:06.313319+00:00
2011-12-23,2011,12,23,2011,2011/12,23,26,8,4,0.999999999999997,0.325854233137552,0.1284304101868797,11.090308724493095,0.3980386531436012,6.5,0.2152623645833387,0.1014938643878121,0.0,0.0,2,11.090308724493129,1.2215236528033018,0.325854233137553,True,True,moderate,4,True,BDP10A_2011_02,2,2011-12-22,1,p10_area20_duration3,True,2026-06-24T18:32:06.313319+00:00
2011-12-24,2011,12,24,2011,2011/12,24,26,11,4,0.999999999999997,0.4657508259594495,0.2199171067010871,10.56793191688911,0.3900087364854255,6.6,0.2367114605178655,0.1480022351167895,0.0,0.0,2,10.567931916889142,0.8373763711143296,0.4657508259594509,True,True,moderate,4,True,BDP10A_2011_02,3,2011-12-22,2,p10_area20_duration3,True,2026-06-24T18:32:06.313319+00:00
2011-12-25,2011,12,25,2011,2011/12,25,26,7,2,0.999999999999997,0.2806048997179718,0.096064387567761,11.057140689611163,0.1896232201330204,7.6,0.2657995904607242,0.0509566385104267,0.0,0.0,2,11.0571406896112,0.6757658912000662,0.2806048997179727,True,True,moderate,4,True,BDP10A_2011_02,4,2011-12-22,3,p10_area20_duration3,True,2026-06-24T18:32:06.313319+00:00
2012-01-14,2012,1,14,2011,2011/12,45,26,8,1,0.999999999999997,0.2731553779069344,0.0527984115282859,9.199206746100453,0.2401531867088774,6.2,0.5495834286345412,0.2350442706362044,0.0,0.0,2,9.19920674610048,0.8791816165182699,0.2731553779069352,True,True,moderate,3,True,BDP10A_2011_03,1,2012-01-14,0,p10_area20_duration3,True,2026-06-24T18:32:06.313319+00:00
2012-01-15,2012,1,15,2011,2011/12,46,26,15,4,0.999999999999997,0.6627135054363587,0.1805189300772618,8.692944234546271,0.417096242098712,6.2,0.2468214763226991,0.4563675715045114,0.0,0.0,2,8.692944234546298,0.6293764027399413,0.6627135054363607,True,True,moderate,3,True,BDP10A_2011_03,2,2012-01-14,1,p10_area20_duration3,True,2026-06-24T18:32:06.313319+00:00
2012-01-16,2012,1,16,2011,2011/12,47,26,16,2,0.999999999999997,0.5912988107395807,0.0507466767402793,9.028473697919752,0.2969599839117288,5.9,0.4848210649830234,0.2448413573868533,0.0471269312789505,0.0,3,9.02847369791978,0.5022164403481537,0.5912988107395825,True,True,severe,3,True,BDP10A_2011_03,3,2012-01-14,2,p10_area20_duration3,True,2026-06-24T18:32:06.313319+00:00
2012-02-10,2012,2,10,2011,2011/12,72,26,5,2,0.999999999999997,0.2786828977485457,0.1014938643878121,13.40203650269071,0.2006738346472544,8.4,0.2067680261642481,0.0,0.0,0.0,1,13.40203650269075,0.7200794748026538,0.2786828977485465,True,True,mild,5,True,BDP10A_2011_04,1,2012-02-10,0,p10_area20_duration3,True,2026-06-24T18:32:06.313319+00:00
2012-02-11,2012,2,11,2011,2011/12,73,26,13,10,0.999999999999997,0.6427758293590976,0.5335255333482248,11.18852405815458,0.9912533400113656,7.5,0.211482067194715,0.1524010930553864,0.0,0.0,2,11.188524058154616,1.5421447022980466,0.6427758293590995,True,True,moderate,5,True,BDP10A_2011_04,2,2012-02-10,1,p10_area20_duration3,True,2026-06-24T18:32:06.313319+00:00
2012-02-12,2012,2,12,2011,2011/12,74,26,22,18,0.999999999999997,0.9196647848070418,0.771720478795634,10.370922074568556,1.2208183277621043,5.9,0.3682266422137492,0.0427280733403536,0.0471269312789505,0.0,3,10.370922074568588,1.3274601223512636,0.9196647848070446,True,True,severe,5,True,BDP10A_2011_04,3,2012-02-10,2,p10_area20_duration3,True,2026-06-24T18:32:06.313319+00:00
2012-02-13,2012,2,13,2011,2011/12,75,26,25,9,0.999999999999997,0.9592262943842208,0.3353869968643799,10.742669745575457,0.8868004984339476,6.6,0.2976397689151392,0.0471269312789505,0.0,0.0,2,10.742669745575489,0.9244956102910344,0.9592262943842236,True,True,moderate,5,True,BDP10A_2011_04,4,2012-02-10,3,p10_area20_duration3,True,2026-06-24T18:32:06.313319+00:00
2012-02-14,2012,2,14,2011,2011/12,76,26,8,2,0.999999999999997,0.2364771694071156,0.0515883431102998,12.684075601425306,0.1573869418403707,7.4,0.0,0.0471269312789505,0.0,0.0,2,12.684075601425343,0.665548146719465,0.2364771694071163,True,True,moderate,5,True,BDP10A_2011_04,5,2012-02-10,4,p10_area20_duration3,True,2026-06-24T18:32:06.313319+00:00
2012-12-03,2012,12,3,2012,2012/13,3,26,6,2,0.999999999999997,0.224337103809747,0.0751295673767999,13.814987450394051,0.1349022060979919,10.3,0.0,0.0,0.0,0.0,0,13.814987450394094,0.6013370227530354,0.2243371038097477,True,True,no_bmd_cold_wave,7,True,BDP10A_2012_01,1,2012-12-03,0,p10_area20_duration3,True,2026-06-24T18:32:06.313319+00:00
2012-12-04,2012,12,4,2012,2012/13,4,26,7,1,0.999999999999997,0.2440734702919263,0.0308813962789122,13.64703180076962,0.0993239175819265,11.2,0.0,0.0,0.0,0.0,0,13.647031800769662,0.4069427023884622,0.244073470291927,True,True,no_bmd_cold_wave,7,True,BDP10A_2012_01,2,2012-12-03,1,p10_area20_duration3,True,2026-06-24T18:32:06.313319+00:00
2012-12-05,2012,12,5,2012,2012/13,5,26,12,3,0.999999999999997,0.4852703744676317,0.1410788026090654,13.28018362571502,0.3533044863321437,10.5,0.0,0.0,0.0,0.0,0,13.280183625715058,0.728056986210498,0.4852703744676331,True,True,no_bmd_cold_wave,7,True,BDP10A_2012_01,3,2012-12-03,2,p10_area20_duration3,True,2026-06-24T18:32:06.313319+00:00
2012-12-06,2012,12,6,2012,2012/13,6,26,13,4,0.999999999999997,0.4478661293231278,0.142024068433758,13.233503702702151,0.3288924718814906,10.5,0.0,0.0,0.0,0.0,0,13.233503702702192,0.7343544205465028,0.4478661293231291,True,True,no_bmd_cold_wave,7,True,BDP10A_2012_01,4,2012-12-03,3,p10_area20_duration3,True,2026-06-24T18:32:06.313319+00:00
2012-12-07,2012,12,7,2012,2012/13,7,26,16,8,0.999999999999997,0.5415326913912114,0.2465392723467465,13.216666556527214,0.3670201900721646,10.2,0.0,0.0,0.0,0.0,0,13.216666556527253,0.6777433678644226,0.5415326913912131,True,True,no_bmd_cold_wave,7,True,BDP10A_2012_01,5,2012-12-03,4,p10_area20_duration3,True,2026-06-24T18:32:06.313319+00:00
2012-12-08,2012,12,8,2012,2012/13,8,26,14,2,0.999999999999997,0.3941024807444902,0.0752735454960041,13.66253726909344,0.2022244842741898,10.5,0.0,0.0,0.0,0.0,0,13.66253726909348,0.5131266463793176,0.3941024807444914,True,True,no_bmd_cold_wave,7,True,BDP10A_2012_01,6,2012-12-03,5,p10_area20_duration3,True,2026-06-24T18:32:06.313319+00:00
2012-12-09,2012,12,9,2012,2012/13,9,26,11,5,0.999999999999997,0.3214301963670794,0.1242279104680291,13.847066110183876,0.2144832052136956,10.8,0.0,0.0,0.0,0.0,0,13.847066110183915,0.6672777095551775,0.3214301963670803,True,True,no_bmd_cold_wave,7,True,BDP10A_2012_01,7,2012-12-03,6,p10_area20_duration3,True,2026-06-24T18:32:06.313319+00:00
2012-12-26,2012,12,26,2012,2012/13,26,26,11,2,0.999999999999997,0.399900860307096,0.0467218642379353,10.741366234894205,0.2312694291003595,9.0,0.3480784610988093,0.0,0.0,0.0,1,10.741366234894237,0.5783169081525874,0.3999008603070972,True,True,mild,8,True,BDP10A_2012_02,1,2012-12-26,0,p10_area20_duration3,True,2026-06-24T18:32:06.313319+00:00
2012-12-27,2012,12,27,2012,2012/13,27,26,14,11,0.999999999999997,0.4570911838840043,0.34482513408263,10.038266211349718,0.5021571551505106,7.4,0.4504425063394515,0.1000769354663538,0.0,0.0,2,10.038266211349749,1.0985929566253516,0.4570911838840057,True,True,moderate,8,True,BDP10A_2012_02,2,2012-12-26,1,p10_area20_duration3,True,2026-06-24T18:32:06.313319+00:00
2012-12-28,2012,12,28,2012,2012/13,28,26,18,11,0.999999999999997,0.6169303476128655,0.3056261414152236,9.960755070668167,0.5346979644327898,7.8,0.4903533735635673,0.0380733312226052,0.0,0.0,2,9.960755070668196,0.8667071842092653,0.6169303476128674,True,True,moderate,8,True,BDP10A_2012_02,3,2012-12-26,2,p10_area20_duration3,True,2026-06-24T18:32:06.313319+00:00
2012-12-29,2012,12,29,2012,2012/13,29,26,12,5,0.999999999999997,0.4510489233223052,0.1672955089809231,10.275873352137252,0.3390921339584752,7.3,0.5756896277744069,0.0208305353845536,0.0,0.0,2,10.275873352137282,0.7517857075476728,0.4510489233223065,True,True,moderate,8,True,BDP10A_2012_02,4,2012-12-26,3,p10_area20_duration3,True,2026-06-24T18:32:06.313319+00:00
2012-12-30,2012,12,30,2012,2012/13,30,26,20,10,0.999999999999997,0.7640533431956741,0.3755984492024757,9.36354252780501,0.860235254192237,5.7,0.4705568326115191,0.2293787971210925,0.0208305353845536,0.0,3,9.363542527805038,1.1258837643380757,0.7640533431956764,True,True,severe,8,True,BDP10A_2012_02,5,2012-12-26,4,p10_area20_duration3,True,2026-06-24T18:32:06.313319+00:00
2012-12-31,2012,12,31,2012,2012/13,31,26,25,16,0.999999999999997,0.9476788947694182,0.5357486164351579,9.171735307803626,0.9874644605851086,6.6,0.567362050655042,0.2580393542314799,0.0,0.0,2,9.171735307803653,1.041982116553699,0.9476788947694212,True,True,moderate,8,True,BDP10A_2012_02,6,2012-12-26,5,p10_area20_duration3,True,2026-06-24T18:32:06.313319+00:00
2013-01-01,2013,1,1,2012,2012/13,32,26,17,4,0.999999999999997,0.6417339036271861,0.1258528312341694,9.76448830546199,0.5014724284973706,7.5,0.4451600295027073,0.1052741617764358,0.0,0.0,2,9.764488305462018,0.7814335905629507,0.641733903627188,True,True,moderate,8,True,BDP10A_2012_02,7,2012-12-26,6,p10_area20_duration3,True,2026-06-24T18:32:06.313319+00:00
2013-01-02,2013,1,2,2012,2012/13,33,26,10,2,0.999999999999997,0.3175159541310272,0.0712764472624139,10.339675646435966,0.1892287711330254,7.0,0.3525650083463874,0.0471269312789505,0.0,0.0,2,10.339675646435996,0.595966182710106,0.3175159541310281,True,True,moderate,8,True,BDP10A_2012_02,8,2012-12-26,7,p10_area20_duration3,True,2026-06-24T18:32:06.313319+00:00
2013-01-08,2013,1,8,2012,2012/13,39,26,9,4,0.999999999999997,0.4907106240172982,0.265735305338709,9.627650659304637,0.6957072306791516,4.9,0.166670246293293,0.3582840017151342,0.0509566385104267,0.0,3,9.627650659304663,1.417754571897402,0.4907106240172996,True,True,severe,7,True,BDP10A_2012_03,1,2013-01-08,0,p10_area20_duration3,True,2026-06-24T18:32:06.313319+00:00
2013-01-09,2013,1,9,2012,2012/13,40,26,25,25,0.999999999999997,0.9955385881686476,0.9955385881686476,6.067517428550056,3.135542379642309,3.2,0.0523211052305787,0.3932542666718513,0.4014018764112728,0.1052741617764358,4,6.067517428550073,3.1495940156476765,0.9955385881686506,True,True,very_severe,7,True,BDP10A_2012_03,2,2013-01-08,1,p10_area20_duration3,True,2026-06-24T18:32:06.313319+00:00
2013-01-10,2013,1,10,2012,2012/13,41,26,26,26,0.999999999999997,0.999999999999997,0.999999999999997,6.005771053216158,3.137033486463073,3.5,0.0523211052305787,0.3466352376890918,0.4474023448440591,0.105892722326409,4,6.005771053216176,3.1370334864630824,1.0,True,True,very_severe,7,True,BDP10A_2012_03,3,2013-01-08,2,p10_area20_duration3,True,2026-06-24T18:32:06.313319+00:00
2013-01-11,2013,1,11,2012,2012/13,42,26,26,20,0.999999999999997,0.999999999999997,0.8096325162777491,6.626233188346296,2.406749986962542,4.1,0.0975649220218331,0.3983189165637942,0.4563675715045114,0.0,3,6.626233188346316,2.406749986962549,1.0,True,True,severe,7,True,BDP10A_2012_03,4,2013-01-08,3,p10_area20_duration3,True,2026-06-24T18:32:06.313319+00:00
2013-01-12,2013,1,12,2012,2012/13,43,26,25,16,0.999999999999997,0.9678805311971472,0.6881692283516494,6.972044164789379,1.973676765910811,4.8,0.1959251515099748,0.4750996758372185,0.3020386268537361,0.0,3,6.9720441647894,2.039173949980809,0.9678805311971502,True,True,severe,7,True,BDP10A_2012_03,5,2013-01-08,4,p10_area20_duration3,True,2026-06-24T18:32:06.313319+00:00
2013-01-13,2013,1,13,2012,2012/13,44,26,17,7,0.999999999999997,0.5537174694316175,0.1732542360518322,8.616016877629953,0.5394959326294891,5.7,0.4668154612387097,0.340265087298598,0.0471269312789505,0.0,3,8.61601687762998,0.9743162576815094,0.5537174694316191,True,True,severe,7,True,BDP10A_2012_03,6,2013-01-08,5,p10_area20_duration3,True,2026-06-24T18:32:06.313319+00:00
2013-01-14,2013,1,14,2012,2012/13,45,26,7,3,0.999999999999997,0.2924794492020834,0.0780718674704259,9.377001554264549,0.2301858841894887,5.9,0.4947662367219355,0.1071159347942951,0.0471269312789505,0.0,3,9.377001554264575,0.7870155828638954,0.2924794492020843,True,True,severe,7,True,BDP10A_2012_03,7,2013-01-08,6,p10_area20_duration3,True,2026-06-24T18:32:06.313319+00:00
2013-01-25,2013,1,25,2012,2012/13,56,26,6,1,0.999999999999997,0.2126475584993233,0.0380733312226052,9.480505915774335,0.1350618761149065,5.8,0.4135764731549999,0.19512916639574,0.0380733312226052,0.0,3,9.480505915774364,0.6351442596757412,0.2126475584993239,True,True,severe,3,True,BDP10A_2012_04,1,2013-01-25,0,p10_area20_duration3,True,2026-06-24T18:32:06.313319+00:00
2013-01-26,2013,1,26,2012,2012/13,57,26,13,8,0.999999999999997,0.5266377234720111,0.3724744818631978,8.575715466662837,0.6887787924430823,5.4,0.228743292202775,0.313065983529692,0.1408116431297308,0.0,3,8.575715466662862,1.307879708848256,0.5266377234720127,True,True,severe,3,True,BDP10A_2012_04,2,2013-01-25,1,p10_area20_duration3,True,2026-06-24T18:32:06.313319+00:00
2013-01-27,2013,1,27,2012,2012/13,58,26,22,8,0.999999999999997,0.8301996589569447,0.2878846665082353,8.573378288868959,0.7229491076304013,5.7,0.5223576449033958,0.3082379339347543,0.0471269312789505,0.0,3,8.573378288868984,0.8708135444655662,0.8301996589569471,True,True,severe,3,True,BDP10A_2012_04,3,2013-01-25,2,p10_area20_duration3,True,2026-06-24T18:32:06.313319+00:00
2013-12-16,2013,12,16,2013,2013/14,16,25,8,1,0.9751631433868624,0.2918539063957932,0.0208120441107907,11.471154380016213,0.131107532437887,8.4,0.1361569010119824,0.0,0.0,0.0,1,11.763318228143318,0.4492231543410885,0.2992872611880597,True,True,mild,3,True,BDP10A_2013_01,1,2013-12-16,0,p10_area20_duration3,True,2026-06-24T18:32:06.313319+00:00
2013-12-17,2013,12,17,2013,2013/14,17,25,13,8,0.9751631433868624,0.441785517473602,0.2952385100814108,11.110212070995836,0.4359980060489482,7.2,0.1815143809874418,0.0471269312789505,0.0,0.0,2,11.39318292158653,0.9868997257815276,0.4530375460450917,True,True,moderate,3,True,BDP10A_2013_01,2,2013-12-16,1,p10_area20_duration3,True,2026-06-24T18:32:06.313319+00:00
2013-12-18,2013,12,18,2013,2013/14,18,25,7,5,0.9751631433868624,0.2022767925292936,0.1472151176931504,11.85761329741931,0.2708257446651773,6.5,0.0208305353845536,0.0471269312789505,0.0,0.0,2,12.15962003674211,1.3388868850387596,0.2074286686294985,True,True,moderate,3,True,BDP10A_2013_01,3,2013-12-16,2,p10_area20_duration3,True,2026-06-24T18:32:06.313319+00:00
2014-02-18,2014,2,18,2013,2013/14,80,25,20,16,0.9751631433868624,0.8222950367181394,0.6412542557411675,11.128047144781675,1.2236163644623348,8.8,0.178884974352336,0.0,0.0,0.0,1,11.411472244667276,1.4880502858753817,0.8432384286614925,True,True,mild,5,True,BDP10A_2013_02,1,2014-02-18,0,p10_area20_duration3,True,2026-06-24T18:32:06.313319+00:00
2014-02-19,2014,2,19,2013,2013/14,81,25,20,13,0.9751631433868624,0.6842971130260881,0.3899052376227867,11.745791345029165,0.8088119249860335,8.2,0.0471269312789505,0.0,0.0,0.0,1,12.044950042138158,1.1819601596875338,0.7017257754937697,True,True,mild,5,True,BDP10A_2013_02,2,2014-02-18,1,p10_area20_duration3,True,2026-06-24T18:32:06.313319+00:00
2014-02-20,2014,2,20,2013,2013/14,82,25,13,7,0.9751631433868624,0.3772797736348063,0.2002144238436193,12.79094517836,0.3957045624269643,9.4,0.0471269312789505,0.0,0.0,0.0,1,13.116723355576651,1.0488358774567983,0.386888877203118,True,True,mild,5,True,BDP10A_2013_02,3,2014-02-18,2,p10_area20_duration3,True,2026-06-24T18:32:06.313319+00:00
2014-02-21,2014,2,21,2013,2013/14,83,25,16,10,0.9751631433868624,0.5202183946235891,0.2675642087663423,12.40422826855086,0.4850445728903152,10.6,0.0,0.0,0.0,0.0,0,12.720156983650387,0.932386432127752,0.5334680644479715,True,True,no_bmd_cold_wave,5,True,BDP10A_2013_02,4,2014-02-18,3,p10_area20_duration3,True,2026-06-24T18:32:06.313319+00:00
2014-02-22,2014,2,22,2013,2013/14,84,25,10,1,0.9751631433868624,0.308596830718284,0.0044614118313494,13.123668204820795,0.0878301215181754,12.4,0.0,0.0,0.0,0.0,0,13.457920650323874,0.2846112233678609,0.3164566183730949,True,True,no_bmd_cold_wave,5,True,BDP10A_2013_02,5,2014-02-18,4,p10_area20_duration3,True,2026-06-24T18:32:06.313319+00:00
2015-01-31,2015,1,31,2014,2014/15,62,25,6,0,0.9472015884717112,0.3093746943562402,0.0,10.407880304615093,0.1357791108462642,6.4,0.2558091416063481,0.0980835697893772,0.0,0.0,2,10.988030880953207,0.4388824080418054,0.3266196954498455,True,True,moderate,3,True,BDP10A_2014_01,1,2015-01-31,0,p10_area20_duration3,True,2026-06-24T18:32:06.313319+00:00
2015-02-01,2015,2,1,2014,2014/15,63,25,21,13,0.9472015884717112,0.7610506151492175,0.521879775385553,9.145073635492592,0.7276205341620111,5.5,0.3441240882157566,0.1860755663393947,0.0471269312789505,0.0,3,9.65483350830098,0.9560737744352892,0.8034726972715025,True,True,severe,3,True,BDP10A_2014_01,2,2015-01-31,1,p10_area20_duration3,True,2026-06-24T18:32:06.313319+00:00
2015-02-02,2015,2,2,2014,2014/15,64,25,16,8,0.9472015884717112,0.5262699992013852,0.1994756680885463,9.851578639261737,0.3131476962262579,6.3,0.4368450740191872,0.0471269312789505,0.0,0.0,2,10.400720141482282,0.5950323915508381,0.5556050640186427,True,True,moderate,3,True,BDP10A_2014_01,3,2015-01-31,2,p10_area20_duration3,True,2026-06-24T18:32:06.313319+00:00
2015-12-16,2015,12,16,2015,2015/16,16,26,5,4,0.999999999999997,0.3298037023827541,0.2774825971521754,12.70059242535736,0.3403125510338712,9.0,0.1558113876538214,0.0,0.0,0.0,1,12.700592425357396,1.0318639499047255,0.3298037023827551,True,True,mild,3,True,BDP10A_2015_01,1,2015-12-16,0,p10_area20_duration3,True,2026-06-24T18:32:06.313319+00:00
2015-12-17,2015,12,17,2015,2015/16,17,26,17,12,0.999999999999997,0.7298710080479145,0.5339180853757092,10.656142354468544,0.7369996835979542,8.4,0.4136394981641578,0.0,0.0,0.0,1,10.656142354468576,1.0097670348204484,0.7298710080479167,True,True,mild,3,True,BDP10A_2015_01,2,2015-12-16,1,p10_area20_duration3,True,2026-06-24T18:32:06.313319+00:00
2015-12-18,2015,12,18,2015,2015/16,18,26,5,2,0.999999999999997,0.2926157678215162,0.0885671539913617,12.88762094063456,0.1177625165318503,9.2,0.0543175232660092,0.0,0.0,0.0,1,12.887620940634598,0.4024476104229649,0.2926157678215171,True,True,mild,3,True,BDP10A_2015_01,3,2015-12-16,2,p10_area20_duration3,True,2026-06-24T18:32:06.313319+00:00
2015-12-20,2015,12,20,2015,2015/16,20,26,14,4,0.999999999999997,0.5639486286920496,0.2147594011839232,10.714097261310457,0.5129134573419041,7.4,0.2978849183400522,0.1014444545449597,0.0,0.0,2,10.714097261310489,0.9095038647961428,0.5639486286920513,True,True,moderate,5,True,BDP10A_2015_02,1,2015-12-20,0,p10_area20_duration3,True,2026-06-24T18:32:06.313319+00:00
2015-12-21,2015,12,21,2015,2015/16,21,26,19,13,0.999999999999997,0.7737354406472754,0.5457739808699459,10.249530615450356,0.7309996718928999,7.1,0.4782065809763665,0.0471269312789505,0.0,0.0,2,10.249530615450386,0.9447669493869578,0.7737354406472777,True,True,moderate,5,True,BDP10A_2015_02,2,2015-12-20,1,p10_area20_duration3,True,2026-06-24T18:32:06.313319+00:00
2015-12-22,2015,12,22,2015,2015/16,22,26,7,3,0.999999999999997,0.3574475292670502,0.1919324477639392,11.175860418878294,0.4155052440179063,6.3,0.2404866463711995,0.0471269312789505,0.0,0.0,2,11.175860418878328,1.162423041138105,0.3574475292670512,True,True,moderate,5,True,BDP10A_2015_02,3,2015-12-20,2,p10_area20_duration3,True,2026-06-24T18:32:06.313319+00:00
2015-12-23,2015,12,23,2015,2015/16,23,26,4,1,0.999999999999997,0.212531350822997,0.0471269312789505,11.95512688299564,0.2514312645277793,6.0,0.1130833143134678,0.0,0.0471269312789505,0.0,3,11.955126882995676,1.1830314142085296,0.2125313508229976,True,True,severe,5,True,BDP10A_2015_02,4,2015-12-20,3,p10_area20_duration3,True,2026-06-24T18:32:06.313319+00:00
2015-12-24,2015,12,24,2015,2015/16,24,26,6,2,0.999999999999997,0.3578141736056929,0.0994480365095292,12.294219224173744,0.3028928074586304,6.6,0.2055677255678777,0.0471269312789505,0.0,0.0,2,12.294219224173782,0.8465086902689742,0.3578141736056939,True,True,moderate,5,True,BDP10A_2015_02,5,2015-12-20,4,p10_area20_duration3,True,2026-06-24T18:32:06.313319+00:00
2016-01-25,2016,1,25,2015,2015/16,56,26,11,4,0.999999999999997,0.3523063216289534,0.1009490831129326,9.411672823739195,0.3760378753974585,6.1,0.3107251718016547,0.3118452308237015,0.0,0.0,2,9.411672823739224,1.06736056752765,0.3523063216289545,True,True,moderate,3,True,BDP10A_2015_03,1,2016-01-25,0,p10_area20_duration3,True,2026-06-24T18:32:06.313319+00:00
2016-01-26,2016,1,26,2015,2015/16,57,26,15,3,0.999999999999997,0.5398377990701279,0.0964876712815832,8.85231269321813,0.3093846506342878,6.8,0.3958589877107781,0.3952927864503913,0.0,0.0,2,8.852312693218156,0.5731066834652997,0.5398377990701295,True,True,moderate,3,True,BDP10A_2015_03,2,2016-01-25,1,p10_area20_duration3,True,2026-06-24T18:32:06.313319+00:00
2016-01-27,2016,1,27,2015,2015/16,58,26,10,5,0.999999999999997,0.3352542473615564,0.1820340414747384,9.34408689169219,0.2885785218663719,7.5,0.6114035923879102,0.158842321646967,0.0,0.0,2,9.344086891692218,0.8607751404716827,0.3352542473615574,True,True,moderate,3,True,BDP10A_2015_03,3,2016-01-25,2,p10_area20_duration3,True,2026-06-24T18:32:06.313319+00:00
2017-01-14,2017,1,14,2016,2016/17,45,26,13,8,0.999999999999997,0.4932216203624216,0.2731487966439633,8.480557687056413,0.5649218218042753,5.1,0.4036268653017907,0.2266453731889912,0.19512916639574,0.0,3,8.480557687056438,1.145371164770044,0.4932216203624231,True,True,severe,3,True,BDP10A_2016_01,1,2017-01-14,0,p10_area20_duration3,True,2026-06-24T18:32:06.313319+00:00
2017-01-15,2017,1,15,2016,2016/17,46,26,9,5,0.999999999999997,0.2122975049045473,0.1229911082295017,9.505607040867742,0.2204123091412612,7.5,0.4204060064927345,0.2866011670122328,0.0,0.0,2,9.50560704086777,1.038223738146911,0.2122975049045479,True,True,moderate,3,True,BDP10A_2016_01,2,2017-01-14,1,p10_area20_duration3,True,2026-06-24T18:32:06.313319+00:00
2017-01-16,2017,1,16,2016,2016/17,47,26,9,1,0.999999999999997,0.2759300382133064,0.0248368566131347,10.042346057945384,0.1465247854189754,7.4,0.4068318758644982,0.1822458591079185,0.0,0.0,2,10.042346057945414,0.5310215095382442,0.2759300382133072,True,True,moderate,3,True,BDP10A_2016_01,3,2017-01-14,2,p10_area20_duration3,True,2026-06-24T18:32:06.313319+00:00
2018-01-06,2018,1,6,2017,2017/18,37,26,6,3,0.999999999999997,0.3023175123353254,0.1527162761472564,10.63189648173963,0.3413885764272073,5.8,0.2231129711566682,0.2152623645833387,0.0427280733403536,0.0,3,10.631896481739664,1.129238507521671,0.3023175123353263,True,True,severe,7,True,BDP10A_2017_01,1,2018-01-06,0,p10_area20_duration3,True,2026-06-24T18:32:06.313319+00:00
2018-01-07,2018,1,7,2017,2017/18,38,26,18,10,0.999999999999997,0.7739473524198789,0.3633010571651166,8.677147149480696,1.0926258655167802,5.1,0.3977074357233301,0.1938147069020767,0.1480022351167895,0.0,3,8.677147149480723,1.4117573528748415,0.7739473524198812,True,True,severe,7,True,BDP10A_2017_01,2,2018-01-06,1,p10_area20_duration3,True,2026-06-24T18:32:06.313319+00:00
2018-01-08,2018,1,8,2017,2017/18,39,26,24,20,0.999999999999997,0.9247264545039928,0.8265598241432268,7.350693041295215,2.214331931810672,3.2,0.2689926765696051,0.2665771617421463,0.3095656369840922,0.0543175232660092,4,7.350693041295237,2.3945804956974017,0.9247264545039956,True,True,very_severe,7,True,BDP10A_2017_01,3,2018-01-06,2,p10_area20_duration3,True,2026-06-24T18:32:06.313319+00:00
2018-01-09,2018,1,9,2017,2017/18,40,26,24,16,0.999999999999997,0.8968222044821363,0.505717389582023,7.89517937257298,1.3826601628860524,4.8,0.1991657560663175,0.3838531299644869,0.2181950351422444,0.0,3,7.895179372573004,1.5417327492292183,0.896822204482139,True,True,severe,7,True,BDP10A_2017_01,4,2018-01-06,3,p10_area20_duration3,True,2026-06-24T18:32:06.313319+00:00
2018-01-10,2018,1,10,2017,2017/18,41,26,15,4,0.999999999999997,0.4657221456292579,0.1218862404151578,9.017299212473151,0.4285386778841408,5.6,0.4616136349393528,0.272916027196278,0.0380733312226052,0.0,3,9.017299212473178,0.9201595455700804,0.4657221456292593,True,True,severe,7,True,BDP10A_2017_01,5,2018-01-06,4,p10_area20_duration3,True,2026-06-24T18:32:06.313319+00:00
2018-01-11,2018,1,11,2017,2017/18,42,26,11,4,0.999999999999997,0.3091366271746111,0.092299133526246,8.983995024238624,0.2857194157930836,6.0,0.4832022291310587,0.2513274330045721,0.0380733312226052,0.0,3,8.98399502423865,0.9242496381113046,0.309136627174612,True,True,severe,7,True,BDP10A_2017_01,6,2018-01-06,5,p10_area20_duration3,True,2026-06-24T18:32:06.313319+00:00
2018-01-12,2018,1,12,2017,2017/18,43,26,14,2,0.999999999999997,0.4065939351540867,0.0516934403897029,9.19498736373796,0.2332751654713033,6.8,0.3516730379269313,0.3932027721856337,0.0,0.0,2,9.194987363737988,0.573730066541448,0.4065939351540879,True,True,moderate,7,True,BDP10A_2017_01,7,2018-01-06,6,p10_area20_duration3,True,2026-06-24T18:32:06.313319+00:00
2018-01-28,2018,1,28,2017,2017/18,59,26,7,1,0.999999999999997,0.2309875814256196,0.0523211052305787,9.737826752783455,0.1031523084433884,9.0,0.6535654620884735,0.0471269312789505,0.0,0.0,2,9.737826752783484,0.4465707974720908,0.2309875814256203,True,True,moderate,3,True,BDP10A_2017_02,1,2018-01-28,0,p10_area20_duration3,True,2026-06-24T18:32:06.313319+00:00
2018-01-29,2018,1,29,2017,2017/18,60,26,13,7,0.999999999999997,0.5463985103391398,0.2979369276633525,9.475008396500732,0.4926261775942646,7.2,0.4966159127257371,0.1969709394135992,0.0,0.0,2,9.47500839650076,0.9015877025149656,0.5463985103391414,True,True,moderate,3,True,BDP10A_2017_02,2,2018-01-28,1,p10_area20_duration3,True,2026-06-24T18:32:06.313319+00:00
2018-01-30,2018,1,30,2017,2017/18,61,26,8,2,0.999999999999997,0.3846702301039738,0.0785767051369856,10.264292049999868,0.1389991781969901,8.4,0.4866910655711887,0.0471269312789505,0.0,0.0,2,10.264292049999897,0.3613463359496773,0.3846702301039749,True,True,moderate,3,True,BDP10A_2017_02,3,2018-01-28,2,p10_area20_duration3,True,2026-06-24T18:32:06.313319+00:00
2018-12-08,2018,12,8,2018,2018/19,8,26,7,0,0.999999999999997,0.2310268285177133,0.0,13.5299295897853,0.0725550211513286,10.6,0.0,0.0,0.0,0.0,0,13.529929589785342,0.3140545261208298,0.231026828517714,True,True,no_bmd_cold_wave,3,True,BDP10A_2018_01,1,2018-12-08,0,p10_area20_duration3,True,2026-06-24T18:32:06.313319+00:00
2018-12-09,2018,12,9,2018,2018/19,9,26,14,8,0.999999999999997,0.4255148493303326,0.2457478433096082,13.073600191530634,0.2423769168227379,9.7,0.0471269312789505,0.0,0.0,0.0,1,13.073600191530671,0.5696085981586452,0.4255148493303339,True,True,mild,3,True,BDP10A_2018_01,2,2018-12-08,1,p10_area20_duration3,True,2026-06-24T18:32:06.313319+00:00
2018-12-10,2018,12,10,2018,2018/19,10,26,12,5,0.999999999999997,0.3962858428985692,0.1758175530279332,12.85462394501268,0.2288636620534291,9.3,0.0471269312789505,0.0,0.0,0.0,1,12.85462394501272,0.5775216706694404,0.3962858428985704,True,True,mild,3,True,BDP10A_2018_01,3,2018-12-08,2,p10_area20_duration3,True,2026-06-24T18:32:06.313319+00:00
2018-12-27,2018,12,27,2018,2018/19,27,26,11,3,0.999999999999997,0.402653072739058,0.1057289384221155,10.657654492324584,0.2895463843132993,6.7,0.2449852095385279,0.1317580430733855,0.0,0.0,2,10.657654492324616,0.7190964229917645,0.4026530727390592,True,True,moderate,5,True,BDP10A_2018_02,1,2018-12-27,0,p10_area20_duration3,True,2026-06-24T18:32:06.313319+00:00
2018-12-28,2018,12,28,2018,2018/19,28,26,15,7,0.999999999999997,0.6056510433464568,0.223793563924998,10.034613427630344,0.5205775721948804,6.0,0.3411438999451384,0.1610766775492538,0.0427280733403536,0.0,3,10.034613427630374,0.8595338485978453,0.6056510433464586,True,True,severe,5,True,BDP10A_2018_02,2,2018-12-27,1,p10_area20_duration3,True,2026-06-24T18:32:06.313319+00:00
2018-12-29,2018,12,29,2018,2018/19,29,26,20,17,0.999999999999997,0.7990865177183621,0.7046455266947319,8.507338013788289,1.5932085387719914,5.8,0.2804527540517761,0.447903054228383,0.0970455966063628,0.0,3,8.507338013788313,1.9937872851629284,0.7990865177183646,True,True,severe,5,True,BDP10A_2018_02,3,2018-12-27,2,p10_area20_duration3,True,2026-06-24T18:32:06.313319+00:00
2018-12-30,2018,12,30,2018,2018/19,30,26,18,12,0.999999999999997,0.6680744492405067,0.3737076950806516,9.55491371051382,0.6482010286558026,6.6,0.2449212609431835,0.3239257252916473,0.0,0.0,2,9.55491371051385,0.9702526857488758,0.6680744492405087,True,True,moderate,5,True,BDP10A_2018_02,4,2018-12-27,3,p10_area20_duration3,True,2026-06-24T18:32:06.313319+00:00
2018-12-31,2018,12,31,2018,2018/19,31,26,7,2,0.999999999999997,0.2985478131695313,0.1173212678675447,10.463632785110322,0.2567553250678585,7.3,0.3362218890285047,0.1014444545449597,0.0,0.0,2,10.463632785110354,0.8600140873316638,0.2985478131695321,True,True,moderate,5,True,BDP10A_2018_02,5,2018-12-27,4,p10_area20_duration3,True,2026-06-24T18:32:06.313319+00:00
2020-02-10,2020,2,10,2019,2019/20,72,26,9,2,0.999999999999997,0.3350215881211894,0.0970455966063628,12.129710418892085,0.1861835051961662,8.6,0.19512916639574,0.0,0.0,0.0,1,12.12971041889212,0.5557358444877796,0.3350215881211904,True,True,mild,5,True,BDP10A_2019_01,1,2020-02-10,0,p10_area20_duration3,True,2026-06-24T18:32:06.313319+00:00
2020-02-11,2020,2,11,2019,2019/20,73,26,13,6,0.999999999999997,0.4387523794682121,0.1944001047116269,11.51522843053,0.3531680516432162,9.4,0.2509316821685579,0.0,0.0,0.0,1,11.515228430530032,0.8049370628400283,0.4387523794682134,True,True,mild,5,True,BDP10A_2019_01,2,2020-02-10,1,p10_area20_duration3,True,2026-06-24T18:32:06.313319+00:00
2020-02-12,2020,2,12,2019,2019/20,74,26,9,1,0.999999999999997,0.293814149442177,0.0308813962789122,12.169661230662426,0.1511493675109814,9.8,0.178884974352336,0.0,0.0,0.0,1,12.169661230662465,0.5144386946576506,0.2938141494421779,True,True,mild,5,True,BDP10A_2019_01,3,2020-02-10,2,p10_area20_duration3,True,2026-06-24T18:32:06.313319+00:00
2020-02-13,2020,2,13,2019,2019/20,75,26,13,8,0.999999999999997,0.3852438383852862,0.2178950454857156,11.865408275939345,0.3667131839371493,9.4,0.1494872276235982,0.0,0.0,0.0,1,11.865408275939378,0.951898894669396,0.3852438383852873,True,True,mild,5,True,BDP10A_2019_01,4,2020-02-10,3,p10_area20_duration3,True,2026-06-24T18:32:06.313319+00:00
2020-02-14,2020,2,14,2019,2019/20,76,26,9,1,0.999999999999997,0.3325549907268992,0.0208120441107907,12.25560295593041,0.1268354313337642,10.5,0.0471269312789505,0.0,0.0,0.0,1,12.255602955930447,0.3813968662942845,0.3325549907269002,True,True,mild,5,True,BDP10A_2019_01,5,2020-02-10,4,p10_area20_duration3,True,2026-06-24T18:32:06.313319+00:00
2020-12-19,2020,12,19,2020,2020/21,19,26,19,13,0.999999999999997,0.7936371057425482,0.5905461057329487,10.102658419898033,1.1429554012958154,7.6,0.3784643213311351,0.1860755663393947,0.0,0.0,2,10.10265841989806,1.440148643537068,0.7936371057425505,True,True,moderate,4,True,BDP10A_2020_01,1,2020-12-19,0,p10_area20_duration3,True,2026-06-24T18:32:06.313319+00:00
2020-12-20,2020,12,20,2020,2020/21,20,26,16,11,0.999999999999997,0.6764835537616883,0.3819732525334101,10.689452263245688,0.5542418411293948,7.3,0.1993627130275926,0.0852002625015557,0.0,0.0,2,10.68945226324572,0.8192983229931458,0.6764835537616903,True,True,moderate,4,True,BDP10A_2020_01,2,2020-12-19,1,p10_area20_duration3,True,2026-06-24T18:32:06.313319+00:00
2020-12-21,2020,12,21,2020,2020/21,21,26,11,3,0.999999999999997,0.417836212188546,0.1098692847090485,11.338419946117147,0.2390820856762664,7.6,0.1331590538707028,0.0471269312789505,0.0,0.0,2,11.33841994611718,0.5721909176421074,0.4178362121885473,True,True,moderate,4,True,BDP10A_2020_01,3,2020-12-19,2,p10_area20_duration3,True,2026-06-24T18:32:06.313319+00:00
2020-12-22,2020,12,22,2020,2020/21,22,26,8,1,0.999999999999997,0.2502936041115366,0.0212792005910379,11.784456917382457,0.0941654795020786,10.0,0.0232985487531173,0.0,0.0,0.0,1,11.784456917382492,0.3762200789602131,0.2502936041115374,True,True,mild,4,True,BDP10A_2020_01,4,2020-12-19,3,p10_area20_duration3,True,2026-06-24T18:32:06.313319+00:00
2021-01-31,2021,1,31,2020,2020/21,62,26,14,11,0.999999999999997,0.6082459981179635,0.52383328782483,9.75820734496285,0.8894708492987182,5.7,0.2414304330362047,0.3211550869097478,0.0427280733403536,0.0,3,9.758207344962878,1.462353804301091,0.6082459981179653,True,True,severe,4,True,BDP10A_2020_02,1,2021-01-31,0,p10_area20_duration3,True,2026-06-24T18:32:06.313319+00:00
2021-02-01,2021,2,1,2020,2020/21,63,26,24,24,0.999999999999997,0.9730634542009294,0.9730634542009294,8.35229547828067,1.8708115391951965,5.5,0.3808754289133438,0.4477784286838023,0.0471269312789505,0.0,3,8.352295478280695,1.92259973501059,0.9730634542009324,True,True,severe,4,True,BDP10A_2020_02,2,2021-01-31,1,p10_area20_duration3,True,2026-06-24T18:32:06.313319+00:00
2021-02-02,2021,2,2,2020,2020/21,64,26,24,17,0.999999999999997,0.9412210649026383,0.6028241780072677,9.248389626422258,0.9405993424578128,6.6,0.6052563362062485,0.1793713630644971,0.0,0.0,2,9.248389626422286,0.9993394512001388,0.9412210649026412,True,True,moderate,4,True,BDP10A_2020_02,3,2021-01-31,2,p10_area20_duration3,True,2026-06-24T18:32:06.313319+00:00
2021-02-03,2021,2,3,2020,2020/21,65,26,14,4,0.999999999999997,0.429460505082105,0.1202762587177046,10.485784706582578,0.2759142154450098,7.5,0.1635187084327147,0.1408116431297308,0.0,0.0,2,10.48578470658261,0.6424670305649179,0.4294605050821062,True,True,moderate,4,True,BDP10A_2020_02,4,2021-01-31,3,p10_area20_duration3,True,2026-06-24T18:32:06.313319+00:00
2022-01-29,2022,1,29,2021,2021/22,60,26,7,2,0.999999999999997,0.3742422695621654,0.0832025015094909,10.038318360075996,0.1760719984931307,8.3,0.5135405607317048,0.0471269312789505,0.0,0.0,2,10.038318360076026,0.4704759799023275,0.3742422695621665,True,True,moderate,3,True,BDP10A_2021_01,1,2022-01-29,0,p10_area20_duration3,True,2026-06-24T18:32:06.313319+00:00
2022-01-30,2022,1,30,2021,2021/22,61,26,13,4,0.999999999999997,0.4579598803939699,0.1107799277281901,10.221196801863943,0.1660862102577461,8.4,0.5799340540543118,0.0,0.0,0.0,1,10.221196801863972,0.3626654153959227,0.4579598803939713,True,True,mild,3,True,BDP10A_2021_01,2,2022-01-29,1,p10_area20_duration3,True,2026-06-24T18:32:06.313319+00:00
2022-01-31,2022,1,31,2021,2021/22,62,26,12,7,0.999999999999997,0.4294535514899682,0.2793696555866562,10.219361355138256,0.2522149578252621,7.8,0.4029445273143234,0.0543175232660092,0.0,0.0,2,10.219361355138286,0.5872927513353065,0.4294535514899695,True,True,moderate,3,True,BDP10A_2021_01,3,2022-01-29,2,p10_area20_duration3,True,2026-06-24T18:32:06.313319+00:00
2022-02-06,2022,2,6,2021,2021/22,68,26,8,2,0.999999999999997,0.2292501586241523,0.0771579618437134,11.032235257938314,0.1652216224690206,9.2,0.156987436396536,0.0,0.0,0.0,1,11.032235257938348,0.7207045066428754,0.229250158624153,True,True,mild,4,True,BDP10A_2021_02,1,2022-02-06,0,p10_area20_duration3,True,2026-06-24T18:32:06.313319+00:00
2022-02-07,2022,2,7,2021,2021/22,69,26,18,5,0.999999999999997,0.66289640019348,0.2142304432241977,10.829790489501775,0.2933912020032658,9.0,0.3714772210251845,0.0,0.0,0.0,1,10.829790489501807,0.4425898253748754,0.662896400193482,True,True,mild,4,True,BDP10A_2021_02,2,2022-02-06,1,p10_area20_duration3,True,2026-06-24T18:32:06.313319+00:00
2022-02-08,2022,2,8,2021,2021/22,70,26,17,7,0.999999999999997,0.6113987097483004,0.1795256843295716,11.052420889341372,0.3514580310494479,8.5,0.2159597017802936,0.0,0.0,0.0,1,11.052420889341406,0.5748426116144988,0.6113987097483022,True,True,mild,4,True,BDP10A_2021_02,3,2022-02-06,2,p10_area20_duration3,True,2026-06-24T18:32:06.313319+00:00
2022-02-09,2022,2,9,2021,2021/22,71,26,6,0,0.999999999999997,0.2043102757326787,0.0,12.082974591101754,0.0479826124089118,10.0,0.0679574666635041,0.0,0.0,0.0,1,12.08297459110179,0.234851684462962,0.2043102757326793,True,True,mild,4,True,BDP10A_2021_02,4,2022-02-06,3,p10_area20_duration3,True,2026-06-24T18:32:06.313319+00:00
2022-02-12,2022,2,12,2021,2021/22,74,26,4,1,0.999999999999997,0.2295384013611314,0.0208120441107907,12.44118279068332,0.0687937187934713,11.2,0.0,0.0,0.0,0.0,0,12.441182790683357,0.2997046175521567,0.2295384013611321,True,True,no_bmd_cold_wave,9,True,BDP10A_2021_03,1,2022-02-12,0,p10_area20_duration3,True,2026-06-24T18:32:06.313319+00:00
2022-02-13,2022,2,13,2021,2021/22,75,26,13,5,0.999999999999997,0.4689712428403871,0.1249699475300689,11.750752818281947,0.3649209423116613,7.7,0.1525885784579391,0.0471269312789505,0.0,0.0,2,11.750752818281985,0.7781307444385476,0.4689712428403885,True,True,moderate,9,True,BDP10A_2021_03,2,2022-02-12,1,p10_area20_duration3,True,2026-06-24T18:32:06.313319+00:00
2022-02-14,2022,2,14,2021,2021/22,76,26,9,3,0.999999999999997,0.3478516940147627,0.0763408754271811,12.47415235455562,0.1542584738077284,8.7,0.0471269312789505,0.0,0.0,0.0,1,12.474152354555658,0.4434604645081353,0.3478516940147637,True,True,mild,9,True,BDP10A_2021_03,3,2022-02-12,2,p10_area20_duration3,True,2026-06-24T18:32:06.313319+00:00
2022-02-15,2022,2,15,2021,2021/22,77,26,11,5,0.999999999999997,0.3179815720748623,0.1466015878935803,12.35100043130053,0.2398315913383608,9.6,0.0679574666635041,0.0,0.0,0.0,1,12.351000431300568,0.7542311014233785,0.3179815720748633,True,True,mild,9,True,BDP10A_2021_03,4,2022-02-12,3,p10_area20_duration3,True,2026-06-24T18:32:06.313319+00:00
2022-02-16,2022,2,16,2021,2021/22,78,26,17,8,0.999999999999997,0.5454435212540569,0.2003523688783916,12.287663329316045,0.5448445028869646,9.6,0.0679574666635041,0.0,0.0,0.0,1,12.287663329316082,0.9989017774641176,0.5454435212540586,True,True,mild,9,True,BDP10A_2021_03,5,2022-02-12,4,p10_area20_duration3,True,2026-06-24T18:32:06.313319+00:00
2022-02-17,2022,2,17,2021,2021/22,79,26,12,8,0.999999999999997,0.363020065115726,0.1855775864089037,12.718965109661372,0.332351868802661,10.5,0.0471269312789505,0.0,0.0,0.0,1,12.71896510966141,0.9155192804472436,0.3630200651157271,True,True,mild,9,True,BDP10A_2021_03,6,2022-02-12,5,p10_area20_duration3,True,2026-06-24T18:32:06.313319+00:00
2022-02-18,2022,2,18,2021,2021/22,80,26,11,7,0.999999999999997,0.2803756823245796,0.1754490605522708,12.891583726385912,0.2790821360901706,10.5,0.0471269312789505,0.0,0.0,0.0,1,12.891583726385951,0.9953863822151612,0.2803756823245804,True,True,mild,9,True,BDP10A_2021_03,7,2022-02-12,6,p10_area20_duration3,True,2026-06-24T18:32:06.313319+00:00
2022-02-19,2022,2,19,2021,2021/22,81,26,17,11,0.999999999999997,0.5776368744585019,0.2967751446460055,12.209440132808982,0.5632790851388261,10.5,0.0471269312789505,0.0,0.0,0.0,1,12.20944013280902,0.975143918342929,0.5776368744585036,True,True,mild,9,True,BDP10A_2021_03,8,2022-02-12,7,p10_area20_duration3,True,2026-06-24T18:32:06.313319+00:00
2022-02-20,2022,2,20,2021,2021/22,82,26,15,8,0.999999999999997,0.4580097188697956,0.2158344122564853,12.88745828014858,0.4031998290808226,9.5,0.0679574666635041,0.0,0.0,0.0,1,12.88745828014862,0.8803302909723746,0.4580097188697969,True,True,mild,9,True,BDP10A_2021_03,9,2022-02-12,8,p10_area20_duration3,True,2026-06-24T18:32:06.313319+00:00
2024-12-07,2024,12,7,2024,2024/25,7,25,7,3,0.9955385881686476,0.2963305217709666,0.1790308063785927,13.480917188598571,0.2295491762458218,10.1,0.0,0.0,0.0,0.0,0,13.541330641334074,0.7746389905230218,0.2976584989197497,True,True,no_bmd_cold_wave,3,True,BDP10A_2024_01,1,2024-12-07,0,p10_area20_duration3,True,2026-06-24T18:32:06.313319+00:00
2024-12-08,2024,12,8,2024,2024/25,8,25,7,6,0.9955385881686476,0.2722080858579438,0.2473712292448091,13.28201121036861,0.3118220376362206,11.0,0.0,0.0,0.0,0.0,0,13.34153328481386,1.1455281963921895,0.273427960596371,True,True,no_bmd_cold_wave,3,True,BDP10A_2024_01,2,2024-12-07,1,p10_area20_duration3,True,2026-06-24T18:32:06.313319+00:00
2024-12-09,2024,12,9,2024,2024/25,9,25,5,1,0.9955385881686476,0.2312157440802913,0.0342496307253525,13.650107679289436,0.0766037591305138,12.0,0.0,0.0,0.0,0.0,0,13.711279343174052,0.331308576910371,0.2322519155240646,True,True,no_bmd_cold_wave,3,True,BDP10A_2024_01,3,2024-12-07,2,p10_area20_duration3,True,2026-06-24T18:32:06.313319+00:00
