date,bd_adv850_k_day,nigp_adv850_k_day,jet200_core_lat_70_100e,jet200_core_speed_70_100e
1985-10-01,0.59000,-0.00304,44.50000,26.01095
1985-10-02,0.29230,-0.71265,45.00000,27.71281
1985-10-03,0.04024,-0.60900,45.00000,45.59002
1985-10-04,-0.11498,-0.64366,41.00000,51.68303
1985-10-05,-0.19779,-0.72336,39.00000,46.53584
1985-10-06,-0.22991,-0.10263,37.75000,43.47311
1985-10-07,0.07567,0.58866,35.50000,45.42001
1985-10-08,0.09546,0.17495,34.50000,41.48495
1985-10-09,0.29380,2.19790,43.75000,44.63641
1985-10-10,0.08271,0.73732,38.00000,45.88739
1985-10-11,0.27701,-0.25461,38.00000,46.83647
1985-10-12,0.22920,0.33370,35.50000,44.60942
1985-10-13,-0.06153,0.32579,38.50000,57.37307
1985-10-14,-0.19065,-0.56086,38.50000,50.68797
1985-10-15,-0.02695,-0.08177,36.25000,41.24333
1985-10-16,0.09123,-0.72296,35.50000,43.20286
1985-10-17,1.88259,0.29726,36.50000,44.99232
1985-10-18,0.68177,-0.09366,35.75000,45.88129
1985-10-19,0.39174,0.78338,37.75000,38.98849
1985-10-20,-0.63326,0.41150,33.00000,34.59632
1985-10-21,-0.89936,0.24667,32.75000,33.80064
1985-10-22,-0.78838,0.63272,30.50000,33.55799
1985-10-23,0.17713,1.19857,33.00000,39.00232
1985-10-24,-0.34629,0.60897,33.75000,49.01714
1985-10-25,0.56213,0.86393,32.75000,44.81874
1985-10-26,0.66140,0.90434,31.75000,43.74116
1985-10-27,-0.23466,1.33502,32.50000,44.77411
1985-10-28,-0.70910,1.27308,30.75000,42.52363
1985-10-29,0.24844,1.68990,29.00000,38.00168
1985-10-30,0.26186,1.52208,34.00000,35.32790
1985-10-31,0.52517,1.15956,34.75000,38.06078
1985-11-01,0.82653,1.04225,36.50000,36.05079
1985-11-02,0.80389,0.22779,28.75000,36.60964
1985-11-03,0.41677,0.25369,25.00000,43.27558
1985-11-04,-0.20312,0.34634,27.00000,50.24407
1985-11-05,-0.49029,-0.02869,26.50000,49.82884
1985-11-06,-0.35652,-0.24889,26.25000,49.23248
1985-11-07,-1.70607,1.46475,26.75000,51.81453
1985-11-08,-1.65867,0.93678,27.25000,58.85877
1985-11-09,-1.53230,0.61861,29.25000,64.78226
1985-11-10,-1.87403,0.69833,29.50000,62.69470
1985-11-11,-0.99244,-0.16160,28.50000,54.44006
1985-11-12,-1.91707,0.36614,28.50000,42.57870
1985-11-13,-0.62939,0.52654,26.75000,46.33018
1985-11-14,-0.04059,0.73085,28.50000,50.74667
1985-11-15,0.00308,1.45530,27.00000,49.64848
1985-11-16,-0.46271,0.87371,31.50000,47.10677
1985-11-17,-0.09764,0.75511,31.50000,54.09036
1985-11-18,0.17058,0.20970,29.50000,49.01226
1985-11-19,0.04607,-0.38173,28.00000,50.75065
1985-11-20,-2.26660,1.25480,28.50000,52.29654
1985-11-21,-0.23121,0.68284,32.75000,55.64209
1985-11-22,-0.16153,0.71680,30.75000,65.73129
1985-11-23,1.10464,0.67906,28.25000,61.70143
1985-11-24,-0.24811,0.40266,29.00000,52.13566
1985-11-25,0.34775,-0.25927,30.50000,50.11705
1985-11-26,-0.28257,-0.54923,30.25000,57.55222
1985-11-27,-0.33676,-0.75306,32.00000,55.73070
1985-11-28,-0.62025,-0.11337,32.75000,51.24703
1985-11-29,-0.25378,0.25116,27.00000,49.92905
1985-11-30,0.35765,0.15447,28.75000,55.75867
1985-12-01,-0.55915,0.11711,29.00000,52.85676
1985-12-02,-1.20825,0.29592,28.00000,49.93435
1985-12-03,-2.50455,1.48771,25.50000,45.65166
1985-12-04,-1.17041,1.87650,32.00000,41.21607
1985-12-05,0.24314,1.42441,30.00000,46.67619
1985-12-06,1.03979,0.67059,32.25000,53.23425
1985-12-07,0.53381,0.84249,31.25000,49.01687
1985-12-08,-0.62241,-0.04946,30.00000,53.77393
1985-12-09,0.01992,-1.20185,27.50000,56.04471
1985-12-10,0.12710,-0.16933,29.25000,55.55949
1985-12-11,-0.06442,1.35259,29.75000,58.50453
1985-12-12,-0.95724,1.33777,30.75000,62.75661
1985-12-13,-1.17172,0.92006,32.00000,61.26139
1985-12-14,-1.24183,1.43267,33.00000,58.86676
1985-12-15,-0.90474,1.05880,33.25000,53.15293
1985-12-16,-0.11345,-0.27533,31.00000,50.25840
1985-12-17,-0.34597,-0.49196,33.50000,51.92512
1985-12-18,-0.20899,-1.14578,27.50000,49.12958
1985-12-19,2.14647,-1.64566,27.25000,44.41434
1985-12-20,-1.00613,1.37674,33.50000,35.52987
1985-12-21,-0.11806,1.63450,34.50000,30.49715
1985-12-22,0.40318,1.30554,29.50000,31.24146
1985-12-23,0.30475,-0.17212,29.00000,36.17111
1985-12-24,0.69493,-0.81836,26.50000,38.78863
1985-12-25,-0.00299,1.17720,28.50000,43.13365
1985-12-26,-0.30360,3.16936,27.00000,50.98808
1985-12-27,0.73492,2.68770,27.50000,49.16571
1985-12-28,3.42713,-1.07216,28.00000,53.90760
1985-12-29,-0.33841,0.56313,30.50000,65.83421
1985-12-30,-0.61175,-1.95754,29.00000,69.19987
1985-12-31,-3.40254,1.58905,34.00000,66.05038
1986-01-01,-1.19212,-0.50099,34.50000,78.81004
1986-01-02,-0.91647,-2.13969,32.75000,73.22267
1986-01-03,-0.50412,-0.70339,33.50000,68.93856
1986-01-04,-0.75040,-1.37794,32.25000,58.57541
1986-01-05,-0.39054,-0.41326,27.75000,60.99653
1986-01-06,-0.68188,1.74289,28.75000,69.18338
1986-01-07,-0.67061,0.63719,31.75000,63.20257
1986-01-08,-0.63884,0.35403,28.00000,56.95612
1986-01-09,-0.07034,0.55097,28.25000,60.89557
1986-01-10,0.59622,0.06418,29.25000,65.29451
1986-01-11,-0.11854,0.92229,29.75000,66.46086
1986-01-12,0.79805,0.21196,30.00000,63.64613
1986-01-13,0.03398,-0.27720,30.50000,72.83424
1986-01-14,-2.86341,0.99991,29.50000,63.69962
1986-01-15,-0.93940,-0.73913,30.25000,53.46933
1986-01-16,-0.26625,-0.63366,27.75000,53.25279
1986-01-17,-3.52325,0.72650,29.00000,64.22420
1986-01-18,-2.70744,-1.01721,29.50000,57.30129
1986-01-19,-3.12648,0.76389,28.25000,46.84348
1986-01-20,-1.82135,0.97411,31.75000,42.33894
1986-01-21,-1.52497,-0.20498,30.00000,56.73911
1986-01-22,-2.98891,1.18119,31.50000,57.03098
1986-01-23,-0.88315,-1.02507,31.50000,51.65089
1986-01-24,-3.03738,1.32002,28.00000,49.54973
1986-01-25,-3.35017,-0.04404,31.75000,53.50905
1986-01-26,-1.58441,-0.27047,29.25000,45.56798
1986-01-27,-0.25453,-0.07394,27.00000,53.42500
1986-01-28,-1.52786,0.47591,28.25000,52.60567
1986-01-29,-2.07827,0.85733,30.00000,60.50629
1986-01-30,0.41339,-0.07264,27.00000,59.34569
1986-01-31,2.60647,-2.20425,26.25000,66.63836
1986-02-01,1.33713,-0.07240,26.75000,65.00581
1986-02-02,-0.39354,0.02254,27.00000,60.79720
1986-02-03,-1.38169,0.54047,25.00000,60.49062
1986-02-04,-0.30809,-0.07109,26.75000,71.26398
1986-02-05,-1.28600,-0.96073,26.75000,66.54834
1986-02-06,-0.45304,-0.70895,25.50000,55.53118
1986-02-07,-1.24666,0.04384,25.25000,50.92548
1986-02-08,-0.92149,0.63299,21.00000,49.60994
1986-02-09,-1.02803,1.48349,23.50000,51.30403
1986-02-10,-0.62324,3.09260,24.00000,48.79079
1986-02-11,-1.46069,0.16423,23.75000,43.40276
1986-02-12,-2.05164,-0.17777,23.75000,48.32840
1986-02-13,-1.24780,0.23799,29.00000,50.50344
1986-02-14,-0.59319,-0.10146,26.75000,49.70773
1986-02-15,0.24577,-1.60285,23.50000,51.52989
1986-02-16,0.27936,-1.11091,30.50000,48.56236
1986-02-17,-2.13106,-0.44225,29.50000,64.72173
1986-02-18,-2.56340,0.42521,28.50000,73.69254
1986-02-19,-1.51776,0.00165,27.25000,68.25124
1986-02-20,-2.46077,1.39541,28.50000,65.58167
1986-02-21,0.12345,1.36408,30.50000,57.82053
1986-02-22,0.68121,-1.75115,31.25000,53.55220
1986-02-23,1.37856,-2.56300,29.75000,51.57468
1986-02-24,-0.27538,-2.17938,28.75000,50.78716
1986-02-25,-1.89892,-1.32670,28.75000,51.34643
1986-02-26,-1.53791,-0.96788,25.75000,53.22709
1986-02-27,-1.23621,-0.50796,26.50000,56.15578
1986-02-28,-1.48004,-0.38911,26.25000,59.39997
1986-03-01,-0.07745,-0.78864,26.50000,69.53241
1986-03-02,-0.96225,-0.68938,26.50000,60.68953
1986-03-03,-0.70066,-0.03213,25.50000,47.61708
1986-03-04,0.04429,0.55322,30.00000,42.08538
1986-03-05,0.16482,-0.07574,24.75000,47.39790
1986-03-06,1.35119,0.03218,24.00000,46.08649
1986-03-07,1.77315,0.08073,27.75000,62.26647
1986-03-08,2.25558,0.32468,26.00000,58.09965
1986-03-09,3.05717,-0.05751,27.00000,53.26459
1986-03-10,1.18706,0.96649,26.50000,55.40899
1986-03-11,1.26961,0.69284,25.75000,53.95029
1986-03-12,1.55818,-0.69680,26.75000,60.16713
1986-03-13,2.56311,-0.91084,27.00000,63.38910
1986-03-14,1.91113,-1.34517,27.25000,61.31342
1986-03-15,4.46162,-2.23148,28.00000,66.82245
1986-03-16,1.63904,-3.89310,28.00000,67.03135
1986-03-17,0.12728,-0.63659,29.00000,69.18984
1986-03-18,0.15057,-0.71492,29.00000,71.88534
1986-03-19,2.61582,-1.52527,30.00000,74.37972
1986-03-20,2.42885,-3.37509,31.25000,74.00901
1986-03-21,1.20891,-1.52681,31.75000,78.91302
1986-03-22,-0.40320,0.62393,32.50000,77.20421
1986-03-23,2.71120,-1.45285,31.75000,64.71111
1986-03-24,1.74129,-2.90329,31.25000,62.39334
1986-03-25,0.05064,-3.27310,31.00000,51.72536
1986-03-26,-1.46340,-2.42288,29.50000,55.13141
1986-03-27,0.28942,0.11178,27.75000,48.89255
1986-03-28,0.59454,-0.15256,30.50000,55.71798
1986-03-29,2.09352,-1.36219,29.75000,55.34397
1986-03-30,4.27882,-1.89166,29.25000,49.76321
1986-03-31,3.37960,-2.68337,29.25000,46.05620
1986-10-01,1.13137,0.17831,38.75000,26.77622
1986-10-02,0.84709,-0.28159,31.50000,28.66313
1986-10-03,0.60059,-0.19102,33.75000,32.74391
1986-10-04,0.25512,-0.66474,32.25000,34.90326
1986-10-05,-0.11758,-0.54699,32.00000,37.04036
1986-10-06,0.47983,-0.64964,31.50000,36.94126
1986-10-07,1.21297,-0.23714,32.50000,35.03717
1986-10-08,1.96503,1.38832,33.00000,33.69119
1986-10-09,0.93444,0.78393,33.25000,34.34180
1986-10-10,0.27446,0.73772,33.50000,35.63612
1986-10-11,0.71101,0.55800,31.50000,36.32339
1986-10-12,0.31292,0.81880,30.75000,38.84636
1986-10-13,0.43418,0.99223,32.50000,36.31002
1986-10-14,0.49444,1.03722,31.50000,40.35328
1986-10-15,2.38392,2.98628,30.00000,43.84515
1986-10-16,2.74879,1.22312,30.50000,43.49336
1986-10-17,2.25303,-0.02984,31.00000,41.24937
1986-10-18,0.29368,-0.00393,31.25000,39.71750
1986-10-19,-1.15535,-0.11816,30.50000,45.30309
1986-10-20,-0.97954,-0.99497,30.25000,46.98709
1986-10-21,-0.15285,-0.01381,31.25000,48.70436
1986-10-22,0.27390,-0.29465,30.75000,46.24725
1986-10-23,0.72323,0.53168,32.00000,45.12089
1986-10-24,0.85389,0.31676,33.00000,43.48365
1986-10-25,0.31880,-0.33581,31.00000,41.43528
1986-10-26,-0.04822,-0.07796,29.25000,48.40729
1986-10-27,-0.81154,0.75273,29.25000,51.15216
1986-10-28,-0.17011,0.81474,29.75000,54.12278
1986-10-29,0.14219,0.49967,29.75000,53.12159
1986-10-30,0.22210,0.11539,31.00000,56.33431
1986-10-31,0.15923,-0.28568,30.25000,62.78074
1986-11-01,0.30818,-0.25852,31.25000,57.55387
1986-11-02,-0.09189,-0.14907,32.25000,60.95927
1986-11-03,-0.33215,0.01723,33.00000,58.82757
1986-11-04,-0.13604,-0.24557,33.00000,57.57467
1986-11-05,0.63202,-0.51492,31.75000,54.28043
1986-11-06,0.43648,0.52074,31.25000,58.26904
1986-11-07,-0.38525,0.04082,31.25000,55.25050
1986-11-08,0.11886,-0.04760,31.25000,53.46021
1986-11-09,2.51446,0.04318,31.75000,49.83380
1986-11-10,-0.49147,0.75713,30.00000,45.22799
1986-11-11,-0.52696,0.92849,31.75000,44.11817
1986-11-12,-0.41190,0.87457,30.25000,49.02475
1986-11-13,-0.46532,0.16480,29.25000,45.20726
1986-11-14,-0.93199,0.47023,31.75000,44.59510
1986-11-15,0.05468,0.58317,32.25000,50.35748
1986-11-16,-0.08240,0.56103,31.25000,56.39760
1986-11-17,0.65516,-1.05344,30.25000,54.04669
1986-11-18,0.14828,0.48345,29.00000,48.46555
1986-11-19,-0.62345,0.48084,39.25000,51.69870
1986-11-20,-0.20888,0.40454,38.00000,53.86475
1986-11-21,-0.25786,0.15501,37.00000,51.02971
1986-11-22,0.12371,-0.54330,35.25000,48.34565
1986-11-23,0.35408,-0.40814,32.75000,47.58177
1986-11-24,0.94074,-0.13465,34.50000,40.09946
1986-11-25,1.43485,-0.60182,24.50000,37.34068
1986-11-26,1.05549,-0.23630,24.75000,40.44117
1986-11-27,0.00087,0.29918,24.50000,45.93531
1986-11-28,-0.41801,0.22589,28.25000,44.97247
1986-11-29,-0.45084,0.30311,27.00000,42.89684
1986-11-30,0.58564,-1.04828,28.25000,45.80621
1986-12-01,-1.80318,0.40643,27.50000,42.48837
1986-12-02,-0.61660,1.08537,26.75000,37.34422
1986-12-03,-0.30829,0.84483,44.00000,34.37065
1986-12-04,0.23419,0.58296,44.75000,42.01168
1986-12-05,0.28364,0.37931,23.50000,29.95574
1986-12-06,0.24392,0.50850,27.00000,34.14433
1986-12-07,0.38459,0.29349,29.25000,38.94218
1986-12-08,0.48561,-0.29262,24.75000,40.01618
1986-12-09,0.26745,-0.04699,22.75000,43.03775
1986-12-10,0.99685,-0.25188,23.25000,43.96244
1986-12-11,-0.50071,0.23452,27.50000,45.95233
1986-12-12,-0.43115,0.44853,26.75000,56.66776
1986-12-13,-0.03039,1.40247,27.25000,62.25740
1986-12-14,0.37793,-1.42580,26.50000,51.62478
1986-12-15,-0.32258,-0.48616,29.50000,65.52417
1986-12-16,-1.46161,-1.14762,29.00000,63.18884
1986-12-17,-0.73568,0.06004,29.50000,70.59763
1986-12-18,-1.41751,1.10168,31.75000,55.24475
1986-12-19,-1.26455,-0.76041,28.00000,54.63087
1986-12-20,-0.54746,0.00770,27.75000,44.83643
1986-12-21,-0.34345,0.21471,26.00000,44.30740
1986-12-22,-1.72040,0.17444,21.25000,41.24934
1986-12-23,-0.40226,-0.77083,22.00000,49.84717
1986-12-24,-0.67474,1.36637,21.50000,54.09921
1986-12-25,-0.20802,-0.36064,21.50000,54.01514
1986-12-26,-0.90808,-0.35384,25.50000,59.98300
1986-12-27,-0.57648,1.32112,27.50000,53.47775
1986-12-28,-0.01279,0.54248,29.75000,46.00962
1986-12-29,-1.90495,0.65014,23.75000,40.55951
1986-12-30,-0.61359,-0.95227,26.50000,39.88391
1986-12-31,-0.04341,-0.66032,25.50000,45.13596
1987-01-01,0.82590,0.97300,28.00000,48.84766
1987-01-02,-1.21812,0.94850,26.75000,62.96699
1987-01-03,-4.08661,0.64575,28.00000,67.10668
1987-01-04,-1.13907,1.30453,28.50000,60.78716
1987-01-05,-0.75112,0.77091,26.00000,58.11438
1987-01-06,-0.25369,0.34228,24.50000,50.30782
1987-01-07,-0.54432,0.28905,22.75000,44.86795
1987-01-08,-0.64130,-0.39074,24.00000,48.25464
1987-01-09,0.54691,-0.11608,24.25000,60.92414
1987-01-10,-0.44187,0.24704,27.25000,62.32246
1987-01-11,-0.32938,1.36339,30.75000,51.38770
1987-01-12,1.01832,-0.00653,27.50000,49.48355
1987-01-13,-1.00640,1.67542,27.25000,56.89268
1987-01-14,-1.53438,-1.06444,29.50000,57.18439
1987-01-15,-0.90519,1.01509,26.25000,62.30615
1987-01-16,-1.75249,2.13960,31.75000,65.95445
1987-01-17,0.04959,0.08753,31.50000,67.32500
1987-01-18,0.25766,-0.74283,31.50000,61.79508
1987-01-19,-1.86174,0.08735,33.50000,64.20004
1987-01-20,-2.24454,0.23638,33.50000,62.50887
1987-01-21,-1.27637,-0.26633,35.00000,55.71967
1987-01-22,-0.17216,0.24836,31.75000,56.40742
1987-01-23,-0.61944,-0.72923,30.25000,54.35611
1987-01-24,-0.99375,-0.01834,29.00000,50.13353
1987-01-25,-0.09760,1.10699,28.50000,46.76829
1987-01-26,0.97170,1.50441,30.25000,42.67889
1987-01-27,0.71736,0.70844,30.00000,43.09761
1987-01-28,-0.09877,0.71811,34.25000,44.79737
1987-01-29,-0.49393,0.56750,29.25000,54.67598
1987-01-30,-0.65629,0.81861,29.00000,54.02342
1987-01-31,-0.48466,0.62687,29.75000,57.09861
1987-02-01,-0.12260,0.13819,29.00000,53.72481
1987-02-02,-0.35682,-0.61284,27.00000,51.67418
1987-02-03,0.85857,-0.65554,28.50000,42.77966
1987-02-04,-0.16891,-0.99840,28.50000,37.62510
1987-02-05,-0.86095,0.60813,26.50000,37.76725
1987-02-06,-0.58542,1.88190,28.25000,39.07826
1987-02-07,-0.15323,1.24334,32.00000,43.43327
1987-02-08,0.18383,0.85742,30.50000,42.82919
1987-02-09,-0.16424,-0.30624,24.25000,38.24242
1987-02-10,0.23125,0.41162,24.50000,34.29602
1987-02-11,-0.20808,1.51472,35.50000,39.55424
1987-02-12,-0.37310,1.25191,37.25000,40.89489
1987-02-13,-0.10258,0.04322,28.50000,47.13680
1987-02-14,-0.06251,0.52274,30.00000,49.26553
1987-02-15,-0.24432,0.60836,28.50000,43.46798
1987-02-16,0.05280,1.29342,26.25000,47.30135
1987-02-17,-0.23846,0.74211,20.50000,48.63081
1987-02-18,-0.50385,0.90404,24.25000,45.52507
1987-02-19,-0.74334,-0.22103,22.50000,49.42892
1987-02-20,-0.74004,0.96577,28.25000,48.92019
1987-02-21,-1.05342,0.08193,26.00000,51.02716
1987-02-22,-1.03390,-0.54847,27.25000,59.81259
1987-02-23,0.14288,0.61598,29.00000,61.66824
1987-02-24,-0.93014,1.94641,29.75000,58.90245
1987-02-25,-0.33119,-0.40116,29.50000,55.67671
1987-02-26,0.43145,-0.52595,32.00000,46.40435
1987-02-27,-0.28310,-1.45281,25.75000,51.21481
1987-02-28,-0.38878,-0.31417,25.75000,51.64967
1987-03-01,-0.59142,-0.08619,21.00000,50.96764
1987-03-02,-1.00487,0.54619,20.75000,42.34280
1987-03-03,-0.63907,0.90601,22.25000,36.78769
1987-03-04,0.05496,0.10646,17.75000,41.10971
1987-03-05,0.04020,0.58179,17.25000,37.64139
1987-03-06,-0.08880,0.32901,17.25000,40.12761
1987-03-07,0.53914,-0.09218,18.25000,39.46850
1987-03-08,3.83980,-0.92619,18.25000,45.08341
1987-03-09,3.46343,-0.94042,21.50000,50.71471
1987-03-10,1.24793,-0.98445,20.00000,47.64096
1987-03-11,3.52257,-0.41653,21.75000,50.77774
1987-03-12,2.06007,-0.69225,22.00000,49.40381
1987-03-13,0.94130,0.87947,24.00000,45.83100
1987-03-14,-0.49734,-0.22049,24.50000,43.17111
1987-03-15,1.13468,0.91307,41.75000,42.06684
1987-03-16,1.22211,-0.53080,33.25000,46.37422
1987-03-17,5.46674,-1.57694,31.25000,53.36255
1987-03-18,6.68190,-0.67548,29.75000,52.62511
1987-03-19,2.80077,0.15457,30.00000,50.92439
1987-03-20,3.16960,-2.31635,29.75000,52.65746
1987-03-21,3.15746,0.37574,27.50000,52.08355
1987-03-22,2.06071,-0.16858,28.50000,56.93784
1987-03-23,2.13538,-1.08723,30.00000,62.16519
1987-03-24,1.46617,-1.73380,30.50000,56.72845
1987-03-25,-0.32187,-0.04823,32.75000,57.94065
1987-03-26,1.53901,-0.44088,33.50000,47.01469
1987-03-27,0.75329,-1.67670,39.75000,39.03866
1987-03-28,2.19775,-0.94064,42.00000,49.54573
1987-03-29,1.86366,-0.73054,40.25000,41.71750
1987-03-30,1.21130,-0.81616,36.75000,37.89837
1987-03-31,2.38380,-0.54594,41.25000,37.05366
1987-10-01,0.64684,0.37167,32.75000,42.01002
1987-10-02,0.84659,0.96449,31.25000,40.88722
1987-10-03,1.02018,0.81296,31.50000,39.57787
1987-10-04,0.97515,0.03209,29.50000,35.86143
1987-10-05,0.05111,-0.39816,45.00000,40.03935
1987-10-06,0.02595,-0.44836,45.00000,37.52486
1987-10-07,0.03105,-0.28345,45.00000,41.97926
1987-10-08,0.10134,-0.21493,45.00000,34.71523
1987-10-09,0.27440,0.39844,42.00000,40.79140
1987-10-10,0.38974,0.38955,45.00000,50.66621
1987-10-11,0.06125,0.70203,45.00000,42.29895
1987-10-12,-0.15208,1.27561,30.25000,43.30872
1987-10-13,-0.21157,0.00966,33.25000,49.32922
1987-10-14,-0.18665,-0.28427,33.00000,47.53108
1987-10-15,-0.31370,-0.47293,33.00000,50.73037
1987-10-16,0.06484,-0.77846,33.75000,55.67345
1987-10-17,-0.22123,-0.81878,34.50000,54.48739
1987-10-18,0.68966,-1.18028,35.75000,54.50049
1987-10-19,0.96078,1.84514,36.25000,50.26442
1987-10-20,1.07612,-2.20975,32.75000,44.45866
1987-10-21,-0.52889,0.64932,34.00000,46.88282
1987-10-22,-1.22696,0.98124,30.75000,44.13652
1987-10-23,-0.32293,1.51281,29.75000,42.69455
1987-10-24,0.31268,0.87004,28.75000,37.40453
1987-10-25,0.23302,0.87537,29.50000,33.44461
1987-10-26,0.04899,1.05990,42.50000,37.16365
1987-10-27,-0.16251,1.00111,43.25000,43.68279
1987-10-28,-0.33741,1.10644,43.75000,49.99895
1987-10-29,-0.59246,1.51055,29.25000,42.47773
1987-10-30,-0.53836,0.95105,29.00000,52.02246
1987-10-31,0.08748,0.13822,28.25000,52.99230
1987-11-01,-0.54676,-0.78937,28.50000,61.77912
1987-11-02,-0.75049,0.07950,29.75000,61.77515
1987-11-03,-0.46208,0.74618,31.00000,61.02480
1987-11-04,0.53600,0.25690,31.75000,47.12484
1987-11-05,0.19177,0.70311,30.50000,49.20033
1987-11-06,-0.49517,1.07563,29.25000,49.23544
1987-11-07,-0.25583,1.42171,28.00000,45.45350
1987-11-08,0.11975,1.84241,45.00000,35.03067
1987-11-09,0.11329,0.78023,38.75000,44.60487
1987-11-10,0.16830,0.68540,35.00000,51.70308
1987-11-11,-0.34274,0.65852,35.00000,54.91389
1987-11-12,0.37839,0.50673,35.25000,60.68983
1987-11-13,0.76319,-0.18899,34.25000,62.97542
1987-11-14,0.47880,-0.35303,31.00000,49.56345
1987-11-15,0.60970,-0.01720,31.75000,44.75334
1987-11-16,-0.25940,1.15511,32.75000,49.26665
1987-11-17,-1.05822,0.20096,31.50000,56.05122
1987-11-18,-1.41257,-0.10890,31.25000,56.45554
1987-11-19,-1.37037,-0.15375,33.00000,56.03213
1987-11-20,-1.62577,0.71601,40.00000,42.39806
1987-11-21,-1.03229,1.90343,45.00000,38.33850
1987-11-22,-0.38745,1.28327,41.00000,46.96965
1987-11-23,0.09253,0.73650,45.00000,45.80332
1987-11-24,0.55468,0.48331,40.50000,46.25432
1987-11-25,0.61366,0.05088,39.25000,51.75097
1987-11-26,-0.73004,-0.10665,38.75000,43.51743
1987-11-27,-1.56480,-0.37807,29.00000,50.26257
1987-11-28,-1.30019,0.17541,33.50000,63.59155
1987-11-29,-1.19408,-0.32581,36.25000,60.98864
1987-11-30,-0.09489,-0.31442,35.25000,59.12290
1987-12-01,-0.52473,-0.23668,34.75000,61.32167
1987-12-02,0.00055,-0.69297,33.50000,66.73815
1987-12-03,-0.14343,-0.25194,33.75000,64.19027
1987-12-04,-0.26508,-0.83950,32.25000,64.02219
1987-12-05,-0.76217,0.23028,30.25000,63.45320
1987-12-06,0.10587,0.09918,29.00000,60.71356
1987-12-07,0.26449,0.49209,27.50000,60.04473
1987-12-08,0.42131,0.80598,29.75000,61.69289
1987-12-09,0.10336,0.97758,37.25000,60.48177
1987-12-10,-0.48709,0.68147,38.50000,77.48889
1987-12-11,-1.15728,0.62925,38.75000,78.73782
1987-12-12,0.03419,1.12642,37.50000,58.35936
1987-12-13,2.71676,-0.19775,28.75000,64.96881
1987-12-14,-0.13372,0.71770,27.50000,53.52904
1987-12-15,-0.69156,2.28543,26.00000,50.05243
1987-12-16,-0.05404,1.18940,31.50000,46.02633
1987-12-17,0.65907,0.17937,28.75000,55.76605
1987-12-18,-0.23595,0.40882,26.75000,51.88493
1987-12-19,0.53665,2.05689,25.25000,42.37514
1987-12-20,1.50443,1.33038,27.75000,36.43871
1987-12-21,1.05968,1.81500,35.25000,37.69202
1987-12-22,0.09597,1.93981,37.75000,37.11845
1987-12-23,-0.11490,1.74456,32.00000,44.80053
1987-12-24,-0.07139,1.28061,27.00000,37.14728
1987-12-25,0.84469,1.01192,26.25000,34.78649
1987-12-26,-0.52518,1.58293,45.00000,37.37229
1987-12-27,-0.26297,1.96173,41.75000,46.50039
1987-12-28,0.04004,1.59801,41.75000,46.07309
1987-12-29,-0.82213,1.60877,22.75000,45.61519
1987-12-30,-0.35112,1.23286,39.00000,44.94257
1987-12-31,0.17975,0.39350,36.50000,51.43376
1988-01-01,-0.43778,1.04803,42.25000,53.43151
1988-01-02,-0.44684,0.62572,34.50000,56.66006
1988-01-03,-0.10109,-0.02209,35.50000,56.87094
1988-01-04,0.29304,0.31002,32.50000,57.79327
1988-01-05,0.13764,0.22072,33.25000,47.80785
1988-01-06,-0.00998,-0.86363,27.25000,55.71133
1988-01-07,-0.47230,0.01811,27.50000,45.77384
1988-01-08,-1.47022,1.16015,24.50000,37.71318
1988-01-09,-1.13070,1.16833,29.50000,44.35427
1988-01-10,-0.02344,0.48942,28.00000,50.04286
1988-01-11,0.01577,0.47673,29.00000,51.73891
1988-01-12,0.56069,-0.29557,27.50000,47.13066
1988-01-13,1.17610,0.11588,26.00000,45.62502
1988-01-14,-0.04896,-0.55981,25.00000,47.27977
1988-01-15,-1.16641,-0.51557,24.50000,54.29947
1988-01-16,-0.56888,-0.41389,25.25000,55.34392
1988-01-17,-2.88004,1.23942,26.00000,57.31402
1988-01-18,-1.42087,0.51353,28.25000,55.69626
1988-01-19,-1.30800,0.91773,31.25000,65.04221
1988-01-20,-1.48494,1.82032,32.50000,66.07454
1988-01-21,-1.59324,2.08833,32.25000,68.38035
1988-01-22,-1.62922,-1.09446,32.00000,67.42275
1988-01-23,-1.82083,0.06001,30.50000,68.95137
1988-01-24,-2.89005,-0.45425,29.75000,73.00455
1988-01-25,1.40216,-2.98428,29.50000,79.37181
1988-01-26,-1.80176,-1.69725,29.50000,70.37141
1988-01-27,-0.94248,-0.34194,28.75000,80.33157
1988-01-28,-2.73811,0.12355,29.25000,73.27418
1988-01-29,-1.89053,-0.87205,28.25000,74.35458
1988-01-30,-3.21487,0.60959,28.50000,67.60508
1988-01-31,-2.69508,-0.46166,30.00000,73.37763
1988-02-01,-4.16798,1.50530,30.75000,66.12113
1988-02-02,-1.79672,0.25668,31.75000,57.41949
1988-02-03,-1.70913,0.49888,44.50000,46.11809
1988-02-04,-0.64490,1.78296,41.00000,51.65711
1988-02-05,0.22472,-0.06941,37.75000,43.33017
1988-02-06,0.99186,0.57700,37.25000,44.73241
1988-02-07,-0.85559,0.97884,34.00000,46.66699
1988-02-08,-0.17595,-0.31621,29.25000,55.80169
1988-02-09,-0.33750,-0.34083,29.75000,53.26596
1988-02-10,-0.38956,-0.24190,29.00000,57.27290
1988-02-11,-0.25649,0.69812,30.00000,56.41605
1988-02-12,-0.28173,0.40166,30.25000,56.01181
1988-02-13,0.64509,-0.80213,27.00000,52.10085
1988-02-14,0.14538,0.42342,27.50000,51.53663
1988-02-15,-0.93868,-1.82030,28.00000,47.60730
1988-02-16,1.06708,-1.00271,25.25000,45.92442
1988-02-17,-0.25074,-1.55890,26.25000,46.73666
1988-02-18,-1.24629,-0.41979,25.50000,41.11353
1988-02-19,-0.35827,0.47750,38.25000,35.95774
1988-02-20,-0.90301,0.17510,31.00000,45.71132
1988-02-21,-0.25391,1.19312,27.50000,41.58944
1988-02-22,0.54718,0.77580,28.25000,46.60362
1988-02-23,3.65663,-1.22049,26.75000,53.18294
1988-02-24,5.57100,-2.09089,30.75000,40.09470
1988-02-25,0.81138,-0.84229,25.50000,39.62253
1988-02-26,0.75965,1.21998,38.50000,43.27123
1988-02-27,0.43699,1.02021,25.00000,58.42156
1988-02-28,0.14400,1.95958,25.25000,66.43038
1988-02-29,3.06925,-1.12787,28.00000,75.54308
1988-03-01,4.69995,-1.27015,26.75000,64.54792
1988-03-02,2.26778,-1.10992,26.00000,60.23620
1988-03-03,-0.04991,0.62407,25.50000,58.75551
1988-03-04,0.05636,0.36581,25.50000,58.31100
1988-03-05,1.31670,-0.55055,25.00000,54.40112
1988-03-06,2.19293,0.58324,23.50000,47.01904
1988-03-07,2.07635,1.22680,24.25000,42.17230
1988-03-08,0.27717,0.51268,24.50000,36.20092
1988-03-09,0.98892,-0.59129,22.00000,35.14363
1988-03-10,0.41722,1.49954,39.25000,37.48129
1988-03-11,0.28852,2.17276,40.50000,42.24987
1988-03-12,0.39078,2.12021,44.25000,43.81003
1988-03-13,3.13229,0.36874,28.50000,49.72864
1988-03-14,6.30034,-2.67087,27.00000,54.18735
1988-03-15,0.04885,1.97139,31.75000,54.44380
1988-03-16,-1.56832,1.26926,31.75000,72.68423
1988-03-17,2.96231,-1.27288,30.75000,67.95278
1988-03-18,3.68969,-1.30495,29.25000,62.11489
1988-03-19,1.42669,-0.72912,28.50000,70.54749
1988-03-20,7.23809,-1.94636,30.25000,72.06180
1988-03-21,0.52179,0.27623,28.75000,70.24068
1988-03-22,-0.54536,0.11697,28.75000,73.66626
1988-03-23,1.53732,1.42675,26.50000,53.88315
1988-03-24,1.13120,0.85715,31.00000,62.43743
1988-03-25,1.02502,-0.47834,33.50000,65.55545
1988-03-26,1.56870,-1.33926,33.00000,61.58341
1988-03-27,4.34109,-3.75363,30.75000,55.05621
1988-03-28,2.93491,-2.39638,33.00000,68.40649
1988-03-29,0.57897,-0.19167,32.00000,67.42663
1988-03-30,1.22434,-0.63981,29.75000,53.96691
1988-03-31,1.91644,-1.96822,30.75000,46.09346
1988-10-01,-0.14845,-0.81902,38.75000,50.05491
1988-10-02,0.41205,-0.80708,38.75000,51.09145
1988-10-03,0.90227,-0.55079,37.00000,52.50968
1988-10-04,1.80214,-0.47554,36.00000,52.64157
1988-10-05,2.73555,-0.32574,35.75000,48.74071
1988-10-06,1.32867,-0.37537,34.75000,49.66692
1988-10-07,0.67631,0.49445,34.50000,51.82046
1988-10-08,-0.97345,-0.06945,36.75000,44.63995
1988-10-09,-0.58362,-0.34702,32.75000,36.44133
1988-10-10,-0.38524,-0.66298,38.50000,36.02785
1988-10-11,-0.42861,-0.49499,36.25000,35.81131
1988-10-12,-0.08529,-0.23242,37.25000,37.40363
1988-10-13,0.16338,-0.37493,36.00000,36.33965
1988-10-14,0.60751,-0.88568,34.75000,40.86243
1988-10-15,0.76742,-0.54817,32.25000,42.74533
1988-10-16,-0.57333,-0.12703,32.50000,43.69550
1988-10-17,-0.41464,0.23530,34.75000,42.86929
1988-10-18,0.23098,-0.18465,33.75000,42.99239
1988-10-19,-0.87245,-0.36418,34.75000,40.73777
1988-10-20,0.12485,-0.96688,33.50000,41.07951
1988-10-21,0.07230,-0.84505,32.25000,35.17419
1988-10-22,-0.82952,0.42998,31.75000,36.84762
1988-10-23,-0.79720,0.80839,33.25000,39.11166
1988-10-24,0.02617,0.56740,35.50000,41.18861
1988-10-25,-0.14178,-0.00389,35.00000,47.23717
1988-10-26,0.29324,-0.40347,37.25000,40.82870
1988-10-27,0.56312,-0.47837,34.50000,36.48332
1988-10-28,0.50878,-0.32791,34.50000,31.47648
1988-10-29,0.33873,-0.26229,44.50000,32.16547
1988-10-30,0.09712,-0.69425,32.25000,36.29576
1988-10-31,-0.03464,-0.48975,32.50000,36.53131
1988-11-01,-0.35295,-0.90935,30.75000,33.22964
1988-11-02,-0.58697,-0.50485,27.75000,31.80147
1988-11-03,-0.38872,-0.66091,26.25000,35.97833
1988-11-04,-0.40840,-1.02082,27.50000,43.55883
1988-11-05,-0.50823,-0.68449,26.75000,33.12344
1988-11-06,-0.28997,-0.38588,28.50000,36.83617
1988-11-07,-0.54354,0.62721,28.00000,36.56257
1988-11-08,0.37379,0.24721,27.00000,39.21447
1988-11-09,0.36408,-0.55518,28.00000,40.21969
1988-11-10,0.80703,-0.39930,30.75000,37.64222
1988-11-11,1.15485,-0.35160,30.25000,33.03525
1988-11-12,0.59720,0.15686,28.75000,30.11193
1988-11-13,0.32380,0.47372,26.25000,32.95069
1988-11-14,-0.05003,0.56323,23.75000,34.56278
1988-11-15,-0.21524,0.35412,23.00000,31.76608
1988-11-16,-0.15611,0.37337,36.75000,31.42761
1988-11-17,0.02655,-0.17068,25.25000,33.88798
1988-11-18,-0.39583,-0.41823,28.50000,35.20630
1988-11-19,-0.73497,-0.60655,26.50000,33.83891
1988-11-20,0.28947,-0.61116,29.75000,34.91183
1988-11-21,-0.42416,-0.32493,31.75000,36.19045
1988-11-22,-0.08091,-0.18334,26.50000,34.04589
1988-11-23,0.28937,-0.52150,28.75000,41.50459
1988-11-24,-0.08793,-0.40444,28.00000,46.25839
1988-11-25,-1.17767,-1.26207,29.25000,54.66021
1988-11-26,-0.60641,-1.57016,29.50000,54.23313
1988-11-27,-0.27065,-0.89769,31.50000,54.60920
1988-11-28,3.48919,-1.36877,32.25000,48.72483
1988-11-29,3.35854,0.81012,33.50000,49.73244
1988-11-30,2.10750,1.15786,36.00000,50.28100
1988-12-01,0.92476,0.27219,38.00000,44.32368
1988-12-02,-0.57766,0.40597,36.50000,50.58599
1988-12-03,-0.20679,0.55923,36.75000,55.41096
1988-12-04,0.40359,0.70849,36.25000,57.22571
1988-12-05,0.55193,0.22739,34.75000,50.97958
1988-12-06,0.99755,0.30840,32.75000,55.81787
1988-12-07,-0.36984,0.13415,30.00000,53.31122
1988-12-08,-0.58260,0.04560,32.00000,45.75798
1988-12-09,-0.17990,0.06952,34.75000,38.28894
1988-12-10,0.35200,0.62538,25.25000,42.06241
1988-12-11,0.10409,0.18354,31.25000,46.88113
1988-12-12,-0.29072,-0.23076,32.50000,51.09792
1988-12-13,-0.58415,-0.34126,31.50000,48.01706
1988-12-14,-2.44440,0.74758,31.50000,44.85734
1988-12-15,-1.18262,0.05487,28.00000,40.73915
1988-12-16,-0.18607,-0.80288,27.00000,39.51806
1988-12-17,0.34112,-0.26374,28.25000,42.55740
1988-12-18,0.81538,-0.98308,27.00000,36.16182
1988-12-19,-0.38956,1.01648,27.75000,41.27954
1988-12-20,-0.37660,0.34245,31.00000,35.24123
1988-12-21,-0.68702,-0.15233,26.25000,37.52888
1988-12-22,-1.88512,0.27983,27.25000,41.76488
1988-12-23,-0.81997,1.72191,28.75000,47.34530
1988-12-24,-1.92261,0.35148,29.50000,44.23705
1988-12-25,-2.07127,1.51002,26.75000,44.77300
1988-12-26,-0.50460,-0.29667,26.50000,38.50553
1988-12-27,-1.03404,0.17114,28.00000,38.77205
1988-12-28,-1.59163,2.19582,31.25000,39.65133
1988-12-29,-1.01170,2.50126,32.50000,42.42879
1988-12-30,0.10297,1.35443,31.50000,50.13737
1988-12-31,0.52795,0.27710,26.00000,53.74458
1989-01-01,0.71646,2.01060,27.75000,45.99710
1989-01-02,1.34127,1.64392,26.75000,58.85266
1989-01-03,-0.50043,-0.65647,23.75000,51.60762
1989-01-04,-1.19883,1.32625,24.25000,49.68643
1989-01-05,-1.61873,0.91082,25.50000,51.63462
1989-01-06,-2.72885,2.55709,29.50000,73.87873
1989-01-07,-1.14179,2.42872,29.75000,74.37650
1989-01-08,-1.00660,0.30095,29.00000,64.09355
1989-01-09,1.38829,-2.78219,29.50000,69.85598
1989-01-10,-0.68488,-0.62754,30.50000,77.45977
1989-01-11,-1.24235,-0.33394,30.00000,73.51073
1989-01-12,-3.74596,-0.37914,29.00000,70.92779
1989-01-13,-5.28782,3.44273,30.00000,70.30911
1989-01-14,-1.93755,-0.81290,30.00000,71.85975
1989-01-15,-3.98591,1.58169,30.75000,75.14380
1989-01-16,-2.67510,-0.55292,30.50000,77.53831
1989-01-17,-0.96135,-0.46150,29.00000,68.77265
1989-01-18,-1.84193,3.02512,35.75000,65.97076
1989-01-19,-0.90194,1.57775,35.25000,80.46471
1989-01-20,-1.62997,-1.44187,32.00000,71.61189
1989-01-21,-4.77743,2.90027,33.25000,65.70757
1989-01-22,-0.48803,2.95625,36.25000,76.42171
1989-01-23,-0.59548,1.74847,35.25000,72.85411
1989-01-24,-1.66827,1.93611,35.75000,72.72578
1989-01-25,-2.26220,1.37608,35.50000,73.77354
1989-01-26,-1.76961,0.21600,34.25000,69.37622
1989-01-27,-1.98751,-1.51428,35.25000,65.51426
1989-01-28,-2.81249,0.28465,31.00000,63.54562
1989-01-29,-3.68115,0.62045,30.50000,61.65521
1989-01-30,-4.32377,0.71356,32.50000,58.84405
1989-01-31,-2.93931,0.26083,29.50000,54.97337
1989-02-01,-0.69098,-1.20623,31.00000,56.24719
1989-02-02,-1.29135,0.77917,31.50000,48.98589
1989-02-03,-1.13510,-0.11398,30.50000,48.86067
1989-02-04,0.21423,-1.53907,30.75000,53.61477
1989-02-05,4.22823,-0.49894,29.25000,64.28777
1989-02-06,4.86485,-3.33892,30.75000,67.99321
1989-02-07,4.29934,-3.11450,31.50000,73.57984
1989-02-08,1.60124,-2.81351,31.50000,54.38549
1989-02-09,0.66737,-1.91568,29.25000,56.74154
1989-02-10,0.13660,-2.07134,29.00000,56.49970
1989-02-11,0.49886,-2.61393,28.75000,62.42593
1989-02-12,1.21974,-1.68552,26.75000,57.42438
1989-02-13,0.92017,-0.77479,27.75000,57.31027
1989-02-14,4.04065,-0.51765,28.25000,65.48415
1989-02-15,4.07799,-2.54074,29.00000,72.79482
1989-02-16,1.09302,-1.55192,27.25000,69.94067
1989-02-17,3.07073,-2.37158,26.50000,67.45820
1989-02-18,1.40611,-0.87800,27.50000,57.54263
1989-02-19,9.85917,-1.50971,26.25000,54.80939
1989-02-20,-3.92022,1.83735,27.00000,54.56933
1989-02-21,-2.28880,0.11095,26.00000,64.82207
1989-02-22,2.54625,-2.22146,26.00000,62.46345
1989-02-23,-1.21359,-0.93726,27.50000,67.42358
1989-02-24,-2.27102,2.71873,30.25000,65.02814
1989-02-25,-0.74262,1.48279,30.25000,66.34063
1989-02-26,-2.00275,1.82275,30.75000,64.28424
1989-02-27,0.33213,0.66029,35.25000,57.88673
1989-02-28,1.08536,-0.05057,30.50000,66.10347
1989-03-01,-0.84418,-1.86938,32.25000,60.90767
1989-03-02,1.45794,-3.42300,29.75000,56.76412
1989-03-03,1.07628,-2.79409,28.25000,45.77790
1989-03-04,-1.23731,-1.08739,28.00000,42.84091
1989-03-05,-3.00936,-0.03451,27.25000,38.23863
1989-03-06,-2.01352,-0.97458,29.25000,37.92559
1989-03-07,-0.53109,-0.59657,29.50000,40.17147
1989-03-08,0.46376,-0.58053,27.25000,47.69102
1989-03-09,1.24908,-0.77411,25.50000,48.09077
1989-03-10,1.44371,0.20703,26.00000,43.62942
1989-03-11,0.73408,-1.12005,22.25000,40.82722
1989-03-12,-1.29404,-0.46544,24.50000,40.31705
1989-03-13,-0.07466,0.57857,25.50000,43.09899
1989-03-14,-1.17597,1.34951,27.50000,35.22754
1989-03-15,-1.25041,-0.98333,28.50000,35.21380
1989-03-16,-0.76709,-0.93445,25.00000,38.51972
1989-03-17,-0.16655,-0.31887,24.50000,42.79887
1989-03-18,-0.89979,0.35821,23.25000,37.46939
1989-03-19,0.74899,0.51094,24.50000,37.76834
1989-03-20,1.65081,-0.58795,26.25000,34.88962
1989-03-21,0.04188,-0.47011,28.50000,34.37896
1989-03-22,2.28465,-1.63396,29.25000,43.20813
1989-03-23,4.45941,-3.09042,27.75000,41.65136
1989-03-24,4.01565,-1.75976,28.00000,39.58872
1989-03-25,1.59565,-1.15086,28.25000,39.45180
1989-03-26,1.06016,-1.88732,24.75000,37.69844
1989-03-27,-0.16748,-1.47394,30.75000,39.81636
1989-03-28,0.24636,-1.28883,24.00000,36.89748
1989-03-29,-1.59888,-1.47223,24.25000,31.78151
1989-03-30,-0.38088,0.26274,31.00000,31.19682
1989-03-31,0.72002,0.94420,35.50000,38.84445
1989-10-01,0.68897,-0.45990,39.50000,47.76029
1989-10-02,0.25951,-0.43149,41.75000,45.32166
1989-10-03,-0.05879,-0.49817,42.00000,36.65934
1989-10-04,0.02488,-0.61741,37.25000,33.62028
1989-10-05,0.14032,-0.48771,34.50000,31.69478
1989-10-06,-0.14406,-0.67975,36.00000,31.46574
1989-10-07,-0.19001,-0.77597,34.50000,33.10835
1989-10-08,0.11550,-0.58801,31.50000,30.20265
1989-10-09,0.70943,-0.34349,33.75000,34.19743
1989-10-10,0.89849,-0.13184,36.50000,34.23259
1989-10-11,0.54073,-0.14617,37.25000,43.89635
1989-10-12,0.29461,-0.66568,36.25000,42.12059
1989-10-13,-0.16305,-0.43393,37.75000,44.83760
1989-10-14,0.19975,-0.80327,35.00000,40.38063
1989-10-15,0.33852,-1.20141,36.00000,38.14342
1989-10-16,-0.17163,-1.50742,33.00000,39.38397
1989-10-17,0.31077,-0.83054,33.50000,44.73506
1989-10-18,0.42693,-0.22672,32.25000,44.48664
1989-10-19,0.84807,0.26119,31.50000,40.87883
1989-10-20,0.14036,-0.06190,30.00000,32.41910
1989-10-21,-0.01359,-0.39990,43.75000,26.48642
1989-10-22,0.05642,-0.52024,45.00000,37.28377
1989-10-23,0.41983,-0.27802,38.00000,38.69369
1989-10-24,1.02354,-0.44773,36.50000,43.38295
1989-10-25,0.31873,-0.32238,33.50000,45.88581
1989-10-26,0.16706,-0.34390,31.00000,45.59124
1989-10-27,0.39547,-0.04039,29.75000,43.24816
1989-10-28,-1.19092,-0.56223,26.50000,35.22921
1989-10-29,-0.40657,-0.66026,28.25000,31.50548
1989-10-30,-0.09439,-1.09409,30.75000,31.32310
1989-10-31,0.12175,-0.89636,45.00000,42.30214
1989-11-01,-0.53568,-0.36609,45.00000,36.99272
1989-11-02,-0.53657,0.24930,30.00000,42.67627
1989-11-03,-0.22850,1.03101,29.00000,50.83501
1989-11-04,1.74452,-0.03811,30.00000,56.01778
1989-11-05,2.52476,-0.90730,30.50000,58.82644
1989-11-06,1.87834,-1.84259,30.00000,55.01934
1989-11-07,-1.60488,-1.15002,30.75000,56.30297
1989-11-08,-2.29723,0.24307,30.25000,53.59995
1989-11-09,-0.97003,0.12016,31.25000,54.29574
1989-11-10,-0.42711,0.15058,32.50000,56.79590
1989-11-11,0.21672,-0.26289,31.75000,61.08199
1989-11-12,0.03053,-0.76708,31.25000,60.28431
1989-11-13,-0.76893,-0.37772,30.00000,58.33072
1989-11-14,-1.92740,-0.15800,28.75000,56.72736
1989-11-15,-1.28352,-0.65856,27.75000,54.87890
1989-11-16,0.65782,-0.71392,26.50000,50.71984
1989-11-17,0.21096,0.34647,25.75000,43.10007
1989-11-18,-0.78719,0.72186,24.50000,38.51836
1989-11-19,-0.35693,-0.27667,24.50000,43.21379
1989-11-20,-0.59253,0.16443,25.50000,45.40673
1989-11-21,-0.65773,0.18468,26.00000,49.65850
1989-11-22,-0.75807,0.41478,27.00000,46.03816
1989-11-23,-0.57014,0.17417,27.00000,46.90574
1989-11-24,0.06918,-0.22500,25.75000,44.37381
1989-11-25,0.19581,0.61186,25.50000,46.72296
1989-11-26,-0.04958,-1.30417,25.50000,54.86409
1989-11-27,-2.00957,-0.65294,26.25000,53.57751
1989-11-28,-1.24655,-1.29785,24.00000,43.99652
1989-11-29,-1.41922,-0.47440,21.00000,45.43462
1989-11-30,-1.86193,-0.55073,21.25000,46.81136
1989-12-01,-0.92171,-0.35641,22.00000,46.72767
1989-12-02,-1.15392,-0.16517,23.75000,43.83140
1989-12-03,-0.14608,-0.29544,24.75000,43.59098
1989-12-04,-0.37605,1.01084,24.25000,40.48822
1989-12-05,-0.99251,1.16365,40.50000,33.28205
1989-12-06,-0.55609,1.00899,45.00000,33.89801
1989-12-07,-0.28901,0.17065,26.00000,29.68537
1989-12-08,-0.23319,0.14928,32.50000,33.66376
1989-12-09,-0.09204,0.15418,28.50000,48.67617
1989-12-10,-1.21030,0.09218,28.00000,48.66013
1989-12-11,-1.29253,-0.43146,28.25000,47.84401
1989-12-12,0.24057,-0.57964,23.50000,44.35870
1989-12-13,-0.33287,-0.76741,24.25000,47.22473
1989-12-14,-0.24530,-0.05509,24.50000,44.18210
1989-12-15,1.02883,0.60161,24.25000,42.62804
1989-12-16,0.87543,0.38209,25.50000,37.56453
1989-12-17,0.96027,0.61925,25.50000,36.73270
1989-12-18,0.11626,1.06361,28.50000,43.26109
1989-12-19,-0.07941,-0.08059,30.25000,57.04853
1989-12-20,-0.01440,1.43209,27.50000,68.53891
1989-12-21,-0.06610,0.48898,26.25000,73.26282
1989-12-22,-0.04244,1.28596,27.25000,73.19353
1989-12-23,-0.11879,0.10071,28.75000,57.36908
1989-12-24,0.25583,-0.63570,28.75000,66.00531
1989-12-25,-0.12501,-0.05550,26.25000,70.76026
1989-12-26,0.02250,-1.32319,26.50000,61.40521
1989-12-27,-1.20089,-0.30162,25.25000,61.70910
1989-12-28,-1.83642,0.42759,28.25000,59.52893
1989-12-29,-2.10570,0.60379,29.00000,65.77839
1989-12-30,-1.36331,0.20024,30.50000,70.87529
1989-12-31,-0.64096,-1.77984,30.25000,73.65429
1990-01-01,-4.10802,0.19676,31.50000,61.27770
1990-01-02,-1.92636,-0.43800,30.00000,60.46082
1990-01-03,-2.47871,-0.33695,30.25000,59.80777
1990-01-04,-0.80180,-0.88843,29.50000,63.10279
1990-01-05,-1.16396,-1.51468,31.75000,67.54099
1990-01-06,-2.66132,0.31652,30.75000,65.13438
1990-01-07,-1.93671,-1.46647,31.25000,68.39212
1990-01-08,-2.84905,0.27409,32.25000,74.66014
1990-01-09,-2.96322,0.92709,33.25000,74.61900
1990-01-10,-3.71041,1.42868,33.75000,73.25510
1990-01-11,-4.02923,1.55565,34.75000,69.50668
1990-01-12,-0.79114,0.58877,33.75000,69.75371
1990-01-13,0.23563,0.20052,33.25000,73.62727
1990-01-14,-0.32613,-1.12581,32.00000,70.76107
1990-01-15,-4.43426,0.69597,32.00000,66.59921
1990-01-16,-3.26156,-0.25200,32.75000,63.29068
1990-01-17,-0.56576,-0.17747,32.75000,68.57079
1990-01-18,-2.75109,0.85980,33.50000,70.50431
1990-01-19,-1.71899,-0.27016,33.75000,63.36978
1990-01-20,0.17614,-0.42045,35.00000,66.09825
1990-01-21,0.44197,-0.55153,32.50000,57.43086
1990-01-22,-0.13776,-0.59061,29.00000,50.58292
1990-01-23,-0.07502,0.63260,41.75000,47.37948
1990-01-24,-0.29239,1.56868,39.00000,55.41315
1990-01-25,0.23068,0.21716,34.25000,54.08492
1990-01-26,-0.20794,-0.68517,35.50000,49.84926
1990-01-27,-0.12992,0.96466,29.50000,48.27695
1990-01-28,-0.24912,-0.59323,27.25000,44.65914
1990-01-29,2.21467,-1.56099,27.75000,47.46388
1990-01-30,2.17053,-1.83372,28.75000,51.05968
1990-01-31,1.58129,-0.72921,31.00000,65.01077
1990-02-01,2.41608,-1.94603,24.75000,57.98558
1990-02-02,1.59851,-1.83474,24.00000,53.47139
1990-02-03,0.82505,0.01085,22.50000,46.83659
1990-02-04,0.15649,-1.07988,30.00000,41.41286
1990-02-05,1.89647,-1.00325,27.25000,41.78726
1990-02-06,0.40734,0.01536,27.75000,38.99947
1990-02-07,-0.63794,1.06158,42.00000,46.15111
1990-02-08,-0.51126,1.54778,43.00000,45.53841
1990-02-09,-1.20356,0.19888,26.50000,41.71754
1990-02-10,-0.56444,0.19009,25.00000,49.31897
1990-02-11,-1.25464,-0.75093,25.50000,45.30394
1990-02-12,-2.50500,0.90042,24.50000,40.92844
1990-02-13,-0.73264,1.54583,19.00000,36.42589
1990-02-14,-0.66730,-0.40612,33.00000,35.41105
1990-02-15,-0.81885,-0.75836,21.25000,48.19881
1990-02-16,0.71076,-0.65687,25.75000,56.10490
1990-02-17,0.27965,0.85267,25.75000,68.20764
1990-02-18,0.96413,1.25272,23.00000,66.79364
1990-02-19,1.40157,0.28264,22.75000,59.80856
1990-02-20,1.73427,0.21634,23.75000,61.01360
1990-02-21,1.81175,-0.19743,24.25000,61.22943
1990-02-22,0.90507,-0.08996,25.50000,59.68832
1990-02-23,-0.70272,0.68267,26.50000,60.48457
1990-02-24,-0.15420,0.97651,27.25000,66.76910
1990-02-25,1.45288,1.42307,28.75000,62.68218
1990-02-26,2.87870,-0.62197,31.75000,74.36205
1990-02-27,1.54179,0.34062,31.25000,74.16405
1990-02-28,0.20870,1.18947,29.75000,68.41473
1990-03-01,2.51313,-1.67110,29.25000,72.52130
1990-03-02,1.68593,-1.77837,29.75000,65.96639
1990-03-03,0.12735,-0.90755,27.75000,57.65179
1990-03-04,0.65749,-0.11144,28.50000,63.07886
1990-03-05,-2.86251,-0.03948,29.25000,60.63573
1990-03-06,0.06108,-1.37781,28.50000,59.35778
1990-03-07,-0.60041,0.56513,27.75000,50.59858
1990-03-08,-1.21852,1.03430,27.75000,40.54880
1990-03-09,-0.17654,0.94087,36.75000,41.36536
1990-03-10,0.61241,0.38973,33.25000,55.01218
1990-03-11,0.38610,1.67668,29.50000,52.73832
1990-03-12,1.25966,-0.25178,26.25000,43.53975
1990-03-13,2.38203,0.49257,24.25000,39.16308
1990-03-14,0.31762,1.42745,24.00000,29.45143
1990-03-15,-0.40727,1.26424,33.00000,30.42746
1990-03-16,-0.11860,1.06206,24.00000,33.05727
1990-03-17,0.54834,-0.07923,45.00000,35.49245
1990-03-18,0.50925,0.47626,24.25000,37.84618
1990-03-19,-0.26079,0.10407,20.75000,37.77635
1990-03-20,1.63200,0.14614,44.25000,36.16604
1990-03-21,8.22396,0.04430,27.50000,39.53621
1990-03-22,7.67649,-0.94033,27.25000,48.12626
1990-03-23,7.40828,-2.33935,26.25000,50.84254
1990-03-24,5.78838,-1.09482,27.00000,50.42229
1990-03-25,3.27437,-0.91155,19.25000,38.04480
1990-03-26,0.47208,-1.41241,22.00000,46.29562
1990-03-27,1.54075,0.72889,23.75000,53.35866
1990-03-28,3.19946,0.92392,26.75000,54.66928
1990-03-29,3.37288,-0.79793,25.00000,54.27116
1990-03-30,2.80369,0.77778,28.75000,50.21638
1990-03-31,3.76450,-2.01471,24.75000,45.90296
1990-10-01,0.41200,-0.54892,36.25000,26.54363
1990-10-02,0.71904,-0.49187,42.75000,26.47733
1990-10-03,1.16889,-0.57676,39.75000,36.38131
1990-10-04,1.03945,-0.17947,38.00000,42.50156
1990-10-05,1.24691,-0.28661,37.50000,39.18227
1990-10-06,0.19856,-0.27903,37.25000,40.89318
1990-10-07,-0.92995,-0.59959,35.75000,37.06886
1990-10-08,0.46984,-1.10483,33.75000,41.36401
1990-10-09,2.26860,-0.64752,32.50000,40.61736
1990-10-10,2.83905,-0.81934,32.25000,43.40831
1990-10-11,0.42330,-0.28877,32.00000,43.07322
1990-10-12,-0.02649,-0.26328,32.50000,41.10058
1990-10-13,0.05717,-0.44444,32.50000,37.89756
1990-10-14,0.19912,-0.79552,32.50000,34.19049
1990-10-15,0.37106,-0.65764,32.00000,36.84395
1990-10-16,-0.32568,-0.23243,33.00000,45.98785
1990-10-17,-0.32322,1.69810,33.00000,51.84184
1990-10-18,-0.41075,0.43410,33.50000,46.06469
1990-10-19,-0.20805,-0.53794,33.25000,50.89864
1990-10-20,-0.51159,-0.92577,32.50000,53.14671
1990-10-21,-0.55326,-1.25579,31.50000,51.25870
1990-10-22,0.45878,-0.84275,31.25000,48.87569
1990-10-23,-0.94287,-0.50555,30.50000,50.58482
1990-10-24,-1.78340,-0.33634,30.25000,46.88579
1990-10-25,-1.59376,-0.44256,29.00000,47.77492
1990-10-26,-0.96400,-0.59295,29.00000,51.01423
1990-10-27,-1.13816,0.06856,28.25000,48.91034
1990-10-28,-2.89055,0.16789,27.50000,47.64919
1990-10-29,-1.45519,0.23401,27.25000,49.08282
1990-10-30,-2.09952,0.20291,26.00000,46.07302
1990-10-31,-1.17635,-0.78072,29.00000,54.02152
1990-11-01,-0.18116,-0.46743,29.50000,60.41770
1990-11-02,1.26444,-0.08893,31.50000,64.14185
1990-11-03,0.27875,0.36954,33.75000,59.18211
1990-11-04,0.62795,-0.05717,34.75000,61.39569
1990-11-05,1.10016,-0.30123,34.00000,56.71456
1990-11-06,0.66285,-0.21333,32.50000,53.65739
1990-11-07,0.50521,-0.12625,31.25000,50.02119
1990-11-08,-0.75098,-0.44621,29.75000,52.37408
1990-11-09,0.48587,0.25095,29.75000,45.48438
1990-11-10,0.02635,0.00527,31.25000,39.59098
1990-11-11,0.52001,-0.12772,31.75000,35.82096
1990-11-12,0.19339,-0.23241,29.50000,40.56507
1990-11-13,0.29152,-0.11757,31.25000,34.96895
1990-11-14,0.18376,-0.15425,43.75000,41.23978
1990-11-15,-0.62731,-0.50050,34.75000,41.97165
1990-11-16,-1.02130,-0.62201,35.50000,48.67414
1990-11-17,-1.55607,-0.65600,31.75000,47.69777
1990-11-18,-0.21254,-0.38861,31.75000,47.27383
1990-11-19,0.08805,-0.52958,32.75000,44.59243
1990-11-20,1.31119,-0.53934,34.50000,45.23123
1990-11-21,1.01170,0.03461,35.75000,38.64707
1990-11-22,0.43897,-0.95300,28.25000,42.44736
1990-11-23,0.56961,-0.75642,29.00000,47.25316
1990-11-24,-0.44264,-0.90188,29.00000,52.47642
1990-11-25,-1.24990,-0.19825,28.50000,50.66095
1990-11-26,-1.92396,0.57798,29.25000,51.82212
1990-11-27,-3.33223,1.42158,29.25000,56.91314
1990-11-28,0.39881,-0.56593,29.75000,61.91837
1990-11-29,-1.27462,1.02536,31.75000,73.61964
1990-11-30,0.18574,-0.30280,30.75000,68.72020
1990-12-01,0.21643,0.12186,30.25000,64.60664
1990-12-02,0.61600,0.42032,28.75000,66.09422
1990-12-03,-0.10903,0.68231,27.25000,54.38401
1990-12-04,-0.25615,0.85731,26.50000,52.15611
1990-12-05,-0.53453,0.55326,26.25000,48.70128
1990-12-06,-0.22126,-0.54855,23.50000,47.85384
1990-12-07,-0.83768,0.12597,23.25000,47.15855
1990-12-08,-0.98432,0.52806,23.50000,41.01661
1990-12-09,-0.26219,0.32855,24.25000,45.65207
1990-12-10,-0.30743,-0.35386,27.00000,45.66427
1990-12-11,-1.01824,-1.20902,26.00000,49.81351
1990-12-12,-1.83202,-0.19420,27.75000,52.41003
1990-12-13,-0.54243,-0.40317,28.25000,64.26800
1990-12-14,-0.83570,-0.59002,31.25000,58.97930
1990-12-15,-0.02845,0.32378,31.25000,55.02622
1990-12-16,-0.13524,0.34658,29.50000,50.24467
1990-12-17,0.90793,-0.53040,32.00000,55.15855
1990-12-18,2.06126,-0.81192,32.25000,52.12488
1990-12-19,-1.02324,0.37854,30.75000,57.59462
1990-12-20,-2.04557,1.03991,31.50000,53.86410
1990-12-21,-0.52173,0.47335,33.50000,49.97822
1990-12-22,-0.95024,0.09838,28.00000,54.40501
1990-12-23,-0.98594,-0.15434,30.25000,63.55521
1990-12-24,-1.12180,-0.52628,29.50000,67.33572
1990-12-25,-1.61276,-0.86051,29.25000,63.82327
1990-12-26,-1.02247,-0.90087,29.00000,55.37428
1990-12-27,0.04069,-0.35823,29.25000,55.35143
1990-12-28,-0.25110,0.14473,29.25000,58.77996
1990-12-29,-0.80260,2.50632,27.25000,60.31592
1990-12-30,-0.15389,1.79953,27.00000,62.71529
1990-12-31,0.04257,0.36508,27.50000,51.79037
1991-01-01,0.82495,-1.82453,25.50000,57.61968
1991-01-02,1.32300,-0.56246,24.75000,65.28363
1991-01-03,2.00346,-0.47231,23.75000,60.34160
1991-01-04,-0.10382,1.14328,25.75000,61.38235
1991-01-05,-0.73001,0.14839,25.25000,48.95132
1991-01-06,-2.71887,1.73810,25.25000,58.45413
1991-01-07,-1.95387,0.93132,26.50000,71.50090
1991-01-08,-1.55642,0.10101,28.50000,55.31956
1991-01-09,-1.46458,0.17102,26.00000,63.48825
1991-01-10,-0.86957,0.84903,26.25000,67.36277
1991-01-11,0.03708,0.16802,28.00000,76.17526
1991-01-12,0.27100,-1.13209,29.25000,72.32184
1991-01-13,-1.75975,-0.53276,29.00000,68.04368
1991-01-14,-1.50961,-0.76705,27.75000,62.72365
1991-01-15,-1.05217,-0.82385,26.75000,57.97559
1991-01-16,-3.10366,2.40279,25.75000,61.05157
1991-01-17,-2.76968,-0.82803,28.25000,70.53556
1991-01-18,-3.09897,-0.16084,28.50000,72.01062
1991-01-19,-3.14609,-1.01688,28.75000,74.92855
1991-01-20,-1.11465,0.70951,29.25000,66.40163
1991-01-21,-1.71019,0.14857,27.50000,62.16313
1991-01-22,-1.88048,-0.21274,27.50000,64.38174
1991-01-23,-2.03696,0.48805,27.25000,58.43880
1991-01-24,-2.60093,1.02655,27.50000,64.87606
1991-01-25,-4.54136,2.11352,27.75000,60.50092
1991-01-26,-0.76310,1.66826,27.00000,60.84938
1991-01-27,-0.30367,2.78485,30.50000,48.26182
1991-01-28,0.85474,1.46999,33.25000,51.05392
1991-01-29,0.82796,-1.44247,31.50000,54.30888
1991-01-30,-0.30857,0.64340,29.00000,50.74940
1991-01-31,-1.31290,0.62586,26.75000,53.72949
1991-02-01,0.66993,-0.38065,26.50000,56.14262
1991-02-02,3.77046,-1.19010,25.50000,56.64472
1991-02-03,2.59165,-0.44810,26.25000,56.74036
1991-02-04,1.00484,-1.36640,25.50000,52.71218
1991-02-05,-2.26862,0.53467,25.75000,51.18592
1991-02-06,-2.12452,0.24803,30.75000,46.20615
1991-02-07,-2.56501,-0.19131,27.25000,50.57051
1991-02-08,-3.34641,-0.33097,28.25000,48.65872
1991-02-09,-3.66274,0.48143,26.50000,52.65672
1991-02-10,-0.99738,0.67795,27.00000,54.77726
1991-02-11,-0.67717,0.16933,27.00000,63.83027
1991-02-12,3.12268,-1.80905,29.25000,77.07448
1991-02-13,1.65533,-1.39814,31.00000,71.30080
1991-02-14,1.73513,-2.82267,30.50000,84.40338
1991-02-15,-2.06304,-2.34953,32.50000,85.51895
1991-02-16,-1.91576,-1.94252,33.00000,74.14272
1991-02-17,-1.50461,-0.64346,36.00000,70.11099
1991-02-18,-0.71900,-1.53563,36.00000,51.91770
1991-02-19,-1.84699,0.54074,31.25000,49.90137
1991-02-20,-2.17911,-0.18039,29.75000,50.66882
1991-02-21,-1.65112,0.55052,29.00000,61.81292
1991-02-22,-1.33503,0.13957,28.00000,59.49405
1991-02-23,-1.91309,0.27916,26.00000,52.78891
1991-02-24,0.50455,0.34367,26.00000,48.73473
1991-02-25,0.72026,1.43924,27.00000,49.94272
1991-02-26,2.02079,-0.57429,25.75000,52.38980
1991-02-27,-1.96609,0.06414,25.50000,45.31925
1991-02-28,0.82901,-0.45398,22.50000,47.15337
1991-03-01,1.70854,-1.39105,26.50000,45.54558
1991-03-02,-0.95457,0.55842,24.50000,50.19463
1991-03-03,-1.41232,-0.40846,26.50000,48.23275
1991-03-04,-0.90575,1.82830,26.50000,56.39912
1991-03-05,0.61938,0.64948,28.00000,51.80835
1991-03-06,2.27328,-2.45155,27.75000,47.19213
1991-03-07,2.21111,-0.15432,29.25000,41.82584
1991-03-08,-0.67826,1.00439,43.75000,48.10774
1991-03-09,-0.65361,0.57978,27.75000,49.87317
1991-03-10,0.27324,0.09071,27.00000,56.55929
1991-03-11,1.51322,-1.04780,25.25000,48.08755
1991-03-12,1.30061,-0.80297,28.50000,50.49096
1991-03-13,1.05360,-0.45474,26.50000,49.54548
1991-03-14,1.45616,-0.44873,26.50000,51.35288
1991-03-15,0.85516,-1.12912,27.00000,43.03958
1991-03-16,0.74884,0.05797,25.00000,47.14096
1991-03-17,-0.31546,-0.00952,29.00000,52.62052
1991-03-18,-0.62183,0.33115,30.50000,48.28567
1991-03-19,0.45513,-1.50784,29.75000,48.58468
1991-03-20,2.87417,-2.12235,29.50000,45.30315
1991-03-21,1.28811,-0.53327,45.00000,42.17818
1991-03-22,-0.04823,-0.72742,26.00000,43.84787
1991-03-23,-0.38569,-0.12183,25.75000,50.47107
1991-03-24,0.81009,-1.24749,26.00000,40.36554
1991-03-25,-0.59537,-0.03632,25.50000,39.59709
1991-03-26,0.69472,-0.46446,30.00000,44.34042
1991-03-27,1.74692,0.93686,28.25000,46.22420
1991-03-28,-0.41938,-0.04145,25.75000,38.58022
1991-03-29,2.32806,1.07040,25.75000,40.24913
1991-03-30,2.42029,-0.16189,23.50000,38.74694
1991-03-31,3.95997,-0.35166,21.00000,35.75223
1991-10-01,0.10849,-1.07061,36.50000,45.66925
1991-10-02,-0.03671,-1.05795,36.25000,47.34161
1991-10-03,-0.17684,-0.49290,36.75000,47.45796
1991-10-04,0.16227,-0.30064,38.00000,44.13012
1991-10-05,0.18441,-0.33330,32.75000,42.85030
1991-10-06,0.31856,-0.13500,33.50000,40.89038
1991-10-07,0.39623,-0.32219,35.50000,42.09552
1991-10-08,0.46387,-0.41492,35.50000,44.40609
1991-10-09,0.10050,-0.63513,36.50000,47.07804
1991-10-10,0.20515,-0.08755,36.00000,43.91241
1991-10-11,0.16121,-0.04582,34.00000,44.90977
1991-10-12,0.22397,-0.37626,32.00000,46.63284
1991-10-13,0.37522,-0.68914,34.00000,44.97056
1991-10-14,1.68052,-0.45189,37.25000,43.19305
1991-10-15,1.13011,-0.23645,39.50000,51.12772
1991-10-16,0.45761,-0.47933,39.75000,39.84904
1991-10-17,-0.40035,-0.65964,34.75000,37.14141
1991-10-18,-0.47633,-0.50836,33.75000,41.17003
1991-10-19,-0.99513,-0.28175,33.75000,47.28741
1991-10-20,-0.97606,0.15061,33.00000,49.20262
1991-10-21,-0.99449,0.25033,32.75000,44.68501
1991-10-22,-0.71802,0.56037,30.25000,46.99768
1991-10-23,-0.26139,0.27747,31.00000,50.60844
1991-10-24,0.51159,-0.03504,30.50000,50.07988
1991-10-25,0.34353,-0.09428,29.50000,48.07957
1991-10-26,0.06738,0.37079,30.25000,49.41045
1991-10-27,0.81340,0.11956,29.00000,43.70044
1991-10-28,-0.02578,0.20960,29.00000,44.46952
1991-10-29,0.40705,-0.59491,27.75000,47.21011
1991-10-30,0.61050,-1.27915,30.50000,51.64990
1991-10-31,0.98679,-0.87769,31.75000,48.39228
1991-11-01,-0.06320,-0.23205,31.25000,48.41197
1991-11-02,-0.77850,-0.43349,31.50000,53.61396
1991-11-03,-0.24205,0.56976,31.00000,44.74908
1991-11-04,-0.39927,0.50675,30.50000,45.50795
1991-11-05,-0.67117,0.70268,29.25000,46.48925
1991-11-06,-0.47877,0.40125,27.75000,43.27238
1991-11-07,-0.93601,-0.15419,27.00000,37.29116
1991-11-08,-0.97858,-0.86483,26.00000,41.53613
1991-11-09,-0.94515,-0.88369,27.75000,46.82211
1991-11-10,-1.32962,-0.88812,29.00000,39.49487
1991-11-11,-0.43704,-0.34548,28.75000,38.28167
1991-11-12,-0.38335,-1.11156,29.50000,48.85345
1991-11-13,-1.04352,-0.50767,31.00000,52.17003
1991-11-14,-0.91530,-0.71642,30.25000,50.44533
1991-11-15,-0.66492,-1.07735,30.25000,59.26265
1991-11-16,-0.37959,-0.05074,30.50000,60.95046
1991-11-17,-0.37887,-0.18884,31.25000,55.01083
1991-11-18,0.12624,-1.42329,30.00000,50.65941
1991-11-19,-1.48429,-1.06883,27.00000,46.57823
1991-11-20,-1.86987,-0.48319,26.25000,55.84896
1991-11-21,-2.94136,0.36469,26.00000,53.08066
1991-11-22,-1.81339,-0.00239,25.75000,51.08813
1991-11-23,-0.30717,0.34383,28.25000,50.46912
1991-11-24,-1.02858,0.64099,33.25000,55.92868
1991-11-25,-0.36070,0.29255,35.25000,60.65427
1991-11-26,-0.38925,0.40218,33.50000,63.34931
1991-11-27,-0.69971,-0.20042,31.25000,60.46635
1991-11-28,-0.59731,0.03826,29.50000,51.24760
1991-11-29,-1.63590,0.13119,27.50000,58.90295
1991-11-30,-0.50890,0.10561,27.00000,61.23310
1991-12-01,0.11933,-0.55522,27.00000,56.66938
1991-12-02,-1.29722,-0.37072,28.00000,53.09542
1991-12-03,-2.31472,0.67493,25.50000,45.37230
1991-12-04,-1.06821,0.45338,34.75000,42.76691
1991-12-05,-0.57410,0.10006,33.00000,45.74179
1991-12-06,0.04590,0.60754,23.00000,34.50669
1991-12-07,0.90779,0.51696,21.25000,38.72396
1991-12-08,0.40427,-1.08659,23.25000,35.24650
1991-12-09,1.17714,-0.97650,24.00000,39.33697
1991-12-10,0.59774,-1.09571,27.00000,38.83331
1991-12-11,-0.24182,0.77855,24.00000,35.99408
1991-12-12,0.40608,1.15814,22.75000,34.60832
1991-12-13,0.22203,0.69112,44.50000,43.23340
1991-12-14,-0.04745,0.83112,42.75000,44.58775
1991-12-15,-0.24384,0.21298,42.75000,46.24690
1991-12-16,-0.35104,1.27548,26.25000,42.40035
1991-12-17,-0.23225,0.79784,26.25000,38.51772
1991-12-18,-0.37908,-0.32594,33.75000,40.32867
1991-12-19,-0.63762,-0.27548,42.25000,42.00426
1991-12-20,-0.84592,-0.10803,45.00000,41.11963
1991-12-21,-0.77341,0.41442,25.00000,43.87578
1991-12-22,0.24324,0.80766,26.00000,47.88365
1991-12-23,0.97762,-0.92181,26.75000,62.01317
1991-12-24,2.21806,0.34508,26.25000,64.90900
1991-12-25,2.82567,0.69622,29.00000,60.69439
1991-12-26,3.52863,-1.18799,30.00000,74.19808
1991-12-27,-2.66415,1.52320,30.00000,72.42892
1991-12-28,-1.15490,-0.28857,29.75000,62.29536
1991-12-29,-2.49850,0.67749,28.00000,57.91030
1991-12-30,-2.92494,-0.33629,28.50000,70.75803
1991-12-31,-2.85085,-0.87328,29.00000,69.88146
1992-01-01,-0.90241,-0.58147,25.00000,58.48984
1992-01-02,-2.53301,1.02577,23.75000,49.78922
1992-01-03,-1.10727,0.18907,26.00000,51.93288
1992-01-04,-2.12124,2.16817,40.00000,48.48730
1992-01-05,-0.21416,2.29817,35.00000,58.93962
1992-01-06,-0.72740,1.66176,32.00000,56.12953
1992-01-07,-0.78966,-0.24113,28.25000,61.26075
1992-01-08,-0.69562,-1.23145,26.50000,61.20112
1992-01-09,-2.03649,1.59812,25.25000,56.19434
1992-01-10,-0.81981,2.16381,26.75000,54.04668
1992-01-11,-0.85143,0.50152,28.00000,59.80947
1992-01-12,1.97285,-1.90525,26.00000,53.97355
1992-01-13,-0.70845,2.24598,32.50000,48.63972
1992-01-14,0.34661,0.72895,29.00000,55.14313
1992-01-15,-0.41445,-0.33578,28.50000,51.21562
1992-01-16,0.12490,-1.47204,29.75000,45.32889
1992-01-17,-0.51129,-0.17041,18.75000,45.28588
1992-01-18,-0.54129,1.12953,19.00000,46.55737
1992-01-19,-0.17063,0.82472,21.75000,51.19209
1992-01-20,-0.07335,0.53198,23.75000,56.67364
1992-01-21,-0.34482,0.38583,25.50000,61.65390
1992-01-22,0.05953,-0.46429,23.75000,59.87793
1992-01-23,-0.46886,1.19033,24.25000,54.00741
1992-01-24,-1.22640,1.80747,26.25000,59.49922
1992-01-25,-1.63872,1.20920,25.25000,54.03220
1992-01-26,0.06367,0.51976,28.75000,45.57507
1992-01-27,0.10553,0.61584,21.75000,44.89972
1992-01-28,0.19921,-0.03000,38.00000,41.64927
1992-01-29,-0.01026,0.58612,35.00000,36.55012
1992-01-30,-0.36438,2.06598,22.00000,39.24129
1992-01-31,0.07528,-1.04590,27.00000,45.73396
1992-02-01,0.01542,1.07819,19.25000,46.79243
1992-02-02,1.81496,-0.37805,26.50000,52.68090
1992-02-03,0.43657,-0.63706,27.75000,64.70988
1992-02-04,0.60031,-0.19849,29.00000,66.10133
1992-02-05,-1.58441,-0.38550,28.00000,60.73310
1992-02-06,-1.11643,1.25291,26.50000,60.49028
1992-02-07,0.45265,2.04911,28.75000,61.76192
1992-02-08,0.86726,-1.13051,28.25000,70.05501
1992-02-09,0.10752,-0.48329,28.75000,74.36732
1992-02-10,-0.96925,0.11200,30.50000,70.96813
1992-02-11,-1.73091,0.44839,30.50000,68.05441
1992-02-12,-1.86408,2.64631,35.00000,70.69390
1992-02-13,-0.81162,0.97581,32.50000,81.71772
1992-02-14,6.71091,-1.29748,31.50000,74.44943
1992-02-15,1.44483,-0.09931,32.25000,79.10716
1992-02-16,1.75920,-0.32853,32.25000,81.78883
1992-02-17,2.64372,-0.21141,29.75000,80.19783
1992-02-18,2.55912,-1.70213,27.50000,74.69907
1992-02-19,-1.23246,1.60772,27.50000,67.42795
1992-02-20,0.79253,-0.61846,28.75000,72.26410
1992-02-21,2.47612,-1.02110,28.25000,69.92278
1992-02-22,1.66959,-0.93079,29.25000,68.08865
1992-02-23,0.85558,-1.81791,27.75000,64.88425
1992-02-24,-0.02487,-1.29590,24.50000,53.95175
1992-02-25,-0.94425,0.09189,23.25000,41.31618
1992-02-26,-0.58156,1.17668,45.00000,33.62162
1992-02-27,-0.08510,1.48139,33.50000,42.42813
1992-02-28,2.16918,1.01789,31.75000,58.73449
1992-02-29,2.24741,0.85956,31.75000,63.09978
1992-03-01,5.02279,-0.87670,32.00000,73.15104
1992-03-02,0.83899,-0.72456,30.75000,76.10207
1992-03-03,1.33917,-0.82999,31.00000,76.90541
1992-03-04,1.42687,-0.70723,32.25000,81.16953
1992-03-05,1.84250,-1.52295,31.75000,81.06802
1992-03-06,5.49542,-3.05557,29.50000,73.00047
1992-03-07,0.83201,-1.91265,30.25000,67.91307
1992-03-08,0.87914,-0.67121,31.25000,62.51800
1992-03-09,0.00761,-0.74995,32.50000,55.75239
1992-03-10,0.75414,-0.95343,30.50000,59.09275
1992-03-11,1.38941,0.31765,29.00000,56.63292
1992-03-12,0.83284,-0.60883,31.50000,56.76686
1992-03-13,1.60335,-1.22892,29.50000,52.42483
1992-03-14,1.79721,-0.26584,28.50000,50.56573
1992-03-15,4.76847,-4.40651,26.25000,48.01206
1992-03-16,4.32374,-1.95991,24.00000,42.92099
1992-03-17,0.76953,-0.35176,32.75000,45.08095
1992-03-18,3.76749,-0.34424,29.25000,41.88750
1992-03-19,5.07332,-0.33935,32.50000,43.93906
1992-03-20,3.22108,0.06466,31.25000,49.84707
1992-03-21,5.11081,-0.83205,30.00000,48.66240
1992-03-22,4.72998,-2.02112,32.50000,51.19594
1992-03-23,5.88199,-2.12788,31.25000,48.00803
1992-03-24,6.63874,-1.95109,30.50000,46.30182
1992-03-25,6.33842,-3.58042,33.00000,52.86052
1992-03-26,1.46911,-1.67358,30.25000,54.13628
1992-03-27,3.70224,-3.02137,33.00000,52.65582
1992-03-28,1.43456,-0.62051,28.00000,52.03712
1992-03-29,4.95262,-3.85042,27.25000,58.55629
1992-03-30,3.28759,-3.01127,27.00000,53.67850
1992-03-31,1.93339,-2.01032,25.00000,48.40323
1992-10-01,0.10504,0.29475,38.00000,59.59656
1992-10-02,-0.10285,0.26921,37.75000,56.63794
1992-10-03,0.05128,0.10362,37.50000,42.10967
1992-10-04,0.16034,0.08479,31.75000,30.60261
1992-10-05,0.06719,-0.57906,32.75000,34.95539
1992-10-06,0.25470,-0.75639,32.75000,39.36124
1992-10-07,-0.01857,-0.68097,34.25000,38.11012
1992-10-08,0.01765,-0.16452,32.50000,39.03270
1992-10-09,-0.07942,-0.42077,36.25000,50.78105
1992-10-10,0.05550,-0.46181,36.25000,54.43352
1992-10-11,0.22866,0.15159,34.50000,53.99670
1992-10-12,0.50771,0.44506,33.25000,45.64732
1992-10-13,1.50523,0.32073,35.25000,41.74213
1992-10-14,1.73552,0.74016,33.75000,41.88379
1992-10-15,1.16910,1.43196,32.50000,41.77487
1992-10-16,0.08604,0.03228,31.75000,35.30479
1992-10-17,-0.44769,0.69687,33.00000,40.05014
1992-10-18,-0.71633,0.20142,32.50000,45.90153
1992-10-19,-0.16052,0.20981,33.25000,46.43072
1992-10-20,0.00085,0.18206,32.75000,47.69239
1992-10-21,0.18596,0.19008,32.00000,52.16443
1992-10-22,-0.39806,0.05055,30.50000,48.76026
1992-10-23,-0.16002,-0.13337,29.00000,49.31225
1992-10-24,0.16026,0.44254,30.25000,53.83905
1992-10-25,-0.11708,0.43089,30.50000,61.77571
1992-10-26,-0.31609,-0.62930,28.50000,41.91446
1992-10-27,0.27926,0.11658,31.75000,34.54394
1992-10-28,0.60229,0.67483,35.25000,30.39614
1992-10-29,0.48003,0.70214,43.00000,31.96630
1992-10-30,0.17093,0.83768,30.00000,33.06004
1992-10-31,-0.33870,0.33427,31.25000,37.52862
1992-11-01,-0.37518,-0.62384,31.75000,34.64035
1992-11-02,-0.23941,-0.39523,28.75000,39.09336
1992-11-03,-0.29628,-0.21300,29.00000,39.32014
1992-11-04,-0.08769,-0.40344,31.50000,44.45094
1992-11-05,-0.26444,-0.47923,33.00000,53.44470
1992-11-06,-0.32975,-0.31951,31.25000,56.40572
1992-11-07,-1.39282,1.06420,31.00000,59.38209
1992-11-08,-0.62033,0.71579,29.75000,50.73195
1992-11-09,0.70830,0.65777,27.00000,40.94866
1992-11-10,-0.26657,0.20341,29.50000,35.70641
1992-11-11,-0.22987,0.17533,29.00000,29.32782
1992-11-12,0.18465,0.04119,25.75000,30.31349
1992-11-13,-0.01657,-0.05367,25.50000,35.61835
1992-11-14,-0.25261,0.36631,23.00000,35.59620
1992-11-15,-0.11760,0.20913,24.00000,41.66096
1992-11-16,-0.10833,-0.00540,26.75000,44.48234
1992-11-17,-0.26940,-0.01244,26.50000,44.87460
1992-11-18,0.16745,-0.18118,28.50000,53.23832
1992-11-19,-0.47433,-0.10095,29.75000,53.52184
1992-11-20,0.54074,-0.24365,32.00000,59.83955
1992-11-21,-0.05239,-0.84831,32.75000,55.96455
1992-11-22,-1.19720,-0.39206,29.75000,48.80093
1992-11-23,-0.55788,-1.02130,28.50000,49.08089
1992-11-24,0.02035,-0.37758,25.75000,39.82927
1992-11-25,-1.18960,1.03974,22.00000,27.85452
1992-11-26,-1.00311,1.78078,33.00000,31.76770
1992-11-27,0.34876,0.83885,31.00000,35.86853
1992-11-28,0.21381,0.82480,32.50000,32.70721
1992-11-29,0.45540,0.65080,32.00000,35.41074
1992-11-30,0.56507,0.37355,27.75000,35.22285
1992-12-01,0.68995,0.16457,25.75000,39.92606
1992-12-02,0.86858,-1.07231,24.00000,47.95627
1992-12-03,0.81021,-0.53410,23.25000,51.05593
1992-12-04,0.14268,-0.57154,23.50000,51.52110
1992-12-05,-1.00753,-0.15148,26.75000,60.15673
1992-12-06,-1.67099,0.61127,27.00000,60.46478
1992-12-07,-0.24095,0.45831,25.75000,57.00775
1992-12-08,-0.31406,0.35878,26.25000,55.91455
1992-12-09,0.25513,-0.32654,29.50000,47.38330
1992-12-10,0.06687,-0.07927,27.75000,48.62434
1992-12-11,-1.20814,0.59901,27.50000,50.46923
1992-12-12,-0.50432,-1.20761,30.50000,52.81157
1992-12-13,-1.04194,-0.87116,29.00000,52.12519
1992-12-14,-1.48252,0.82712,31.00000,50.95685
1992-12-15,-1.57155,0.95735,25.75000,44.16747
1992-12-16,-0.97941,0.88235,24.00000,40.65758
1992-12-17,-0.42115,-0.84443,24.75000,40.68644
1992-12-18,-0.64182,-0.21268,25.25000,42.63390
1992-12-19,-0.97617,0.15101,27.00000,46.88924
1992-12-20,-0.91102,0.56666,24.75000,50.14388
1992-12-21,-0.92776,0.04523,23.75000,55.17019
1992-12-22,-1.98953,0.32447,24.75000,51.78806
1992-12-23,-2.56889,1.05801,21.00000,40.76988
1992-12-24,-0.43823,1.71307,41.50000,33.67141
1992-12-25,-0.42543,-0.19708,23.75000,39.64382
1992-12-26,-0.74047,-0.31209,25.50000,47.09564
1992-12-27,-1.03969,-0.09669,27.00000,53.62562
1992-12-28,-1.39073,0.05412,25.25000,45.74739
1992-12-29,-1.50805,0.97680,25.50000,44.28888
1992-12-30,-1.64008,0.10280,27.75000,43.38714
1992-12-31,-0.78936,0.99063,34.50000,43.75724
1993-01-01,-1.32280,0.69573,41.75000,40.38448
1993-01-02,-1.89048,-0.41791,20.50000,45.08236
1993-01-03,-3.58742,-0.00234,23.75000,50.59206
1993-01-04,0.80560,-1.17788,26.00000,50.01296
1993-01-05,-1.65771,-1.19668,25.75000,51.67826
1993-01-06,-2.54635,1.34499,30.00000,47.57894
1993-01-07,1.72145,0.44779,29.25000,54.17268
1993-01-08,6.07608,0.80338,28.25000,52.41493
1993-01-09,3.98931,-1.01008,29.50000,52.13347
1993-01-10,-1.30963,-0.01529,29.25000,48.74804
1993-01-11,-0.88707,-1.13912,29.25000,45.65593
1993-01-12,-0.05787,-1.22936,28.00000,54.02856
1993-01-13,1.36725,-0.81763,27.50000,58.64753
1993-01-14,-0.18872,-0.62862,31.50000,73.42195
1993-01-15,-2.89605,1.78376,31.75000,80.94140
1993-01-16,-3.79796,1.42101,33.50000,75.23517
1993-01-17,-1.00494,-2.30028,32.00000,64.21404
1993-01-18,-2.04563,0.43205,30.75000,71.53192
1993-01-19,-0.52031,-1.49316,30.00000,75.70570
1993-01-20,-0.82282,-1.31478,30.00000,77.29870
1993-01-21,-1.63469,-0.50113,30.00000,73.30987
1993-01-22,-4.52970,-1.30790,29.25000,72.43965
1993-01-23,-4.68390,0.93144,32.25000,70.14552
1993-01-24,-2.68936,-0.04246,34.25000,77.73100
1993-01-25,-4.02724,0.03000,33.00000,76.43779
1993-01-26,-4.18452,1.56997,34.00000,72.72935
1993-01-27,-2.44285,0.19967,31.50000,62.63663
1993-01-28,-2.25365,0.31395,30.00000,52.95568
1993-01-29,0.57373,-0.40580,28.75000,42.02329
1993-01-30,-0.12831,-0.39441,25.25000,36.05272
1993-01-31,-0.57782,-0.45335,26.75000,35.42774
1993-02-01,-0.16983,0.12402,24.00000,32.99964
1993-02-02,-1.03693,1.21057,45.00000,32.18346
1993-02-03,0.21548,0.54291,31.25000,32.28769
1993-02-04,0.18009,0.54814,45.00000,42.78594
1993-02-05,0.04781,1.42032,43.25000,43.81715
1993-02-06,-0.25020,2.52936,42.25000,50.92850
1993-02-07,-0.37076,1.92850,44.00000,51.92749
1993-02-08,-0.42440,2.98164,45.00000,51.14513
1993-02-09,-0.10199,0.88706,39.50000,49.38351
1993-02-10,0.28659,0.16924,39.50000,50.99178
1993-02-11,0.01039,-0.14995,38.00000,45.78173
1993-02-12,0.13758,0.52519,32.75000,44.52378
1993-02-13,1.26000,0.28671,31.75000,48.12933
1993-02-14,2.91670,0.79760,29.75000,55.55084
1993-02-15,0.92186,0.76742,25.75000,58.31848
1993-02-16,3.93158,1.09161,26.75000,50.45898
1993-02-17,8.56071,-0.59722,29.00000,53.63381
1993-02-18,12.66347,-3.05935,29.00000,60.16891
1993-02-19,7.70083,-3.37393,30.50000,60.07273
1993-02-20,4.89081,-2.51743,29.00000,54.73218
1993-02-21,1.37044,-1.83427,29.25000,47.00488
1993-02-22,-0.17010,-2.07211,25.00000,42.24377
1993-02-23,-0.84827,0.63118,25.25000,40.93029
1993-02-24,-1.32209,0.90597,25.25000,47.93567
1993-02-25,-1.52660,2.00074,26.00000,54.04815
1993-02-26,-0.69645,-0.38455,29.50000,52.04792
1993-02-27,-0.58113,-0.31786,30.50000,50.60238
1993-02-28,-0.91299,0.33625,25.75000,62.49781
1993-03-01,-0.89851,-0.23465,28.75000,57.95263
1993-03-02,-2.02483,-0.11442,28.50000,54.68695
1993-03-03,-1.86022,0.25922,31.25000,56.48190
1993-03-04,-2.13666,-0.81680,29.75000,56.24602
1993-03-05,-1.99351,-0.43153,28.00000,58.09117
1993-03-06,-4.07372,-0.52752,25.25000,57.18563
1993-03-07,-2.75800,-0.01318,24.75000,50.79155
1993-03-08,-2.71137,1.26355,23.00000,45.60223
1993-03-09,-0.05636,-0.14484,23.00000,41.19253
1993-03-10,0.42837,-0.84595,25.00000,42.43087
1993-03-11,0.05393,0.48321,23.50000,37.59453
1993-03-12,0.13246,0.47601,28.75000,37.93604
1993-03-13,1.92345,-1.52047,33.25000,53.06795
1993-03-14,2.97403,-1.43166,32.00000,62.93063
1993-03-15,4.08783,-2.62326,32.25000,60.07804
1993-03-16,1.59380,-2.85446,33.25000,55.66830
1993-03-17,1.42033,-3.34064,32.00000,53.95515
1993-03-18,-0.50606,-1.07250,27.50000,53.00729
1993-03-19,2.08135,-3.48484,27.00000,63.99561
1993-03-20,2.47089,-2.41462,25.75000,53.99510
1993-03-21,4.34403,1.87107,29.50000,41.66443
1993-03-22,7.28590,0.93686,29.25000,42.03230
1993-03-23,7.06348,4.29996,28.25000,49.91405
1993-03-24,7.01648,1.61451,27.00000,50.10485
1993-03-25,4.46768,1.88738,26.75000,53.66151
1993-03-26,4.91436,1.60134,26.50000,57.48748
1993-03-27,2.60423,-2.68481,27.00000,58.00510
1993-03-28,-0.06829,-1.71226,27.25000,56.38509
1993-03-29,-3.92954,-1.16068,28.50000,58.85926
1993-03-30,-3.79641,-1.12817,31.50000,57.78593
1993-03-31,-1.71301,-1.28077,30.00000,48.24963
1993-10-01,0.61774,0.31934,35.00000,36.01523
1993-10-02,0.65126,0.33284,35.00000,38.38419
1993-10-03,1.19844,0.11623,33.25000,33.03079
1993-10-04,0.51938,0.05158,39.25000,39.05484
1993-10-05,-0.07958,-0.39626,40.25000,41.66762
1993-10-06,0.08658,-0.24539,43.00000,46.62254
1993-10-07,0.32097,-0.06733,42.50000,47.59740
1993-10-08,0.53280,-0.06198,42.25000,44.83845
1993-10-09,0.19202,-0.35935,37.75000,50.84694
1993-10-10,0.15499,-0.58777,36.25000,55.69689
1993-10-11,0.10622,-0.84423,33.75000,51.09837
1993-10-12,0.07919,-0.86278,33.75000,54.17371
1993-10-13,0.22017,-0.56082,35.00000,47.76788
1993-10-14,0.42500,-0.36529,34.25000,48.05442
1993-10-15,0.36889,-0.22962,34.50000,52.25570
1993-10-16,0.46974,-0.44776,35.25000,56.71159
1993-10-17,0.38521,-0.38593,35.50000,57.99647
1993-10-18,0.20869,-0.38436,34.75000,49.01414
1993-10-19,0.17341,-0.35408,31.75000,46.63248
1993-10-20,0.20486,-0.34515,31.25000,46.50064
1993-10-21,0.00167,-0.44404,29.75000,45.68835
1993-10-22,-0.28474,-0.08335,29.50000,46.95558
1993-10-23,-0.65078,-0.34006,29.00000,47.27655
1993-10-24,-0.34927,-0.07334,29.50000,52.47770
1993-10-25,-0.16863,0.05699,29.25000,54.69669
1993-10-26,-0.69395,-0.19322,31.00000,49.77543
1993-10-27,-1.23509,-0.32183,30.25000,49.34531
1993-10-28,-1.76728,0.25725,29.50000,45.53095
1993-10-29,-1.07922,-0.27317,28.75000,43.51479
1993-10-30,-0.25235,-0.40626,27.00000,42.18438
1993-10-31,0.27625,-0.14609,27.25000,39.40009
1993-11-01,0.99766,-0.45841,26.25000,39.94626
1993-11-02,0.48104,0.31778,45.00000,38.44728
1993-11-03,0.27293,0.14433,45.00000,40.30888
1993-11-04,0.26984,0.24859,45.00000,41.47997
1993-11-05,-0.06561,0.85811,30.75000,34.72603
1993-11-06,-0.11997,0.91529,29.50000,48.93888
1993-11-07,-0.17838,0.50576,29.50000,52.45695
1993-11-08,-0.37658,-0.01932,29.00000,51.18654
1993-11-09,-0.31826,-0.59389,29.25000,60.39396
1993-11-10,-0.47732,-0.29289,30.00000,63.10183
1993-11-11,-0.39458,0.20844,33.75000,56.33849
1993-11-12,0.32367,0.81738,31.50000,61.59842
1993-11-13,0.36355,0.87784,31.25000,50.49649
1993-11-14,0.05449,0.29254,33.00000,55.10880
1993-11-15,-0.02077,0.73026,36.00000,55.11111
1993-11-16,-0.63712,0.16088,33.75000,52.27639
1993-11-17,-0.29157,0.16518,29.50000,49.85475
1993-11-18,-0.10948,-0.15746,30.75000,51.73793
1993-11-19,-0.41399,-0.87258,30.75000,54.54829
1993-11-20,-0.11452,0.04656,29.75000,48.12452
1993-11-21,-0.46337,0.03347,30.25000,48.79019
1993-11-22,-0.41817,-0.45920,31.00000,54.02859
1993-11-23,-1.12642,-0.30571,28.50000,52.22070
1993-11-24,0.05367,-0.73354,30.25000,56.37618
1993-11-25,-0.53759,0.29063,28.25000,54.22732
1993-11-26,-1.07619,0.60501,30.00000,52.53852
1993-11-27,0.30172,-0.08854,30.25000,51.39479
1993-11-28,0.55271,0.25282,28.75000,52.79186
1993-11-29,0.60073,0.43318,28.50000,55.98227
1993-11-30,-0.72608,0.78565,27.75000,53.69155
1993-12-01,0.26824,-0.38874,32.25000,54.02828
1993-12-02,-0.43523,-0.72179,28.50000,56.21805
1993-12-03,-0.47703,-0.54930,28.75000,58.42989
1993-12-04,0.11523,1.07598,29.50000,57.74276
1993-12-05,0.17580,-0.25815,32.75000,62.57011
1993-12-06,-0.24763,0.13386,35.25000,67.81876
1993-12-07,-0.06256,0.07345,34.75000,58.95448
1993-12-08,-0.16995,-1.34555,30.75000,49.42945
1993-12-09,-0.28580,0.15517,30.50000,51.20934
1993-12-10,-0.19126,0.73835,31.25000,49.36810
1993-12-11,-0.24564,-0.25047,33.75000,64.32021
1993-12-12,-0.55412,-0.62526,31.50000,62.76705
1993-12-13,-0.31174,0.27719,31.25000,61.71304
1993-12-14,-0.76610,0.24011,29.25000,58.05074
1993-12-15,-0.82397,0.73812,29.75000,54.29398
1993-12-16,0.06362,0.80164,27.75000,52.30655
1993-12-17,0.82330,0.20629,28.00000,51.04933
1993-12-18,0.15778,0.62031,32.25000,58.79615
1993-12-19,-0.55541,-0.96393,31.00000,70.70000
1993-12-20,-0.76083,-0.27786,28.75000,61.43089
1993-12-21,-0.62784,0.18340,29.00000,53.41533
1993-12-22,0.08788,-0.56181,27.75000,49.59111
1993-12-23,-0.00324,0.55959,27.75000,46.47099
1993-12-24,0.12535,-0.34796,27.00000,41.96463
1993-12-25,-0.56089,0.09219,28.00000,36.85680
1993-12-26,-0.12520,0.42566,24.75000,39.04177
1993-12-27,-0.31676,0.12602,27.75000,46.05399
1993-12-28,-0.27931,-0.38623,29.75000,49.78415
1993-12-29,-0.27243,-0.37823,29.75000,45.85872
1993-12-30,-0.61768,-0.43113,29.00000,47.64295
1993-12-31,-2.10845,0.21936,27.75000,45.74847
1994-01-01,-1.24768,-0.54699,29.50000,48.64920
1994-01-02,-0.87759,-0.95774,29.25000,52.89585
1994-01-03,-1.17594,-0.99181,29.50000,45.97880
1994-01-04,-2.77604,0.07088,28.50000,45.10750
1994-01-05,-2.48916,-1.07737,26.75000,42.03224
1994-01-06,-2.15195,0.18785,28.50000,45.42297
1994-01-07,-3.46858,1.16062,30.50000,46.72336
1994-01-08,-2.42289,0.86016,29.00000,54.75140
1994-01-09,-3.04436,0.70490,28.00000,59.61311
1994-01-10,-1.81879,0.01872,30.00000,57.99265
1994-01-11,-0.28408,-0.05701,25.00000,59.01759
1994-01-12,-0.20581,1.84039,27.50000,64.27463
1994-01-13,-0.37781,-0.09228,31.00000,64.70739
1994-01-14,0.07512,-0.19297,29.75000,56.44987
1994-01-15,0.78401,-1.13406,26.50000,61.04162
1994-01-16,4.15640,-1.15907,25.75000,57.45853
1994-01-17,-2.69819,-0.38176,26.00000,51.30885
1994-01-18,-1.95471,-0.30917,22.50000,46.22873
1994-01-19,-1.90341,-1.20986,27.00000,57.60773
1994-01-20,-0.93986,0.02927,30.75000,64.64542
1994-01-21,-3.32156,-0.81456,30.50000,65.62091
1994-01-22,-4.37445,1.33021,31.25000,71.01407
1994-01-23,-4.21030,-0.48681,31.00000,70.50198
1994-01-24,-2.83453,1.44838,29.50000,64.41000
1994-01-25,-1.67400,0.51122,29.50000,59.64710
1994-01-26,-0.95242,0.73075,29.00000,55.51667
1994-01-27,-0.11509,0.03218,30.50000,57.30940
1994-01-28,0.00033,-0.59810,30.25000,58.98564
1994-01-29,-1.92984,-1.20846,28.00000,57.49424
1994-01-30,-0.45835,-1.60522,26.25000,54.18247
1994-01-31,1.85347,-0.60600,25.25000,50.96304
1994-02-01,0.38842,-0.30974,24.50000,42.07259
1994-02-02,1.50605,-0.53696,28.00000,35.69419
1994-02-03,-0.95919,1.06472,25.50000,39.56422
1994-02-04,-2.70749,1.31163,28.25000,54.13426
1994-02-05,-1.90883,1.22767,26.75000,64.76496
1994-02-06,-1.05274,0.08660,28.00000,60.76184
1994-02-07,-2.34307,0.75112,30.75000,54.20982
1994-02-08,-1.70913,1.05470,29.00000,61.01134
1994-02-09,-0.94235,-1.28080,25.25000,57.22285
1994-02-10,-1.71665,1.67299,27.25000,56.40429
1994-02-11,0.20502,-0.11025,28.00000,66.73187
1994-02-12,-0.81653,-0.94975,28.25000,63.43752
1994-02-13,-1.03826,0.21644,28.75000,63.76237
1994-02-14,-1.68489,0.09193,28.25000,70.21137
1994-02-15,-1.06806,0.43617,27.75000,72.33407
1994-02-16,-1.42811,1.22004,29.50000,72.00626
1994-02-17,-1.04822,0.00136,31.25000,76.24613
1994-02-18,0.01581,-0.95538,30.75000,72.18405
1994-02-19,-0.10325,-0.35251,30.50000,76.66284
1994-02-20,-1.44535,1.59160,31.75000,74.27008
1994-02-21,1.01604,0.46986,31.75000,63.08477
1994-02-22,4.46078,-3.04078,27.50000,60.11188
1994-02-23,-3.19809,-0.71317,26.50000,67.09946
1994-02-24,-1.96240,0.25330,30.25000,57.69075
1994-02-25,-4.71395,1.35938,31.25000,56.17182
1994-02-26,-4.36390,0.79288,30.75000,56.78630
1994-02-27,-2.09110,0.07657,28.75000,67.86824
1994-02-28,2.53470,-1.87595,27.00000,60.97462
1994-03-01,0.75927,-0.74368,25.50000,55.11837
1994-03-02,-0.85759,1.01656,25.25000,56.42552
1994-03-03,-0.43401,1.18615,28.50000,60.87791
1994-03-04,-0.61226,0.10207,29.75000,64.59553
1994-03-05,2.20239,-0.91592,29.75000,65.30273
1994-03-06,3.52367,-1.09458,29.25000,58.95677
1994-03-07,0.59265,-0.86772,28.75000,56.99697
1994-03-08,-0.90310,-1.81902,27.50000,49.48730
1994-03-09,-2.03503,0.17873,23.50000,45.76075
1994-03-10,-1.16959,-0.45006,24.50000,47.00077
1994-03-11,0.04477,0.59107,25.00000,46.64911
1994-03-12,0.70677,-0.33571,30.00000,40.35020
1994-03-13,2.92687,0.38945,27.25000,36.86834
1994-03-14,4.22533,0.47078,26.25000,34.22710
1994-03-15,5.29277,0.60464,30.25000,39.64643
1994-03-16,5.41789,-0.15031,28.25000,45.73981
1994-03-17,5.89614,-0.26612,27.50000,48.31366
1994-03-18,2.57294,-1.14732,33.25000,47.13385
1994-03-19,2.03983,-0.49134,32.00000,50.78028
1994-03-20,2.50163,-0.68164,29.25000,53.62691
1994-03-21,8.73580,-1.87054,29.50000,50.82680
1994-03-22,5.77196,-3.11579,28.75000,51.57868
1994-03-23,2.09963,-1.32040,29.00000,46.62324
1994-03-24,2.21537,0.25258,30.75000,48.89462
1994-03-25,4.77666,-0.68150,26.75000,49.96306
1994-03-26,12.26409,-3.13838,26.00000,46.90452
1994-03-27,11.57755,-1.50809,26.75000,43.57912
1994-03-28,4.99292,-0.02644,25.75000,40.17582
1994-03-29,3.46178,0.52586,32.50000,42.66868
1994-03-30,4.07059,0.88509,30.75000,44.55729
1994-03-31,4.50388,-1.64408,27.75000,45.60114
1994-10-01,0.31182,-0.13824,34.50000,39.33769
1994-10-02,0.33674,-0.24846,34.00000,40.30724
1994-10-03,0.81829,-0.20473,33.00000,36.24793
1994-10-04,1.19575,-0.30873,29.50000,40.70475
1994-10-05,1.16549,-0.61056,31.00000,43.08635
1994-10-06,1.10843,-0.90013,32.50000,46.50533
1994-10-07,0.58113,-0.90904,33.50000,49.00607
1994-10-08,0.97022,-0.63700,32.50000,51.45301
1994-10-09,1.37665,-0.13159,33.25000,55.28168
1994-10-10,0.86245,0.39483,34.50000,52.06544
1994-10-11,-0.42026,0.48432,36.00000,48.83604
1994-10-12,0.88645,-0.59025,36.50000,48.17299
1994-10-13,1.05193,-0.37500,35.50000,44.39621
1994-10-14,0.45509,-1.15068,36.25000,42.96780
1994-10-15,0.36913,-1.74765,31.75000,41.28369
1994-10-16,0.21899,-0.94491,31.00000,40.23439
1994-10-17,-0.54703,-0.44483,31.00000,39.49382
1994-10-18,0.15921,-0.02057,30.50000,39.98145
1994-10-19,0.16620,-0.06479,30.50000,43.39594
1994-10-20,0.18537,-0.31595,30.00000,41.39762
1994-10-21,-0.09229,-0.17454,29.25000,41.26639
1994-10-22,0.03117,-0.09934,29.25000,40.26404
1994-10-23,0.10563,0.18605,28.00000,35.82389
1994-10-24,0.02166,-0.09741,27.50000,40.06360
1994-10-25,-0.00742,0.10861,28.75000,47.29188
1994-10-26,0.18281,0.02525,29.50000,47.17607
1994-10-27,-0.04730,0.41011,29.75000,51.45482
1994-10-28,-0.13782,-0.52307,30.50000,51.96084
1994-10-29,0.40911,-0.96871,31.25000,49.63324
1994-10-30,0.09464,-0.55519,31.25000,46.25929
1994-10-31,0.09410,-0.50954,31.75000,43.16622
1994-11-01,-0.15583,-0.75243,31.00000,44.59292
1994-11-02,0.51992,-0.98827,30.25000,39.43833
1994-11-03,0.42395,-0.61461,28.75000,40.57860
1994-11-04,-0.06959,-0.74399,28.75000,44.09424
1994-11-05,-0.30185,-0.78838,28.00000,40.22515
1994-11-06,-0.46002,-0.79192,26.50000,39.73889
1994-11-07,-0.41060,-0.56391,45.00000,32.59899
1994-11-08,0.29363,-0.18955,45.00000,38.04001
1994-11-09,0.08464,-0.13279,45.00000,36.19291
1994-11-10,0.28781,-0.01818,43.75000,40.09609
1994-11-11,0.01164,-0.40517,23.50000,39.27425
1994-11-12,-0.04876,-0.88069,24.75000,47.61964
1994-11-13,0.03680,-1.06792,25.00000,50.02611
1994-11-14,-0.36692,-0.67945,24.50000,48.34409
1994-11-15,-0.65441,-0.64219,25.25000,52.05638
1994-11-16,-0.62231,-0.43616,26.25000,51.43710
1994-11-17,-0.69487,-0.60983,26.00000,50.49243
1994-11-18,-0.77343,-0.61400,25.00000,52.26269
1994-11-19,-0.79965,0.14646,24.25000,45.38106
1994-11-20,0.47122,-0.43640,24.00000,46.00144
1994-11-21,0.60297,-0.84096,26.75000,42.75365
1994-11-22,1.37440,-0.58942,24.50000,36.86829
1994-11-23,-0.01090,-0.76067,25.25000,35.59251
1994-11-24,0.45185,-0.01814,30.75000,35.58260
1994-11-25,0.70841,0.37187,29.00000,34.09392
1994-11-26,-0.52026,0.22849,26.00000,37.66785
1994-11-27,-0.20946,0.89481,24.75000,42.68962
1994-11-28,-0.12169,-0.11496,24.25000,41.63391
1994-11-29,0.14150,-0.09804,26.25000,45.56952
1994-11-30,0.28462,0.17147,26.25000,42.32520
1994-12-01,-0.45882,0.59792,29.25000,39.26702
1994-12-02,-0.73593,0.62490,29.25000,38.56003
1994-12-03,0.22142,-0.25168,30.25000,37.15641
1994-12-04,0.17359,-0.16532,25.00000,35.91436
1994-12-05,0.06479,0.57519,45.00000,36.06268
1994-12-06,0.46228,1.22343,37.25000,36.22313
1994-12-07,0.32805,0.33675,32.00000,48.72219
1994-12-08,-0.39963,0.24935,31.50000,62.26051
1994-12-09,-1.17679,-0.26832,30.25000,62.98874
1994-12-10,-1.69108,-1.53210,32.00000,62.09217
1994-12-11,-0.83481,-2.71421,31.00000,68.25390
1994-12-12,0.39895,-0.05515,31.75000,70.58291
1994-12-13,-0.14562,-0.31710,33.75000,72.50943
1994-12-14,-0.80941,0.81305,33.50000,68.20224
1994-12-15,-0.55269,-2.04384,32.50000,58.58580
1994-12-16,-1.12302,0.01540,28.75000,47.54926
1994-12-17,-1.27870,-0.06748,26.50000,49.07675
1994-12-18,0.26946,-0.18264,28.00000,50.98644
1994-12-19,-0.81862,-0.51301,26.75000,49.11519
1994-12-20,-0.46449,-0.24321,26.50000,41.52765
1994-12-21,0.17887,-0.62310,24.00000,39.99442
1994-12-22,0.00985,0.24170,22.25000,45.39678
1994-12-23,-0.10876,-0.47626,22.00000,49.03612
1994-12-24,0.44329,0.01534,24.25000,57.88634
1994-12-25,0.22918,-0.14306,28.00000,70.63076
1994-12-26,-0.98147,-0.12013,29.00000,72.19074
1994-12-27,-0.95284,-0.20574,30.00000,69.15167
1994-12-28,-0.74534,0.16745,29.00000,61.48783
1994-12-29,-0.30820,-1.00946,26.75000,62.18351
1994-12-30,-1.83628,-2.09815,24.50000,65.84846
1994-12-31,-0.73882,-1.64123,24.00000,65.10208
1995-01-01,-0.07086,-0.49638,25.00000,67.93447
1995-01-02,-0.28389,0.23357,27.25000,78.10266
1995-01-03,-1.81118,0.81429,26.75000,81.18949
1995-01-04,-1.55188,-0.08954,27.00000,75.08564
1995-01-05,-0.67562,-0.69999,27.75000,59.83030
1995-01-06,-1.60113,0.00629,26.75000,48.72176
1995-01-07,-1.34915,0.32792,24.75000,42.26089
1995-01-08,-0.80227,1.08991,30.00000,54.77406
1995-01-09,0.83454,0.92919,25.00000,51.87516
1995-01-10,-0.63825,-0.95136,30.00000,48.41972
1995-01-11,-1.98284,-0.21090,26.25000,47.76947
1995-01-12,-1.78741,-0.67025,26.50000,50.34731
1995-01-13,-3.02288,-0.14122,27.75000,63.37124
1995-01-14,-2.04008,-0.57243,27.50000,57.72382
1995-01-15,-0.58326,2.19927,27.75000,54.02914
1995-01-16,0.69511,1.13572,30.75000,52.02282
1995-01-17,0.31063,-1.06323,30.25000,46.92515
1995-01-18,-1.34597,0.52186,25.00000,52.08131
1995-01-19,-2.99280,-0.04412,26.25000,50.13805
1995-01-20,-0.22721,-0.99795,29.00000,69.13821
1995-01-21,0.27371,-1.79925,30.00000,76.05881
1995-01-22,-1.45211,-0.64509,30.25000,74.48332
1995-01-23,-2.29203,0.81142,29.75000,65.81712
1995-01-24,-2.62276,0.86700,29.50000,66.57677
1995-01-25,0.28068,1.49224,29.25000,71.33322
1995-01-26,-2.42200,1.03402,28.25000,74.14963
1995-01-27,-2.21742,1.36602,28.50000,65.06882
1995-01-28,-0.93785,0.22535,29.25000,67.15710
1995-01-29,-0.54188,-0.35126,29.50000,67.94452
1995-01-30,-2.14155,1.15628,29.25000,62.29488
1995-01-31,-1.77251,1.33888,30.25000,63.54990
1995-02-01,-0.95461,1.57884,30.50000,50.15528
1995-02-02,-0.90204,0.59392,27.50000,47.78945
1995-02-03,-1.63866,0.67138,24.00000,58.02584
1995-02-04,-0.16315,-0.42597,25.50000,58.16419
1995-02-05,-1.00935,-0.97025,24.50000,59.45513
1995-02-06,-1.81240,1.29428,24.25000,50.65009
1995-02-07,-1.93999,2.30422,21.00000,44.21276
1995-02-08,-0.43471,1.26119,21.50000,38.78629
1995-02-09,0.45960,1.96943,33.00000,40.71920
1995-02-10,0.21416,1.82454,28.00000,42.60300
1995-02-11,0.73841,1.17612,27.25000,49.67247
1995-02-12,0.09949,1.63870,25.75000,57.91332
1995-02-13,2.46598,0.69421,27.50000,54.09368
1995-02-14,0.83441,1.14954,29.75000,53.03393
1995-02-15,0.37922,-0.85702,27.75000,63.42781
1995-02-16,-0.32753,-1.13407,28.25000,63.38154
1995-02-17,-0.94096,1.59816,28.25000,65.19324
1995-02-18,1.64929,0.15194,28.75000,76.00547
1995-02-19,1.99887,-0.22236,28.00000,74.16050
1995-02-20,0.66341,-1.28758,28.75000,78.76479
1995-02-21,1.70868,-1.26912,29.50000,74.56580
1995-02-22,0.73088,-0.91280,28.50000,67.40164
1995-02-23,2.51969,-0.02437,27.00000,65.12014
1995-02-24,-0.74066,-0.96625,28.25000,68.48684
1995-02-25,-1.30550,1.00099,27.75000,62.62676
1995-02-26,-0.66824,0.27110,27.00000,62.20956
1995-02-27,-0.91701,1.79895,27.00000,78.39500
1995-02-28,1.83246,0.00903,29.00000,80.91901
1995-03-01,2.31873,-1.41666,31.00000,78.38049
1995-03-02,-0.36302,-0.88877,32.50000,69.09855
1995-03-03,0.02582,-2.03402,31.00000,63.12198
1995-03-04,-1.73830,-1.12524,30.25000,62.19849
1995-03-05,0.14816,-1.48419,29.75000,64.47556
1995-03-06,0.27105,-1.76194,31.00000,57.84752
1995-03-07,0.00505,-0.95339,25.50000,47.32897
1995-03-08,-2.74961,-1.39100,27.00000,64.71168
1995-03-09,-1.39723,-0.85096,29.50000,62.64845
1995-03-10,-2.23858,-1.31393,30.25000,54.02393
1995-03-11,-1.74018,-1.76846,26.25000,55.12629
1995-03-12,-1.50742,-1.22919,27.00000,62.89308
1995-03-13,-1.17689,-1.11052,26.25000,54.83902
1995-03-14,-1.75447,-2.38274,24.75000,60.31991
1995-03-15,-2.87128,1.06984,39.25000,55.96199
1995-03-16,-1.64598,-0.15750,29.25000,60.56641
1995-03-17,-0.93379,-0.11068,25.75000,51.66280
1995-03-18,-0.22594,-0.65366,24.75000,49.46960
1995-03-19,-0.50032,-0.26116,27.50000,46.69689
1995-03-20,0.44909,-0.42928,28.00000,44.62140
1995-03-21,0.80452,-0.17187,25.75000,33.63067
1995-03-22,0.21867,0.15186,39.25000,41.78455
1995-03-23,0.63433,0.12270,37.50000,40.77926
1995-03-24,0.67661,0.12753,35.75000,32.90780
1995-03-25,1.57388,-0.49628,21.25000,33.97125
1995-03-26,1.11403,0.45828,24.75000,33.14619
1995-03-27,-0.06286,-0.33278,29.50000,34.39006
1995-03-28,0.77496,0.10871,32.50000,44.74891
1995-03-29,4.03062,1.71089,30.75000,53.49994
1995-03-30,6.01813,-1.76417,30.25000,51.00721
1995-03-31,6.38918,-3.02488,31.00000,55.75777
1995-10-01,-0.08720,0.17447,34.00000,43.57143
1995-10-02,-0.11381,0.10092,35.00000,43.10173
1995-10-03,0.04310,-0.00564,35.25000,38.29167
1995-10-04,0.00621,0.02142,34.00000,37.90388
1995-10-05,0.19783,-0.43230,35.25000,34.22236
1995-10-06,0.21455,-0.34221,35.00000,33.88491
1995-10-07,0.14965,-0.14011,35.00000,36.38491
1995-10-08,0.16845,-0.51242,35.00000,35.40175
1995-10-09,0.47757,-0.74719,35.25000,36.92933
1995-10-10,0.13307,-0.66648,34.75000,40.66954
1995-10-11,0.21299,-0.55711,35.00000,42.45261
1995-10-12,0.28506,-0.14526,34.50000,44.72219
1995-10-13,-0.02846,-0.11767,32.50000,40.02374
1995-10-14,-0.25831,-0.35367,34.75000,42.65834
1995-10-15,-0.02935,-0.39452,33.50000,46.87558
1995-10-16,0.04834,-0.13713,33.00000,50.91339
1995-10-17,0.07379,-0.63465,35.00000,43.51258
1995-10-18,0.57616,-0.74455,31.75000,42.68295
1995-10-19,0.82630,-0.46706,33.00000,46.49852
1995-10-20,0.42978,-0.70364,34.25000,51.44673
1995-10-21,0.55242,-0.93064,34.75000,46.28024
1995-10-22,0.39418,-1.30903,33.50000,50.87577
1995-10-23,0.29654,-1.39537,33.00000,43.75875
1995-10-24,0.07601,-0.52624,31.25000,36.30986
1995-10-25,-0.17537,0.30165,30.50000,37.07231
1995-10-26,0.18253,-0.07530,32.50000,43.84219
1995-10-27,-0.23185,-0.04442,35.00000,52.32613
1995-10-28,-0.32499,-0.15158,36.25000,45.70359
1995-10-29,-0.28940,-0.52226,35.75000,46.63210
1995-10-30,-0.06065,-0.91018,34.25000,46.82496
1995-10-31,0.44940,-1.01974,34.00000,42.54109
1995-11-01,0.30440,-1.43010,32.50000,37.56684
1995-11-02,0.21405,-0.95974,30.00000,39.51874
1995-11-03,0.08320,0.35556,30.50000,36.35714
1995-11-04,-0.17863,0.55378,28.00000,38.27872
1995-11-05,0.32077,0.09892,32.50000,39.17471
1995-11-06,0.46527,-0.42621,29.00000,42.39541
1995-11-07,0.62716,-0.39046,30.75000,46.38419
1995-11-08,0.09962,0.01253,33.75000,45.76744
1995-11-09,1.65190,0.17941,36.00000,47.83976
1995-11-10,3.45349,3.20350,38.00000,49.44024
1995-11-11,1.38082,0.65996,35.50000,42.34721
1995-11-12,-0.45468,1.69115,32.25000,37.57288
1995-11-13,-1.24163,2.72975,36.75000,39.41888
1995-11-14,0.71233,2.35394,35.00000,48.42795
1995-11-15,-0.52756,2.75304,35.25000,43.29248
1995-11-16,-0.37780,1.06830,31.50000,50.17322
1995-11-17,-0.29606,0.36910,32.75000,54.06697
1995-11-18,0.30878,-0.25209,29.50000,53.40675
1995-11-19,0.22026,0.44973,29.25000,54.69347
1995-11-20,-0.52385,1.52228,28.50000,51.74611
1995-11-21,-0.53749,1.54996,29.25000,52.39784
1995-11-22,-0.21828,0.65871,30.00000,49.51942
1995-11-23,-0.38924,0.46751,30.75000,49.99030
1995-11-24,0.37610,0.65972,32.75000,48.21889
1995-11-25,3.61528,1.08090,35.00000,43.86494
1995-11-26,-0.72735,0.87095,30.25000,35.77010
1995-11-27,-0.55874,2.09480,28.75000,43.54025
1995-11-28,0.13421,0.74835,31.00000,49.04913
1995-11-29,-0.33478,0.89878,30.00000,48.14278
1995-11-30,-1.12038,0.08867,29.25000,50.43519
1995-12-01,-1.46423,-0.22291,27.75000,55.62767
1995-12-02,-1.67665,0.38563,29.50000,51.98217
1995-12-03,-0.94286,0.10650,32.25000,51.12494
1995-12-04,-1.05343,0.85650,28.75000,57.55433
1995-12-05,-0.69919,0.66948,29.25000,56.13056
1995-12-06,-1.12579,0.60350,27.25000,51.17348
1995-12-07,-0.03208,1.37269,23.75000,45.04740
1995-12-08,0.03514,1.04366,25.00000,42.09401
1995-12-09,-0.58528,-0.02491,27.00000,46.70155
1995-12-10,-0.83987,0.66215,27.00000,45.11250
1995-12-11,-1.87785,-0.29584,30.00000,52.06341
1995-12-12,-0.91316,-0.39128,31.75000,50.76097
1995-12-13,-2.95083,0.15505,27.75000,47.21738
1995-12-14,-1.36954,-0.88476,32.00000,50.47522
1995-12-15,-1.40135,-0.31522,28.00000,51.65300
1995-12-16,-1.63093,-0.46649,28.50000,54.60489
1995-12-17,-2.37854,1.00571,29.25000,55.24136
1995-12-18,-3.46351,-0.00535,30.00000,56.89330
1995-12-19,-1.41161,-0.08241,28.75000,52.76458
1995-12-20,-2.28978,-0.25110,29.75000,50.26459
1995-12-21,-2.02183,-0.18446,28.75000,48.38155
1995-12-22,-1.86218,-0.49563,25.50000,52.29519
1995-12-23,0.30224,-1.00972,23.50000,48.89210
1995-12-24,0.21876,-0.05040,23.50000,47.37362
1995-12-25,-0.57381,0.73208,23.00000,50.65755
1995-12-26,-1.42510,0.54036,22.50000,45.67248
1995-12-27,-1.56658,1.66558,23.00000,51.45061
1995-12-28,-0.00435,0.98012,24.50000,63.65379
1995-12-29,-0.70413,0.38943,25.00000,61.54808
1995-12-30,-0.68676,0.46314,27.00000,65.76792
1995-12-31,-0.21544,-0.09287,27.50000,66.94653
1996-01-01,0.18518,0.43211,25.75000,56.71939
1996-01-02,-0.74545,0.46987,25.50000,55.67127
1996-01-03,-0.34804,0.51096,26.75000,53.68864
1996-01-04,-0.70365,0.93529,26.75000,64.39789
1996-01-05,-1.19557,1.61375,26.50000,50.91294
1996-01-06,-0.56487,-0.16065,29.75000,49.85472
1996-01-07,-0.56883,0.72197,25.25000,50.22842
1996-01-08,-1.77929,1.27965,25.50000,55.78782
1996-01-09,-1.52441,0.68649,27.00000,57.57833
1996-01-10,-1.41339,0.26722,27.25000,69.44354
1996-01-11,0.04150,-1.39796,26.75000,68.15011
1996-01-12,0.27904,-0.99155,26.00000,68.05996
1996-01-13,-0.86723,-0.47486,24.75000,51.49899
1996-01-14,-1.03860,0.88520,25.25000,56.04171
1996-01-15,-0.69066,3.35352,25.25000,55.71100
1996-01-16,1.45110,0.01846,29.00000,61.30561
1996-01-17,-0.11007,-1.66995,29.75000,68.94478
1996-01-18,-1.68207,0.82426,28.50000,71.98256
1996-01-19,-3.56272,-0.17208,30.25000,72.70323
1996-01-20,-0.54478,-0.55341,29.75000,75.45136
1996-01-21,-3.30979,-0.28593,32.50000,73.33811
1996-01-22,-3.13762,1.40067,32.25000,71.92416
1996-01-23,-4.82587,-0.64780,31.25000,66.04498
1996-01-24,-0.00041,-1.77610,31.00000,74.94548
1996-01-25,-1.42764,-0.99949,33.50000,84.75513
1996-01-26,-2.02772,-1.31052,34.75000,79.20463
1996-01-27,-3.81479,-0.38030,35.50000,69.05108
1996-01-28,-2.51343,-1.84924,34.75000,70.14124
1996-01-29,-3.37763,-1.97271,31.25000,56.29119
1996-01-30,-2.39153,0.47467,28.75000,63.41921
1996-01-31,-1.33342,0.59663,29.75000,63.51115
1996-02-01,-0.27024,-0.40694,29.00000,59.67987
1996-02-02,0.79489,-1.11872,28.50000,54.17731
1996-02-03,-0.35420,-0.05426,26.00000,51.19423
1996-02-04,-1.26073,1.01425,24.50000,48.90166
1996-02-05,-0.74592,0.28424,25.25000,41.96859
1996-02-06,-0.03685,0.76287,29.75000,47.30790
1996-02-07,-0.36171,1.28190,25.00000,49.63932
1996-02-08,-0.23533,0.67054,24.25000,52.91523
1996-02-09,-0.00257,1.39726,25.25000,47.64127
1996-02-10,1.24930,2.52132,24.50000,44.73772
1996-02-11,0.04819,0.32742,26.00000,37.76002
1996-02-12,-1.59714,0.74937,44.50000,39.78263
1996-02-13,-1.55912,0.61839,22.00000,43.02338
1996-02-14,-0.95695,0.42281,27.00000,49.38600
1996-02-15,-0.01288,0.77578,27.75000,51.57071
1996-02-16,-0.61609,-0.69096,28.75000,57.64521
1996-02-17,-1.37084,-0.76067,30.00000,56.97904
1996-02-18,-3.87428,-0.34627,27.25000,58.11122
1996-02-19,-0.62427,-1.26760,26.00000,56.66418
1996-02-20,1.79290,-0.80680,24.75000,54.82727
1996-02-21,3.32393,0.97750,24.25000,58.98885
1996-02-22,4.52103,-0.73138,24.25000,60.60270
1996-02-23,2.75534,0.85462,24.75000,57.86828
1996-02-24,1.27329,1.01339,27.25000,63.48835
1996-02-25,5.02255,1.08839,27.75000,61.08133
1996-02-26,-0.73348,1.29020,25.75000,52.53410
1996-02-27,1.83791,-1.29776,26.50000,60.96691
1996-02-28,1.27435,-0.92747,26.25000,62.44764
1996-02-29,-0.02951,-0.01403,28.25000,52.55526
1996-03-01,-5.15370,1.51056,26.00000,45.87963
1996-03-02,-0.58936,0.16473,28.00000,39.66615
1996-03-03,0.21973,0.02811,18.00000,35.04171
1996-03-04,0.76358,0.50840,19.00000,40.45974
1996-03-05,-0.20803,0.99982,20.75000,38.20837
1996-03-06,-0.32781,0.97818,21.75000,38.65084
1996-03-07,-0.15026,1.19598,24.75000,38.59657
1996-03-08,1.33544,-1.40448,25.75000,41.05405
1996-03-09,2.99566,0.27541,25.00000,36.40704
1996-03-10,0.68783,0.79176,36.50000,35.48029
1996-03-11,1.16334,1.77734,38.00000,37.61788
1996-03-12,2.71568,0.97467,29.25000,41.82755
1996-03-13,7.34539,-1.88345,38.25000,38.27518
1996-03-14,6.77701,0.01614,40.00000,46.25388
1996-03-15,5.76189,0.23573,40.75000,53.24814
1996-03-16,6.03135,-0.51956,31.75000,46.06670
1996-03-17,3.17888,-0.93317,31.50000,48.81760
1996-03-18,3.34128,-1.35882,29.00000,53.57470
1996-03-19,2.22975,-1.95308,30.00000,54.94733
1996-03-20,1.07232,-2.12763,27.25000,54.34097
1996-03-21,0.82537,-0.95370,29.50000,54.69875
1996-03-22,1.29957,-0.23338,29.25000,50.23627
1996-03-23,6.05637,-2.37312,25.00000,46.46203
1996-03-24,1.89913,-0.91768,28.00000,47.98363
1996-03-25,4.17652,1.01636,34.50000,47.93826
1996-03-26,8.87889,-0.89270,33.25000,44.72157
1996-03-27,10.36833,-0.51312,34.75000,44.33318
1996-03-28,2.30955,1.32164,36.75000,59.52571
1996-03-29,7.37832,0.36197,33.25000,57.45898
1996-03-30,11.71231,-2.43524,32.25000,60.89302
1996-03-31,8.38252,-4.56325,29.75000,60.16177
1996-10-01,0.17598,-0.39241,45.00000,36.85932
1996-10-02,-0.09694,-0.91853,42.00000,42.59060
1996-10-03,-0.06136,-0.90481,41.25000,44.49778
1996-10-04,0.36368,0.17317,36.25000,45.48095
1996-10-05,1.64199,0.04397,36.00000,44.10863
1996-10-06,0.78571,-0.04196,33.75000,41.53727
1996-10-07,0.08477,0.17619,32.50000,40.46753
1996-10-08,-0.83835,0.83258,33.25000,43.89104
1996-10-09,-0.82598,1.34470,33.75000,42.27845
1996-10-10,-0.79551,1.50616,34.50000,45.23761
1996-10-11,-0.78447,0.87907,35.50000,46.89719
1996-10-12,0.13426,0.17510,34.75000,41.52868
1996-10-13,-0.24556,-0.20854,35.50000,37.53396
1996-10-14,-0.62765,-0.08827,32.75000,35.83175
1996-10-15,-0.68128,-0.70157,30.50000,43.87183
1996-10-16,-0.68110,0.39140,30.50000,42.50020
1996-10-17,0.01396,0.47458,31.00000,42.19156
1996-10-18,-0.12334,0.59138,33.50000,44.21873
1996-10-19,-0.15246,0.14273,31.75000,43.56350
1996-10-20,0.02911,-0.16066,34.50000,47.48150
1996-10-21,-0.04482,-0.66444,32.25000,50.38214
1996-10-22,-0.27649,-0.73410,32.75000,50.89679
1996-10-23,0.24897,-0.62166,33.00000,49.39246
1996-10-24,0.40216,-0.80824,35.00000,48.42284
1996-10-25,-0.27016,-0.28846,34.25000,42.80917
1996-10-26,0.16960,-0.08738,31.75000,41.42224
1996-10-27,0.17792,0.22275,31.75000,40.73875
1996-10-28,1.52086,-0.11977,45.00000,43.36279
1996-10-29,3.82690,1.25858,43.75000,42.61819
1996-10-30,0.09189,2.28896,34.25000,44.16806
1996-10-31,-0.70726,2.06376,34.50000,45.55435
1996-11-01,-0.80599,2.68955,32.50000,51.27502
1996-11-02,-0.37335,1.73124,31.00000,52.13489
1996-11-03,0.41348,1.61656,32.50000,45.81571
1996-11-04,0.74164,2.28910,37.25000,41.21389
1996-11-05,0.50069,0.41585,34.25000,46.65922
1996-11-06,0.31942,-0.26066,34.50000,45.02091
1996-11-07,0.77719,1.48223,32.50000,45.54787
1996-11-08,0.31983,1.34299,35.50000,46.40619
1996-11-09,-0.88975,1.33843,35.00000,51.13630
1996-11-10,-1.20331,1.20773,35.75000,55.57170
1996-11-11,-1.47938,1.18325,33.25000,51.69379
1996-11-12,-0.10215,0.63043,32.75000,49.30938
1996-11-13,-0.43256,1.33456,32.25000,51.04483
1996-11-14,0.08428,0.65865,33.00000,56.09497
1996-11-15,0.24182,0.18303,34.25000,56.29292
1996-11-16,0.37189,1.32784,33.25000,50.81100
1996-11-17,-0.01749,0.15188,32.25000,45.28061
1996-11-18,0.40826,-0.14991,32.75000,47.75378
1996-11-19,-0.08465,0.23883,32.75000,48.27013
1996-11-20,0.06308,0.34002,31.50000,58.03442
1996-11-21,-0.52387,-0.18142,31.75000,56.32664
1996-11-22,-1.34011,0.41914,30.00000,58.39805
1996-11-23,-1.46279,0.57490,29.50000,60.69965
1996-11-24,-1.41244,-0.34443,29.75000,58.67498
1996-11-25,-1.47673,0.00703,29.25000,62.96423
1996-11-26,-1.39852,-0.42761,29.00000,58.41336
1996-11-27,-1.11272,0.04237,29.00000,53.34244
1996-11-28,-1.15040,0.20949,29.75000,58.28635
1996-11-29,-0.91308,0.36834,29.50000,60.17152
1996-11-30,0.18144,1.00137,31.75000,61.11415
1996-12-01,-0.00702,0.57594,31.75000,60.42285
1996-12-02,0.56099,-0.55172,32.50000,60.85564
1996-12-03,0.58687,-0.77997,31.50000,64.23415
1996-12-04,0.12631,-0.91600,32.50000,66.63119
1996-12-05,-0.11651,-0.57980,35.00000,64.27313
1996-12-06,-1.26122,-1.40177,32.75000,60.18853
1996-12-07,-2.07518,-0.89818,33.25000,61.64059
1996-12-08,-1.71361,-2.84153,32.75000,65.01446
1996-12-09,-0.64747,-1.82750,32.00000,74.80469
1996-12-10,0.56446,-1.47227,31.75000,76.99704
1996-12-11,0.07764,-0.68904,31.00000,65.42684
1996-12-12,-0.25176,0.53856,33.25000,67.67471
1996-12-13,-0.88067,0.82080,33.00000,63.42642
1996-12-14,-1.39881,0.02227,30.75000,57.83638
1996-12-15,-1.42043,0.49208,29.75000,65.11982
1996-12-16,-2.09892,1.41085,29.75000,60.32561
1996-12-17,-0.24046,0.28412,31.00000,67.87861
1996-12-18,-0.39139,-0.14421,28.25000,57.74234
1996-12-19,-0.35842,1.62569,26.75000,53.70482
1996-12-20,0.22288,0.63842,31.75000,46.84679
1996-12-21,0.30604,0.45458,27.00000,45.87172
1996-12-22,-0.00740,1.28049,27.25000,42.00672
1996-12-23,-0.60368,1.22733,30.00000,42.62846
1996-12-24,0.10589,1.57576,27.00000,38.42506
1996-12-25,-0.17483,0.93071,31.75000,55.27036
1996-12-26,-0.46817,-1.16437,32.00000,54.84705
1996-12-27,-0.40218,-0.28671,30.75000,50.91288
1996-12-28,-2.72086,0.74958,29.75000,44.17585
1996-12-29,-1.01860,1.71894,27.50000,36.77291
1996-12-30,-0.97978,1.29697,44.75000,41.78919
1996-12-31,-0.72659,1.35363,42.00000,42.51889
1997-01-01,-0.25415,0.90222,44.00000,40.08199
1997-01-02,-0.55911,1.37959,20.75000,42.88409
1997-01-03,-0.85731,1.60832,19.50000,43.56204
1997-01-04,-1.09217,1.10657,24.00000,46.23555
1997-01-05,-0.32090,-0.52562,25.00000,61.75867
1997-01-06,0.13927,-1.57095,26.25000,61.40762
1997-01-07,-0.59761,0.34072,27.25000,58.98919
1997-01-08,-0.67164,-0.49147,28.50000,55.34565
1997-01-09,-0.89268,0.12377,27.00000,54.09591
1997-01-10,-2.25895,0.57516,25.50000,58.04006
1997-01-11,-0.89406,-0.15868,26.50000,60.09082
1997-01-12,-1.22158,-1.03154,25.50000,62.14049
1997-01-13,-1.30384,-0.03270,25.75000,68.27791
1997-01-14,-1.99808,-0.24413,26.00000,67.63611
1997-01-15,-2.31587,-0.31535,26.00000,58.90650
1997-01-16,-0.90735,-1.00130,23.75000,55.44623
1997-01-17,-1.43471,-0.03290,24.25000,54.26562
1997-01-18,-0.63036,0.98522,25.50000,54.73454
1997-01-19,-0.60032,2.78534,26.25000,58.06786
1997-01-20,0.26484,0.53976,26.25000,63.29942
1997-01-21,2.13237,-0.40887,27.25000,59.99740
1997-01-22,-2.28450,-0.74959,30.00000,66.33368
1997-01-23,-2.36027,1.04498,29.75000,67.94025
1997-01-24,-2.28933,-1.45304,31.25000,73.65234
1997-01-25,-3.15698,1.23016,29.50000,70.76299
1997-01-26,-4.94579,1.16139,29.50000,69.95345
1997-01-27,-1.99164,1.78456,28.75000,61.39019
1997-01-28,-1.07541,-1.85863,27.00000,58.66447
1997-01-29,-3.99585,0.69793,28.25000,51.17116
1997-01-30,-1.52123,0.62252,29.25000,58.58374
1997-01-31,0.43227,-0.79177,30.50000,56.74045
1997-02-01,2.36373,-0.79276,29.75000,64.68235
1997-02-02,-1.19567,2.48624,32.00000,71.98890
1997-02-03,2.38316,0.02894,32.25000,64.88408
1997-02-04,3.80378,-1.61699,31.75000,72.91521
1997-02-05,0.14322,-1.65875,30.25000,71.75574
1997-02-06,-0.50577,-0.17949,31.75000,66.63586
1997-02-07,-2.55762,1.38571,32.50000,71.11049
1997-02-08,-0.57422,2.46251,33.25000,83.06216
1997-02-09,0.84643,-0.24714,31.50000,71.52524
1997-02-10,3.03923,-0.74580,32.00000,72.28191
1997-02-11,1.98774,-1.29079,32.00000,69.49149
1997-02-12,-1.89823,-1.30168,32.50000,71.43543
1997-02-13,-2.92099,0.09631,33.00000,73.02291
1997-02-14,-2.53153,-0.67005,31.75000,76.11450
1997-02-15,1.35283,-1.28378,30.50000,74.98048
1997-02-16,3.66763,-2.16437,30.50000,79.14024
1997-02-17,3.10295,-1.65241,30.75000,77.21208
1997-02-18,-0.36631,-0.27429,30.25000,66.99106
1997-02-19,1.09891,-1.11607,26.75000,64.99529
1997-02-20,1.20281,-1.28353,27.25000,56.42799
1997-02-21,-1.30469,-0.07249,27.00000,60.56601
1997-02-22,-0.31849,-0.24520,27.00000,63.20893
1997-02-23,-1.45570,1.09634,25.25000,50.94054
1997-02-24,-0.38984,2.47709,30.50000,41.95490
1997-02-25,-0.34894,2.13459,30.50000,43.05122
1997-02-26,0.66600,-1.04167,26.00000,52.37299
1997-02-27,6.38251,-1.83497,25.00000,51.55943
1997-02-28,1.03555,0.42588,27.75000,46.42756
1997-03-01,-1.58169,1.81077,26.75000,49.64375
1997-03-02,-0.90550,0.33764,26.25000,49.21862
1997-03-03,0.41674,-1.25745,27.75000,41.73067
1997-03-04,1.55601,-0.89878,26.25000,39.52345
1997-03-05,0.64762,-0.95830,26.25000,38.24719
1997-03-06,-0.31639,0.18842,30.75000,36.77829
1997-03-07,0.27500,-0.35830,28.75000,39.87843
1997-03-08,-0.42667,-0.46611,28.00000,36.56132
1997-03-09,-0.27946,-0.58431,23.25000,37.00423
1997-03-10,0.66559,-0.62829,33.75000,30.63972
1997-03-11,-0.12222,-0.01151,33.50000,39.40427
1997-03-12,1.91813,-1.74516,32.00000,41.82116
1997-03-13,2.03869,-0.71470,30.75000,39.25692
1997-03-14,4.61768,-0.79991,28.50000,37.08692
1997-03-15,2.50950,-0.97225,30.00000,36.86835
1997-03-16,2.95765,-2.52123,28.75000,40.02394
1997-03-17,3.61477,-2.57361,28.50000,35.07268
1997-03-18,0.96034,-1.23025,30.50000,36.23327
1997-03-19,2.17159,-1.36992,27.75000,38.61335
1997-03-20,6.00844,-2.60382,29.00000,46.34851
1997-03-21,7.32590,-2.31047,28.50000,44.88314
1997-03-22,3.29517,-1.73971,26.75000,38.50993
1997-03-23,3.11772,-2.34586,28.75000,38.22519
1997-03-24,2.55592,-2.10687,24.75000,38.69048
1997-03-25,1.07089,-1.34972,22.50000,35.77297
1997-03-26,0.91603,-0.85578,24.25000,38.70504
1997-03-27,0.30447,-0.01554,24.00000,32.97395
1997-03-28,-0.05402,-0.13192,36.75000,32.07188
1997-03-29,1.74706,-0.42829,24.50000,44.55324
1997-03-30,2.67332,-1.11312,23.00000,46.93233
1997-03-31,1.45272,1.00202,22.75000,35.90192
1997-10-01,0.78444,-0.37237,30.50000,35.99633
1997-10-02,0.12078,-0.14505,30.00000,33.70082
1997-10-03,-0.25368,0.15498,30.75000,31.88229
1997-10-04,-0.10825,0.36061,29.75000,32.60265
1997-10-05,0.06937,0.42873,30.25000,31.66567
1997-10-06,-0.11991,-0.29029,28.75000,27.35129
1997-10-07,0.22747,-0.54743,31.25000,27.10221
1997-10-08,0.42892,-0.68814,33.50000,28.66326
1997-10-09,0.70994,-0.31858,32.50000,29.43826
1997-10-10,0.23188,-0.33617,29.25000,27.49735
1997-10-11,0.19197,-0.21969,28.50000,31.11875
1997-10-12,-0.10258,-0.44700,27.00000,30.51952
1997-10-13,-0.08002,0.40398,29.50000,35.75159
1997-10-14,-0.42888,0.50956,29.75000,34.49856
1997-10-15,-0.74629,0.57707,25.00000,31.27164
1997-10-16,-0.44197,0.34466,23.75000,34.71327
1997-10-17,-0.20586,0.62940,23.75000,38.53503
1997-10-18,-0.68643,0.31898,26.50000,43.06239
1997-10-19,-1.18274,0.26968,25.25000,41.83741
1997-10-20,-0.27017,0.30443,25.75000,39.57483
1997-10-21,-0.02399,-0.69783,25.00000,37.83175
1997-10-22,-0.88594,-0.62950,26.00000,36.62174
1997-10-23,-0.52196,-0.40122,24.00000,32.45487
1997-10-24,0.01177,-0.15108,23.50000,31.23428
1997-10-25,-0.81597,-0.41129,26.00000,36.96874
1997-10-26,-0.49733,0.70003,26.00000,32.30429
1997-10-27,-0.56831,0.15702,25.25000,35.15696
1997-10-28,-0.50138,0.04929,23.75000,41.30750
1997-10-29,-0.51957,0.44462,26.00000,38.24679
1997-10-30,-0.14829,0.36827,28.00000,40.64500
1997-10-31,-0.70572,0.68962,30.50000,42.48333
1997-11-01,-0.28326,0.01081,27.75000,42.83028
1997-11-02,-0.67419,0.49417,27.75000,43.59464
1997-11-03,-1.26422,0.87445,28.50000,41.87957
1997-11-04,-0.81766,0.39184,27.75000,42.85048
1997-11-05,0.32677,0.39466,23.75000,38.46962
1997-11-06,0.48693,0.66241,25.25000,35.38527
1997-11-07,0.00922,0.38764,24.25000,39.47664
1997-11-08,-0.09034,0.26031,25.50000,46.11041
1997-11-09,-0.20811,0.77592,25.50000,50.08607
1997-11-10,0.44540,1.09608,26.75000,55.99063
1997-11-11,0.80553,-0.13109,25.25000,55.25815
1997-11-12,0.18558,-0.39332,26.50000,53.19094
1997-11-13,0.42792,-1.19394,26.25000,53.61423
1997-11-14,-0.76844,1.85149,27.00000,45.80897
1997-11-15,-1.56876,1.36115,28.75000,52.76673
1997-11-16,-2.89027,0.81215,30.75000,53.78023
1997-11-17,-0.78814,0.22867,30.00000,55.34392
1997-11-18,-1.26970,-0.38234,26.25000,48.70670
1997-11-19,-0.60956,-0.53797,24.00000,46.96718
1997-11-20,-0.11568,-0.30473,27.50000,54.19420
1997-11-21,-0.56817,0.75065,28.50000,52.64957
1997-11-22,-0.83168,0.76753,30.25000,51.99259
1997-11-23,-1.29145,0.08909,33.25000,51.19667
1997-11-24,-0.43862,-1.01131,32.00000,58.77169
1997-11-25,0.26042,0.77733,28.50000,62.24832
1997-11-26,1.01633,-0.40863,30.50000,65.04120
1997-11-27,-0.28020,-1.13015,29.50000,63.58106
1997-11-28,-0.61940,-0.07990,29.75000,70.07653
1997-11-29,-1.74706,-0.22751,31.25000,65.05936
1997-11-30,-1.64337,0.30542,29.50000,53.40393
1997-12-01,-2.12701,-0.98554,27.25000,49.53558
1997-12-02,-2.14510,1.55836,28.00000,38.26117
1997-12-03,-0.13421,0.49389,22.75000,44.01794
1997-12-04,-0.32911,-0.04222,22.50000,49.65870
1997-12-05,-1.90637,0.65885,24.50000,60.57609
1997-12-06,-1.26734,1.63916,28.50000,72.72124
1997-12-07,-1.86724,1.63135,31.50000,66.70000
1997-12-08,-1.95922,1.21071,29.50000,69.71357
1997-12-09,-0.89088,2.00404,29.75000,55.55033
1997-12-10,2.41571,-0.31277,25.50000,46.98013
1997-12-11,-0.74333,1.69118,27.00000,46.69333
1997-12-12,-2.11580,1.56559,25.50000,52.51960
1997-12-13,-0.39329,1.02077,25.50000,51.65856
1997-12-14,0.76191,-0.16810,25.75000,56.14289
1997-12-15,-0.86648,1.45360,26.25000,55.60572
1997-12-16,-0.19629,1.61512,27.75000,51.45030
1997-12-17,-0.02696,1.31195,24.00000,54.60712
1997-12-18,-1.41846,2.18079,26.75000,53.10217
1997-12-19,-1.73963,1.96527,25.00000,64.23646
1997-12-20,-1.48982,1.48594,29.75000,64.53152
1997-12-21,-1.77363,1.65287,29.25000,67.45994
1997-12-22,-2.61682,2.30036,28.00000,68.24366
1997-12-23,-1.02407,0.68507,29.25000,69.01728
1997-12-24,-0.91539,0.79611,27.25000,58.18144
1997-12-25,-0.68211,1.66798,28.00000,57.40537
1997-12-26,-1.25191,1.76628,31.00000,49.19168
1997-12-27,-0.68822,1.09757,29.25000,60.34267
1997-12-28,-0.00714,-0.31520,29.25000,71.24113
1997-12-29,-0.91053,0.70660,31.00000,69.51976
1997-12-30,-1.07044,-1.12485,29.25000,59.44141
1997-12-31,-1.35779,0.14785,27.75000,67.09397
1998-01-01,-3.38635,1.46465,28.50000,71.03872
1998-01-02,-2.58792,0.91436,29.25000,63.37747
1998-01-03,-2.33205,1.46670,27.00000,63.10514
1998-01-04,-1.71818,1.87267,26.25000,55.85603
1998-01-05,-0.42259,-0.28012,27.50000,46.37930
1998-01-06,-0.30372,0.99946,27.25000,42.68691
1998-01-07,-1.24854,2.16762,30.75000,45.81560
1998-01-08,-1.81717,1.06687,28.75000,54.99092
1998-01-09,-1.99412,0.66244,31.00000,59.16433
1998-01-10,-2.26679,0.98478,28.00000,57.74873
1998-01-11,-2.77014,1.01701,27.00000,54.24354
1998-01-12,-2.01235,-0.20241,29.00000,65.19386
1998-01-13,-0.35346,-0.38710,29.75000,77.12094
1998-01-14,-0.21845,2.68912,33.00000,88.29391
1998-01-15,1.31303,-0.48548,32.00000,95.41157
1998-01-16,5.10408,-1.64887,30.00000,90.80069
1998-01-17,0.73876,-0.62805,27.50000,75.33884
1998-01-18,1.94679,-0.63599,27.75000,79.03738
1998-01-19,-0.22785,-0.30837,28.25000,65.55244
1998-01-20,-0.68784,0.90945,28.25000,63.68550
1998-01-21,1.77764,-1.01311,27.00000,61.38284
1998-01-22,-4.43832,1.44572,29.25000,71.48907
1998-01-23,-1.22558,-0.54246,30.00000,74.24713
1998-01-24,-1.86697,0.04722,27.50000,60.24401
1998-01-25,-3.23659,0.61922,25.00000,59.82999
1998-01-26,-1.68686,0.69050,26.00000,59.20036
1998-01-27,-1.78656,1.04608,23.75000,56.62106
1998-01-28,0.42227,0.77578,25.25000,66.93237
1998-01-29,-0.85453,0.35684,26.00000,65.91702
1998-01-30,-1.07108,-0.43141,24.50000,55.52406
1998-01-31,-0.71250,-0.51957,30.50000,45.90011
1998-02-01,-2.39775,0.78893,23.50000,47.06036
1998-02-02,-2.23560,-0.02588,25.50000,61.97254
1998-02-03,-1.27842,-1.10985,26.75000,66.86655
1998-02-04,-0.54323,-1.87397,27.00000,76.76727
1998-02-05,-1.18344,-0.60449,26.75000,80.53497
1998-02-06,-3.21742,0.69425,26.00000,77.61004
1998-02-07,-2.66672,-0.31693,24.75000,64.50856
1998-02-08,-1.84276,0.54711,24.50000,58.96973
1998-02-09,-1.19558,0.75291,23.00000,49.27434
1998-02-10,-1.61734,2.09343,20.25000,44.32896
1998-02-11,-0.30149,0.66263,43.25000,50.62478
1998-02-12,-0.82071,0.73513,40.00000,44.08593
1998-02-13,-0.68199,1.60798,26.50000,47.86556
1998-02-14,-0.25287,0.87689,32.00000,61.21933
1998-02-15,0.21234,0.36826,29.25000,75.53616
1998-02-16,2.66836,0.20376,27.00000,67.91852
1998-02-17,1.94500,-0.99201,30.50000,81.77735
1998-02-18,2.26100,-0.56045,30.00000,87.85730
1998-02-19,2.42518,-1.68693,28.25000,78.94445
1998-02-20,0.86477,-1.10059,25.50000,59.59115
1998-02-21,-1.01045,0.06323,27.00000,59.76066
1998-02-22,0.55402,-0.73503,26.75000,64.61773
1998-02-23,0.40668,-0.61652,27.25000,70.20603
1998-02-24,0.06471,4.53635,29.25000,74.69753
1998-02-25,1.42162,1.03923,28.75000,70.11292
1998-02-26,2.82175,-1.84932,27.25000,61.05888
1998-02-27,0.26064,-0.00413,28.00000,56.94586
1998-02-28,-1.22588,-0.91722,27.50000,53.95432
1998-03-01,-1.52407,-1.34265,27.75000,51.63986
1998-03-02,-1.56507,-0.25582,25.50000,48.34263
1998-03-03,-2.39964,0.43051,23.00000,42.21206
1998-03-04,-1.94898,0.42521,30.75000,42.28199
1998-03-05,-2.02754,2.01207,27.25000,55.82022
1998-03-06,0.01404,-1.00859,27.50000,66.38779
1998-03-07,2.95370,-2.58137,27.50000,69.35033
1998-03-08,2.91134,-1.21599,26.75000,63.20743
1998-03-09,-0.98599,0.88936,28.50000,65.85374
1998-03-10,0.58531,0.04291,29.00000,71.44279
1998-03-11,2.84121,0.28227,28.50000,73.14082
1998-03-12,0.64536,-0.25632,26.50000,66.58893
1998-03-13,0.77623,-0.13264,28.00000,63.08406
1998-03-14,1.29369,-1.50558,27.75000,53.58270
1998-03-15,-1.64148,-0.00479,25.00000,57.50616
1998-03-16,-2.94020,0.04366,26.75000,53.47752
1998-03-17,-2.80615,-0.59729,30.50000,43.70568
1998-03-18,-2.98051,-0.76613,29.75000,43.46769
1998-03-19,-3.04003,-0.38384,38.75000,41.92459
1998-03-20,-0.81313,-0.21000,37.75000,38.62181
1998-03-21,0.36090,1.11613,32.25000,40.60236
1998-03-22,4.39414,0.87510,26.25000,42.42791
1998-03-23,8.25414,-1.27628,27.50000,45.47532
1998-03-24,10.65898,-2.10867,26.50000,53.76083
1998-03-25,4.62519,-1.29906,26.25000,51.81760
1998-03-26,0.51968,1.06131,27.75000,48.35770
1998-03-27,-0.86945,0.69013,25.50000,50.59582
1998-03-28,-0.64634,0.10903,26.00000,42.30072
1998-03-29,0.48685,2.04560,23.00000,43.58343
1998-03-30,1.31363,-1.20082,41.00000,38.61415
1998-03-31,-0.39590,0.10125,42.25000,29.69375
1998-10-01,0.06916,-0.36571,37.50000,40.92316
1998-10-02,0.23788,-0.23518,35.50000,35.01909
1998-10-03,0.18976,0.01163,32.00000,32.03322
1998-10-04,0.29077,-0.25263,32.25000,37.38408
1998-10-05,0.20720,-0.52978,33.75000,36.83211
1998-10-06,-0.03027,-0.59823,38.25000,38.86388
1998-10-07,0.04478,-0.62322,36.50000,39.50815
1998-10-08,-0.07251,-0.68905,34.50000,37.96450
1998-10-09,0.09689,-0.61641,34.75000,35.72631
1998-10-10,-0.06942,-0.49398,36.50000,44.29234
1998-10-11,-0.11021,-0.53730,35.50000,54.49124
1998-10-12,-0.02434,-0.97728,34.75000,54.75802
1998-10-13,-0.27176,-0.59077,33.50000,49.63005
1998-10-14,-0.21780,-0.54137,35.00000,44.91498
1998-10-15,0.24875,-0.36845,35.50000,59.12652
1998-10-16,0.50369,1.55883,37.25000,59.02837
1998-10-17,0.76316,0.62677,38.25000,53.04257
1998-10-18,0.75486,-0.21347,34.25000,41.52528
1998-10-19,0.50975,0.00232,35.25000,41.68220
1998-10-20,-0.53534,0.44547,34.00000,46.24570
1998-10-21,0.26056,1.12774,34.75000,47.94973
1998-10-22,0.70967,0.61156,36.25000,54.13797
1998-10-23,0.33237,0.42027,36.00000,57.42070
1998-10-24,0.13232,0.26640,37.00000,53.93380
1998-10-25,-0.13319,0.17507,37.00000,48.93084
1998-10-26,0.14999,-0.61560,35.25000,47.86357
1998-10-27,0.33437,0.29836,34.50000,46.23361
1998-10-28,0.38620,0.51820,35.00000,57.75867
1998-10-29,0.63315,0.42658,33.00000,51.65777
1998-10-30,0.35259,-0.03439,31.75000,53.83735
1998-10-31,-0.05371,-0.35832,30.25000,52.38064
1998-11-01,-0.22796,-0.57449,29.50000,44.21381
1998-11-02,-0.80509,0.72274,30.50000,29.63311
1998-11-03,0.06812,0.60374,32.25000,31.79902
1998-11-04,-0.07665,0.16950,32.25000,38.63910
1998-11-05,-0.08210,0.60528,29.25000,41.98363
1998-11-06,-0.18862,0.13816,29.50000,44.85668
1998-11-07,-0.20755,0.15110,30.25000,50.88401
1998-11-08,-0.25656,-0.07526,30.50000,57.18768
1998-11-09,-0.19124,-0.51795,29.25000,55.02355
1998-11-10,-0.01561,-0.43147,27.00000,50.23260
1998-11-11,0.40522,0.29523,25.25000,37.46304
1998-11-12,-0.13106,1.39674,42.25000,41.03044
1998-11-13,-0.27980,0.91541,45.00000,45.03473
1998-11-14,-0.47089,0.45590,43.25000,51.09460
1998-11-15,-0.58019,0.51947,34.25000,50.35695
1998-11-16,0.06588,0.86840,36.25000,51.91754
1998-11-17,0.09066,0.62643,37.75000,51.84192
1998-11-18,0.10676,0.73748,36.00000,46.67082
1998-11-19,-0.03333,0.08775,38.25000,42.26713
1998-11-20,0.14007,-0.37397,33.00000,39.65295
1998-11-21,0.08296,-0.38361,33.00000,44.29503
1998-11-22,0.66700,-0.10467,33.75000,48.23672
1998-11-23,1.06068,0.26162,35.50000,43.62202
1998-11-24,-0.02324,0.92660,31.75000,44.74852
1998-11-25,-0.70029,0.76744,32.00000,52.14828
1998-11-26,-0.14967,0.61793,32.00000,52.00497
1998-11-27,0.10584,1.18319,32.50000,52.96638
1998-11-28,0.12100,-0.09888,33.50000,57.37793
1998-11-29,-0.14789,0.09918,33.50000,59.31422
1998-11-30,-0.41956,-0.91479,35.00000,59.66012
1998-12-01,-1.03574,-0.58787,32.75000,54.80253
1998-12-02,-0.25712,0.00096,29.25000,49.65688
1998-12-03,-1.51191,1.11064,30.50000,50.45702
1998-12-04,-0.15805,1.18954,31.25000,54.08405
1998-12-05,-1.17373,1.29633,30.50000,60.39920
1998-12-06,-0.60070,0.90248,31.25000,56.80880
1998-12-07,0.14416,0.16030,32.25000,63.05056
1998-12-08,0.45196,0.34286,30.75000,66.01994
1998-12-09,0.34760,0.16848,29.50000,60.48774
1998-12-10,-0.02886,-0.50373,28.75000,59.40338
1998-12-11,1.29229,0.00656,28.25000,56.14449
1998-12-12,1.12960,-0.28577,27.50000,54.56897
1998-12-13,1.65944,0.03785,28.00000,59.20600
1998-12-14,-0.30032,0.84055,28.00000,60.01585
1998-12-15,-0.08587,1.08438,28.25000,53.59765
1998-12-16,0.15131,-0.24101,28.00000,54.18972
1998-12-17,-0.29470,0.62787,28.00000,39.81130
1998-12-18,-0.39195,0.65170,28.75000,38.50279
1998-12-19,-0.52974,0.33336,42.25000,42.25307
1998-12-20,-0.54649,0.71713,34.25000,42.68283
1998-12-21,-0.44534,-0.23878,29.50000,44.45062
1998-12-22,-0.43883,-0.39263,27.50000,40.67938
1998-12-23,-0.89737,-0.01288,28.50000,45.86155
1998-12-24,0.16823,-0.44323,27.75000,45.57301
1998-12-25,0.13053,-1.26081,29.25000,36.83849
1998-12-26,-0.41592,0.98276,28.00000,38.33497
1998-12-27,-0.41550,1.78634,28.50000,43.42704
1998-12-28,0.32338,1.06448,29.50000,47.55988
1998-12-29,-0.10205,-0.62674,31.00000,48.10993
1998-12-30,0.43265,-0.63036,28.50000,56.52475
1998-12-31,0.64258,-1.10444,27.00000,56.32196
1999-01-01,-0.80347,0.87679,25.75000,56.86496
1999-01-02,-1.08405,2.06221,24.50000,49.99879
1999-01-03,0.32724,1.09058,26.25000,46.72236
1999-01-04,0.76885,-0.20512,29.25000,58.75078
1999-01-05,0.64916,-0.07333,30.75000,58.80840
1999-01-06,0.86842,0.50530,34.25000,52.46060
1999-01-07,-0.15212,0.22935,35.75000,42.02611
1999-01-08,-0.11613,-1.05937,28.75000,47.17955
1999-01-09,-1.11995,-1.49271,28.25000,58.30871
1999-01-10,-1.67285,-0.72491,25.25000,51.51402
1999-01-11,-0.42508,1.16416,24.25000,45.30495
1999-01-12,-0.21840,0.99645,27.50000,53.83023
1999-01-13,0.29496,-1.23645,28.00000,57.89898
1999-01-14,-0.47506,-0.11119,25.50000,48.59555
1999-01-15,0.47042,0.20632,23.75000,49.37416
1999-01-16,-0.71083,0.74123,29.00000,48.16218
1999-01-17,-0.42990,-0.17821,29.25000,64.37201
1999-01-18,-0.83560,0.59849,25.75000,52.42953
1999-01-19,-0.53580,-0.14069,26.25000,60.76706
1999-01-20,-1.12222,0.28131,26.75000,63.05426
1999-01-21,-1.13217,0.25621,28.25000,66.56316
1999-01-22,-1.56363,-0.21541,31.50000,75.15971
1999-01-23,-1.39917,0.14303,33.25000,76.72296
1999-01-24,-1.75679,0.99913,35.50000,65.93771
1999-01-25,-1.50246,-1.08655,35.50000,63.49686
1999-01-26,-1.81934,0.31364,33.00000,59.05666
1999-01-27,-0.48315,-1.63768,33.25000,58.30564
1999-01-28,-0.02954,0.56408,28.50000,45.99891
1999-01-29,0.94527,-1.24945,31.00000,53.19404
1999-01-30,-2.08907,-1.17027,30.50000,52.15239
1999-01-31,-1.32647,-1.44968,30.00000,56.61323
1999-02-01,-2.54919,-1.01851,29.25000,48.85224
1999-02-02,-1.74834,-0.86423,29.75000,47.61441
1999-02-03,-0.53453,-1.72515,30.25000,47.17836
1999-02-04,-0.51119,-1.08001,30.25000,52.19354
1999-02-05,-0.04681,-1.43593,29.75000,50.98604
1999-02-06,-2.93774,-0.01523,29.00000,48.86409
1999-02-07,-1.59857,0.52915,27.50000,39.65903
1999-02-08,-0.14951,-0.30827,26.25000,36.20687
1999-02-09,0.10896,-0.37968,31.75000,33.00105
1999-02-10,-0.07043,0.06053,30.75000,33.07930
1999-02-11,-0.49353,-0.11427,26.25000,31.83073
1999-02-12,-0.99135,0.09471,22.50000,32.94952
1999-02-13,-1.52474,-0.94363,24.75000,39.78255
1999-02-14,-0.74854,-0.06744,28.75000,46.78545
1999-02-15,-1.10847,-0.76392,28.75000,44.42408
1999-02-16,-0.45593,-0.76406,41.75000,43.98169
1999-02-17,-1.11137,-0.95538,26.50000,42.60138
1999-02-18,-1.35456,-1.05612,25.75000,41.24197
1999-02-19,-2.19782,-1.03074,27.25000,46.16197
1999-02-20,-2.64462,-0.74993,29.75000,54.77029
1999-02-21,-1.50317,-1.24338,29.75000,43.20178
1999-02-22,-0.93930,0.37736,25.50000,37.10863
1999-02-23,-1.50428,-0.60785,27.25000,36.64328
1999-02-24,-0.50248,0.07885,27.25000,40.05921
1999-02-25,0.17841,-2.81332,27.75000,44.17975
1999-02-26,0.65832,-2.17994,27.25000,45.74469
1999-02-27,-1.04871,-1.96793,26.50000,48.12073
1999-02-28,-1.64127,-1.32858,26.50000,46.24885
1999-03-01,-2.37995,-1.48264,27.50000,45.71289
1999-03-02,-1.98435,0.60680,28.00000,44.65688
1999-03-03,-0.47189,1.03622,44.00000,53.52810
1999-03-04,-1.12368,0.79457,42.50000,54.31605
1999-03-05,-0.71197,-0.23625,29.50000,47.09915
1999-03-06,-0.68359,-0.19654,30.00000,57.38731
1999-03-07,0.25185,-0.32066,33.00000,63.37206
1999-03-08,1.44000,-1.12279,33.75000,62.49828
1999-03-09,4.08350,-3.12380,32.25000,62.05571
1999-03-10,2.44213,-2.11764,30.00000,59.53459
1999-03-11,2.84466,-2.71973,33.00000,64.98857
1999-03-12,3.58410,-3.66535,34.25000,69.90617
1999-03-13,1.41089,-3.39114,32.75000,68.86666
1999-03-14,-1.67237,-0.65794,30.75000,64.92197
1999-03-15,-2.15614,-0.84772,32.00000,62.13516
1999-03-16,0.15058,-0.68715,35.50000,71.17930
1999-03-17,2.05962,-0.64035,36.00000,74.86909
1999-03-18,6.05554,-2.22402,37.00000,73.82073
1999-03-19,0.08899,-1.26316,37.25000,69.40414
1999-03-20,-0.42632,-1.70888,37.25000,64.40582
1999-03-21,-0.43273,-2.35137,33.25000,49.91994
1999-03-22,-0.60599,-1.61605,30.25000,52.18377
1999-03-23,0.05115,-1.31781,30.25000,55.14427
1999-03-24,-0.03604,-0.67508,29.75000,62.05462
1999-03-25,2.94083,-1.47071,29.75000,57.90899
1999-03-26,6.32828,-2.83767,29.50000,57.41132
1999-03-27,11.67511,-3.11015,28.00000,55.62791
1999-03-28,3.32857,0.52588,28.75000,52.05126
1999-03-29,0.62538,0.49675,35.50000,47.88522
1999-03-30,0.76800,0.46496,31.50000,49.50584
1999-03-31,1.33294,-0.46385,27.25000,47.47062
1999-10-01,-0.07320,-0.36190,39.75000,41.00132
1999-10-02,0.00063,-0.20018,37.25000,40.18966
1999-10-03,-0.06987,-0.32586,37.50000,39.01237
1999-10-04,-0.01895,-0.41734,36.50000,45.58565
1999-10-05,-0.03813,-0.19415,36.00000,42.90981
1999-10-06,0.08326,-0.24146,36.75000,40.03869
1999-10-07,0.76851,-0.06211,35.00000,39.49239
1999-10-08,1.45582,-0.38461,34.50000,41.23116
1999-10-09,1.09400,0.00818,34.50000,45.83614
1999-10-10,-1.16874,0.19093,35.25000,48.47877
1999-10-11,-0.51020,-0.33085,34.25000,47.51355
1999-10-12,-0.10146,-0.45815,32.75000,44.45981
1999-10-13,0.76885,-0.59099,33.00000,44.24389
1999-10-14,0.67051,-0.95166,32.00000,39.11390
1999-10-15,0.06467,-0.31928,30.50000,34.55683
1999-10-16,0.14590,-0.38419,32.00000,36.68594
1999-10-17,0.64890,-0.86319,30.25000,40.88219
1999-10-18,1.96899,-1.16161,33.25000,38.41852
1999-10-19,3.00546,-0.28226,35.50000,35.81364
1999-10-20,1.17926,0.31164,37.25000,32.88630
1999-10-21,0.19210,-0.32348,32.00000,35.83535
1999-10-22,0.11937,-0.10960,44.00000,38.03910
1999-10-23,0.18565,-0.35869,33.00000,41.29110
1999-10-24,0.34022,0.55979,32.50000,45.53799
1999-10-25,-0.06452,0.58459,33.00000,44.73997
1999-10-26,-1.78688,0.49104,34.00000,42.67937
1999-10-27,0.03296,0.84370,31.25000,41.21784
1999-10-28,-0.39258,1.02971,35.50000,53.19230
1999-10-29,-0.13916,0.10800,34.50000,57.22332
1999-10-30,0.72357,0.17880,32.50000,47.15736
1999-10-31,0.12778,0.07720,32.25000,38.74431
1999-11-01,0.02963,-0.23800,30.50000,37.31006
1999-11-02,-0.08917,-0.09117,31.75000,37.50040
1999-11-03,0.02112,0.46573,30.75000,39.89983
1999-11-04,-0.02171,0.21479,30.75000,44.23607
1999-11-05,-0.57470,0.63143,31.50000,44.80295
1999-11-06,-0.19454,0.57343,31.25000,40.05583
1999-11-07,-0.56698,-0.27422,30.75000,37.84812
1999-11-08,-0.64179,-0.64393,32.00000,37.94580
1999-11-09,-0.49854,-1.17194,32.00000,40.03302
1999-11-10,0.53643,0.02048,29.00000,43.55878
1999-11-11,-0.04983,-0.72106,27.00000,40.73846
1999-11-12,-0.85782,0.90022,37.75000,44.39341
1999-11-13,-1.59450,0.98781,33.25000,48.73892
1999-11-14,0.13606,1.08282,33.25000,50.03671
1999-11-15,0.17628,0.56985,32.00000,50.28135
1999-11-16,0.88516,-0.73976,29.25000,48.37347
1999-11-17,0.77546,0.49652,29.00000,48.00942
1999-11-18,0.30825,0.68557,27.75000,48.45177
1999-11-19,-0.46955,0.33546,29.50000,54.07779
1999-11-20,-0.33084,-0.38007,29.00000,54.49023
1999-11-21,0.24041,0.53917,27.00000,52.58153
1999-11-22,0.74162,0.31750,31.50000,56.96573
1999-11-23,0.70052,0.36388,32.00000,57.00448
1999-11-24,-0.12325,0.41459,33.75000,61.13665
1999-11-25,0.03248,-0.49309,34.50000,51.75082
1999-11-26,0.52319,-1.07596,30.75000,48.29801
1999-11-27,-0.88602,-0.14105,29.75000,53.26877
1999-11-28,-1.44175,1.53531,30.25000,47.97629
1999-11-29,-0.72416,1.42349,37.50000,40.56062
1999-11-30,0.42084,0.91629,36.50000,41.43762
1999-12-01,1.30375,0.30064,33.75000,42.04634
1999-12-02,1.62477,0.38941,33.25000,46.94593
1999-12-03,1.84640,0.43404,32.25000,46.04837
1999-12-04,0.69351,0.28540,32.00000,43.40936
1999-12-05,0.42848,0.33234,29.25000,48.24047
1999-12-06,0.21039,0.06789,28.00000,52.50760
1999-12-07,0.32792,-0.14118,29.25000,49.87324
1999-12-08,1.01317,-0.67727,28.75000,48.85168
1999-12-09,1.40173,-0.19808,30.25000,40.54022
1999-12-10,0.85162,0.02709,29.00000,45.37172
1999-12-11,0.82832,0.03238,27.50000,44.96038
1999-12-12,0.07717,0.53901,30.00000,53.61104
1999-12-13,-0.14148,-0.16809,29.75000,56.47489
1999-12-14,-1.62812,0.70356,28.75000,55.81348
1999-12-15,-0.94470,-0.77779,28.50000,53.33905
1999-12-16,-1.92633,0.73368,28.50000,50.80446
1999-12-17,-0.96125,1.46039,28.50000,47.59029
1999-12-18,0.01189,1.13848,28.50000,44.28207
1999-12-19,-0.47067,0.42722,29.00000,52.89126
1999-12-20,-0.04677,-0.74554,30.00000,59.07925
1999-12-21,-0.43074,0.24383,29.00000,59.45825
1999-12-22,0.17649,0.70701,31.25000,62.22554
1999-12-23,0.20063,0.49108,31.25000,61.73792
1999-12-24,0.19919,0.24968,30.75000,61.78730
1999-12-25,-0.20683,0.33203,28.75000,58.78439
1999-12-26,-0.13841,0.03574,26.25000,52.67447
1999-12-27,-0.15005,-0.47220,26.25000,47.35531
1999-12-28,-0.40704,0.23416,21.25000,42.59707
1999-12-29,-0.71244,1.16739,31.50000,38.16949
1999-12-30,-0.19551,-0.29005,28.00000,50.09733
1999-12-31,-0.69787,0.59771,26.75000,48.01409
2000-01-01,-0.13184,0.05736,27.50000,41.29533
2000-01-02,-0.79972,0.92218,44.75000,48.58644
2000-01-03,-0.80062,0.67233,25.00000,55.48055
2000-01-04,-0.91149,0.90964,28.50000,60.53440
2000-01-05,-0.46842,0.35844,29.75000,60.93067
2000-01-06,-1.04721,-0.18917,26.75000,44.80025
2000-01-07,-1.25766,0.90772,26.25000,42.44141
2000-01-08,-1.04616,0.46246,30.00000,42.55853
2000-01-09,-1.07131,0.43838,28.75000,50.48763
2000-01-10,-1.85364,-0.15272,28.00000,55.79342
2000-01-11,-3.53849,0.16651,27.75000,60.84824
2000-01-12,-1.09127,1.67712,30.25000,67.30463
2000-01-13,-1.91943,0.33143,31.25000,67.25217
2000-01-14,1.75061,-1.21080,30.75000,63.35520
2000-01-15,1.57674,-1.86450,31.25000,66.90865
2000-01-16,0.84204,-2.51962,30.75000,69.86473
2000-01-17,-1.13361,-1.02296,30.50000,67.79044
2000-01-18,-4.22734,0.93480,30.25000,59.49067
2000-01-19,-1.25897,0.42841,29.50000,53.53046
2000-01-20,0.54529,-1.68875,27.00000,56.97646
2000-01-21,1.83668,1.29203,25.25000,51.03918
2000-01-22,1.07125,0.53804,25.00000,50.45140
2000-01-23,2.55611,-0.38221,26.75000,54.28254
2000-01-24,-0.27577,0.05553,28.25000,58.98875
2000-01-25,-2.01471,0.85455,29.25000,67.44632
2000-01-26,-0.78544,1.08911,29.25000,64.75478
2000-01-27,-0.60114,-0.84604,28.75000,62.46391
2000-01-28,0.69880,-1.56660,27.50000,63.91035
2000-01-29,0.12821,0.62609,24.50000,54.13083
2000-01-30,-1.12314,1.19364,23.75000,48.66752
2000-01-31,0.15201,1.74996,26.50000,45.73526
2000-02-01,0.48596,2.69114,27.75000,60.72241
2000-02-02,5.33014,0.17020,26.00000,63.35670
2000-02-03,1.85374,-0.37814,26.75000,59.70756
2000-02-04,0.76172,0.54117,27.75000,69.67857
2000-02-05,1.80885,0.02014,28.75000,72.10309
2000-02-06,2.38300,-0.87048,30.25000,54.61518
2000-02-07,0.60208,-0.09041,28.00000,48.17928
2000-02-08,-0.76199,0.63934,29.50000,65.18270
2000-02-09,-0.58964,-0.20424,28.75000,67.37886
2000-02-10,0.05975,2.00734,30.25000,70.88815
2000-02-11,-0.29665,1.76659,29.25000,65.99577
2000-02-12,0.55473,-0.97455,29.75000,60.95760
2000-02-13,-0.74464,-0.82429,29.50000,52.72134
2000-02-14,-2.10221,-1.72509,29.25000,49.26047
2000-02-15,-3.84841,0.11168,26.00000,44.52680
2000-02-16,-1.84562,-0.84192,26.25000,49.04459
2000-02-17,-0.93018,-1.81858,29.25000,67.44044
2000-02-18,-1.73493,-1.84723,29.25000,75.32090
2000-02-19,-1.38063,-1.33277,29.00000,73.97326
2000-02-20,-2.63060,-1.09872,30.00000,67.40238
2000-02-21,-0.66450,-0.94948,29.75000,74.50768
2000-02-22,-2.25322,-0.43268,31.75000,75.06590
2000-02-23,-3.55616,-1.31797,30.75000,65.87495
2000-02-24,-3.33576,-2.13773,32.00000,58.01339
2000-02-25,-3.57024,-0.90239,30.00000,61.71788
2000-02-26,-3.04006,-0.09466,29.25000,63.15659
2000-02-27,-1.15969,0.65250,27.75000,53.90615
2000-02-28,-0.49462,1.97970,30.50000,53.95497
2000-02-29,-0.40772,1.77129,29.25000,54.42059
2000-03-01,1.39948,0.20681,29.00000,62.55939
2000-03-02,9.30327,-1.37693,28.25000,61.68294
2000-03-03,8.39410,-0.40036,31.25000,61.18436
2000-03-04,3.53724,1.24186,31.25000,69.89201
2000-03-05,3.11950,-1.41468,30.75000,74.73632
2000-03-06,4.24607,-0.65563,31.00000,72.03709
2000-03-07,1.24106,-0.16750,30.75000,65.40060
2000-03-08,3.82992,-2.64744,28.75000,59.12333
2000-03-09,2.12259,-2.07565,29.75000,57.41143
2000-03-10,0.44157,1.35338,30.25000,61.84716
2000-03-11,2.80871,0.22104,30.00000,63.50675
2000-03-12,6.23252,-0.86719,30.00000,65.13645
2000-03-13,7.65252,0.52854,28.75000,66.09564
2000-03-14,8.47973,-1.47763,29.00000,61.40434
2000-03-15,1.37577,-0.73031,28.75000,58.20115
2000-03-16,0.39620,0.71361,29.50000,59.71115
2000-03-17,1.09264,0.02332,28.75000,62.85998
2000-03-18,2.38084,-2.08012,29.25000,66.21577
2000-03-19,3.17106,-3.02211,29.25000,59.67729
2000-03-20,-0.19514,-1.91428,29.75000,49.73118
2000-03-21,-0.71936,-0.57764,30.25000,49.48116
2000-03-22,-1.44232,0.32869,29.00000,53.80652
2000-03-23,-1.20014,-0.78355,31.25000,42.80788
2000-03-24,-2.49251,-1.65002,28.00000,41.76298
2000-03-25,-3.10432,-0.99903,27.25000,36.77570
2000-03-26,-2.50166,-0.82128,26.50000,33.35961
2000-03-27,-0.47853,-0.34902,26.00000,33.77255
2000-03-28,-0.02500,-0.18158,28.50000,36.14622
2000-03-29,-0.29277,0.24859,45.00000,38.52929
2000-03-30,0.11772,0.36093,45.00000,43.29814
2000-03-31,1.18231,0.33851,33.00000,49.67286
2000-10-01,-0.30301,-0.55398,34.25000,39.70195
2000-10-02,0.07017,-0.72848,35.00000,43.29144
2000-10-03,0.82669,-0.52935,35.75000,41.50489
2000-10-04,0.16438,-0.23999,41.25000,46.87411
2000-10-05,0.10522,-0.67896,40.25000,47.72565
2000-10-06,-0.07567,-0.49853,41.75000,53.65107
2000-10-07,0.31820,-0.66314,40.50000,57.41607
2000-10-08,0.03189,-0.76498,39.75000,53.91393
2000-10-09,0.45164,-0.48070,36.50000,43.89616
2000-10-10,0.23071,-0.36021,35.75000,42.10311
2000-10-11,0.11532,-0.61044,35.00000,39.71032
2000-10-12,-0.07299,-0.48008,33.25000,44.40933
2000-10-13,-0.14596,-0.14770,33.75000,43.74938
2000-10-14,-0.00796,-0.73851,31.00000,44.85242
2000-10-15,0.44114,-0.71621,31.00000,45.20963
2000-10-16,0.36539,0.20228,31.25000,44.79816
2000-10-17,-0.43009,-0.08773,32.75000,47.50346
2000-10-18,0.06312,-0.23743,35.75000,48.40151
2000-10-19,-0.01269,0.30755,35.75000,50.42853
2000-10-20,0.10896,0.56176,33.75000,47.81173
2000-10-21,0.15942,0.36323,31.75000,48.62959
2000-10-22,0.46357,0.37464,31.75000,46.97423
2000-10-23,0.38156,0.65561,30.75000,50.42933
2000-10-24,0.12656,-0.05957,32.50000,43.89666
2000-10-25,-0.11206,-0.01775,33.00000,42.42005
2000-10-26,0.16898,-0.68761,32.75000,39.03026
2000-10-27,1.69172,-0.28983,31.75000,41.35336
2000-10-28,2.57042,-0.98317,33.00000,35.36825
2000-10-29,0.07708,-0.97081,41.00000,39.67497
2000-10-30,0.25352,0.44672,37.25000,41.62186
2000-10-31,1.08699,0.31552,36.00000,43.05352
2000-11-01,0.93526,-0.05510,32.25000,41.84035
2000-11-02,0.37915,-0.52216,33.75000,45.09149
2000-11-03,-0.11109,-0.45866,32.25000,43.32390
2000-11-04,-0.15514,0.08491,31.75000,39.68885
2000-11-05,-0.16899,0.33874,31.25000,41.23485
2000-11-06,-0.44729,0.70802,29.75000,41.65640
2000-11-07,-0.46703,0.42266,44.50000,44.59290
2000-11-08,-0.69951,0.48605,30.00000,41.90885
2000-11-09,-0.21456,-0.03560,30.00000,46.06817
2000-11-10,-0.04404,-0.12169,29.25000,44.04780
2000-11-11,0.51836,-0.03095,35.75000,45.68896
2000-11-12,0.71201,0.43349,33.00000,49.87068
2000-11-13,0.43738,-0.24335,29.25000,55.43823
2000-11-14,0.19573,-0.60853,26.75000,50.58969
2000-11-15,0.36087,0.84445,26.25000,42.87417
2000-11-16,1.27077,0.55903,29.75000,45.96350
2000-11-17,0.90556,-0.06848,33.25000,52.84179
2000-11-18,-0.03940,-0.26775,31.50000,52.71396
2000-11-19,0.52141,-0.91426,29.75000,59.14074
2000-11-20,1.40358,0.21258,29.00000,60.64355
2000-11-21,0.24051,-0.20560,30.00000,65.20179
2000-11-22,0.15840,-0.16887,29.75000,58.24301
2000-11-23,-0.54669,-0.14350,30.25000,57.55555
2000-11-24,-1.55889,-0.14116,33.25000,67.21036
2000-11-25,-1.42160,-0.75591,33.00000,65.83788
2000-11-26,-1.99647,-0.80350,32.00000,60.09131
2000-11-27,-0.70051,-0.44233,30.25000,60.59544
2000-11-28,0.50451,-1.09772,29.00000,62.04165
2000-11-29,0.16434,-0.73649,30.00000,58.46978
2000-11-30,-0.23417,-1.35840,31.25000,70.11079
2000-12-01,-0.87726,-1.40819,30.50000,64.87646
2000-12-02,-1.49401,-0.82967,29.50000,56.26501
2000-12-03,-0.62077,1.39614,30.25000,52.11876
2000-12-04,-0.45696,-0.18194,32.75000,61.40057
2000-12-05,-0.67505,-0.56245,30.25000,58.67318
2000-12-06,-0.44932,-0.75620,30.50000,55.64936
2000-12-07,-0.91588,-0.16664,29.75000,54.09622
2000-12-08,-0.43749,-0.31959,25.75000,50.66605
2000-12-09,-1.58266,0.18118,28.50000,51.09554
2000-12-10,-1.38833,-0.19356,27.25000,53.21085
2000-12-11,-2.71777,-0.77965,28.75000,58.83103
2000-12-12,-2.93385,0.49763,29.50000,57.73069
2000-12-13,-1.79366,1.69622,27.50000,50.90228
2000-12-14,-0.64873,0.94191,30.50000,48.49224
2000-12-15,-0.75343,0.61369,30.00000,52.16578
2000-12-16,0.33121,1.07944,32.50000,50.22269
2000-12-17,0.46382,0.46182,35.00000,63.40369
2000-12-18,-0.60661,-0.21384,32.25000,61.21856
2000-12-19,-1.30346,-1.10612,30.50000,58.75149
2000-12-20,-2.73498,0.69453,30.75000,55.84479
2000-12-21,-0.78937,0.75806,28.75000,50.03215
2000-12-22,-2.66710,1.27902,28.50000,41.80178
2000-12-23,-0.83999,0.71493,31.75000,45.81831
2000-12-24,1.33228,0.25901,31.25000,44.55777
2000-12-25,0.07341,0.12213,28.75000,50.89666
2000-12-26,2.17136,0.27363,27.75000,48.29436
2000-12-27,1.16307,1.07622,28.25000,59.59657
2000-12-28,1.12331,-0.01895,29.00000,68.05725
2000-12-29,-0.71746,0.08742,31.75000,70.03204
2000-12-30,-1.80438,0.76573,34.25000,66.83464
2000-12-31,-0.73058,0.09299,35.25000,56.12483
2001-01-01,0.67132,-0.32242,28.50000,52.14152
2001-01-02,-0.19723,-0.54441,27.50000,54.28053
2001-01-03,-1.98068,0.61111,27.50000,55.15406
2001-01-04,-3.32050,-0.11351,27.25000,56.13942
2001-01-05,-2.23174,-0.02773,27.25000,62.45905
2001-01-06,-1.52101,1.40734,27.00000,60.00323
2001-01-07,-1.10226,-0.50334,27.25000,74.33894
2001-01-08,-1.56328,-0.69531,28.50000,75.29369
2001-01-09,-0.02180,-0.06579,30.75000,78.04156
2001-01-10,-1.49776,1.74053,32.00000,85.31146
2001-01-11,-1.13153,1.03910,32.50000,85.95516
2001-01-12,-2.50242,1.27314,31.75000,69.69997
2001-01-13,-0.87297,-0.81371,29.00000,65.68399
2001-01-14,-2.25513,0.87044,28.00000,59.88021
2001-01-15,-2.10047,1.53121,30.00000,56.37756
2001-01-16,-0.75921,-0.06028,29.25000,57.35022
2001-01-17,-1.39362,0.90254,28.50000,61.05037
2001-01-18,-0.77773,-0.30410,30.75000,58.10786
2001-01-19,-0.29746,0.14990,31.75000,51.23236
2001-01-20,-0.92096,-0.56747,33.25000,50.72766
2001-01-21,-0.78504,-0.19101,29.50000,66.05508
2001-01-22,-0.27841,-0.95071,29.00000,75.89155
2001-01-23,4.37525,-2.52719,29.50000,75.30133
2001-01-24,-0.89825,0.29701,31.00000,67.42632
2001-01-25,-0.63176,1.15123,34.50000,82.03848
2001-01-26,-4.32369,0.83252,35.00000,88.98610
2001-01-27,-4.69527,1.08971,34.00000,80.82238
2001-01-28,-3.87189,1.54860,34.25000,80.30591
2001-01-29,-3.22114,0.02776,37.25000,79.12945
2001-01-30,-2.76697,-0.19992,37.00000,77.26556
2001-01-31,-1.44881,-0.35683,35.75000,68.83018
2001-02-01,0.14971,-1.07163,34.75000,70.62654
2001-02-02,0.11883,-3.72629,33.75000,62.78706
2001-02-03,-0.06500,-0.58552,32.75000,52.51495
2001-02-04,-0.87268,-0.73809,33.50000,49.54066
2001-02-05,0.50948,-1.26221,28.25000,54.99919
2001-02-06,0.93142,-0.56561,30.00000,65.64256
2001-02-07,-1.72880,0.13806,32.00000,73.49207
2001-02-08,-2.60084,-0.63902,32.50000,73.03326
2001-02-09,-4.04951,1.70327,32.75000,66.14252
2001-02-10,-0.43102,-0.35857,33.25000,72.13760
2001-02-11,-0.35297,-0.57416,31.50000,69.62697
2001-02-12,-0.50579,-1.18807,30.75000,62.71294
2001-02-13,-2.84611,-0.04581,30.50000,59.08263
2001-02-14,-1.94363,0.44014,32.00000,47.21251
2001-02-15,-0.22286,0.30170,28.00000,44.53822
2001-02-16,0.29335,0.82078,29.50000,40.37081
2001-02-17,-0.68887,-0.29442,25.50000,39.34802
2001-02-18,-0.10424,-1.07092,24.25000,43.57430
2001-02-19,0.64737,-0.60442,27.00000,41.87352
2001-02-20,-0.73553,0.49731,24.25000,44.34871
2001-02-21,0.82480,-1.32618,23.25000,46.75401
2001-02-22,2.44397,0.28432,25.25000,44.43118
2001-02-23,-1.21670,0.70343,30.00000,44.99680
2001-02-24,1.87309,0.05897,29.75000,50.91434
2001-02-25,5.19351,-0.54549,25.75000,54.24125
2001-02-26,10.12504,-2.83948,23.25000,54.82890
2001-02-27,1.81176,-1.16882,27.00000,52.53642
2001-02-28,0.28161,-0.97461,26.25000,52.43409
2001-03-01,0.04215,-2.90752,27.25000,56.58382
2001-03-02,-1.34801,-2.08921,28.25000,54.79065
2001-03-03,-1.69356,-0.22360,28.50000,48.96317
2001-03-04,-1.99343,-1.27246,22.25000,47.94024
2001-03-05,-3.31163,-1.67540,23.50000,67.54866
2001-03-06,-1.60466,-0.23423,24.50000,66.61201
2001-03-07,-0.75775,0.09599,24.25000,60.96177
2001-03-08,-0.64616,-0.81327,24.00000,55.80076
2001-03-09,-1.37308,-0.69697,24.75000,54.36723
2001-03-10,-1.00359,-1.00721,24.00000,58.52205
2001-03-11,-0.74212,-0.19795,24.50000,51.48513
2001-03-12,-0.63888,-0.05227,26.50000,45.05254
2001-03-13,0.08458,-0.53480,24.25000,49.66066
2001-03-14,-0.00589,-0.57756,25.00000,49.70827
2001-03-15,0.39199,-1.37896,26.25000,58.35910
2001-03-16,0.37579,-1.53678,29.00000,52.43500
2001-03-17,0.27184,-1.51329,29.25000,43.75960
2001-03-18,0.19333,-1.13248,24.75000,45.37006
2001-03-19,-0.51666,0.00688,24.25000,39.07251
2001-03-20,0.20771,-0.30370,26.25000,41.22995
2001-03-21,1.01297,-0.78322,25.00000,44.70860
2001-03-22,2.03936,-1.61612,25.50000,46.89278
2001-03-23,0.84972,-2.00202,24.50000,47.46899
2001-03-24,2.53568,-1.39446,25.75000,52.63573
2001-03-25,1.12425,-0.90914,27.00000,64.57968
2001-03-26,2.84373,-1.01725,25.75000,57.16029
2001-03-27,1.96050,-0.10178,25.25000,52.33996
2001-03-28,2.59754,-0.31913,27.75000,48.60366
2001-03-29,2.60343,-0.66239,27.00000,51.22941
2001-03-30,3.92206,-0.30002,26.25000,45.36958
2001-03-31,2.34290,-1.05900,22.75000,42.36624
2001-10-01,0.51724,-1.11062,37.50000,36.27733
2001-10-02,0.53219,-0.63877,34.50000,30.97383
2001-10-03,0.99053,-0.22678,38.25000,36.99903
2001-10-04,1.23601,-0.41997,36.00000,47.27485
2001-10-05,1.58822,-0.22607,35.75000,53.56842
2001-10-06,1.41292,-0.64132,36.25000,52.83797
2001-10-07,0.47692,-0.74076,35.25000,44.35893
2001-10-08,0.27087,-0.61014,33.75000,36.74623
2001-10-09,0.14201,-0.36219,37.25000,43.15103
2001-10-10,0.69960,-0.10998,35.50000,39.46829
2001-10-11,0.49859,-0.44344,34.25000,46.88038
2001-10-12,-0.00254,-0.07302,33.00000,45.77644
2001-10-13,-0.03206,-0.93021,31.25000,37.71743
2001-10-14,0.47463,-0.72725,31.50000,38.02069
2001-10-15,0.25549,-1.03853,31.00000,39.37472
2001-10-16,0.44137,-0.76380,33.75000,41.41744
2001-10-17,0.40750,-0.77298,34.50000,40.65430
2001-10-18,0.67259,0.04968,31.75000,40.60710
2001-10-19,0.45176,0.43891,30.75000,39.61853
2001-10-20,0.06245,0.60163,33.75000,36.32594
2001-10-21,0.12065,0.10030,45.00000,36.95592
2001-10-22,0.59739,-0.24677,31.50000,37.13661
2001-10-23,0.11863,-0.33259,30.50000,35.41062
2001-10-24,-0.35608,0.02186,33.50000,36.88891
2001-10-25,0.04851,0.46763,31.75000,35.84734
2001-10-26,-0.15408,0.24182,32.00000,38.06811
2001-10-27,0.76683,-0.68620,31.00000,36.94028
2001-10-28,0.97861,-0.50274,28.50000,33.60053
2001-10-29,0.37979,-0.64063,41.25000,36.30149
2001-10-30,0.71592,-0.95513,34.00000,37.87899
2001-10-31,0.96515,0.16307,30.50000,46.75215
2001-11-01,0.40942,0.16257,30.50000,48.33322
2001-11-02,-0.85141,0.59582,31.00000,53.45985
2001-11-03,0.02233,0.42601,32.25000,51.87541
2001-11-04,0.43561,-0.59064,30.75000,45.46386
2001-11-05,0.43531,-0.81046,28.50000,42.56311
2001-11-06,-0.56442,-0.23475,29.50000,46.51928
2001-11-07,0.18668,-0.88183,29.00000,50.62361
2001-11-08,0.00824,-1.81348,29.25000,48.86401
2001-11-09,0.30352,-0.73133,31.25000,47.04191
2001-11-10,0.05655,-0.19474,31.75000,51.08747
2001-11-11,1.04774,-0.46266,32.75000,53.43160
2001-11-12,1.36016,-0.54858,33.00000,60.86336
2001-11-13,0.30594,0.54366,32.25000,51.94984
2001-11-14,-0.44724,0.44169,34.75000,43.25417
2001-11-15,0.20544,0.02378,35.25000,49.34272
2001-11-16,-0.13763,0.32277,35.50000,52.97903
2001-11-17,-0.27364,0.06726,32.00000,52.84665
2001-11-18,-0.22039,0.48132,30.25000,43.16016
2001-11-19,-0.18035,-0.07023,27.75000,38.17851
2001-11-20,-0.06403,0.09330,35.50000,36.54985
2001-11-21,-0.01503,0.09722,33.75000,40.08435
2001-11-22,-0.12291,0.53727,32.25000,49.88393
2001-11-23,-0.06247,0.14458,29.50000,52.11692
2001-11-24,-0.73700,-0.00431,27.75000,44.67118
2001-11-25,-0.47899,0.45946,25.00000,39.89987
2001-11-26,0.20321,-0.28553,29.25000,44.16457
2001-11-27,0.12875,-0.60005,27.75000,50.57351
2001-11-28,0.16284,-0.78319,30.00000,54.87085
2001-11-29,-0.55713,-0.39121,30.00000,54.76921
2001-11-30,-0.31316,0.17746,30.25000,66.72302
2001-12-01,-0.02742,0.09368,31.75000,66.01340
2001-12-02,-0.62950,-0.93598,30.00000,53.73142
2001-12-03,-1.25108,0.30656,33.00000,52.88249
2001-12-04,-0.52725,-0.08856,30.50000,56.08787
2001-12-05,-0.82598,-0.22799,30.75000,52.13613
2001-12-06,-0.92275,0.18607,26.75000,46.52365
2001-12-07,-0.88860,0.89644,34.50000,43.03894
2001-12-08,-0.51264,0.13154,32.25000,47.73810
2001-12-09,-1.14617,0.51963,28.00000,47.19137
2001-12-10,-1.89757,-0.30085,37.50000,47.81818
2001-12-11,-2.06043,0.58423,31.00000,53.84109
2001-12-12,-1.60840,-0.68024,30.75000,50.44762
2001-12-13,-1.69248,0.74190,32.75000,44.16663
2001-12-14,-0.00446,-0.50918,31.75000,43.17267
2001-12-15,1.18418,-0.30160,26.75000,47.42125
2001-12-16,1.31001,-1.20321,26.25000,51.74418
2001-12-17,0.01536,-0.13482,27.75000,49.10598
2001-12-18,-0.89610,0.32458,30.25000,50.46814
2001-12-19,0.47270,-1.21829,29.50000,49.02297
2001-12-20,0.03638,-1.07889,28.00000,53.84974
2001-12-21,-0.72767,0.34977,29.50000,52.18089
2001-12-22,-0.78889,0.87851,27.25000,45.00497
2001-12-23,-0.39408,1.02858,22.00000,37.54671
2001-12-24,-0.05569,-0.11768,26.25000,37.57481
2001-12-25,0.41231,0.01417,34.50000,36.95267
2001-12-26,0.30305,0.23098,32.50000,35.46520
2001-12-27,-0.41391,-0.90048,15.25000,38.07857
2001-12-28,-0.49508,-0.42098,24.50000,39.99271
2001-12-29,-0.10113,-0.69737,20.75000,46.61677
2001-12-30,-1.72154,-0.11099,22.75000,54.52397
2001-12-31,-1.82412,-1.15152,26.75000,45.18543
2002-01-01,-0.62398,-0.47536,24.50000,35.83959
2002-01-02,-0.84157,0.13976,21.00000,37.45839
2002-01-03,-0.13847,-0.12859,22.50000,40.49579
2002-01-04,0.09380,0.42503,22.00000,38.69516
2002-01-05,0.42973,0.27900,20.75000,40.93068
2002-01-06,-0.00216,0.30033,20.75000,53.45515
2002-01-07,0.16240,-0.43927,20.75000,45.32214
2002-01-08,-0.12201,-0.44513,18.25000,41.53093
2002-01-09,-0.45057,-0.81460,20.25000,44.89465
2002-01-10,-1.79259,0.10421,21.50000,39.63318
2002-01-11,-0.28302,0.81948,32.50000,41.93420
2002-01-12,-1.38971,1.50168,43.00000,50.15399
2002-01-13,-0.50224,0.85465,43.00000,56.50344
2002-01-14,-0.50558,0.10028,30.75000,66.33192
2002-01-15,-0.10935,1.18260,29.25000,68.13486
2002-01-16,-0.10907,0.39379,27.25000,62.02465
2002-01-17,2.48532,0.29968,29.00000,72.88584
2002-01-18,1.63366,0.89778,31.25000,72.92413
2002-01-19,1.64334,-0.05880,31.50000,76.28622
2002-01-20,1.00629,0.55381,32.00000,65.38879
2002-01-21,0.36935,1.56824,31.25000,75.02039
2002-01-22,0.08528,-0.36697,30.75000,74.14807
2002-01-23,1.72403,-0.94149,31.25000,68.84039
2002-01-24,1.63742,-0.67956,32.00000,71.62001
2002-01-25,0.91073,1.10092,33.75000,85.24094
2002-01-26,-1.40297,0.66509,32.00000,78.15489
2002-01-27,-0.38072,0.91618,30.50000,68.73137
2002-01-28,2.64132,-0.49628,28.50000,69.41703
2002-01-29,-0.30783,0.70098,29.00000,66.53078
2002-01-30,-1.11636,0.57350,30.50000,59.32735
2002-01-31,-3.10688,1.46452,30.75000,62.90882
2002-02-01,-2.89239,2.50612,35.25000,65.76587
2002-02-02,-1.47263,0.20154,33.50000,75.27663
2002-02-03,-2.21702,-0.42309,30.75000,72.92228
2002-02-04,-2.78756,1.65088,29.75000,61.44540
2002-02-05,-3.32423,1.22004,30.75000,74.00813
2002-02-06,-0.82948,0.79624,33.00000,79.76000
2002-02-07,-1.10629,1.72756,31.75000,62.66533
2002-02-08,-1.08260,1.52598,31.50000,54.91193
2002-02-09,-1.23979,-0.65481,31.50000,56.21818
2002-02-10,-1.24758,-0.60353,30.50000,47.59719
2002-02-11,-1.09337,3.84133,30.25000,45.90095
2002-02-12,-0.46910,-1.49611,29.75000,42.79337
2002-02-13,-0.81557,-1.41717,30.50000,43.43117
2002-02-14,-2.68421,0.71654,29.50000,40.36341
2002-02-15,-3.14948,0.93058,26.50000,37.04791
2002-02-16,-1.16911,1.09640,45.00000,35.10406
2002-02-17,-0.55142,0.64425,23.00000,34.06472
2002-02-18,-1.24828,-0.67122,23.00000,42.59506
2002-02-19,-1.99041,0.24660,24.25000,45.09577
2002-02-20,-1.74602,0.77969,24.50000,48.16328
2002-02-21,-0.04142,-0.68115,27.25000,60.26554
2002-02-22,0.46411,1.67494,29.25000,53.68627
2002-02-23,-0.93265,1.42706,29.25000,52.79819
2002-02-24,0.83021,-1.03262,30.25000,52.74229
2002-02-25,-0.38175,-1.12129,27.50000,48.87347
2002-02-26,-1.33286,-1.59428,27.00000,51.90788
2002-02-27,-1.25647,0.69930,26.50000,48.50393
2002-02-28,-1.97300,1.26191,26.75000,42.95875
2002-03-01,-1.22132,1.89153,33.00000,43.32435
2002-03-02,-0.83580,2.32135,23.75000,48.79295
2002-03-03,-0.60975,-2.44350,25.75000,62.37090
2002-03-04,-0.44063,0.10183,26.50000,62.01160
2002-03-05,-0.68845,-0.42808,27.00000,60.74557
2002-03-06,-1.85865,-0.65561,25.00000,52.86872
2002-03-07,-2.28311,1.13929,23.25000,48.42228
2002-03-08,-0.67793,-0.01255,22.75000,49.87021
2002-03-09,0.99750,1.06714,25.75000,55.40021
2002-03-10,0.20323,0.76399,27.75000,60.40144
2002-03-11,1.19113,-1.25021,29.00000,62.28120
2002-03-12,-0.24984,-0.61675,28.75000,55.43122
2002-03-13,-0.23465,-0.76035,26.75000,52.20317
2002-03-14,0.04543,-1.02653,26.25000,47.89399
2002-03-15,-1.69496,0.09807,27.50000,42.68232
2002-03-16,-0.46534,0.09479,21.00000,45.53140
2002-03-17,-1.46690,0.78138,23.75000,51.72966
2002-03-18,-1.14424,0.91715,22.75000,52.65455
2002-03-19,0.09334,0.65747,22.75000,48.55343
2002-03-20,0.19158,0.81155,42.50000,41.66212
2002-03-21,0.93937,-0.03830,40.75000,41.43623
2002-03-22,2.64833,-0.79346,29.00000,38.11382
2002-03-23,2.91502,0.08430,31.00000,40.99880
2002-03-24,5.99626,-0.00993,27.00000,51.24057
2002-03-25,8.35641,-0.55958,26.50000,48.12878
2002-03-26,7.55694,-1.32675,25.25000,52.84710
2002-03-27,4.22038,-0.97955,26.75000,55.61347
2002-03-28,2.51518,-1.10525,27.00000,44.77771
2002-03-29,2.24026,-0.40146,28.25000,41.60925
2002-03-30,2.15862,0.54811,23.25000,34.95039
2002-03-31,1.32399,0.65404,28.75000,36.58263
2002-10-01,0.17970,-0.50469,35.50000,39.70818
2002-10-02,0.06454,-0.67522,35.00000,41.41798
2002-10-03,-0.01708,-0.50394,35.00000,36.54010
2002-10-04,0.07203,-0.28129,34.75000,35.59475
2002-10-05,0.09730,-0.18269,32.25000,34.12013
2002-10-06,0.10658,-0.55890,31.00000,30.99963
2002-10-07,0.02507,-1.21300,45.00000,31.19541
2002-10-08,-0.09354,-1.21470,45.00000,27.59151
2002-10-09,0.02314,-0.88126,32.00000,31.71224
2002-10-10,-0.02920,-1.00274,28.50000,35.91913
2002-10-11,-0.05119,-0.33053,27.00000,39.42650
2002-10-12,-0.14434,-0.33106,25.50000,34.38948
2002-10-13,0.07756,-0.09785,29.25000,34.89531
2002-10-14,0.11252,-0.93619,45.00000,44.60372
2002-10-15,0.46451,-0.69041,45.00000,51.96605
2002-10-16,0.07636,-0.22063,29.50000,45.78139
2002-10-17,-0.08251,-0.29861,31.25000,48.87075
2002-10-18,0.86857,-0.24077,31.25000,50.48200
2002-10-19,1.72765,0.05767,30.50000,51.54660
2002-10-20,-0.07168,0.53393,32.50000,49.94585
2002-10-21,0.18479,0.10927,31.50000,48.20873
2002-10-22,-0.14181,-0.15069,31.00000,51.75890
2002-10-23,-0.60370,-1.28136,31.25000,55.45034
2002-10-24,-0.57130,-0.62408,32.00000,49.08927
2002-10-25,-0.34126,-0.34987,31.25000,50.32338
2002-10-26,-0.36727,0.56904,30.50000,48.26897
2002-10-27,-1.18582,0.45671,29.50000,51.79313
2002-10-28,-1.02337,0.51173,29.25000,48.26998
2002-10-29,-1.10160,0.52550,27.25000,43.18713
2002-10-30,-0.00118,-0.04203,28.50000,42.54899
2002-10-31,-0.89610,-0.39059,29.00000,45.16986
2002-11-01,0.14796,-1.31080,30.50000,40.52142
2002-11-02,0.17049,-0.79529,27.75000,34.40876
2002-11-03,0.17488,-0.58307,24.25000,35.11443
2002-11-04,0.32646,-0.49446,24.50000,42.52069
2002-11-05,-0.08527,-0.26711,25.00000,47.50861
2002-11-06,0.05810,-0.37924,29.50000,41.94421
2002-11-07,0.16965,-0.84265,28.25000,38.10443
2002-11-08,-0.01015,-1.14191,26.75000,48.15427
2002-11-09,-0.13884,-0.51829,29.50000,50.56885
2002-11-10,-0.08435,-1.19754,31.00000,50.68647
2002-11-11,0.39008,-0.73528,34.25000,49.61805
2002-11-12,2.54951,-0.24577,35.25000,44.33503
2002-11-13,3.44137,-0.74483,29.75000,48.00212
2002-11-14,-1.97809,0.34131,28.50000,48.11283
2002-11-15,-1.80324,0.43397,30.00000,49.73072
2002-11-16,-0.68693,0.80150,31.00000,54.46035
2002-11-17,-0.03684,1.50027,33.50000,56.17942
2002-11-18,-0.26409,1.58388,34.25000,70.36520
2002-11-19,-1.00242,1.06472,33.00000,75.77657
2002-11-20,0.10347,-0.14646,30.50000,58.40365
2002-11-21,0.91730,1.05646,33.50000,50.26544
2002-11-22,0.82241,0.83704,33.00000,56.73069
2002-11-23,0.73684,0.94842,34.00000,66.62414
2002-11-24,0.42430,0.80345,34.00000,66.70739
2002-11-25,0.15186,-0.19670,30.25000,52.38099
2002-11-26,0.40541,0.13128,28.00000,46.37788
2002-11-27,-0.52491,0.90918,34.25000,47.88559
2002-11-28,-0.12449,0.94427,33.25000,56.27761
2002-11-29,0.51502,0.12320,33.25000,57.59763
2002-11-30,0.13930,0.22192,36.50000,53.15771
2002-12-01,-0.17560,-0.85287,29.50000,50.97746
2002-12-02,-0.67223,0.66199,45.00000,46.92150
2002-12-03,-0.19770,0.34745,44.75000,50.30239
2002-12-04,-0.39870,-0.45822,35.00000,46.30837
2002-12-05,-1.54377,-0.56556,32.75000,51.90570
2002-12-06,-0.71577,-1.05511,29.50000,53.84590
2002-12-07,-0.94771,-0.38275,28.75000,55.47726
2002-12-08,-1.99884,-0.51489,27.75000,58.16113
2002-12-09,-1.24933,0.46064,28.25000,54.93545
2002-12-10,-0.38877,0.48908,26.25000,52.41493
2002-12-11,-0.07880,0.36354,23.75000,47.56985
2002-12-12,-0.14457,-0.17064,27.25000,42.15087
2002-12-13,-0.30630,1.02835,29.25000,41.06638
2002-12-14,-0.67104,0.85992,40.25000,42.58387
2002-12-15,-0.32227,0.30832,34.00000,40.45510
2002-12-16,-0.15905,0.42369,24.75000,46.69880
2002-12-17,-0.41018,0.36469,26.50000,58.28860
2002-12-18,-0.36677,0.16623,25.50000,62.23254
2002-12-19,-0.54386,0.21274,28.25000,72.38844
2002-12-20,2.01439,-0.83231,27.50000,73.04925
2002-12-21,-0.41650,-0.48595,26.75000,65.82391
2002-12-22,-1.47555,0.57108,26.25000,58.16300
2002-12-23,-1.69287,1.03767,26.00000,55.77058
2002-12-24,-0.45769,0.74722,24.75000,57.25124
2002-12-25,-0.83224,-0.96755,25.00000,61.53244
2002-12-26,-1.98313,0.31394,30.50000,64.08153
2002-12-27,-1.47676,-0.56795,27.00000,61.33055
2002-12-28,-0.84259,-0.16518,28.75000,64.32248
2002-12-29,-2.31101,-0.09564,30.00000,64.50745
2002-12-30,-0.72882,0.43805,31.75000,75.56563
2002-12-31,-0.54835,1.27992,31.50000,58.81976
2003-01-01,1.38517,-0.79637,27.75000,63.73912
2003-01-02,-1.83826,2.50802,29.00000,63.81814
2003-01-03,0.31940,1.90682,31.50000,58.05433
2003-01-04,0.37970,-0.73383,26.50000,60.63334
2003-01-05,0.03806,-0.76655,27.00000,52.08735
2003-01-06,-0.98531,1.49602,32.25000,57.44981
2003-01-07,0.42974,-1.00555,29.00000,62.12546
2003-01-08,0.54573,-1.04475,27.50000,61.11476
2003-01-09,-2.79576,1.18676,27.25000,66.21163
2003-01-10,-1.06101,-1.52193,28.25000,58.15267
2003-01-11,-0.57869,-0.52956,27.00000,55.85576
2003-01-12,-0.58503,-0.80673,28.00000,58.16698
2003-01-13,-0.99319,-2.21363,25.00000,64.89036
2003-01-14,-2.12106,-0.40556,22.50000,54.22491
2003-01-15,-0.63710,1.09442,21.25000,46.42200
2003-01-16,-0.21079,1.28551,38.75000,46.88810
2003-01-17,-0.00042,1.51377,40.25000,49.16496
2003-01-18,-0.15485,1.05738,39.50000,49.53395
2003-01-19,-0.58737,0.86684,37.25000,43.40038
2003-01-20,-0.98817,0.63199,43.00000,38.62986
2003-01-21,-1.20657,0.78500,29.25000,54.62603
2003-01-22,-1.43557,-0.03322,27.25000,56.69204
2003-01-23,-0.13820,-0.41071,29.00000,55.63804
2003-01-24,-0.66396,-0.29766,26.75000,61.97532
2003-01-25,-0.88924,-0.04337,29.00000,65.65791
2003-01-26,-2.43692,0.47603,28.75000,65.15202
2003-01-27,-3.41125,-0.14572,28.00000,58.36727
2003-01-28,-1.31306,0.98514,25.50000,61.65432
2003-01-29,-0.79966,-1.36105,25.00000,63.90722
2003-01-30,0.82045,0.22900,27.25000,61.14061
2003-01-31,-0.41496,1.59063,27.75000,72.95193
2003-02-01,0.50181,0.56581,29.00000,64.17533
2003-02-02,-0.85192,-0.41284,31.50000,53.17770
2003-02-03,-1.72478,0.40751,28.25000,52.60965
2003-02-04,-1.83108,0.83758,27.75000,50.01063
2003-02-05,-1.37449,-0.08996,26.75000,42.96025
2003-02-06,-1.33547,1.18167,27.75000,42.95776
2003-02-07,-0.16150,0.17578,27.75000,58.39945
2003-02-08,0.78304,-1.42109,24.75000,61.37362
2003-02-09,1.24453,-0.58043,23.25000,59.88102
2003-02-10,0.41048,0.03213,25.50000,59.06486
2003-02-11,-0.41524,-0.04254,26.50000,61.42464
2003-02-12,0.54854,-0.94982,24.50000,55.12687
2003-02-13,0.40375,-0.97896,24.50000,57.81391
2003-02-14,0.05213,-1.28917,24.25000,61.65931
2003-02-15,-2.32465,1.24487,23.00000,52.58973
2003-02-16,-1.66834,0.98454,23.75000,55.23883
2003-02-17,-0.94378,1.67084,22.75000,56.80758
2003-02-18,-0.99198,3.00782,22.75000,49.73156
2003-02-19,-1.03962,0.97778,25.00000,49.78154
2003-02-20,-1.31048,-1.90643,25.75000,49.22388
2003-02-21,-3.00445,-0.07792,23.00000,44.12226
2003-02-22,-2.63923,1.59390,24.00000,43.15831
2003-02-23,-1.69361,1.11532,26.00000,47.21798
2003-02-24,-1.85063,0.25066,26.25000,51.41951
2003-02-25,-1.51879,0.87603,26.75000,50.14188
2003-02-26,0.56145,1.15048,26.75000,48.35528
2003-02-27,1.31896,1.38905,30.50000,50.39772
2003-02-28,-0.29895,1.02540,34.00000,55.42110
2003-03-01,0.61291,2.01677,34.00000,69.12759
2003-03-02,1.47404,2.46527,33.25000,71.78236
2003-03-03,3.61578,-1.50587,34.75000,69.37205
2003-03-04,3.73248,-7.08476,32.00000,67.15699
2003-03-05,3.43338,-3.73438,31.25000,69.18253
2003-03-06,-1.44345,-1.01579,30.75000,72.36247
2003-03-07,-3.17300,-0.25718,28.25000,61.52464
2003-03-08,-0.38406,-0.83844,27.25000,57.01403
2003-03-09,-2.59284,1.55357,24.50000,54.23962
2003-03-10,0.01596,-0.25322,24.75000,55.11586
2003-03-11,1.88027,-1.06574,25.25000,55.48850
2003-03-12,4.05285,-0.46877,22.75000,50.02322
2003-03-13,2.40025,-0.46450,36.25000,36.58781
2003-03-14,2.03422,0.92782,39.25000,39.53413
2003-03-15,2.20674,1.29957,28.25000,44.15672
2003-03-16,2.22789,0.59733,25.75000,51.46001
2003-03-17,2.65064,-0.43958,25.75000,40.10216
2003-03-18,0.86293,-0.07695,29.00000,36.72478
2003-03-19,2.52116,-0.12387,26.25000,37.39487
2003-03-20,-0.00712,0.17282,25.75000,37.28119
2003-03-21,1.42961,0.45444,24.50000,34.69783
2003-03-22,0.30778,0.42748,25.25000,33.39117
2003-03-23,0.03868,-0.41500,25.25000,35.21648
2003-03-24,-0.25198,-0.69180,24.50000,38.57357
2003-03-25,-0.21174,-0.22500,26.50000,39.50147
2003-03-26,0.60062,-0.31780,26.25000,41.80211
2003-03-27,1.14507,-0.41986,24.75000,32.01789
2003-03-28,-0.50852,0.26488,45.00000,36.71029
2003-03-29,0.44382,0.60409,45.00000,38.37276
2003-03-30,3.23299,-0.03155,30.50000,42.85192
2003-03-31,7.90064,-1.55529,29.75000,51.27069
2003-10-01,0.15967,-0.65265,38.75000,40.73240
2003-10-02,0.01212,-0.75033,37.50000,41.61036
2003-10-03,0.16655,-0.63756,34.00000,36.60934
2003-10-04,0.41839,-0.41057,34.25000,41.58490
2003-10-05,0.35963,-0.58424,33.75000,39.17830
2003-10-06,-0.36866,-0.50555,34.50000,37.48503
2003-10-07,0.49593,-0.61028,33.75000,47.02350
2003-10-08,1.45966,-0.78893,35.75000,59.25717
2003-10-09,2.68610,0.27603,36.00000,55.24216
2003-10-10,2.11487,0.76999,34.00000,54.73785
2003-10-11,-0.39163,-0.18024,36.25000,57.43119
2003-10-12,-0.41832,-0.89208,37.25000,52.10623
2003-10-13,-0.65970,-0.74744,39.00000,50.46011
2003-10-14,0.20638,0.00105,39.75000,43.63255
2003-10-15,-0.08290,-0.54811,37.50000,38.01865
2003-10-16,0.24956,-0.54409,35.50000,39.22387
2003-10-17,-0.15451,-0.68991,34.25000,46.29633
2003-10-18,0.10499,-0.62800,33.25000,45.04708
2003-10-19,0.40974,-0.59513,32.00000,44.38258
2003-10-20,0.21849,-0.37094,30.75000,48.76135
2003-10-21,0.25104,-0.36901,31.00000,50.59953
2003-10-22,0.42691,-0.78242,31.00000,45.88389
2003-10-23,0.13934,-0.61926,31.75000,45.92972
2003-10-24,0.21634,-0.33784,32.75000,46.37051
2003-10-25,1.14437,-0.01200,33.50000,41.92232
2003-10-26,1.66816,-0.50714,31.50000,41.01783
2003-10-27,1.02883,-0.44872,29.75000,47.48067
2003-10-28,0.88487,-0.14872,31.25000,45.16907
2003-10-29,-0.13537,0.07833,30.50000,44.59610
2003-10-30,-0.26892,-0.30169,29.50000,38.46967
2003-10-31,-0.04998,-0.29498,27.25000,38.48658
2003-11-01,-0.23101,-0.02096,43.50000,30.46316
2003-11-02,-0.23248,-0.70795,29.25000,33.33253
2003-11-03,-0.28903,0.21946,45.00000,33.71844
2003-11-04,-0.72828,0.34228,41.00000,39.91160
2003-11-05,-0.57978,0.72999,31.00000,43.49491
2003-11-06,-0.88222,0.39657,29.00000,52.87088
2003-11-07,0.15944,0.21804,27.75000,53.87907
2003-11-08,0.66719,-0.36867,30.00000,62.06546
2003-11-09,0.26392,0.08568,30.50000,61.65286
2003-11-10,0.37404,-0.45550,29.75000,55.30426
2003-11-11,0.57500,0.00538,30.00000,40.06395
2003-11-12,1.41672,-0.78014,45.00000,35.99870
2003-11-13,0.32442,0.00984,44.75000,41.26923
2003-11-14,0.11431,0.04866,29.25000,40.19815
2003-11-15,-0.31900,-0.48003,29.50000,48.34495
2003-11-16,-0.61102,-0.20393,27.75000,50.57674
2003-11-17,-0.59262,0.27509,29.00000,60.59111
2003-11-18,-0.13576,-0.44765,30.00000,63.98306
2003-11-19,-1.33275,-0.11565,31.50000,64.31589
2003-11-20,-2.63392,-0.44391,32.50000,63.99788
2003-11-21,-0.19950,1.27240,34.25000,52.96217
2003-11-22,0.39225,-0.11781,32.25000,56.25783
2003-11-23,0.17043,0.66701,30.25000,55.36821
2003-11-24,0.71430,0.03304,32.50000,63.02169
2003-11-25,0.89057,-0.31577,31.00000,56.68102
2003-11-26,0.64868,0.01709,29.00000,56.76817
2003-11-27,0.57691,-0.19580,29.00000,56.00193
2003-11-28,0.75426,-0.05076,30.00000,58.54031
2003-11-29,-0.26108,0.45262,28.75000,53.77215
2003-11-30,-0.14727,0.18593,28.75000,53.71891
2003-12-01,-0.87985,-0.34788,28.50000,56.93032
2003-12-02,-0.55827,-0.45305,28.75000,55.82346
2003-12-03,0.35861,-0.35609,26.75000,56.13547
2003-12-04,1.46418,-0.62864,26.75000,56.99899
2003-12-05,-0.18847,0.22759,27.50000,59.43433
2003-12-06,-1.27486,-0.12051,26.25000,52.94484
2003-12-07,-0.54125,1.50037,25.75000,39.66515
2003-12-08,1.44745,1.62877,31.25000,46.69497
2003-12-09,1.45414,0.54150,28.25000,56.72985
2003-12-10,0.88400,0.01501,28.25000,56.20519
2003-12-11,-0.68690,0.37870,28.00000,55.53404
2003-12-12,-0.63472,1.64351,29.50000,52.72605
2003-12-13,0.61756,0.89829,31.00000,60.40347
2003-12-14,-0.11031,0.21205,33.25000,62.44141
2003-12-15,0.09701,0.43827,36.50000,64.18618
2003-12-16,0.16680,-0.39427,38.00000,51.48311
2003-12-17,1.72920,-1.15989,31.50000,45.31033
2003-12-18,1.35213,-0.01625,31.00000,38.82250
2003-12-19,1.62949,-0.76420,26.50000,36.70234
2003-12-20,0.68964,-0.94624,31.50000,36.99731
2003-12-21,-0.22418,0.22082,28.50000,33.65279
2003-12-22,-0.51973,0.20075,30.25000,40.85555
2003-12-23,-0.33696,-0.13756,28.00000,42.20290
2003-12-24,-1.31662,-1.52104,27.75000,51.42875
2003-12-25,-2.54252,0.09951,28.75000,51.92547
2003-12-26,-2.24921,0.35940,28.25000,55.32938
2003-12-27,-0.34637,0.31119,28.25000,50.92017
2003-12-28,2.37342,-1.78660,25.25000,50.48682
2003-12-29,-2.51528,1.30282,26.25000,46.19138
2003-12-30,-0.20952,0.11997,29.00000,45.33380
2003-12-31,-0.32131,-0.13911,28.00000,53.98652
2004-01-01,-0.17688,-0.68763,28.25000,60.51080
2004-01-02,-0.48371,-1.01928,28.75000,61.31797
2004-01-03,-1.84389,-0.65383,27.50000,57.71406
2004-01-04,-1.81099,-0.99189,26.00000,57.14224
2004-01-05,-0.47589,0.08301,26.75000,48.91396
2004-01-06,0.23084,-1.21113,25.25000,42.35855
2004-01-07,1.06529,-0.44941,21.75000,42.31553
2004-01-08,0.78211,-1.30055,21.25000,41.79166
2004-01-09,-1.84236,1.07744,18.75000,38.90197
2004-01-10,-1.12477,1.68658,17.75000,37.44892
2004-01-11,-0.14959,0.68314,18.25000,41.38214
2004-01-12,-0.30688,1.01360,16.50000,43.10799
2004-01-13,-0.50409,0.36665,17.00000,40.41555
2004-01-14,0.64671,-0.00262,17.50000,42.03230
2004-01-15,-0.18554,1.93288,18.50000,41.00515
2004-01-16,-0.57557,1.73730,27.50000,53.43552
2004-01-17,-0.85573,1.33706,27.00000,70.46808
2004-01-18,-0.41688,-0.50288,25.75000,57.06753
2004-01-19,3.35046,0.43356,23.00000,52.38081
2004-01-20,-0.93928,0.57938,23.25000,48.82191
2004-01-21,-0.06449,2.91036,25.25000,47.98375
2004-01-22,-0.37711,0.77994,26.50000,52.21933
2004-01-23,-1.03888,0.20843,26.25000,57.05986
2004-01-24,0.69531,-1.24608,23.00000,68.44917
2004-01-25,-0.31564,-0.35395,26.00000,81.58475
2004-01-26,-1.95567,-1.26956,26.50000,76.23757
2004-01-27,-2.95879,-0.21727,27.75000,72.44340
2004-01-28,-2.16246,0.47827,27.00000,70.66268
2004-01-29,-1.61974,-0.18460,28.00000,73.33035
2004-01-30,-1.59685,0.67095,28.75000,80.09931
2004-01-31,-1.68969,-0.23596,29.75000,77.70744
2004-02-01,-0.63424,-1.68545,31.50000,76.30363
2004-02-02,-1.08753,-1.09770,33.00000,83.86382
2004-02-03,-2.78622,0.11661,31.25000,80.78706
2004-02-04,-4.56795,0.27148,29.75000,75.70046
2004-02-05,-4.14278,-0.41040,29.75000,67.43504
2004-02-06,-2.35601,-0.21118,30.50000,70.97964
2004-02-07,-2.25174,1.16398,34.50000,63.95226
2004-02-08,-0.53109,2.46365,31.00000,65.01130
2004-02-09,0.80051,1.08298,32.25000,67.99614
2004-02-10,0.37432,0.35946,30.50000,59.95806
2004-02-11,0.25364,0.15102,27.50000,49.43984
2004-02-12,-1.07438,0.28953,27.25000,43.15185
2004-02-13,-0.42066,-0.11233,27.00000,37.24361
2004-02-14,-0.34325,-0.67145,31.75000,38.16876
2004-02-15,-0.25206,-0.14515,27.50000,38.67817
2004-02-16,-0.60845,-0.05347,28.25000,36.76060
2004-02-17,-0.00078,1.37249,25.00000,43.34535
2004-02-18,0.37342,-0.05247,27.00000,47.33837
2004-02-19,0.65447,-0.69393,28.25000,50.03885
2004-02-20,4.35028,-0.46526,29.75000,57.67088
2004-02-21,-1.79940,0.87220,33.25000,62.44332
2004-02-22,-1.76465,0.36402,31.25000,60.55692
2004-02-23,-0.08629,0.79557,30.75000,51.84801
2004-02-24,-0.21890,0.30369,30.75000,53.10429
2004-02-25,-0.32648,1.23201,29.50000,41.53157
2004-02-26,-0.46350,0.82321,31.25000,42.84763
2004-02-27,-0.32722,0.36635,29.75000,45.23526
2004-02-28,1.67288,-0.88447,27.00000,61.60438
2004-02-29,4.44141,-1.73012,31.50000,73.35153
2004-03-01,0.61691,-0.94659,33.00000,82.60900
2004-03-02,1.95281,-0.89513,33.25000,77.61632
2004-03-03,-0.88399,-0.33261,33.00000,86.34498
2004-03-04,-2.75194,0.00611,33.25000,76.86919
2004-03-05,-0.92187,-0.67210,30.75000,71.00234
2004-03-06,-1.24517,-1.15534,28.25000,61.14996
2004-03-07,-0.95451,-0.82392,21.50000,40.77202
2004-03-08,-0.36450,-1.30511,45.00000,47.75287
2004-03-09,0.67208,0.19729,44.00000,62.57087
2004-03-10,-0.39280,-1.10084,42.00000,58.55914
2004-03-11,-1.81933,-0.36180,38.75000,50.78539
2004-03-12,0.11201,-0.14782,33.50000,47.48522
2004-03-13,-0.52840,0.70126,28.50000,40.35019
2004-03-14,-0.81803,0.39722,44.25000,51.83565
2004-03-15,0.44410,0.03853,44.00000,54.83963
2004-03-16,0.57723,1.04060,42.50000,54.61448
2004-03-17,1.25345,-0.47916,41.25000,43.95098
2004-03-18,0.84250,-0.50940,39.25000,51.63671
2004-03-19,1.38569,0.05985,35.25000,54.33337
2004-03-20,6.90270,-0.81950,34.00000,54.92112
2004-03-21,4.88641,-0.00198,36.50000,55.80752
2004-03-22,4.50500,0.68249,36.25000,51.81958
2004-03-23,9.60586,-1.19968,33.75000,57.07747
2004-03-24,9.69292,-2.84994,32.50000,58.19273
2004-03-25,5.59013,-1.94698,30.75000,49.52650
2004-03-26,3.52769,-1.55269,31.00000,47.52731
2004-03-27,3.87712,-1.89759,35.50000,44.04948
2004-03-28,4.01873,-3.04182,34.75000,39.70200
2004-03-29,4.66960,-2.17923,27.25000,40.39050
2004-03-30,5.06295,-2.07840,24.00000,44.69889
2004-03-31,6.19741,-1.28020,22.25000,41.74381
2004-10-01,0.10304,-0.01228,36.75000,47.13308
2004-10-02,0.12938,-0.16704,36.50000,43.04778
2004-10-03,0.47885,-0.01018,38.00000,40.22300
2004-10-04,0.44888,-0.35240,36.75000,36.19224
2004-10-05,1.23246,-0.52481,35.75000,31.72243
2004-10-06,0.89938,-0.43047,35.25000,28.33437
2004-10-07,2.96017,0.02795,40.00000,37.83418
2004-10-08,4.39242,0.01716,39.25000,37.56459
2004-10-09,0.44476,-0.00770,32.75000,44.82378
2004-10-10,-0.05424,-0.18791,33.75000,42.86096
2004-10-11,0.04966,0.57909,35.25000,34.38310
2004-10-12,0.22225,0.55736,36.50000,29.49588
2004-10-13,0.22550,-0.47662,28.50000,29.66227
2004-10-14,0.14036,-0.97904,26.50000,32.25920
2004-10-15,0.38442,-1.07011,28.75000,38.34207
2004-10-16,-0.03208,0.08112,30.25000,42.06262
2004-10-17,-0.32388,0.40531,31.75000,40.63150
2004-10-18,0.01522,0.70364,32.75000,42.93831
2004-10-19,-0.04231,0.13983,33.00000,44.15630
2004-10-20,-0.07547,-0.15360,31.25000,42.37467
2004-10-21,-0.09051,-0.34976,33.50000,42.61303
2004-10-22,-0.40823,-0.48589,29.75000,42.60988
2004-10-23,-0.42456,-0.05392,29.00000,42.84687
2004-10-24,-0.27587,0.24675,27.75000,43.57308
2004-10-25,-0.13308,-0.47039,26.25000,42.46493
2004-10-26,0.04273,-0.17343,26.00000,45.14547
2004-10-27,-0.25535,-1.06668,25.25000,47.52522
2004-10-28,0.05227,-0.85293,25.25000,54.45991
2004-10-29,-0.37461,-0.48933,27.00000,52.96514
2004-10-30,-0.54178,-0.85596,25.75000,55.94697
2004-10-31,-0.70516,-0.41198,27.75000,53.35040
2004-11-01,-1.30273,-0.41337,28.75000,59.80261
2004-11-02,-1.03583,-0.29778,30.25000,63.58305
2004-11-03,0.50360,-1.13635,30.00000,65.56523
2004-11-04,0.88264,0.26519,30.00000,61.10612
2004-11-05,1.20354,0.43520,29.75000,55.22052
2004-11-06,0.37087,0.38157,30.25000,50.67344
2004-11-07,-0.25398,-0.01289,30.25000,53.40774
2004-11-08,-0.89288,0.08559,28.00000,57.01818
2004-11-09,-1.59784,-0.23715,28.50000,54.50780
2004-11-10,-1.53517,0.56511,26.75000,48.25628
2004-11-11,-1.07217,-0.19444,27.50000,50.19011
2004-11-12,-1.67944,-0.34557,28.75000,53.47008
2004-11-13,-3.52034,-0.13225,29.00000,58.95319
2004-11-14,-3.38126,0.51094,29.00000,54.97744
2004-11-15,-1.48205,0.47784,30.50000,60.87959
2004-11-16,-1.44493,1.16967,33.50000,64.57304
2004-11-17,-0.26167,0.68886,33.75000,66.14652
2004-11-18,0.42770,-0.00837,31.25000,55.86968
2004-11-19,0.57955,-0.14532,28.25000,46.52921
2004-11-20,-0.04089,0.87537,26.75000,42.09455
2004-11-21,0.06085,0.42421,26.25000,37.34289
2004-11-22,0.53957,0.42119,29.25000,34.59945
2004-11-23,0.49718,-0.28723,25.00000,41.85911
2004-11-24,0.03715,0.41261,22.50000,36.71512
2004-11-25,-0.19057,0.48678,22.50000,33.41137
2004-11-26,0.13848,-0.52903,24.50000,37.62035
2004-11-27,0.44508,-0.86721,22.75000,39.11393
2004-11-28,0.37594,-0.93447,24.00000,33.65777
2004-11-29,-0.30196,0.69683,27.25000,35.22021
2004-11-30,0.15540,0.17150,28.00000,45.79150
2004-12-01,0.66335,-0.27013,29.00000,51.90836
2004-12-02,0.02218,-0.38376,29.50000,59.82874
2004-12-03,0.32617,0.93894,32.25000,58.07902
2004-12-04,-0.49975,1.43753,34.00000,69.86193
2004-12-05,-0.16170,0.30097,33.00000,64.60033
2004-12-06,-0.12638,0.09961,31.50000,63.71921
2004-12-07,1.41191,0.34970,33.75000,61.26730
2004-12-08,0.84779,-0.38600,31.75000,59.66832
2004-12-09,0.25842,0.83372,33.00000,52.22066
2004-12-10,0.38332,0.72566,28.25000,49.62363
2004-12-11,0.72472,0.41096,27.25000,46.50889
2004-12-12,1.09587,-0.59573,27.50000,47.73620
2004-12-13,0.36871,0.63831,27.00000,51.18240
2004-12-14,-0.40129,0.40460,28.00000,47.24981
2004-12-15,-0.68802,0.99341,24.75000,48.06133
2004-12-16,-0.77934,0.59454,24.75000,42.38375
2004-12-17,0.02250,1.18484,45.00000,44.93145
2004-12-18,-0.10840,0.51579,45.00000,43.56570
2004-12-19,-0.57903,0.11834,30.75000,50.05635
2004-12-20,0.44367,-0.11959,25.25000,52.94364
2004-12-21,2.00096,-0.79198,25.00000,54.62302
2004-12-22,0.56869,-0.07081,24.75000,58.58110
2004-12-23,-0.45659,-0.50784,26.25000,61.82481
2004-12-24,-2.24098,-1.03253,25.50000,54.17032
2004-12-25,-1.00472,-2.00061,27.75000,60.42025
2004-12-26,0.07389,-1.70615,27.00000,63.72389
2004-12-27,-2.47791,1.14905,27.00000,63.42045
2004-12-28,-0.82940,0.54149,32.25000,61.94872
2004-12-29,-0.32828,0.58862,36.75000,71.10542
2004-12-30,-1.05150,0.68253,35.00000,66.96670
2004-12-31,-1.26297,0.96121,35.00000,62.75759
2005-01-01,-0.03891,0.84093,33.25000,56.40667
2005-01-02,0.17591,-0.53523,35.00000,54.20383
2005-01-03,-0.16758,-0.19894,31.00000,48.66939
2005-01-04,-0.22697,-1.05921,30.50000,45.86338
2005-01-05,-3.20105,-0.08058,26.25000,51.47036
2005-01-06,-0.80242,-1.01549,28.25000,48.32328
2005-01-07,-0.07232,-0.18619,28.75000,54.43425
2005-01-08,-1.69273,0.32766,28.50000,58.59661
2005-01-09,-0.31132,-0.14433,28.25000,60.45638
2005-01-10,0.44285,0.05910,26.00000,66.55997
2005-01-11,2.41940,-0.72452,25.50000,63.48567
2005-01-12,-1.72923,1.49332,26.25000,54.22398
2005-01-13,-1.72597,2.19563,30.00000,58.73306
2005-01-14,-4.36604,0.35129,28.75000,58.48345
2005-01-15,-3.18069,-0.21619,29.00000,50.86929
2005-01-16,-2.70844,0.56713,26.00000,55.90575
2005-01-17,-0.83499,0.13994,24.00000,60.89660
2005-01-18,-0.40601,-0.62234,25.25000,66.11309
2005-01-19,-1.05087,-1.21833,25.00000,58.31649
2005-01-20,-2.10547,-0.45141,23.25000,53.04191
2005-01-21,-3.86139,1.04475,27.75000,51.75403
2005-01-22,-1.09700,2.04265,21.00000,49.36114
2005-01-23,0.17212,-0.27494,26.50000,46.29679
2005-01-24,-0.64360,2.11193,33.00000,45.57396
2005-01-25,-2.13393,-0.53533,29.00000,47.79560
2005-01-26,-3.39946,-0.13960,24.75000,64.93862
2005-01-27,-2.77935,0.47692,26.25000,68.81114
2005-01-28,-2.69156,-0.41783,30.25000,58.88754
2005-01-29,-1.70712,-0.70002,27.25000,62.33802
2005-01-30,-2.37500,-0.30249,30.00000,62.04938
2005-01-31,-0.30737,-0.52048,34.25000,60.65242
2005-02-01,-1.56588,-0.93848,28.75000,63.06233
2005-02-02,-1.96779,1.05490,28.50000,61.91198
2005-02-03,-2.21741,0.28742,25.75000,53.21644
2005-02-04,-1.96259,0.53862,26.00000,46.89962
2005-02-05,-1.55529,-0.67886,25.25000,51.45407
2005-02-06,-1.06154,0.73483,25.25000,60.98236
2005-02-07,-0.77185,3.41241,24.00000,58.72823
2005-02-08,-2.04622,0.82425,23.00000,54.14255
2005-02-09,-2.34522,0.07072,25.25000,61.27279
2005-02-10,-1.54693,-0.80085,25.25000,62.90267
2005-02-11,-2.32003,0.85830,25.75000,66.10283
2005-02-12,0.11157,0.58524,25.50000,64.34947
2005-02-13,5.27054,-3.49897,27.75000,58.67916
2005-02-14,5.44310,-2.25753,27.00000,61.44208
2005-02-15,2.06722,-0.26620,28.00000,60.64687
2005-02-16,8.46061,-2.42133,26.75000,68.63481
2005-02-17,4.44268,-0.23515,28.75000,67.51323
2005-02-18,4.46585,-0.38281,27.25000,65.65659
2005-02-19,3.13084,-0.34091,28.00000,73.01697
2005-02-20,2.95434,-0.86460,28.00000,66.47164
2005-02-21,2.97045,-0.72479,28.50000,60.92565
2005-02-22,-0.19395,-1.98103,25.00000,55.42046
2005-02-23,0.25587,-0.56900,25.25000,62.81304
2005-02-24,-1.22745,-0.45356,26.50000,62.74247
2005-02-25,1.54825,-2.31324,29.50000,64.43665
2005-02-26,-0.88953,-1.04172,29.50000,58.40673
2005-02-27,-1.53573,0.81285,24.50000,57.38980
2005-02-28,-1.41968,0.88130,28.75000,52.79263
2005-03-01,-0.74456,0.89492,28.75000,52.60810
2005-03-02,3.49091,-1.09483,28.25000,53.72041
2005-03-03,1.68315,0.37123,27.00000,50.53283
2005-03-04,2.58131,0.58176,28.25000,51.25828
2005-03-05,2.50747,-0.27776,24.50000,49.49220
2005-03-06,5.01581,-0.88728,23.75000,44.52995
2005-03-07,6.12608,-0.08856,25.50000,43.51509
2005-03-08,2.73474,-1.10116,28.75000,43.37906
2005-03-09,1.25982,0.73208,23.75000,43.81298
2005-03-10,1.34116,-0.12428,25.75000,52.74669
2005-03-11,0.48921,-1.37822,25.25000,39.84307
2005-03-12,-0.53897,-0.42426,23.25000,39.74574
2005-03-13,-1.65662,0.44796,45.00000,41.93681
2005-03-14,-0.58850,1.15213,44.50000,60.16874
2005-03-15,0.11864,0.87380,41.00000,45.89151
2005-03-16,0.37209,0.77264,17.75000,35.89186
2005-03-17,0.70915,0.27954,40.75000,37.29609
2005-03-18,1.08009,0.49238,40.00000,40.03738
2005-03-19,0.71143,0.41778,28.50000,38.59080
2005-03-20,6.48238,-0.67476,30.50000,42.84151
2005-03-21,10.44080,0.97687,31.75000,47.43066
2005-03-22,8.64698,-2.32098,29.75000,51.96207
2005-03-23,7.28680,-1.99750,27.00000,46.88111
2005-03-24,4.22888,-1.24671,26.50000,56.92779
2005-03-25,2.32518,-0.39859,26.00000,58.58008
2005-03-26,4.01862,0.73587,27.00000,46.67372
2005-03-27,5.59568,-0.42783,30.50000,52.14543
2005-03-28,7.85380,-1.37724,29.25000,60.57894
2005-03-29,8.41103,-1.65667,29.75000,68.33184
2005-03-30,3.34431,-1.73659,30.75000,61.51546
2005-03-31,3.32587,-2.97651,29.75000,56.08279
2005-10-01,0.16368,-0.16650,37.75000,34.62777
2005-10-02,0.40240,-0.25557,37.00000,34.53411
2005-10-03,1.01798,0.05877,36.75000,39.43233
2005-10-04,0.53624,-0.10160,38.50000,42.62475
2005-10-05,0.14187,-0.06136,40.75000,36.13166
2005-10-06,-0.08318,-0.19491,36.00000,39.63362
2005-10-07,-0.00243,0.18892,34.50000,37.02750
2005-10-08,-0.04787,0.07119,36.50000,37.26605
2005-10-09,-0.00948,-0.55131,37.25000,36.89967
2005-10-10,-0.11067,-0.55997,45.00000,33.41031
2005-10-11,-0.07365,-0.52287,32.00000,37.90349
2005-10-12,-0.15454,-0.77012,32.00000,41.54876
2005-10-13,-0.06698,-0.96922,34.00000,42.01315
2005-10-14,-0.02031,-0.87474,32.25000,46.24922
2005-10-15,-0.05780,-0.71364,32.50000,48.58673
2005-10-16,0.24681,-0.61950,31.75000,47.75177
2005-10-17,0.16080,-0.83801,32.75000,44.50896
2005-10-18,0.46090,-1.28086,32.25000,40.37617
2005-10-19,0.90878,-1.04378,32.25000,34.68638
2005-10-20,2.22238,-0.70070,32.75000,35.51227
2005-10-21,3.18281,-0.30460,32.00000,32.66674
2005-10-22,2.89663,-0.04412,34.50000,33.93433
2005-10-23,1.41176,-0.11004,33.50000,34.55759
2005-10-24,0.57410,0.44969,37.00000,46.96676
2005-10-25,-0.01803,0.22575,34.50000,51.44128
2005-10-26,0.03955,0.25875,31.75000,49.69541
2005-10-27,0.01872,0.01281,31.75000,47.24842
2005-10-28,-0.00780,-0.31686,33.25000,53.54250
2005-10-29,-0.13771,-0.38154,31.75000,52.83829
2005-10-30,-0.36400,-0.19496,28.25000,48.40268
2005-10-31,-0.43023,-0.16282,27.75000,50.15059
2005-11-01,-0.09141,-0.57242,29.00000,55.12771
2005-11-02,-0.00276,-0.86681,29.25000,47.74549
2005-11-03,-0.62441,-1.04384,30.50000,42.22196
2005-11-04,-0.28851,-1.21197,33.25000,39.68719
2005-11-05,-0.44555,-1.36389,28.50000,49.21617
2005-11-06,-0.95064,-0.57457,29.50000,49.52468
2005-11-07,0.08237,-0.07339,30.75000,47.77810
2005-11-08,0.19108,-0.19154,30.50000,46.07240
2005-11-09,0.47751,-0.49110,31.25000,44.32994
2005-11-10,-0.02711,0.31302,30.00000,49.76905
2005-11-11,0.12009,0.23639,30.25000,56.95000
2005-11-12,-0.24658,0.36368,31.25000,53.44622
2005-11-13,-1.22318,0.80390,30.75000,55.62988
2005-11-14,-2.48811,0.65010,30.75000,52.63060
2005-11-15,-1.20601,-0.42019,31.75000,59.34421
2005-11-16,-0.23932,-0.96460,31.25000,59.77541
2005-11-17,0.07611,-1.00529,30.50000,59.31465
2005-11-18,-0.22476,0.06964,30.75000,58.14202
2005-11-19,-0.40540,0.42643,30.75000,56.98123
2005-11-20,-0.18299,-0.02392,30.25000,53.52190
2005-11-21,0.38789,0.22847,29.25000,56.41916
2005-11-22,-0.44408,-0.17911,29.00000,58.95977
2005-11-23,0.22528,-0.12700,28.00000,59.61103
2005-11-24,-0.06094,-0.26670,28.00000,59.68617
2005-11-25,-1.41058,0.51601,28.00000,55.55170
2005-11-26,-0.44393,-0.02807,27.75000,53.01640
2005-11-27,-0.51844,-0.13179,29.50000,65.57970
2005-11-28,-0.78524,-0.22886,30.00000,65.83646
2005-11-29,-1.02281,-0.52962,31.00000,66.08462
2005-11-30,-1.56391,-0.38271,31.50000,74.51802
2005-12-01,-0.80291,-0.80839,32.75000,68.35421
2005-12-02,-0.26120,-0.77625,32.25000,64.61942
2005-12-03,-0.89674,-0.74547,32.50000,60.65279
2005-12-04,-1.37984,-2.72608,32.00000,60.24880
2005-12-05,-1.09985,-0.94495,28.50000,55.95678
2005-12-06,-0.83062,0.07517,28.75000,61.14008
2005-12-07,-0.36238,-0.02182,28.25000,55.22197
2005-12-08,0.11499,-0.38478,29.75000,61.24564
2005-12-09,0.11142,-0.93651,29.75000,70.62104
2005-12-10,0.49862,-0.85442,30.25000,62.35569
2005-12-11,-0.23865,-1.08114,28.50000,52.07422
2005-12-12,-0.77017,0.37670,30.75000,67.20341
2005-12-13,-0.57156,-0.30484,33.00000,71.76776
2005-12-14,-0.71505,-0.01659,34.25000,59.49862
2005-12-15,-0.02186,-0.54990,32.75000,59.18881
2005-12-16,0.13762,-0.57003,32.00000,58.12019
2005-12-17,-0.22821,-0.64724,31.75000,50.18004
2005-12-18,0.07412,-0.61787,30.25000,51.73125
2005-12-19,0.38249,-0.22260,30.00000,55.00043
2005-12-20,0.01439,0.31632,30.25000,52.66426
2005-12-21,-0.27451,0.08616,31.50000,50.51247
2005-12-22,0.85665,-0.71413,27.25000,45.38518
2005-12-23,-0.20516,-0.86291,27.75000,47.89276
2005-12-24,0.09374,-0.86059,27.25000,49.10248
2005-12-25,-1.10826,-0.53607,30.50000,41.69518
2005-12-26,-0.12281,0.60843,24.75000,35.16560
2005-12-27,0.30506,0.78577,30.50000,37.12305
2005-12-28,-0.30903,-0.33746,30.75000,49.13387
2005-12-29,-0.90515,-0.40106,28.75000,58.91386
2005-12-30,-0.63969,-0.03603,30.00000,59.47409
2005-12-31,-1.62682,-0.02508,32.00000,59.59457
2006-01-01,-0.94997,0.14907,36.25000,63.99680
2006-01-02,-0.94794,0.42910,35.25000,61.39995
2006-01-03,-0.46863,-1.38880,30.75000,55.75616
2006-01-04,-1.01790,-1.78214,33.00000,62.69813
2006-01-05,-2.28213,-1.70411,33.00000,63.67166
2006-01-06,-1.29473,-2.21072,32.25000,61.80321
2006-01-07,-0.64315,-1.65850,32.50000,59.18470
2006-01-08,-0.80085,-1.12483,30.50000,53.99835
2006-01-09,-1.77205,-0.08904,28.50000,54.94449
2006-01-10,-0.81835,-0.19470,29.25000,52.72008
2006-01-11,0.93717,-0.49543,30.00000,55.33243
2006-01-12,-1.30520,-0.43499,28.75000,56.12542
2006-01-13,-0.98338,-0.28204,29.25000,63.04389
2006-01-14,-0.35233,-0.05161,28.75000,62.65922
2006-01-15,-2.24652,1.20673,26.50000,55.68404
2006-01-16,-2.28698,1.94786,35.75000,55.13287
2006-01-17,1.15306,1.44919,29.00000,56.42952
2006-01-18,4.74492,-1.75876,31.25000,59.99453
2006-01-19,0.05041,-2.52171,30.75000,70.97204
2006-01-20,1.89689,-2.59180,32.50000,73.07364
2006-01-21,-1.15093,-4.00196,32.25000,61.53515
2006-01-22,0.19685,-1.39586,30.75000,62.03318
2006-01-23,-1.88518,-2.25355,28.25000,58.88747
2006-01-24,-1.67691,-1.71237,27.25000,50.79259
2006-01-25,-1.47215,0.69496,27.50000,44.52328
2006-01-26,0.07926,-1.02173,26.00000,40.77594
2006-01-27,-1.03527,0.60119,43.50000,47.89586
2006-01-28,-0.23479,0.66694,43.50000,51.82527
2006-01-29,-0.32747,-0.09524,37.75000,49.95958
2006-01-30,-1.19141,0.53932,37.75000,52.00763
2006-01-31,-0.94620,0.40360,35.25000,50.24418
2006-02-01,-0.12005,-0.63445,34.00000,45.96954
2006-02-02,-0.24779,-1.07552,33.75000,45.35442
2006-02-03,-0.72959,-0.79790,30.50000,39.64326
2006-02-04,-0.61169,-0.23438,45.00000,36.84950
2006-02-05,-0.21248,1.18480,45.00000,39.23291
2006-02-06,0.59409,1.32996,42.25000,34.63760
2006-02-07,-1.01617,0.17550,18.00000,32.73197
2006-02-08,-0.00943,0.01583,20.00000,40.98691
2006-02-09,-0.29184,-0.36935,25.50000,38.18590
2006-02-10,-0.35823,-0.40633,43.50000,34.33005
2006-02-11,-0.12899,1.30274,38.75000,38.39547
2006-02-12,0.12648,1.03919,40.75000,41.28103
2006-02-13,-0.08255,1.15044,32.50000,43.53208
2006-02-14,0.80716,0.72133,31.00000,44.88624
2006-02-15,4.06934,-0.71308,29.00000,47.29732
2006-02-16,6.54593,-1.76549,29.00000,48.45381
2006-02-17,4.23827,0.27891,28.25000,48.80672
2006-02-18,1.12957,0.31125,34.00000,50.98191
2006-02-19,0.60988,0.40076,34.75000,51.36201
2006-02-20,0.91761,-0.84422,33.00000,49.53059
2006-02-21,0.34524,-0.30447,24.25000,46.57439
2006-02-22,0.91035,-0.67468,25.50000,50.59632
2006-02-23,1.70095,-0.51771,28.00000,54.01241
2006-02-24,1.77301,-0.04824,31.75000,67.50952
2006-02-25,0.79880,-0.82036,31.25000,62.65734
2006-02-26,1.46890,-0.30256,32.25000,71.02536
2006-02-27,6.50979,-2.46166,32.50000,67.75992
2006-02-28,4.06501,-3.02822,33.50000,62.10492
2006-03-01,3.08252,-1.95121,30.50000,60.18761
2006-03-02,-0.56851,-1.40871,27.75000,58.91979
2006-03-03,-0.57399,-0.49591,28.00000,62.68260
2006-03-04,-0.11920,-0.05575,29.25000,56.96069
2006-03-05,0.79156,-1.06962,24.75000,51.15572
2006-03-06,0.89421,-0.87287,25.25000,45.93054
2006-03-07,0.45141,-0.86305,26.00000,48.08733
2006-03-08,-0.00783,-0.27571,28.00000,49.65691
2006-03-09,-0.71131,-0.17916,30.75000,46.63564
2006-03-10,-0.56476,-1.08464,35.00000,47.61090
2006-03-11,-0.92569,-0.56527,22.00000,41.10685
2006-03-12,-1.48097,-1.04264,23.25000,45.35301
2006-03-13,-0.06167,0.41743,25.00000,46.97509
2006-03-14,0.10557,0.08320,23.50000,46.94241
2006-03-15,0.57398,-0.18290,26.25000,48.39363
2006-03-16,0.31334,-1.17808,29.75000,53.50910
2006-03-17,-0.78674,-0.95987,31.25000,47.14490
2006-03-18,-0.77393,-0.57580,35.75000,42.11741
2006-03-19,-0.61570,0.18732,26.50000,52.15818
2006-03-20,-1.70757,0.27116,29.25000,58.57189
2006-03-21,-0.01194,-2.21083,28.00000,58.44734
2006-03-22,3.47585,-1.28265,30.50000,57.94094
2006-03-23,1.08701,-0.34258,28.50000,57.78671
2006-03-24,1.30886,0.34956,28.75000,52.95432
2006-03-25,2.71260,-1.38706,28.75000,53.63216
2006-03-26,4.81790,-2.76100,29.25000,57.95113
2006-03-27,2.47823,-3.86858,29.75000,51.93550
2006-03-28,0.13207,-2.52480,29.25000,45.45519
2006-03-29,-1.58355,-2.58048,27.75000,42.58617
2006-03-30,0.26453,-0.58006,26.50000,37.13422
2006-03-31,0.56335,0.10765,28.50000,36.19293
2006-10-01,-0.12072,-0.70650,36.75000,44.04293
2006-10-02,0.07570,-0.43767,37.00000,46.12213
2006-10-03,0.22017,-0.38095,37.00000,42.17520
2006-10-04,0.60107,-0.16804,35.25000,40.17987
2006-10-05,1.00337,-0.15328,36.50000,39.20253
2006-10-06,0.52742,-0.11835,34.75000,42.27673
2006-10-07,-0.15702,-0.58546,33.25000,41.79089
2006-10-08,0.04688,-0.42506,33.50000,37.12984
2006-10-09,0.03571,-0.36301,33.00000,38.29408
2006-10-10,0.17276,-0.70466,32.00000,37.06464
2006-10-11,0.00402,-0.26926,32.25000,38.87708
2006-10-12,0.31816,-0.09972,31.00000,36.69006
2006-10-13,-0.25953,-0.36871,31.75000,33.84216
2006-10-14,0.01746,-0.76768,45.00000,34.19840
2006-10-15,0.06650,-0.67280,45.00000,34.89636
2006-10-16,0.11608,-0.51868,45.00000,36.74570
2006-10-17,0.15024,-0.68568,45.00000,36.98331
2006-10-18,-0.08297,-0.22881,45.00000,33.02275
2006-10-19,0.01016,0.38661,45.00000,35.45631
2006-10-20,0.14457,0.06413,42.50000,29.59596
2006-10-21,0.25854,-0.69912,24.75000,31.17406
2006-10-22,0.08193,-0.58046,25.75000,33.18543
2006-10-23,0.15285,-0.57972,23.75000,33.04897
2006-10-24,0.07519,-0.34581,25.25000,33.79064
2006-10-25,0.10979,0.02653,23.50000,36.19893
2006-10-26,-0.24144,-0.38103,22.50000,35.65678
2006-10-27,-0.05324,-0.76102,24.00000,40.52957
2006-10-28,-0.21021,-0.57791,24.75000,45.01698
2006-10-29,-0.30596,-0.10096,27.00000,50.75218
2006-10-30,-0.54289,-0.16416,27.75000,47.23597
2006-10-31,-0.01741,-0.18676,27.50000,39.03582
2006-11-01,0.14637,-0.53300,29.00000,35.52130
2006-11-02,0.01479,-0.19812,29.25000,35.42927
2006-11-03,-0.11423,-0.22916,30.50000,36.58307
2006-11-04,0.17007,-0.50470,29.75000,36.18204
2006-11-05,-0.38143,0.10665,27.50000,39.14613
2006-11-06,-1.22174,0.75006,25.50000,37.04564
2006-11-07,-0.11476,0.33242,25.00000,34.31770
2006-11-08,0.16502,0.05588,24.25000,33.65752
2006-11-09,0.17794,-0.35443,27.75000,30.65377
2006-11-10,0.29676,-0.11228,33.00000,34.67660
2006-11-11,0.13542,0.59007,33.25000,30.99692
2006-11-12,0.12200,0.57618,27.75000,32.54418
2006-11-13,-0.10615,0.35611,27.00000,36.27538
2006-11-14,-0.20597,-0.08632,28.25000,40.71109
2006-11-15,0.18321,0.27466,28.25000,37.57425
2006-11-16,0.26712,-0.23314,28.25000,43.89432
2006-11-17,-0.71487,0.34874,27.50000,46.94831
2006-11-18,-1.77701,0.18914,28.75000,51.24727
2006-11-19,-1.42609,-0.45875,28.50000,50.78495
2006-11-20,-0.05456,0.04409,29.25000,52.53236
2006-11-21,-0.65271,0.48640,32.50000,57.00306
2006-11-22,-0.24648,0.54896,30.25000,64.44730
2006-11-23,0.73600,-0.79711,30.75000,70.02501
2006-11-24,1.98419,-1.50248,29.25000,72.56618
2006-11-25,0.52906,-1.01900,29.75000,74.10419
2006-11-26,0.81705,-1.19861,32.00000,75.19054
2006-11-27,-0.35431,-0.17722,30.25000,77.84576
2006-11-28,-0.14600,-1.09968,30.25000,73.13297
2006-11-29,-1.43265,-0.82050,33.00000,76.13813
2006-11-30,-2.97313,-0.47633,30.25000,63.53028
2006-12-01,-2.54420,-1.13177,30.00000,59.20498
2006-12-02,-3.90356,-0.46659,29.75000,65.97860
2006-12-03,-2.31438,-0.13078,30.50000,61.67303
2006-12-04,-0.89543,0.07808,31.25000,57.83484
2006-12-05,-0.19595,0.68462,31.50000,56.90608
2006-12-06,0.13713,0.24986,31.50000,54.34479
2006-12-07,-0.77818,-0.53474,30.25000,52.33772
2006-12-08,-1.78639,-0.32882,29.25000,61.65569
2006-12-09,-1.23637,0.05720,28.75000,59.99011
2006-12-10,-2.09877,0.61445,28.50000,59.67575
2006-12-11,-0.67201,-0.07425,27.00000,68.23958
2006-12-12,2.39632,-2.22042,28.00000,65.42384
2006-12-13,-0.40118,1.28128,30.25000,60.88287
2006-12-14,-1.77828,0.43109,32.50000,61.02905
2006-12-15,-3.65279,1.16575,30.75000,61.86350
2006-12-16,0.71421,-0.33773,31.25000,64.87574
2006-12-17,0.54845,-0.42435,31.00000,63.65102
2006-12-18,0.20659,1.50919,29.50000,66.37798
2006-12-19,0.37691,1.51677,29.00000,55.21150
2006-12-20,1.16593,1.25075,27.75000,54.26394
2006-12-21,0.41748,0.98771,29.75000,56.28710
2006-12-22,-0.25158,-0.29844,28.75000,65.61604
2006-12-23,-0.12047,1.05379,30.50000,75.02510
2006-12-24,-0.25772,0.52033,31.25000,76.21187
2006-12-25,-0.72074,0.26885,32.00000,78.48323
2006-12-26,-0.19650,-0.26712,29.75000,61.26911
2006-12-27,-1.43297,-1.24990,28.00000,57.17809
2006-12-28,-0.73247,1.35785,27.75000,44.94790
2006-12-29,-0.85778,1.52754,34.75000,53.55726
2006-12-30,-0.15600,0.55516,34.50000,62.32574
2006-12-31,-0.60440,0.06364,33.00000,67.52189
2007-01-01,-1.03023,-1.40318,31.25000,76.26300
2007-01-02,0.18676,-0.22100,33.00000,79.98872
2007-01-03,-1.67203,-0.64579,33.75000,78.07191
2007-01-04,-2.69395,-1.48992,35.00000,73.15209
2007-01-05,-1.04375,-2.73748,35.00000,59.81799
2007-01-06,0.61802,-2.16860,34.75000,46.84312
2007-01-07,-0.16303,-1.57472,31.50000,46.70891
2007-01-08,-2.30789,0.68271,31.00000,47.72481
2007-01-09,-1.63247,-0.36963,30.75000,56.99991
2007-01-10,-0.72713,-1.18631,28.00000,64.46706
2007-01-11,-1.31676,-0.80880,26.25000,63.71736
2007-01-12,-2.42015,-1.64860,28.50000,68.74769
2007-01-13,-2.13837,-2.23351,27.00000,63.45618
2007-01-14,0.09650,-0.99820,28.50000,56.81421
2007-01-15,-0.23599,-0.53144,26.25000,66.31329
2007-01-16,-1.32062,-0.42827,26.50000,69.89094
2007-01-17,-2.00848,-0.85255,26.50000,65.74346
2007-01-18,-2.72203,1.34648,30.00000,59.46825
2007-01-19,-3.03583,0.14044,31.00000,71.41800
2007-01-20,-2.02630,-0.09527,29.50000,69.99107
2007-01-21,-1.90147,-1.55973,27.00000,70.44070
2007-01-22,-2.36495,0.28166,28.50000,78.36346
2007-01-23,-0.91095,0.93600,28.25000,68.96949
2007-01-24,-1.75647,0.24889,28.50000,63.21018
2007-01-25,-0.99443,0.01697,28.75000,61.02168
2007-01-26,-1.23523,0.17953,28.75000,64.82250
2007-01-27,-0.98569,-0.00870,28.50000,61.73184
2007-01-28,-1.40992,0.70229,29.75000,61.53648
2007-01-29,-0.85137,0.63629,28.75000,60.00951
2007-01-30,-0.44225,0.19231,25.75000,47.48250
2007-01-31,0.39633,-0.52364,22.50000,42.27606
2007-02-01,-0.58832,0.53797,18.50000,34.26870
2007-02-02,-0.36177,0.96110,27.50000,36.04304
2007-02-03,0.38161,0.89259,27.00000,43.40396
2007-02-04,2.12610,0.17239,23.50000,54.75531
2007-02-05,3.62591,-0.07214,21.50000,51.18325
2007-02-06,0.93612,0.85525,24.75000,44.11880
2007-02-07,1.81543,0.06629,24.00000,51.58305
2007-02-08,2.62358,-1.11633,25.25000,63.07686
2007-02-09,0.23114,0.36378,22.50000,54.71399
2007-02-10,-0.16619,1.35368,22.75000,53.28042
2007-02-11,0.12204,3.03139,23.25000,56.25347
2007-02-12,0.10226,-0.01240,22.25000,60.37214
2007-02-13,0.41214,0.39803,23.25000,64.29277
2007-02-14,4.09104,-0.12507,24.00000,62.35301
2007-02-15,-0.09420,-1.19737,25.75000,66.89839
2007-02-16,0.12022,-0.15172,27.25000,73.74353
2007-02-17,-0.24275,-0.37903,28.25000,81.98590
2007-02-18,-0.75903,-0.20951,28.25000,75.77468
2007-02-19,-1.75961,0.58335,30.00000,68.04990
2007-02-20,-3.70898,0.52130,30.00000,72.95171
2007-02-21,-2.68969,0.55519,31.00000,77.33737
2007-02-22,-1.80345,-0.38425,31.50000,78.01160
2007-02-23,-1.29824,0.20705,30.75000,66.01520
2007-02-24,-1.04868,0.10319,30.50000,55.79659
2007-02-25,-0.57158,-0.62792,26.25000,52.82531
2007-02-26,-1.61185,-0.90221,27.00000,48.11645
2007-02-27,-0.27063,1.94019,30.50000,59.36843
2007-02-28,-1.06191,2.22092,30.25000,58.62426
2007-03-01,0.89772,-0.26025,29.75000,58.35174
2007-03-02,2.83362,-1.97430,30.25000,62.98833
2007-03-03,-1.82365,1.07929,31.25000,67.82825
2007-03-04,-2.72520,-0.59094,33.75000,75.80654
2007-03-05,-2.09071,-0.01879,34.25000,67.36438
2007-03-06,-1.39343,0.31374,32.75000,61.69542
2007-03-07,-1.44651,0.36557,29.50000,61.36353
2007-03-08,-0.75890,1.29369,30.50000,66.41647
2007-03-09,-0.76656,0.69411,29.50000,51.22102
2007-03-10,-0.74482,1.15086,27.00000,54.49226
2007-03-11,0.92652,0.59422,26.50000,50.30368
2007-03-12,0.06769,2.45053,25.50000,50.83517
2007-03-13,-0.42198,2.74230,25.00000,49.36269
2007-03-14,-0.70260,-0.94143,27.25000,54.94017
2007-03-15,-1.19513,-2.88331,28.25000,59.30553
2007-03-16,-0.28319,-1.03707,27.25000,48.71329
2007-03-17,-2.40181,1.38200,26.25000,40.19945
2007-03-18,-1.29838,1.77438,20.25000,34.70452
2007-03-19,-0.64327,1.58580,45.00000,32.18258
2007-03-20,-0.05228,-0.03586,33.50000,32.07935
2007-03-21,0.21640,0.17589,30.75000,39.99612
2007-03-22,1.63063,-0.31213,30.50000,49.87152
2007-03-23,5.22681,-0.74751,32.50000,56.95852
2007-03-24,2.07599,-1.26917,32.75000,60.40317
2007-03-25,-0.04846,-1.86007,32.50000,56.72900
2007-03-26,-0.11673,0.58567,29.50000,50.91268
2007-03-27,0.46944,0.81572,27.25000,37.66279
2007-03-28,-0.44775,0.45715,45.00000,47.29618
2007-03-29,0.00245,0.11109,43.50000,52.74796
2007-03-30,0.43452,-0.13853,44.25000,54.23426
2007-03-31,0.63267,-0.41551,44.50000,56.58518
2007-10-01,0.00157,-0.19923,38.00000,42.22879
2007-10-02,0.04214,0.07865,38.00000,43.03087
2007-10-03,-0.05995,-0.42971,40.50000,44.12895
2007-10-04,-0.03687,-0.79469,40.75000,44.89052
2007-10-05,0.33819,-0.89845,41.00000,43.35779
2007-10-06,0.66898,-1.03711,39.00000,43.77479
2007-10-07,0.90194,-1.35195,37.50000,42.05968
2007-10-08,-0.06241,-1.30175,37.25000,46.12443
2007-10-09,0.26081,-0.94528,38.25000,52.53230
2007-10-10,0.73275,-0.50441,38.00000,50.18556
2007-10-11,0.30532,-0.50766,36.75000,49.14431
2007-10-12,-0.11094,-0.20100,36.75000,47.98190
2007-10-13,-0.10917,-0.13046,35.75000,40.52420
2007-10-14,-0.24811,-0.40793,35.00000,39.00026
2007-10-15,-0.47952,-0.75676,35.75000,35.69635
2007-10-16,0.71235,-0.28100,33.25000,36.08149
2007-10-17,0.50229,-0.52927,32.00000,36.41093
2007-10-18,0.40307,-0.86285,32.50000,36.81918
2007-10-19,0.27305,-0.44500,31.75000,34.56172
2007-10-20,0.16394,0.47008,31.00000,39.51038
2007-10-21,-0.19021,0.35047,31.50000,47.64668
2007-10-22,-0.41840,-0.17127,31.50000,51.35171
2007-10-23,0.13215,0.05372,31.25000,50.81683
2007-10-24,-0.45862,0.22490,33.25000,56.24425
2007-10-25,0.11406,-0.21033,34.25000,62.68980
2007-10-26,-0.08553,0.08848,36.50000,64.73680
2007-10-27,-0.39098,0.15082,36.25000,65.63803
2007-10-28,-0.28427,0.19447,35.75000,66.92919
2007-10-29,0.52627,-0.39422,35.25000,66.71001
2007-10-30,0.82791,-0.64342,34.50000,66.94868
2007-10-31,0.42245,-0.09625,33.75000,58.85127
2007-11-01,-0.03507,0.16805,32.50000,52.00493
2007-11-02,0.22586,0.29385,34.25000,42.03189
2007-11-03,0.03030,0.47663,34.75000,42.36600
2007-11-04,-0.11386,0.29468,37.75000,44.77796
2007-11-05,-0.34321,0.57400,36.25000,44.40601
2007-11-06,0.14834,0.20179,32.75000,38.93089
2007-11-07,0.08376,0.50744,31.50000,40.57823
2007-11-08,-0.00899,0.05668,31.00000,36.65742
2007-11-09,0.06078,-0.61965,30.50000,35.69208
2007-11-10,0.03586,-0.43654,30.00000,34.76955
2007-11-11,-0.16140,-0.81593,28.50000,39.14263
2007-11-12,-0.56273,-0.49080,27.50000,36.17269
2007-11-13,-0.10387,-0.01945,29.00000,36.00131
2007-11-14,0.34872,-0.72445,30.00000,39.73798
2007-11-15,2.13688,-0.24984,31.75000,40.91862
2007-11-16,1.28371,0.26736,34.00000,46.25549
2007-11-17,0.27059,0.51193,33.00000,46.10291
2007-11-18,-0.71937,0.89799,33.75000,50.37448
2007-11-19,-0.00299,0.26278,34.00000,48.40136
2007-11-20,-1.14849,-0.13524,29.75000,45.23778
2007-11-21,0.06909,0.70000,28.25000,45.69813
2007-11-22,0.73213,0.37850,29.50000,39.80012
2007-11-23,1.08707,0.70578,45.00000,37.72217
2007-11-24,0.11190,0.97141,41.75000,36.39190
2007-11-25,0.20670,0.92014,25.75000,37.43832
2007-11-26,-0.37053,1.07016,33.50000,36.93003
2007-11-27,-0.18575,0.90051,32.25000,45.52932
2007-11-28,-0.46062,0.75758,33.00000,49.83556
2007-11-29,0.02171,0.25010,31.25000,52.90857
2007-11-30,0.23130,-0.37457,29.00000,55.21784
2007-12-01,-0.21841,-0.45899,27.50000,54.52432
2007-12-02,-0.16046,-0.31353,28.75000,52.58421
2007-12-03,0.08125,-0.81436,26.00000,54.63674
2007-12-04,-0.48212,-0.42840,25.25000,50.66018
2007-12-05,0.41925,0.61147,26.50000,60.49360
2007-12-06,0.57757,0.56087,28.75000,59.45775
2007-12-07,-0.09732,-0.19630,27.50000,61.07571
2007-12-08,0.05467,-0.77992,27.00000,56.67912
2007-12-09,-0.63752,0.31373,27.00000,50.66008
2007-12-10,-0.65360,-0.46019,26.25000,54.46941
2007-12-11,0.01939,2.02047,28.75000,74.97697
2007-12-12,-1.80230,0.20406,29.50000,64.38975
2007-12-13,-1.87487,-0.23459,32.25000,60.49757
2007-12-14,-2.35894,-1.09980,31.25000,57.39902
2007-12-15,-2.57392,-1.64821,30.50000,55.84015
2007-12-16,-1.96742,-0.57979,29.00000,51.49580
2007-12-17,-3.29672,-0.50503,28.00000,54.76484
2007-12-18,-1.41496,0.38267,29.50000,62.70753
2007-12-19,-1.46936,-1.01331,30.00000,62.56630
2007-12-20,-1.27085,-1.11660,32.00000,62.53635
2007-12-21,-1.37119,-0.15115,32.75000,69.21103
2007-12-22,-2.37136,-0.05135,31.75000,66.65865
2007-12-23,0.07805,0.35522,34.00000,67.91414
2007-12-24,-0.55584,-1.37425,33.50000,72.17858
2007-12-25,-1.04236,-0.42905,34.25000,66.92966
2007-12-26,-0.27656,-0.76531,35.25000,69.65221
2007-12-27,-1.26568,-0.44777,37.50000,70.28116
2007-12-28,-1.50671,-0.02795,36.00000,57.48269
2007-12-29,-0.19940,-1.34602,36.50000,55.82404
2007-12-30,-0.61368,-1.66054,34.00000,58.33649
2007-12-31,-0.96678,-1.80095,32.75000,56.30145
2008-01-01,-0.69083,-1.44002,33.00000,53.17236
2008-01-02,0.17830,-1.44568,33.25000,48.12097
2008-01-03,-0.13278,-1.60055,34.75000,44.80698
2008-01-04,-1.27720,-0.81102,27.25000,44.94801
2008-01-05,-1.03489,-0.55817,26.50000,48.47414
2008-01-06,-0.20069,-0.32205,25.00000,43.13295
2008-01-07,-0.25481,-0.48924,23.75000,46.77322
2008-01-08,-2.01430,0.12338,24.50000,51.58484
2008-01-09,-1.11831,-1.14381,25.75000,54.91401
2008-01-10,-3.15622,-0.65912,27.75000,60.81010
2008-01-11,-2.31798,-2.39630,25.50000,55.76067
2008-01-12,-0.92155,-1.60114,24.50000,46.66978
2008-01-13,0.29518,-1.72072,28.75000,46.17064
2008-01-14,-1.87336,-0.95513,28.25000,50.45863
2008-01-15,-2.00257,0.12662,31.50000,51.29019
2008-01-16,-2.88647,-0.13141,37.25000,54.45969
2008-01-17,-1.65586,0.10356,38.25000,49.35520
2008-01-18,-0.22426,0.44293,28.00000,63.04553
2008-01-19,2.85545,-1.07849,27.50000,64.95210
2008-01-20,2.24752,-2.40113,28.75000,70.63861
2008-01-21,1.37278,-2.70321,28.75000,62.58675
2008-01-22,1.03178,-2.19022,29.25000,60.76673
2008-01-23,-0.64931,-1.97491,29.00000,59.51804
2008-01-24,3.25767,-1.53176,25.00000,61.17789
2008-01-25,0.97243,-0.92221,25.50000,66.24583
2008-01-26,1.51628,-0.98163,27.00000,73.28232
2008-01-27,-0.07150,-1.15274,26.25000,67.78934
2008-01-28,-1.72664,0.68310,26.75000,71.21831
2008-01-29,-1.00965,-0.68763,27.50000,66.79068
2008-01-30,0.70102,-1.09144,28.50000,76.58031
2008-01-31,0.29695,-1.51206,27.75000,75.21120
2008-02-01,-2.34696,-0.18155,28.50000,67.18950
2008-02-02,-2.89780,1.61338,31.00000,70.40118
2008-02-03,-3.15048,2.81436,29.00000,60.41684
2008-02-04,-0.52398,0.16488,31.00000,69.52071
2008-02-05,0.15747,0.94065,33.25000,74.13233
2008-02-06,-0.15649,0.38129,33.75000,80.68095
2008-02-07,0.85544,-0.49703,35.50000,73.52121
2008-02-08,2.91896,0.32202,32.25000,74.20875
2008-02-09,2.16945,-1.77068,32.25000,77.80289
2008-02-10,-0.11502,-0.68652,33.25000,82.15062
2008-02-11,-0.97327,-0.86311,33.25000,79.55780
2008-02-12,-3.05161,-2.51711,31.25000,67.45844
2008-02-13,-3.29158,-0.52971,30.75000,74.36707
2008-02-14,-5.31652,0.48893,30.50000,69.29866
2008-02-15,-3.00957,0.02278,30.00000,64.54086
2008-02-16,-2.45878,1.54805,28.75000,60.73565
2008-02-17,-2.00542,0.59190,28.00000,54.25224
2008-02-18,0.28830,-0.79654,28.00000,56.92156
2008-02-19,1.55750,-0.58895,28.00000,44.37457
2008-02-20,2.25720,-0.54798,34.25000,40.94471
2008-02-21,-0.23335,0.83090,36.75000,49.33788
2008-02-22,-0.44313,0.66327,33.75000,53.82800
2008-02-23,-0.71297,0.51936,32.00000,67.46399
2008-02-24,0.39637,-0.63092,33.50000,67.69135
2008-02-25,4.77970,-1.72794,31.50000,60.45474
2008-02-26,0.30343,-1.06470,29.50000,55.10485
2008-02-27,-1.23317,0.64233,28.25000,51.07680
2008-02-28,-1.67534,1.30347,34.25000,38.74450
2008-02-29,-0.10472,1.27571,34.75000,50.71111
2008-03-01,0.15115,1.48272,31.00000,46.92465
2008-03-02,0.24713,-0.06173,28.00000,44.61811
2008-03-03,-0.20832,-0.89074,27.25000,45.88807
2008-03-04,2.15495,-0.18824,28.50000,43.21953
2008-03-05,4.94865,0.55350,26.75000,38.69152
2008-03-06,1.20717,-0.28401,27.75000,45.14714
2008-03-07,-0.82427,-0.37087,26.75000,48.91428
2008-03-08,-0.10448,-0.70644,26.50000,45.74687
2008-03-09,0.18455,0.29397,27.50000,44.31200
2008-03-10,-0.27366,0.01193,30.50000,51.35835
2008-03-11,0.26237,-1.00274,32.75000,60.17038
2008-03-12,0.57694,-1.46708,30.75000,55.37025
2008-03-13,0.44438,-0.90294,29.50000,51.86073
2008-03-14,2.26854,-1.69459,28.00000,47.53025
2008-03-15,1.76984,-0.35662,27.50000,50.74439
2008-03-16,0.15055,0.15865,27.25000,46.05260
2008-03-17,0.73453,0.48188,32.50000,49.28702
2008-03-18,2.32492,0.77478,28.00000,51.85888
2008-03-19,5.11271,-1.03624,30.00000,45.52270
2008-03-20,4.21224,-1.72879,28.75000,47.15041
2008-03-21,5.55660,-1.15760,29.25000,51.51772
2008-03-22,5.03614,-0.80953,31.25000,55.78096
2008-03-23,2.70595,-1.07986,29.50000,56.57916
2008-03-24,0.88420,-0.70523,29.00000,55.37880
2008-03-25,2.81296,-0.51101,31.50000,59.41090
2008-03-26,2.69064,-0.93404,31.00000,58.32226
2008-03-27,3.13075,-0.56402,29.50000,55.65696
2008-03-28,3.27851,-1.38614,29.00000,47.82388
2008-03-29,3.87986,-1.21691,27.75000,46.54615
2008-03-30,4.67173,-1.76795,26.25000,39.11689
2008-03-31,5.89465,-0.88765,26.00000,37.20765
2008-10-01,0.03766,-0.44703,37.75000,37.74698
2008-10-02,0.15572,-0.37720,38.50000,37.21947
2008-10-03,0.16396,-0.48260,39.00000,38.08570
2008-10-04,0.15538,-0.00363,37.00000,38.71583
2008-10-05,0.36337,0.75157,37.50000,38.77952
2008-10-06,-0.05140,0.50136,35.50000,45.68498
2008-10-07,0.41919,0.31250,35.75000,44.43194
2008-10-08,0.86469,0.71986,34.25000,39.78195
2008-10-09,0.30124,0.04580,32.00000,38.62797
2008-10-10,0.00236,-0.01070,34.00000,37.92308
2008-10-11,0.04681,-0.09058,35.75000,32.97528
2008-10-12,-0.11020,0.08130,34.25000,31.78306
2008-10-13,-0.12252,0.21529,28.25000,32.76306
2008-10-14,-0.02225,-0.07790,29.25000,37.50727
2008-10-15,-0.09852,-0.51567,31.25000,36.27736
2008-10-16,0.04043,-0.98659,31.50000,36.64986
2008-10-17,-0.02341,-0.83039,32.25000,34.94347
2008-10-18,-0.17393,-0.94904,30.75000,32.81942
2008-10-19,0.00002,-0.52004,30.50000,36.77673
2008-10-20,0.02753,-0.39075,29.25000,41.04342
2008-10-21,0.13227,-0.64431,29.00000,47.86243
2008-10-22,0.09333,-0.32958,30.00000,48.70478
2008-10-23,0.28676,-0.64170,29.25000,50.60591
2008-10-24,0.04319,-0.40645,29.50000,51.16971
2008-10-25,0.85402,-0.20753,31.50000,52.78032
2008-10-26,1.42162,-0.88084,30.75000,41.59336
2008-10-27,3.61001,-0.40526,36.00000,35.82072
2008-10-28,-0.51548,0.69938,34.25000,39.16837
2008-10-29,-0.12162,0.24268,32.50000,47.30367
2008-10-30,-0.03253,0.33616,31.25000,50.25040
2008-10-31,-0.32247,0.21048,31.00000,51.38771
2008-11-01,0.32488,0.58598,31.50000,46.72312
2008-11-02,0.47826,1.11476,32.25000,50.39544
2008-11-03,0.32290,0.07441,32.00000,51.14232
2008-11-04,0.74092,-0.38166,31.00000,53.38631
2008-11-05,0.46044,-0.55371,28.75000,43.84354
2008-11-06,-0.28651,0.52330,29.25000,31.35256
2008-11-07,0.27798,0.24082,40.75000,41.19548
2008-11-08,0.33124,0.20313,40.00000,45.89520
2008-11-09,-0.18096,0.26180,39.00000,47.55561
2008-11-10,0.01598,0.01519,36.00000,48.37501
2008-11-11,-0.11806,-0.05753,35.50000,46.58103
2008-11-12,-0.44828,0.08138,33.25000,51.10854
2008-11-13,0.06281,-0.08070,31.25000,55.87645
2008-11-14,0.59964,-0.23800,30.75000,67.93215
2008-11-15,-0.15929,-0.44642,33.50000,68.39413
2008-11-16,-0.40982,-0.31937,34.00000,70.99975
2008-11-17,-1.66357,0.05528,35.00000,67.82427
2008-11-18,-2.13067,-0.26975,34.00000,60.68255
2008-11-19,-1.05679,-0.32652,32.25000,56.64180
2008-11-20,-0.07442,-0.00707,30.50000,56.34259
2008-11-21,-0.18480,-2.26192,29.75000,54.62986
2008-11-22,-1.06251,-0.74866,29.50000,53.22556
2008-11-23,-2.30599,-0.01714,28.25000,54.23081
2008-11-24,-0.94855,0.35416,27.50000,55.10955
2008-11-25,0.08574,0.53612,28.75000,53.34298
2008-11-26,0.08120,-0.11908,29.00000,55.06833
2008-11-27,0.10779,-0.24924,29.50000,55.67744
2008-11-28,0.31945,0.08924,31.00000,57.24661
2008-11-29,-0.12186,0.42175,31.50000,51.75842
2008-11-30,0.24692,0.38283,32.50000,53.64259
2008-12-01,0.30061,0.04036,34.50000,56.59291
2008-12-02,0.34373,0.05793,30.50000,53.88101
2008-12-03,-0.26981,1.28764,32.00000,53.95226
2008-12-04,-0.13832,1.12113,32.75000,52.15556
2008-12-05,0.53067,0.36589,33.00000,52.78690
2008-12-06,0.15699,0.22080,32.75000,61.35586
2008-12-07,0.57209,0.94084,31.75000,59.18026
2008-12-08,0.52620,-0.61319,31.00000,53.96287
2008-12-09,0.21811,0.01570,29.75000,56.11686
2008-12-10,-0.10145,-0.17865,28.50000,52.28760
2008-12-11,-0.30759,-0.73813,29.00000,50.76609
2008-12-12,0.26164,0.01566,28.50000,58.14672
2008-12-13,-1.04933,0.10601,30.00000,55.65923
2008-12-14,-3.22501,0.17705,29.75000,54.56369
2008-12-15,-1.77677,0.58798,30.75000,56.28700
2008-12-16,-0.27055,0.02343,30.00000,56.26439
2008-12-17,-0.35464,-1.04155,30.75000,58.18193
2008-12-18,-0.96848,-0.25117,31.75000,54.84180
2008-12-19,-0.46175,-0.09153,37.25000,65.82913
2008-12-20,-0.37961,0.34844,39.00000,64.41107
2008-12-21,0.21395,-1.14879,33.25000,55.15651
2008-12-22,-0.52427,-0.25737,31.75000,58.94192
2008-12-23,-1.19442,0.70915,31.75000,48.79524
2008-12-24,-1.91112,0.82984,29.25000,38.85427
2008-12-25,0.49589,-0.01796,36.00000,39.33453
2008-12-26,0.99378,0.62759,29.00000,40.61315
2008-12-27,-1.47233,0.71603,27.00000,50.21730
2008-12-28,-1.30086,0.35083,25.50000,54.71698
2008-12-29,-1.29932,0.17232,30.00000,52.94221
2008-12-30,-2.25108,-0.07957,30.00000,55.27900
2008-12-31,-2.05184,-0.69225,27.75000,51.58069
2009-01-01,-2.06275,-0.17095,28.50000,46.03535
2009-01-02,-1.38206,0.38271,29.50000,42.39814
2009-01-03,-2.19482,0.91000,29.50000,46.15253
2009-01-04,-1.75453,0.57196,27.00000,58.21101
2009-01-05,-0.88114,-0.97276,26.00000,62.44514
2009-01-06,-0.13228,-0.23614,27.00000,61.37279
2009-01-07,0.36915,-0.38968,27.75000,65.41604
2009-01-08,-0.32474,0.27305,28.50000,55.96026
2009-01-09,-0.89161,0.79588,29.50000,56.28806
2009-01-10,-1.00672,-0.18570,28.75000,61.78419
2009-01-11,-1.57672,0.42428,29.75000,61.10136
2009-01-12,-2.10156,0.18718,33.50000,54.22519
2009-01-13,-0.79872,0.63807,31.50000,57.24566
2009-01-14,-0.44034,0.73402,29.25000,55.30345
2009-01-15,-0.19931,0.28228,32.25000,59.51307
2009-01-16,-0.43424,0.00843,33.00000,51.38535
2009-01-17,-0.04509,-0.30612,33.25000,48.69622
2009-01-18,-0.21676,0.17582,29.00000,53.13383
2009-01-19,-1.78595,-0.92406,29.50000,61.84837
2009-01-20,-2.46375,-0.02297,29.75000,59.22115
2009-01-21,-2.15027,0.32428,30.25000,49.86338
2009-01-22,-0.79286,0.28995,31.75000,63.06721
2009-01-23,-1.43104,-0.12578,30.50000,63.99514
2009-01-24,-1.18308,0.09253,33.50000,67.83365
2009-01-25,-0.68024,-1.03196,30.50000,60.12886
2009-01-26,1.91441,-0.41083,32.25000,63.50895
2009-01-27,2.18117,-1.59028,31.25000,67.97388
2009-01-28,2.70147,-1.57691,29.75000,64.60567
2009-01-29,-2.39639,0.20351,32.00000,59.74992
2009-01-30,-2.73875,-1.48431,31.50000,47.73022
2009-01-31,-1.74888,-2.22479,28.75000,47.60077
2009-02-01,-1.95426,-0.00404,31.75000,47.40731
2009-02-02,-2.13290,-0.39967,33.75000,48.04742
2009-02-03,-0.91551,-0.16352,32.50000,51.99015
2009-02-04,-2.61361,0.23742,33.75000,72.07549
2009-02-05,-2.21455,-0.54333,33.75000,60.14993
2009-02-06,-0.40380,-0.58662,33.75000,55.48704
2009-02-07,-0.59332,-0.93755,33.00000,49.45626
2009-02-08,-1.51096,0.15883,34.00000,47.19921
2009-02-09,-1.25350,0.35725,38.50000,48.35574
2009-02-10,-0.38227,1.01604,35.75000,51.80664
2009-02-11,-0.26166,-0.71149,36.50000,47.82075
2009-02-12,0.30685,-0.05896,28.25000,44.45165
2009-02-13,-0.47052,0.07006,28.00000,51.28620
2009-02-14,-1.56920,-0.67852,31.00000,51.94469
2009-02-15,-2.07579,-1.68870,29.50000,47.06758
2009-02-16,-4.22111,-0.64405,31.50000,47.92481
2009-02-17,-2.51716,-0.85277,35.50000,44.98516
2009-02-18,-0.30864,-1.93298,32.50000,46.34425
2009-02-19,0.05409,-1.53152,33.25000,52.18188
2009-02-20,-1.34185,-0.74298,30.75000,52.31882
2009-02-21,1.31297,-1.72145,29.00000,61.80700
2009-02-22,3.75660,-2.07952,28.75000,64.20716
2009-02-23,0.99609,-0.81965,30.25000,53.84382
2009-02-24,4.35197,-0.89170,30.75000,47.91330
2009-02-25,6.81911,-2.44096,28.00000,51.18066
2009-02-26,0.37738,-1.81470,28.25000,59.20622
2009-02-27,1.98599,-2.55537,29.25000,60.05485
2009-02-28,1.95154,-2.79995,28.75000,53.91518
2009-03-01,-0.27485,1.67103,28.50000,49.96836
2009-03-02,-0.36560,0.73798,35.50000,49.27810
2009-03-03,1.44131,1.06686,32.25000,54.07320
2009-03-04,1.82457,-0.11226,27.00000,50.39711
2009-03-05,3.66136,-1.32987,26.25000,50.17458
2009-03-06,1.48063,-0.14540,31.75000,63.47207
2009-03-07,1.39603,-1.69340,31.75000,68.87036
2009-03-08,2.58665,-1.13355,29.25000,62.55282
2009-03-09,0.53623,-1.56464,31.50000,59.39793
2009-03-10,0.69711,-2.08113,32.25000,56.76433
2009-03-11,-0.35578,-3.52126,29.75000,50.11326
2009-03-12,-0.58092,-1.14035,26.75000,43.34734
2009-03-13,-1.08010,-0.51562,24.00000,36.49263
2009-03-14,-0.42183,-0.80433,44.00000,33.06127
2009-03-15,-0.82071,-1.16448,45.00000,35.73778
2009-03-16,0.29226,-1.14748,45.00000,36.51519
2009-03-17,-0.41767,-1.07153,45.00000,36.89001
2009-03-18,-0.26502,-1.47941,44.75000,37.81523
2009-03-19,0.52080,-1.00859,23.75000,38.60086
2009-03-20,0.40328,-1.19082,25.00000,46.07052
2009-03-21,2.15863,-0.50912,27.00000,46.31777
2009-03-22,-0.08938,-0.80007,27.25000,40.63310
2009-03-23,-0.94532,-0.28783,28.25000,40.01649
2009-03-24,-1.29732,-0.53462,28.75000,35.49956
2009-03-25,0.04695,-0.62210,45.00000,32.94512
2009-03-26,-0.61473,-1.57030,23.00000,32.61851
2009-03-27,3.00077,-0.84724,21.50000,31.97517
2009-03-28,0.77120,-0.51100,19.75000,37.31322
2009-03-29,6.34979,-0.39735,20.00000,36.55157
2009-03-30,5.30411,-1.86893,27.75000,34.61797
2009-03-31,4.94718,-1.71183,26.75000,39.92560
2009-10-01,0.79659,-1.28734,38.25000,41.60148
2009-10-02,0.71756,-1.61929,37.25000,39.54852
2009-10-03,-0.47529,-1.09814,36.50000,40.16201
2009-10-04,0.19174,-0.42293,34.50000,39.67381
2009-10-05,-0.03133,-0.16623,37.00000,41.33350
2009-10-06,0.35212,-0.04610,39.25000,44.95759
2009-10-07,1.10833,0.39110,39.00000,43.36315
2009-10-08,1.51596,0.44038,32.50000,36.80595
2009-10-09,0.83923,0.58859,33.00000,45.38400
2009-10-10,0.42175,0.18510,32.25000,45.85993
2009-10-11,-0.17515,0.18185,32.50000,43.91071
2009-10-12,0.14478,0.25034,32.50000,44.30965
2009-10-13,0.09099,0.43159,34.00000,47.13496
2009-10-14,0.23019,0.32335,34.50000,48.80095
2009-10-15,0.13757,-0.22199,34.25000,47.85477
2009-10-16,0.16679,-0.39190,35.75000,47.95685
2009-10-17,0.14752,-0.38101,37.25000,45.82032
2009-10-18,0.21781,-0.90555,29.75000,42.78848
2009-10-19,1.27752,-0.42934,32.00000,47.33955
2009-10-20,-0.47778,-0.55278,32.25000,46.72903
2009-10-21,-1.09721,-0.00009,33.50000,43.61870
2009-10-22,0.10140,0.32152,32.75000,48.08017
2009-10-23,0.72810,-0.10599,33.00000,56.04218
2009-10-24,0.20270,-0.10391,32.50000,55.70799
2009-10-25,0.14194,0.42286,32.50000,48.35157
2009-10-26,0.63299,0.13821,31.25000,46.60970
2009-10-27,0.20081,0.46587,31.25000,45.47923
2009-10-28,0.60084,0.06108,32.25000,42.24006
2009-10-29,0.26130,-0.25221,30.50000,43.02825
2009-10-30,-0.50381,-0.13080,29.75000,40.67073
2009-10-31,-0.87062,0.61640,30.50000,36.38873
2009-11-01,-0.00365,0.58548,29.25000,33.44949
2009-11-02,0.57320,-0.63292,28.25000,29.88275
2009-11-03,-0.20270,-0.41212,24.75000,29.32525
2009-11-04,-0.09538,-0.12968,23.25000,33.42524
2009-11-05,-0.40065,-0.20590,24.50000,40.42197
2009-11-06,0.05274,-0.50426,25.00000,45.12863
2009-11-07,-0.20100,-0.75801,26.00000,52.38666
2009-11-08,-0.96148,0.00508,28.00000,55.81992
2009-11-09,-0.91708,0.06941,31.00000,62.60092
2009-11-10,-0.71494,-0.23804,32.00000,73.19892
2009-11-11,-0.95912,-0.50492,33.75000,76.30588
2009-11-12,-1.10886,0.35353,35.50000,72.77152
2009-11-13,-0.48642,2.19493,38.50000,69.20019
2009-11-14,-0.77388,0.18061,35.75000,65.50796
2009-11-15,1.19444,-1.29748,34.75000,64.86096
2009-11-16,2.04389,-0.97803,34.50000,56.76625
2009-11-17,1.00356,-0.66751,29.75000,56.27476
2009-11-18,0.74947,-0.39977,30.75000,71.91560
2009-11-19,-0.59436,-0.30203,29.50000,66.29716
2009-11-20,-1.26828,0.63158,28.50000,54.53883
2009-11-21,-1.47370,1.54122,27.50000,53.73590
2009-11-22,-0.40434,0.78329,32.25000,47.45085
2009-11-23,-0.08693,0.72095,32.75000,63.14569
2009-11-24,-0.17786,1.14255,32.50000,56.81755
2009-11-25,0.63149,0.08605,32.00000,51.35056
2009-11-26,-0.29736,0.00821,29.25000,49.03405
2009-11-27,-0.35921,0.90652,28.75000,42.66045
2009-11-28,-0.24566,1.06023,35.75000,44.71230
2009-11-29,-0.37240,1.07659,33.75000,42.60708
2009-11-30,0.49375,0.28748,27.25000,44.63977
2009-12-01,0.40211,0.44914,28.75000,54.59180
2009-12-02,-0.98159,0.45873,30.25000,56.43959
2009-12-03,-0.78550,1.45768,30.00000,47.64676
2009-12-04,-0.31990,0.67734,29.75000,51.44727
2009-12-05,-0.15095,0.07737,29.75000,57.88122
2009-12-06,-0.49454,0.09486,28.50000,58.64887
2009-12-07,-0.89855,0.24350,27.75000,60.46411
2009-12-08,-2.29522,0.67882,27.25000,56.76955
2009-12-09,-2.80585,1.38267,40.00000,52.85444
2009-12-10,-0.94039,0.16628,39.00000,54.54021
2009-12-11,-1.81268,-0.43181,33.00000,49.28493
2009-12-12,-2.46762,0.05881,30.00000,47.92766
2009-12-13,-1.74033,-0.39699,26.25000,51.42416
2009-12-14,-2.35366,-0.38262,25.25000,59.26444
2009-12-15,-3.31611,0.11553,27.25000,63.31162
2009-12-16,-1.67259,-0.13280,27.25000,59.80819
2009-12-17,-1.51536,-0.74615,26.50000,62.05251
2009-12-18,-1.05531,0.07401,28.00000,57.17023
2009-12-19,-0.32456,-0.66615,26.50000,50.61140
2009-12-20,-2.94763,0.53037,28.25000,49.78351
2009-12-21,-1.67398,-0.62981,27.25000,52.09826
2009-12-22,-0.18974,-0.75104,27.50000,53.34304
2009-12-23,-0.10255,-0.52333,26.75000,60.43596
2009-12-24,-1.24301,-0.18662,28.25000,58.52548
2009-12-25,-2.79584,0.70200,27.50000,68.97686
2009-12-26,-2.02154,0.81743,28.75000,82.35889
2009-12-27,-1.88052,0.75378,27.50000,76.40804
2009-12-28,-1.39486,0.02169,29.75000,84.21472
2009-12-29,-2.74377,1.35739,31.25000,77.48670
2009-12-30,-1.44664,-0.21214,32.25000,56.39080
2009-12-31,-1.73256,-0.40759,25.75000,60.53695
2010-01-01,-2.91283,0.95006,27.00000,60.08096
2010-01-02,-0.39425,2.22899,32.25000,61.83135
2010-01-03,-0.10960,1.07707,36.50000,62.40203
2010-01-04,0.74491,-2.53466,31.25000,59.65279
2010-01-05,-2.89490,0.82874,28.50000,48.85120
2010-01-06,-1.13380,1.66544,28.50000,48.49342
2010-01-07,0.86326,1.27040,30.50000,53.14904
2010-01-08,1.29974,0.38120,32.00000,62.42589
2010-01-09,2.14167,-0.21267,32.50000,68.20714
2010-01-10,-1.08669,-0.32323,32.25000,77.60756
2010-01-11,-2.51809,0.13072,33.75000,80.50226
2010-01-12,-0.76626,0.03113,31.00000,74.75076
2010-01-13,-4.46374,-0.09663,32.50000,61.75946
2010-01-14,-2.83671,-1.29210,28.25000,49.73170
2010-01-15,-3.24902,1.12335,30.00000,47.21778
2010-01-16,-0.63453,1.22998,30.50000,42.74856
2010-01-17,0.55885,1.04483,38.50000,40.73246
2010-01-18,1.88595,-0.50638,31.75000,45.94157
2010-01-19,0.97836,-0.89110,32.50000,45.62206
2010-01-20,1.12421,0.21321,30.00000,44.44147
2010-01-21,-0.14433,-0.48005,31.25000,39.48982
2010-01-22,-0.02451,-0.16068,29.50000,40.43067
2010-01-23,-0.35415,-1.04761,28.50000,45.93836
2010-01-24,0.18127,-0.13415,25.00000,50.07235
2010-01-25,-0.03297,-0.95813,22.75000,48.40796
2010-01-26,-0.00867,-0.75698,21.25000,50.59772
2010-01-27,-1.04902,0.24603,28.25000,52.99870
2010-01-28,-0.61280,0.52958,25.75000,58.99049
2010-01-29,-0.61174,0.48677,24.50000,51.30302
2010-01-30,-0.75369,-0.36274,25.25000,55.46716
2010-01-31,-1.53065,0.07189,26.50000,59.19013
2010-02-01,-1.63260,-0.10946,25.00000,57.48344
2010-02-02,-0.71449,-1.40743,26.25000,57.56480
2010-02-03,-3.34625,-1.20827,28.75000,56.88185
2010-02-04,-3.28437,-0.96877,24.50000,58.79957
2010-02-05,-2.98838,-0.32767,25.50000,54.74555
2010-02-06,-5.40720,1.50104,42.25000,56.37698
2010-02-07,-3.10729,0.54337,43.00000,60.91735
2010-02-08,-3.02977,0.59658,43.25000,58.88465
2010-02-09,-0.25701,1.94354,24.25000,53.62516
2010-02-10,-0.90738,-0.28186,24.25000,55.79794
2010-02-11,-0.83467,-0.12156,27.75000,52.94901
2010-02-12,-3.27040,0.29548,27.75000,52.62534
2010-02-13,0.42275,1.14268,25.75000,62.95450
2010-02-14,1.68807,-1.30479,26.25000,61.35717
2010-02-15,2.69030,-0.39526,28.75000,65.50223
2010-02-16,0.24644,-0.89678,28.50000,64.87720
2010-02-17,2.23757,-2.40544,26.25000,70.28481
2010-02-18,-0.76655,-0.27944,24.75000,73.72700
2010-02-19,-1.05818,0.05576,27.50000,74.28558
2010-02-20,-0.94017,0.45469,26.25000,57.52341
2010-02-21,-1.76011,1.80409,24.50000,57.43789
2010-02-22,-1.26473,1.43531,28.00000,58.24451
2010-02-23,-0.79706,0.56221,26.75000,52.17057
2010-02-24,1.36767,0.20216,26.75000,52.74100
2010-02-25,2.52047,-0.47118,21.75000,45.87644
2010-02-26,-1.25726,0.73379,26.50000,43.47480
2010-02-27,-1.28733,0.86753,26.50000,44.41039
2010-02-28,-0.18973,1.18370,25.75000,44.46391
2010-03-01,0.29058,0.18253,27.00000,48.76834
2010-03-02,5.21304,-0.10143,25.75000,52.54721
2010-03-03,5.54126,-0.05932,25.25000,56.74315
2010-03-04,4.77486,-1.07898,25.50000,64.14856
2010-03-05,6.30637,-3.17037,28.50000,66.07556
2010-03-06,4.38717,-1.31944,29.50000,67.23498
2010-03-07,3.03262,-2.36127,28.50000,67.27196
2010-03-08,1.57160,-1.79449,28.00000,65.04775
2010-03-09,-1.50476,-1.79575,28.50000,58.57503
2010-03-10,-1.60812,-0.58746,29.25000,59.13747
2010-03-11,-2.10576,0.10641,27.75000,53.80161
2010-03-12,-0.83860,0.02531,28.00000,50.79105
2010-03-13,-0.69749,0.29022,26.25000,49.90630
2010-03-14,2.32777,0.57577,21.50000,51.87491
2010-03-15,2.69358,-1.04891,21.25000,51.30384
2010-03-16,0.73648,-0.51811,19.75000,42.12498
2010-03-17,-1.08534,-0.41768,25.50000,31.96506
2010-03-18,-0.19561,-0.46381,45.00000,45.55260
2010-03-19,-0.79774,-0.31626,45.00000,55.11475
2010-03-20,-0.00491,-0.02252,45.00000,59.42736
2010-03-21,-0.16516,0.28157,42.50000,58.31839
2010-03-22,2.58271,0.16870,38.50000,58.82292
2010-03-23,8.16728,-0.31417,36.50000,56.88279
2010-03-24,11.11768,-0.69149,35.25000,61.85804
2010-03-25,5.87710,-0.90277,33.25000,45.12261
2010-03-26,6.43901,-0.93694,24.50000,37.31057
2010-03-27,8.71730,-1.78756,25.75000,38.84610
2010-03-28,14.67119,-1.81751,29.25000,43.17762
2010-03-29,10.84391,-0.69930,31.75000,46.03403
2010-03-30,12.11516,-0.03893,28.00000,49.08291
2010-03-31,18.46866,-1.07879,28.25000,53.17759
2010-10-01,0.20346,0.07265,33.00000,43.97713
2010-10-02,0.26344,-0.28589,32.50000,41.95845
2010-10-03,-0.02210,-0.51792,31.25000,37.21260
2010-10-04,0.08650,-0.40717,30.75000,33.03862
2010-10-05,0.06127,-0.54220,29.25000,33.82115
2010-10-06,0.24359,-0.93059,28.75000,34.04193
2010-10-07,1.68068,-0.99132,45.00000,36.22172
2010-10-08,3.58406,-0.58108,36.75000,41.11040
2010-10-09,1.05595,0.12991,34.00000,45.58355
2010-10-10,0.69064,1.25213,33.25000,50.46631
2010-10-11,-0.08961,-0.02500,32.75000,42.09476
2010-10-12,-0.12619,-0.94828,35.25000,41.57883
2010-10-13,0.72002,-0.14968,34.75000,47.59211
2010-10-14,0.67577,-0.07821,35.75000,49.21583
2010-10-15,-0.26599,-0.08524,36.25000,44.50954
2010-10-16,-0.15458,-0.76815,36.75000,42.44509
2010-10-17,0.49947,-0.75142,30.75000,36.96077
2010-10-18,0.23300,-0.44728,30.00000,33.49282
2010-10-19,-0.00819,-0.31324,28.75000,27.99044
2010-10-20,-0.35411,-0.51241,41.50000,32.35712
2010-10-21,-0.29993,-0.42829,33.75000,42.59161
2010-10-22,0.28835,0.08218,31.25000,46.08426
2010-10-23,-0.04024,0.28708,32.25000,46.19103
2010-10-24,0.46008,-1.08078,31.25000,41.94247
2010-10-25,-0.22409,-0.79909,32.00000,43.27366
2010-10-26,-0.20823,-0.57636,34.00000,42.86330
2010-10-27,-0.47556,-0.80362,31.00000,39.39605
2010-10-28,-0.22220,-0.29471,31.25000,54.24718
2010-10-29,-0.35182,-0.14360,33.50000,53.28256
2010-10-30,-0.14367,-0.60330,34.25000,45.56125
2010-10-31,-0.36180,-0.99735,34.50000,43.74020
2010-11-01,0.26685,-0.47619,30.75000,40.50069
2010-11-02,0.02444,0.16501,30.00000,41.60884
2010-11-03,-0.10471,0.10637,31.00000,42.19249
2010-11-04,-0.31299,0.50682,32.50000,40.61813
2010-11-05,0.17787,-0.01638,32.50000,45.80678
2010-11-06,0.29886,0.02318,31.75000,51.60386
2010-11-07,-0.13701,-0.06048,31.50000,54.05116
2010-11-08,-0.07694,0.39020,32.50000,57.03307
2010-11-09,-0.59830,0.69450,32.00000,50.02412
2010-11-10,-0.40420,0.14729,32.00000,42.29109
2010-11-11,0.05896,0.32449,28.75000,39.36340
2010-11-12,0.23786,0.03536,36.00000,42.44445
2010-11-13,0.00595,-0.15934,32.25000,49.10114
2010-11-14,0.33301,-0.23073,32.00000,48.86317
2010-11-15,-0.20347,0.36469,31.50000,51.58673
2010-11-16,-0.88841,0.02774,31.00000,47.16243
2010-11-17,-0.63595,0.12795,31.25000,49.13799
2010-11-18,-1.17745,0.05214,30.00000,50.83115
2010-11-19,-0.53531,-0.69038,31.00000,53.22065
2010-11-20,1.38514,-1.18002,30.00000,58.45800
2010-11-21,-0.75361,1.45373,30.25000,59.94561
2010-11-22,-1.82415,-0.25418,32.75000,67.96619
2010-11-23,-0.96475,0.10510,34.25000,59.86339
2010-11-24,-1.99464,1.16394,34.75000,63.38787
2010-11-25,-1.11439,0.16121,35.75000,66.96865
2010-11-26,-1.27949,0.06248,34.25000,64.21702
2010-11-27,-1.34562,-0.34143,32.50000,56.84072
2010-11-28,-1.68852,-0.58847,30.50000,46.90825
2010-11-29,-0.75050,-1.23773,29.50000,57.50825
2010-11-30,-0.67377,-1.03004,29.00000,58.94995
2010-12-01,-2.68463,0.62602,29.25000,58.94820
2010-12-02,-0.95916,-0.09179,29.75000,65.68650
2010-12-03,-0.08812,-0.39311,29.00000,59.17419
2010-12-04,-0.23724,0.25538,28.25000,53.89547
2010-12-05,-0.22277,-0.47627,32.50000,63.42942
2010-12-06,0.94776,0.23190,34.00000,63.98730
2010-12-07,0.50841,0.60844,33.00000,60.41335
2010-12-08,-0.01686,0.45086,33.50000,56.71514
2010-12-09,2.27577,0.22083,30.00000,49.19156
2010-12-10,-0.11568,-0.14162,28.75000,51.42314
2010-12-11,-1.47433,-0.47292,28.75000,54.54932
2010-12-12,-0.41305,0.14891,29.00000,57.89595
2010-12-13,-0.77499,0.64248,28.50000,51.60497
2010-12-14,-2.71567,-0.48031,28.25000,54.81122
2010-12-15,-1.84341,0.70403,32.00000,61.12994
2010-12-16,0.39634,1.02022,32.25000,60.01223
2010-12-17,0.35567,-1.02758,31.25000,51.96960
2010-12-18,0.31734,-1.22182,28.25000,57.50288
2010-12-19,-0.01986,-1.93741,28.75000,50.94670
2010-12-20,-1.66180,0.58168,30.00000,46.50134
2010-12-21,-0.83781,1.18506,28.00000,48.55986
2010-12-22,-0.81557,-0.21842,27.25000,51.96537
2010-12-23,-0.93392,0.02797,27.00000,63.17920
2010-12-24,-1.60643,-0.41034,28.25000,66.74440
2010-12-25,-3.85004,0.53694,27.75000,67.45153
2010-12-26,-3.19910,0.97789,28.75000,67.45406
2010-12-27,-2.22957,0.11366,30.25000,69.62993
2010-12-28,-2.02695,0.25520,31.25000,68.11741
2010-12-29,-0.55788,0.01121,32.50000,65.85234
2010-12-30,-0.91243,0.44668,31.75000,60.32667
2010-12-31,0.01981,-0.38126,28.50000,62.10186
2011-01-01,1.54468,-2.06295,29.00000,68.02139
2011-01-02,-1.35597,2.08347,29.50000,64.62118
2011-01-03,-0.96324,2.17347,30.75000,66.44931
2011-01-04,0.02685,1.61091,32.25000,69.16592
2011-01-05,0.94881,-0.65732,32.00000,62.78220
2011-01-06,0.86706,-1.05225,31.25000,53.79344
2011-01-07,0.86372,-0.02082,30.25000,49.16739
2011-01-08,1.23402,-0.67037,26.75000,52.52151
2011-01-09,1.18026,-1.50722,28.25000,60.86705
2011-01-10,-0.01876,-0.54923,30.50000,69.68667
2011-01-11,-2.27492,1.48227,29.50000,66.71555
2011-01-12,-2.21790,0.99567,32.25000,69.46072
2011-01-13,-2.57522,0.27513,29.75000,66.09827
2011-01-14,-5.64429,0.83932,29.75000,62.15020
2011-01-15,-3.74362,-0.58468,28.75000,62.94498
2011-01-16,3.31039,-3.41445,27.00000,64.20446
2011-01-17,2.55353,0.51588,26.75000,57.36288
2011-01-18,-1.01972,-0.28389,28.00000,62.34856
2011-01-19,2.12551,-0.78803,27.75000,68.35394
2011-01-20,-0.56016,2.00428,30.00000,57.71513
2011-01-21,-1.11489,-0.02038,29.25000,62.41881
2011-01-22,-3.08295,0.71799,28.25000,62.21966
2011-01-23,-2.91179,-0.37874,29.00000,62.93357
2011-01-24,-3.70058,-0.71607,28.25000,64.10337
2011-01-25,-3.52326,-0.98872,29.50000,68.10420
2011-01-26,-2.05471,-0.87638,28.25000,59.59374
2011-01-27,-0.98020,-0.62037,25.75000,57.47229
2011-01-28,-1.79185,0.74002,25.50000,55.68404
2011-01-29,-2.93504,-0.02515,26.50000,56.29104
2011-01-30,-2.51856,0.09299,28.50000,65.32825
2011-01-31,0.23620,-0.69027,29.25000,64.73470
2011-02-01,-2.29711,0.56618,28.75000,66.44020
2011-02-02,-1.48083,1.20711,28.75000,58.70836
2011-02-03,-1.50260,0.87539,28.00000,51.33959
2011-02-04,0.10795,0.47454,31.00000,55.72244
2011-02-05,0.18117,-0.74905,31.50000,50.02463
2011-02-06,-0.23586,0.38263,29.75000,54.09781
2011-02-07,-2.48968,0.07734,31.50000,65.87186
2011-02-08,1.87962,-3.02431,31.00000,60.31195
2011-02-09,-0.52972,-0.76902,28.75000,54.67017
2011-02-10,0.20476,-0.50482,29.75000,64.96022
2011-02-11,-1.61070,-0.44140,30.50000,60.17897
2011-02-12,-1.61710,1.21353,28.25000,65.27779
2011-02-13,-1.79898,1.10405,27.50000,59.75232
2011-02-14,-0.11413,0.12018,27.50000,60.00935
2011-02-15,2.91969,1.28608,28.25000,70.55562
2011-02-16,5.73948,0.39488,27.00000,65.74628
2011-02-17,0.74863,-1.83567,27.50000,71.92831
2011-02-18,0.93431,-0.84902,29.50000,76.68149
2011-02-19,0.38988,-0.02981,28.00000,63.13501
2011-02-20,-0.17979,0.07590,31.00000,60.31606
2011-02-21,-1.43128,-0.24125,31.00000,49.41744
2011-02-22,-2.57608,0.56115,28.50000,47.89716
2011-02-23,-0.54603,0.03718,29.50000,46.54853
2011-02-24,-0.29394,-1.13185,29.25000,49.42820
2011-02-25,0.19261,-1.21760,26.25000,61.32313
2011-02-26,-0.66238,-0.35583,26.75000,64.26403
2011-02-27,-1.75760,-2.02703,28.75000,56.87842
2011-02-28,-2.91366,-0.84497,30.00000,54.77070
2011-03-01,-3.34075,-1.13613,31.00000,48.24110
2011-03-02,-1.00007,-0.39251,28.50000,46.49837
2011-03-03,-2.55378,-1.05266,31.75000,53.78971
2011-03-04,-0.18200,0.28992,30.00000,63.10283
2011-03-05,2.16500,-1.52999,30.00000,62.60741
2011-03-06,2.19283,-1.45773,31.25000,63.71210
2011-03-07,-0.08469,-0.90030,31.50000,65.79832
2011-03-08,-0.88108,-2.02779,30.75000,58.09738
2011-03-09,0.76597,-1.98750,29.75000,52.20880
2011-03-10,2.16776,-0.53228,29.75000,50.47225
2011-03-11,1.46020,-1.84457,27.25000,45.70925
2011-03-12,1.75748,-0.71576,27.00000,49.89069
2011-03-13,0.18662,1.03607,27.50000,46.76552
2011-03-14,-0.28654,0.10666,26.00000,39.48149
2011-03-15,-0.67133,-1.57816,24.25000,33.89027
2011-03-16,0.75594,0.27078,38.00000,31.92646
2011-03-17,-1.04029,1.17787,36.75000,43.40456
2011-03-18,4.63948,0.70916,35.00000,45.62840
2011-03-19,12.53320,0.70386,31.50000,53.90505
2011-03-20,13.97098,-1.78263,29.25000,56.09901
2011-03-21,12.71275,-3.50869,28.00000,52.96384
2011-03-22,4.31963,-0.67310,31.00000,47.33390
2011-03-23,1.18987,-0.66746,31.25000,47.37122
2011-03-24,2.77365,-0.94772,28.75000,48.20480
2011-03-25,2.56603,-0.99456,28.50000,42.16855
2011-03-26,3.84068,-0.24960,32.25000,38.94782
2011-03-27,1.99400,0.15230,29.00000,41.87513
2011-03-28,1.31717,0.91952,28.50000,40.78143
2011-03-29,3.43347,-0.50106,28.25000,40.04642
2011-03-30,5.04536,0.06846,32.75000,45.81916
2011-03-31,4.03500,-0.19159,31.50000,49.92046
2011-10-01,0.34569,-0.27775,37.00000,46.20953
2011-10-02,0.31779,-0.13275,35.50000,39.98722
2011-10-03,0.23322,0.01248,34.25000,32.31041
2011-10-04,0.02301,-0.05255,35.00000,35.16263
2011-10-05,-0.17970,-0.10610,37.25000,33.11160
2011-10-06,-0.12663,-0.35886,36.00000,35.58198
2011-10-07,-0.04515,-0.51284,34.50000,36.41981
2011-10-08,-0.03030,-0.46452,33.75000,36.62616
2011-10-09,0.05319,-0.74194,35.50000,35.24716
2011-10-10,0.10962,-0.62779,34.25000,35.72811
2011-10-11,0.25122,-0.41166,34.75000,45.02917
2011-10-12,0.04977,-0.15905,35.75000,50.54256
2011-10-13,-0.29185,0.18574,36.25000,47.59852
2011-10-14,-0.73026,0.05309,36.50000,43.43978
2011-10-15,-0.24110,-0.37303,32.75000,39.55562
2011-10-16,-0.01208,-0.28195,30.75000,34.31718
2011-10-17,0.09243,-0.37530,30.00000,35.24330
2011-10-18,-0.05689,-0.88426,29.75000,39.44947
2011-10-19,-0.17806,-0.68698,30.50000,46.88390
2011-10-20,0.30362,-0.44612,33.50000,46.06607
2011-10-21,0.42823,-0.82143,33.00000,37.65416
2011-10-22,0.26681,-0.81323,30.25000,38.93853
2011-10-23,0.30424,0.37884,31.00000,46.90554
2011-10-24,-0.23134,-0.26903,32.50000,48.70689
2011-10-25,0.02534,-0.91055,33.50000,41.75983
2011-10-26,0.15382,-1.41775,30.25000,44.23964
2011-10-27,-0.37694,-0.08021,30.00000,46.59720
2011-10-28,-0.74271,-0.06227,25.75000,39.82365
2011-10-29,-0.15938,-0.02361,26.50000,38.20137
2011-10-30,-0.52658,0.25582,41.25000,37.12054
2011-10-31,-0.37390,-0.13465,31.25000,39.61845
2011-11-01,-0.14351,0.04051,29.25000,44.47990
2011-11-02,-0.98467,1.13432,31.75000,49.78743
2011-11-03,-0.60302,0.75889,31.25000,49.54806
2011-11-04,-0.34609,-0.10234,30.50000,52.67484
2011-11-05,-0.24432,-0.03293,27.50000,48.28573
2011-11-06,-0.57148,0.50684,30.25000,48.92422
2011-11-07,-1.66169,-0.13031,28.00000,40.03038
2011-11-08,-0.00370,1.01159,37.50000,39.06364
2011-11-09,-0.30214,0.54386,39.00000,47.82521
2011-11-10,-0.20758,0.63490,38.25000,67.10075
2011-11-11,-0.30574,0.44910,35.75000,60.70446
2011-11-12,0.95076,0.24157,31.75000,55.77589
2011-11-13,0.90338,-0.15940,30.25000,42.90151
2011-11-14,0.52553,-0.05755,30.25000,40.22208
2011-11-15,0.20644,0.02229,32.25000,41.53538
2011-11-16,-0.14674,0.47653,28.00000,45.49307
2011-11-17,-0.54126,1.37968,31.25000,42.97585
2011-11-18,-1.73174,1.10750,29.25000,44.41248
2011-11-19,-0.76473,0.85543,28.00000,42.87383
2011-11-20,0.27610,0.41121,36.25000,44.24389
2011-11-21,1.33030,0.36442,36.75000,39.13881
2011-11-22,0.69437,0.35755,45.00000,37.55002
2011-11-23,0.44181,0.47033,45.00000,44.53920
2011-11-24,-0.00459,0.14070,40.25000,41.41575
2011-11-25,-0.07611,-0.01615,36.25000,45.66541
2011-11-26,-0.31974,0.08354,34.75000,56.25151
2011-11-27,-0.07321,-0.04778,36.00000,67.98861
2011-11-28,-0.87327,-0.09357,35.75000,73.66189
2011-11-29,-0.32174,1.18019,36.00000,66.92435
2011-11-30,0.44431,1.22927,38.00000,71.59454
2011-12-01,0.86213,0.40548,38.75000,55.65652
2011-12-02,0.10357,-0.67697,38.25000,59.29402
2011-12-03,0.49617,0.53563,34.25000,66.06810
2011-12-04,0.47338,0.36281,34.75000,57.57199
2011-12-05,-0.02874,0.33854,34.75000,67.63632
2011-12-06,-0.12294,-0.10104,33.00000,65.44930
2011-12-07,0.84893,0.48380,32.25000,62.12243
2011-12-08,0.30459,0.16762,32.50000,62.16970
2011-12-09,-0.32288,-0.15369,30.75000,51.04287
2011-12-10,-0.79159,-0.91366,28.50000,49.17340
2011-12-11,-0.96361,0.17404,27.50000,44.96995
2011-12-12,-0.82976,0.27069,31.00000,55.20126
2011-12-13,-0.60981,-0.89676,30.50000,67.81612
2011-12-14,-1.71874,-0.11155,29.75000,68.68498
2011-12-15,-2.18522,-0.13895,29.25000,68.99516
2011-12-16,-1.79429,-0.60688,29.25000,58.77781
2011-12-17,-1.61672,-0.01853,31.50000,52.84496
2011-12-18,-0.79663,0.04123,30.50000,56.97459
2011-12-19,0.11405,-0.60705,30.75000,68.78658
2011-12-20,-0.72162,-1.07825,31.50000,69.18465
2011-12-21,-0.62190,-0.88704,31.50000,66.25780
2011-12-22,-0.62531,-1.09459,33.25000,72.36794
2011-12-23,-0.83868,-0.36392,33.25000,66.34030
2011-12-24,-1.26354,-1.17372,33.25000,56.48845
2011-12-25,-0.16920,-1.20565,29.50000,51.77108
2011-12-26,0.48893,-0.90610,28.50000,59.86217
2011-12-27,0.49846,-0.91976,29.00000,60.39164
2011-12-28,0.42022,-0.55709,31.50000,62.63736
2011-12-29,0.63127,-0.25241,33.25000,65.52814
2011-12-30,0.23491,-0.09179,32.25000,59.96466
2011-12-31,-0.54588,0.71553,33.00000,59.76729
2012-01-01,-0.53879,0.16860,32.25000,48.23444
2012-01-02,0.67408,-0.83953,28.75000,45.65980
2012-01-03,-0.18751,-0.24635,28.25000,50.10216
2012-01-04,-0.58654,-0.55803,26.25000,63.43690
2012-01-05,-0.56624,0.06998,27.75000,70.18989
2012-01-06,-0.08325,0.18190,27.50000,63.45426
2012-01-07,0.91006,0.42796,28.00000,50.20110
2012-01-08,0.91855,-0.38277,28.00000,49.18531
2012-01-09,2.04519,-0.33778,23.75000,46.15242
2012-01-10,0.34469,-0.43239,24.25000,50.28051
2012-01-11,0.34379,-0.69108,24.75000,55.35380
2012-01-12,-0.55279,-1.07124,26.25000,68.67480
2012-01-13,-3.65914,-0.00397,26.50000,63.94398
2012-01-14,-5.77283,0.60598,25.50000,57.22772
2012-01-15,-3.20946,1.11491,30.25000,59.24040
2012-01-16,-0.77405,0.12209,30.50000,63.57069
2012-01-17,0.37476,-0.42598,30.00000,69.18367
2012-01-18,3.11642,-0.78135,29.75000,68.09458
2012-01-19,2.13779,-0.68564,29.75000,73.93091
2012-01-20,3.15688,-1.52231,31.00000,78.20618
2012-01-21,-1.39323,-1.51929,32.00000,85.03223
2012-01-22,-1.46248,-0.02098,32.25000,85.32667
2012-01-23,-1.70318,-0.88865,32.75000,84.58918
2012-01-24,-3.12172,0.71598,34.75000,81.90366
2012-01-25,-2.66495,-0.15688,33.00000,67.94762
2012-01-26,-1.76339,-1.25820,33.75000,65.03494
2012-01-27,-2.95762,-1.04082,28.75000,65.78108
2012-01-28,-3.29690,-0.80555,30.00000,65.00650
2012-01-29,-2.57554,-0.81118,30.50000,68.63513
2012-01-30,-2.76779,0.49484,33.25000,65.65173
2012-01-31,-4.40874,-0.28036,32.00000,62.70481
2012-02-01,-4.88081,-1.56297,31.25000,52.56812
2012-02-02,-3.14604,0.56945,30.50000,45.83701
2012-02-03,-2.02674,0.23030,27.25000,48.23537
2012-02-04,-0.79086,0.26894,27.50000,54.66629
2012-02-05,-0.96019,-0.44561,27.75000,62.39491
2012-02-06,1.09265,-0.68615,30.00000,62.64445
2012-02-07,-1.64988,-0.53923,31.50000,62.02594
2012-02-08,-2.15706,0.39424,28.00000,56.99332
2012-02-09,-0.84097,-2.16530,26.75000,61.74639
2012-02-10,0.37393,-0.05575,26.75000,58.51745
2012-02-11,-1.52810,-0.78425,27.00000,54.93161
2012-02-12,-1.58557,0.69907,27.75000,56.07834
2012-02-13,-2.45947,2.63215,29.25000,62.80033
2012-02-14,-1.07737,-0.10750,30.00000,60.26885
2012-02-15,-0.43439,-1.57465,27.25000,54.31576
2012-02-16,-0.61500,-0.34338,28.50000,58.34684
2012-02-17,-2.11839,-1.28291,28.75000,58.66813
2012-02-18,0.43167,-0.87940,28.25000,59.02951
2012-02-19,-2.44058,-0.27531,28.75000,51.51514
2012-02-20,-0.74277,0.74902,29.00000,52.96466
2012-02-21,-1.84476,1.16783,29.50000,63.57465
2012-02-22,0.36677,-0.98395,31.75000,73.97183
2012-02-23,1.48563,-0.12224,33.50000,70.25262
2012-02-24,1.95960,-1.73443,32.25000,67.36388
2012-02-25,-0.45597,-1.46912,31.25000,71.41757
2012-02-26,2.54260,-3.70177,30.50000,72.48367
2012-02-27,0.86932,-1.00109,29.50000,64.79716
2012-02-28,2.98568,-0.55344,26.75000,61.71032
2012-02-29,5.33237,-1.86498,26.25000,55.42544
2012-03-01,2.61296,-0.02903,29.25000,55.17634
2012-03-02,2.84225,-0.46693,28.75000,62.68868
2012-03-03,1.34222,-0.15785,27.50000,56.00906
2012-03-04,2.24722,1.77066,34.00000,60.75473
2012-03-05,3.41859,1.45076,31.75000,68.37547
2012-03-06,5.69504,-1.09551,31.50000,76.15012
2012-03-07,4.76909,-2.44784,32.00000,83.53221
2012-03-08,3.15048,-2.66067,33.25000,82.01711
2012-03-09,1.95366,-2.59300,32.75000,67.99820
2012-03-10,0.58481,-1.90095,30.50000,68.10311
2012-03-11,-0.28098,-0.92733,31.25000,70.53962
2012-03-12,-1.72614,0.66451,32.00000,63.33891
2012-03-13,-1.20038,0.81410,32.00000,57.32659
2012-03-14,1.78457,-0.56348,28.75000,52.67897
2012-03-15,-0.32252,-0.77849,27.50000,52.00170
2012-03-16,-1.52419,1.22838,28.25000,41.62802
2012-03-17,-0.02411,0.78358,32.75000,40.90087
2012-03-18,1.68568,0.39891,35.00000,46.55529
2012-03-19,1.04378,0.87593,35.50000,45.32659
2012-03-20,-0.06335,0.18334,32.25000,51.21564
2012-03-21,0.78854,-2.70149,31.25000,51.21036
2012-03-22,3.53994,-2.71713,30.50000,49.23837
2012-03-23,2.66485,-1.53222,30.25000,50.64081
2012-03-24,-0.67060,-0.93917,34.00000,47.55207
2012-03-25,0.14456,0.17760,34.75000,39.87359
2012-03-26,0.05169,-0.21646,29.00000,40.79826
2012-03-27,2.89498,-0.78087,26.00000,41.99421
2012-03-28,3.46875,-1.76577,26.75000,42.32492
2012-03-29,5.26912,-3.20848,27.25000,37.05281
2012-03-30,1.76730,-0.85334,25.75000,30.00718
2012-03-31,-0.07067,-0.48595,45.00000,33.11581
2012-10-01,0.41531,-0.52040,37.00000,48.51508
2012-10-02,0.96416,-0.55756,37.00000,47.15614
2012-10-03,1.00949,-0.67453,36.50000,46.48270
2012-10-04,1.70712,-0.06017,33.50000,48.16881
2012-10-05,0.60792,-0.11671,33.50000,43.11613
2012-10-06,0.19871,-0.59037,32.00000,40.03943
2012-10-07,0.50392,-0.53249,33.00000,44.05357
2012-10-08,0.07799,-0.48311,33.50000,42.04448
2012-10-09,0.13972,-0.66009,35.00000,38.30231
2012-10-10,0.37115,-1.03368,31.25000,36.41431
2012-10-11,-0.06147,-0.62043,30.50000,39.31014
2012-10-12,0.87376,-0.23700,31.50000,33.12767
2012-10-13,0.14290,-0.32503,31.00000,37.96561
2012-10-14,-0.17741,-0.58826,29.25000,37.81730
2012-10-15,-0.22848,-0.03293,29.75000,38.47162
2012-10-16,-0.10096,-0.75443,29.75000,38.91762
2012-10-17,0.19922,-0.78041,28.00000,40.47069
2012-10-18,0.12816,-0.64491,29.25000,43.89455
2012-10-19,0.21531,-0.71887,29.25000,44.88470
2012-10-20,0.18593,-0.22409,30.00000,48.46294
2012-10-21,0.13129,-0.37816,32.50000,50.84946
2012-10-22,-0.22293,-0.73690,31.25000,42.62839
2012-10-23,-0.42023,-0.59745,30.00000,53.55165
2012-10-24,-0.13378,-0.59625,28.75000,55.96770
2012-10-25,0.12527,-0.88275,27.50000,49.89007
2012-10-26,-1.63373,-0.79823,27.75000,43.69193
2012-10-27,-1.18482,-1.22932,28.75000,37.27271
2012-10-28,-0.79087,-0.05003,27.00000,36.97573
2012-10-29,0.05927,0.00051,26.00000,44.95884
2012-10-30,0.19123,-0.27227,28.00000,51.33990
2012-10-31,-0.00392,-0.08311,29.75000,54.32491
2012-11-01,0.33704,0.19276,31.00000,56.24783
2012-11-02,0.40637,0.12134,32.25000,59.00229
2012-11-03,-0.00196,0.08590,30.75000,52.94753
2012-11-04,0.78276,0.15316,31.75000,51.45012
2012-11-05,1.41828,-0.17203,31.25000,51.45401
2012-11-06,1.55822,-0.28467,31.50000,50.34649
2012-11-07,0.04857,-0.39599,28.00000,56.05883
2012-11-08,-0.65043,-0.33074,28.75000,63.94646
2012-11-09,-1.37197,0.32020,28.50000,60.82140
2012-11-10,-1.44666,0.28378,27.50000,54.02648
2012-11-11,0.36475,-0.35768,26.00000,45.34325
2012-11-12,0.78188,-0.37249,28.00000,40.47123
2012-11-13,0.51815,0.24364,26.75000,44.28210
2012-11-14,-0.06173,-0.99125,28.25000,56.77185
2012-11-15,0.43507,-0.67269,25.75000,51.07198
2012-11-16,0.21860,-0.10815,27.75000,48.13514
2012-11-17,0.27785,0.48117,30.25000,54.59255
2012-11-18,0.35978,-0.67224,30.25000,56.73462
2012-11-19,0.04747,-1.10039,29.25000,50.45008
2012-11-20,0.26227,-0.57654,30.00000,58.28759
2012-11-21,0.37097,-0.23987,30.00000,57.15491
2012-11-22,-0.82906,-0.37540,29.50000,56.14539
2012-11-23,-2.30288,-0.50653,28.50000,54.73084
2012-11-24,-0.53876,-0.87490,27.50000,59.66091
2012-11-25,-0.22813,-1.24111,27.75000,62.49624
2012-11-26,-3.33263,0.64251,28.50000,58.38597
2012-11-27,-3.77001,0.18648,27.00000,53.95372
2012-11-28,-2.56567,0.34587,29.50000,52.73415
2012-11-29,-0.57969,0.23650,28.75000,65.06779
2012-11-30,0.33782,-1.49343,29.75000,74.65051
2012-12-01,-1.58328,0.16529,30.50000,67.50060
2012-12-02,-1.03635,0.48636,31.50000,62.21037
2012-12-03,-1.21116,-0.91099,32.00000,64.55753
2012-12-04,-1.93283,-0.02214,33.00000,67.55709
2012-12-05,-2.80886,0.33258,34.00000,68.56171
2012-12-06,-2.09028,-0.42848,32.75000,62.05283
2012-12-07,-2.18647,0.09038,29.75000,54.35847
2012-12-08,-1.87110,-0.19539,26.50000,53.94114
2012-12-09,-0.33158,-0.34385,27.00000,58.82005
2012-12-10,-0.43053,0.66582,28.25000,62.92975
2012-12-11,0.39343,-0.26149,28.50000,52.66597
2012-12-12,2.98548,-1.67622,24.25000,54.63877
2012-12-13,0.94161,-0.55989,24.75000,58.93512
2012-12-14,0.37981,1.23663,27.50000,69.86233
2012-12-15,-1.26967,0.50290,29.00000,68.49735
2012-12-16,-2.68601,-0.47615,31.75000,73.17252
2012-12-17,-2.07039,0.12471,32.00000,78.11069
2012-12-18,-2.49391,-0.37410,32.50000,71.96088
2012-12-19,-1.50043,-1.56584,31.00000,72.28545
2012-12-20,-2.98841,-0.02884,30.25000,66.16627
2012-12-21,-2.61231,-0.04236,27.25000,57.44928
2012-12-22,-2.14808,0.20973,25.00000,55.22341
2012-12-23,-0.81679,0.82422,27.75000,44.80117
2012-12-24,1.06771,-0.03900,28.25000,48.37893
2012-12-25,2.28643,-0.91127,26.00000,58.73322
2012-12-26,-1.65665,0.66045,28.75000,55.09607
2012-12-27,0.36280,0.66060,32.25000,63.99835
2012-12-28,1.83787,0.02045,31.00000,69.74749
2012-12-29,0.51855,0.08070,31.75000,72.32336
2012-12-30,-1.14059,0.35987,31.50000,62.53759
2012-12-31,-2.07674,0.11587,29.25000,63.87046
2013-01-01,-4.17462,2.32310,29.75000,60.09343
2013-01-02,-0.57444,-0.76390,29.25000,59.48530
2013-01-03,-1.51487,-0.72557,28.75000,58.00245
2013-01-04,-0.88067,-0.86534,29.25000,63.74076
2013-01-05,-0.40664,-1.07951,29.25000,67.09454
2013-01-06,-1.08872,-1.43856,28.50000,65.75368
2013-01-07,-0.48603,-2.17430,29.25000,70.14697
2013-01-08,1.04967,-0.61633,31.00000,74.62613
2013-01-09,-1.11875,-0.16834,30.00000,72.66977
2013-01-10,-4.72899,1.09027,29.25000,60.00412
2013-01-11,-3.40431,1.23712,29.75000,62.97813
2013-01-12,-1.47346,1.67218,33.75000,66.53424
2013-01-13,0.17445,-0.33347,31.50000,66.58974
2013-01-14,-1.22897,-0.09359,30.75000,57.52594
2013-01-15,-3.29318,-0.04639,31.00000,52.15833
2013-01-16,-2.86545,-0.04749,30.50000,60.41953
2013-01-17,-2.97366,1.01376,31.25000,61.22369
2013-01-18,-1.44635,3.28876,27.00000,50.34909
2013-01-19,-0.55381,-1.57582,25.25000,58.72414
2013-01-20,-0.43661,-1.20799,24.50000,68.25417
2013-01-21,-1.11623,-0.78761,26.00000,73.75344
2013-01-22,-0.98985,0.77718,27.00000,63.08469
2013-01-23,-1.16990,0.31020,27.75000,64.05819
2013-01-24,-2.03384,-1.30154,28.25000,61.27710
2013-01-25,-3.72516,0.46041,26.50000,68.14444
2013-01-26,-3.15361,1.19038,26.25000,59.89779
2013-01-27,-2.72488,0.67723,25.75000,61.23816
2013-01-28,-1.89921,1.02120,26.75000,52.62828
2013-01-29,0.60078,0.06244,26.00000,42.52017
2013-01-30,-1.26385,0.81817,17.25000,41.30862
2013-01-31,-1.29581,0.54516,18.75000,41.45140
2013-02-01,-0.20127,-0.28991,25.00000,35.85440
2013-02-02,-0.15019,0.87742,26.00000,37.32795
2013-02-03,-0.56952,0.27532,32.25000,45.31650
2013-02-04,-1.17202,4.32154,25.50000,53.46299
2013-02-05,-0.10454,3.38462,26.00000,53.17532
2013-02-06,-0.04365,0.12509,31.25000,52.60338
2013-02-07,-0.68445,-2.08601,30.50000,52.15166
2013-02-08,-0.70961,-0.82562,26.25000,53.68803
2013-02-09,-2.40182,0.15762,27.25000,56.21033
2013-02-10,-0.83357,0.61375,27.00000,55.29567
2013-02-11,-0.97530,0.02871,29.50000,69.44534
2013-02-12,-1.41859,-0.42536,31.25000,59.82376
2013-02-13,-1.58364,-0.70811,27.75000,54.93182
2013-02-14,-0.44890,-0.62004,28.00000,66.10340
2013-02-15,-2.50319,-0.08209,28.75000,58.35310
2013-02-16,-1.58885,2.13421,30.50000,47.71541
2013-02-17,3.98311,0.12469,28.75000,48.69195
2013-02-18,-1.59434,0.59664,29.00000,56.71748
2013-02-19,-3.62574,1.27229,29.50000,60.57105
2013-02-20,-2.90344,-0.37072,31.00000,67.88105
2013-02-21,-2.96890,0.85665,32.50000,56.37400
2013-02-22,-0.33828,1.04551,32.50000,49.23286
2013-02-23,-0.55609,1.13685,27.75000,47.91714
2013-02-24,-0.30026,-0.92983,31.25000,46.05567
2013-02-25,-2.27049,0.73820,31.75000,52.20023
2013-02-26,-2.20937,0.93543,34.50000,57.23028
2013-02-27,-0.59366,1.12707,33.50000,60.00251
2013-02-28,-1.38720,-2.24249,32.75000,60.47538
2013-03-01,-1.89071,-1.05292,30.00000,52.27378
2013-03-02,-2.94298,0.77667,29.00000,48.00310
2013-03-03,0.28533,-0.28456,27.25000,42.93314
2013-03-04,-0.68099,0.93501,26.00000,42.66057
2013-03-05,-0.81869,0.23263,26.25000,47.92984
2013-03-06,-0.71924,0.03961,26.25000,49.33699
2013-03-07,-1.07445,0.38530,22.75000,37.84465
2013-03-08,0.11346,1.32768,45.00000,39.55646
2013-03-09,-0.18698,2.03010,30.25000,37.92865
2013-03-10,0.41621,0.12625,19.00000,35.47666
2013-03-11,0.37034,0.08612,18.50000,34.09488
2013-03-12,3.29211,0.41224,19.75000,36.91879
2013-03-13,0.23566,-0.24472,19.25000,38.75024
2013-03-14,-0.35030,0.95974,24.00000,40.35529
2013-03-15,-1.06967,-1.78916,26.00000,40.50758
2013-03-16,0.27290,-1.05972,23.25000,50.21193
2013-03-17,0.56042,-1.01927,22.75000,53.77851
2013-03-18,-0.09164,0.27063,21.75000,57.85234
2013-03-19,0.87698,1.06754,21.75000,58.00671
2013-03-20,0.05478,0.89000,20.75000,46.40025
2013-03-21,0.63674,-0.97698,24.75000,48.38593
2013-03-22,3.94507,0.23024,23.50000,45.65045
2013-03-23,2.00700,0.15642,24.25000,42.73316
2013-03-24,1.36366,0.27477,26.75000,40.19550
2013-03-25,4.42388,-2.24821,23.00000,38.26688
2013-03-26,3.13430,-1.61638,28.75000,36.21009
2013-03-27,3.33111,-0.24677,23.50000,37.82769
2013-03-28,1.02227,-0.87510,24.00000,42.41813
2013-03-29,0.92437,-0.72859,26.25000,46.77429
2013-03-30,1.04320,-2.27797,25.50000,41.09774
2013-03-31,1.96873,-1.29394,25.50000,46.48772
2013-10-01,0.87692,-0.47598,35.75000,38.38398
2013-10-02,1.32044,-0.16620,37.00000,38.19790
2013-10-03,-0.50911,-0.57548,34.50000,32.85087
2013-10-04,0.76707,-0.05947,42.50000,30.77648
2013-10-05,1.96902,-0.03629,37.25000,31.96739
2013-10-06,0.72933,-0.31057,45.00000,32.30515
2013-10-07,-0.33269,-0.53972,45.00000,37.06075
2013-10-08,-0.59682,-0.66257,45.00000,54.99679
2013-10-09,0.80979,-0.54113,45.00000,57.22458
2013-10-10,0.37223,-0.15279,45.00000,58.83554
2013-10-11,0.34133,-0.18336,45.00000,55.54792
2013-10-12,0.67223,-0.59010,41.75000,46.91021
2013-10-13,1.49873,-0.48190,39.50000,43.97128
2013-10-14,1.25131,0.90426,36.50000,42.77397
2013-10-15,1.24188,0.26074,38.00000,43.55449
2013-10-16,0.18087,0.05703,39.00000,44.58359
2013-10-17,0.30993,0.17447,36.50000,51.92201
2013-10-18,-0.05260,-0.14260,36.00000,47.38670
2013-10-19,0.07334,-0.48061,34.75000,45.45939
2013-10-20,0.10973,-0.44355,32.25000,40.29200
2013-10-21,0.35021,-0.05885,30.75000,36.28688
2013-10-22,0.41136,-0.07411,30.00000,36.66646
2013-10-23,-0.01674,0.35689,30.50000,36.70765
2013-10-24,0.09440,0.09716,35.00000,42.96862
2013-10-25,0.38525,-0.41129,31.75000,45.39992
2013-10-26,1.61906,-0.15793,29.75000,44.85101
2013-10-27,0.18510,-0.13764,30.00000,47.58737
2013-10-28,-0.00777,-0.51340,29.00000,50.25519
2013-10-29,0.27716,0.73028,30.75000,46.46759
2013-10-30,-0.35581,0.43894,29.50000,55.43214
2013-10-31,-0.35107,0.25515,27.50000,48.82815
2013-11-01,-1.70475,-0.27512,28.50000,50.09486
2013-11-02,-1.84536,-0.83449,28.75000,47.21822
2013-11-03,-0.83167,-0.38735,29.00000,46.48210
2013-11-04,-1.56044,-0.23463,28.75000,47.34341
2013-11-05,-0.73320,0.28063,28.75000,43.51289
2013-11-06,0.30999,-0.24834,28.75000,46.87563
2013-11-07,0.48984,-0.01659,28.50000,47.79323
2013-11-08,0.60451,-0.60227,30.00000,45.09957
2013-11-09,0.03536,-0.98540,28.25000,44.26146
2013-11-10,-0.17575,-1.58507,27.75000,39.44824
2013-11-11,-0.79304,-0.60618,29.50000,42.30649
2013-11-12,-0.72546,-0.88365,29.00000,49.25008
2013-11-13,-0.22778,-0.69824,32.25000,48.31680
2013-11-14,0.80888,-0.18404,28.00000,51.10377
2013-11-15,0.61313,0.10489,29.50000,50.21982
2013-11-16,0.13776,0.35004,31.00000,49.17282
2013-11-17,-0.56210,-0.16347,31.25000,48.59778
2013-11-18,0.10468,-0.31493,33.50000,43.12891
2013-11-19,0.43895,0.41567,31.75000,46.33436
2013-11-20,-0.62782,0.28647,30.25000,49.38084
2013-11-21,-0.79936,0.47692,28.50000,51.79130
2013-11-22,-0.42693,0.29755,28.50000,52.60033
2013-11-23,-0.98385,0.60924,30.00000,52.46045
2013-11-24,-1.41681,0.58073,31.00000,52.93383
2013-11-25,-2.44817,0.63565,30.75000,50.39514
2013-11-26,-0.72150,0.35332,32.00000,59.51506
2013-11-27,0.69874,0.41976,33.50000,60.05497
2013-11-28,0.87985,-0.29093,33.50000,59.74611
2013-11-29,0.54816,-0.61250,31.50000,56.37259
2013-11-30,-1.66520,0.37271,29.00000,54.27167
2013-12-01,-2.21010,0.09413,28.75000,54.27777
2013-12-02,-0.69546,0.51154,28.50000,57.38419
2013-12-03,0.66843,-0.67170,29.75000,56.87485
2013-12-04,0.39953,-0.87434,28.75000,54.51564
2013-12-05,0.02365,0.61140,28.75000,51.36150
2013-12-06,0.30801,1.25968,26.75000,56.02077
2013-12-07,0.68623,-0.08316,28.75000,47.68015
2013-12-08,-0.07550,-0.18259,28.25000,54.78280
2013-12-09,1.01785,-0.71677,28.25000,52.38771
2013-12-10,0.19559,-0.76571,28.25000,57.72767
2013-12-11,0.80115,-0.39431,29.50000,59.80740
2013-12-12,-0.97316,-0.45580,29.00000,60.11877
2013-12-13,-2.15105,1.52064,27.00000,57.47894
2013-12-14,-1.91207,1.67536,25.25000,46.77529
2013-12-15,0.42715,0.37517,37.25000,38.52264
2013-12-16,-1.80151,1.46714,38.25000,47.33097
2013-12-17,-0.22868,0.78148,33.25000,53.99510
2013-12-18,-0.07740,1.03817,32.00000,60.54169
2013-12-19,0.16087,-0.32408,29.75000,64.14545
2013-12-20,1.24070,-0.58825,29.50000,62.28895
2013-12-21,0.13478,0.50415,29.50000,62.21654
2013-12-22,-0.15093,0.39642,30.00000,63.11585
2013-12-23,0.42891,-1.11660,28.75000,67.33318
2013-12-24,-0.89771,-0.77970,31.50000,69.15942
2013-12-25,-0.70434,-1.47648,31.50000,72.27294
2013-12-26,-1.80031,-1.33289,32.50000,66.78843
2013-12-27,-2.22133,-0.58726,31.00000,64.94843
2013-12-28,-0.88986,-0.69344,30.50000,67.02705
2013-12-29,-1.35015,-0.71043,31.00000,66.22379
2013-12-30,-2.48408,0.67028,30.25000,62.17145
2013-12-31,-1.31973,1.73087,30.50000,59.84604
2014-01-01,-1.69469,-1.20424,29.00000,60.42602
2014-01-02,-2.96944,-0.76976,30.50000,67.10669
2014-01-03,-3.19379,1.42882,33.75000,64.57856
2014-01-04,-1.76603,-0.33870,35.25000,54.75231
2014-01-05,-1.53294,-1.46555,29.50000,80.04967
2014-01-06,-1.76131,-1.31100,30.25000,76.35325
2014-01-07,-1.39409,-0.38065,28.25000,67.92031
2014-01-08,-4.07023,-0.01047,28.25000,66.54491
2014-01-09,-2.77078,-0.45522,29.00000,67.90472
2014-01-10,-0.61031,-0.69459,26.75000,61.93705
2014-01-11,0.51180,-1.19559,26.75000,68.15513
2014-01-12,0.07904,-0.04978,26.75000,60.16323
2014-01-13,-1.35804,1.02832,30.75000,63.59069
2014-01-14,0.59138,0.13433,30.25000,68.94338
2014-01-15,0.96049,-0.46213,28.50000,60.04779
2014-01-16,0.99549,0.32006,29.25000,53.92109
2014-01-17,-2.20602,1.59594,30.25000,44.57415
2014-01-18,0.84124,1.75688,24.25000,50.96257
2014-01-19,0.62481,0.52268,27.50000,65.16677
2014-01-20,-1.97655,2.21253,30.00000,62.81913
2014-01-21,0.17114,3.05038,34.00000,65.81972
2014-01-22,-0.69911,0.94743,34.25000,58.68591
2014-01-23,0.05278,-0.89393,32.00000,56.88918
2014-01-24,0.45507,0.33469,32.50000,48.08842
2014-01-25,-1.51603,-0.57565,30.75000,45.99770
2014-01-26,-2.32167,-0.00374,29.25000,46.47610
2014-01-27,-0.74507,-0.48503,24.75000,47.12170
2014-01-28,0.26170,0.31013,24.50000,42.79373
2014-01-29,-0.02864,1.09733,45.00000,42.49829
2014-01-30,0.75586,-0.22954,19.25000,44.47985
2014-01-31,-0.05795,1.31275,22.25000,47.81743
2014-02-01,-0.59575,1.23586,28.50000,61.54875
2014-02-02,-0.83391,0.35338,32.50000,65.78496
2014-02-03,-1.46061,-0.50197,33.50000,56.15180
2014-02-04,-0.99172,-1.68295,28.00000,49.96154
2014-02-05,-4.67245,-0.62419,27.75000,61.60126
2014-02-06,-1.02517,0.30110,29.00000,71.18327
2014-02-07,-2.02662,1.62459,29.50000,71.05649
2014-02-08,3.60233,-2.15451,31.00000,82.09988
2014-02-09,1.74747,-1.62686,31.00000,86.89786
2014-02-10,2.24386,-1.95164,30.50000,76.91405
2014-02-11,1.07187,-1.63895,29.75000,78.86836
2014-02-12,0.38023,-0.81993,30.75000,86.52051
2014-02-13,-0.17506,1.36168,31.25000,76.57159
2014-02-14,-0.75962,2.34531,32.50000,74.70189
2014-02-15,2.24074,0.20873,31.75000,64.24823
2014-02-16,1.70486,-0.95678,29.00000,61.60200
2014-02-17,-1.15305,-1.83998,29.25000,68.03593
2014-02-18,-0.36755,0.77140,30.75000,66.68411
2014-02-19,-0.58323,1.08500,30.25000,65.70197
2014-02-20,0.16233,-0.13921,28.00000,62.41020
2014-02-21,-0.84731,0.64938,32.00000,69.30531
2014-02-22,-0.80323,0.64982,30.25000,60.43780
2014-02-23,-1.34498,-0.61724,29.25000,53.10237
2014-02-24,-1.78736,0.08708,26.00000,51.29333
2014-02-25,-3.41571,0.72833,26.50000,52.43379
2014-02-26,-0.38518,-0.21998,26.25000,53.77491
2014-02-27,-2.38558,0.29863,28.00000,56.61474
2014-02-28,-2.37981,0.29851,26.75000,59.25124
2014-03-01,-2.57683,0.27650,28.00000,55.85673
2014-03-02,-1.90965,-0.58164,30.00000,61.68269
2014-03-03,-2.66640,-0.32915,30.50000,56.54831
2014-03-04,-2.45189,0.23876,30.75000,46.24594
2014-03-05,-1.02557,-1.03706,22.75000,60.10766
2014-03-06,-1.14419,-1.14081,26.00000,56.85910
2014-03-07,-1.72331,-0.52844,25.00000,52.66780
2014-03-08,-2.23464,-0.48993,25.00000,54.85707
2014-03-09,-3.13091,0.39547,24.75000,47.14290
2014-03-10,-2.76781,0.31231,25.50000,47.94599
2014-03-11,-1.86628,1.89925,23.25000,52.51572
2014-03-12,-0.64965,-0.16646,25.50000,52.08882
2014-03-13,-1.25564,-0.82478,25.75000,47.06047
2014-03-14,-2.58266,0.44200,24.00000,39.94348
2014-03-15,-2.98851,1.22414,27.25000,38.53831
2014-03-16,-1.74476,0.54759,44.00000,36.59536
2014-03-17,-0.55525,0.20491,29.75000,41.29993
2014-03-18,-0.04794,-0.25419,28.25000,47.14116
2014-03-19,1.31943,-2.56333,27.00000,49.45568
2014-03-20,1.18090,-1.24694,23.75000,44.57708
2014-03-21,0.68188,0.91398,25.00000,43.12112
2014-03-22,0.57903,-0.40111,24.75000,45.75565
2014-03-23,3.43424,0.05316,24.75000,46.55865
2014-03-24,1.17618,0.93442,24.25000,49.86455
2014-03-25,1.61725,-0.03720,26.00000,50.21516
2014-03-26,3.26573,0.54128,27.25000,52.56747
2014-03-27,1.37967,-0.27451,26.50000,52.05418
2014-03-28,4.50741,-1.03891,27.00000,46.42026
2014-03-29,4.52416,-1.56348,25.25000,47.27895
2014-03-30,3.47477,-3.10070,28.75000,52.55132
2014-03-31,4.22946,-2.90547,28.00000,53.51669
2014-10-01,0.05205,0.15447,42.75000,33.11787
2014-10-02,0.07387,0.13440,39.50000,35.97480
2014-10-03,0.02342,0.40466,40.50000,33.79619
2014-10-04,-0.03172,0.40615,38.75000,32.76548
2014-10-05,0.20729,-0.20528,45.00000,37.32752
2014-10-06,0.06820,-0.74190,36.75000,36.55999
2014-10-07,0.11406,-0.84477,45.00000,42.42791
2014-10-08,0.08967,-0.84649,45.00000,41.62820
2014-10-09,-0.05988,-0.62954,40.00000,46.53350
2014-10-10,-0.26636,-0.59659,35.00000,38.95293
2014-10-11,0.30738,-0.53624,32.25000,43.44686
2014-10-12,0.65643,-0.95835,31.50000,49.29153
2014-10-13,0.68738,-1.01871,35.00000,51.10389
2014-10-14,0.00370,1.17863,38.25000,45.69122
2014-10-15,0.11790,-0.20069,34.75000,39.12395
2014-10-16,0.52949,-0.14361,35.50000,32.56717
2014-10-17,-0.03251,-0.22960,30.25000,31.38970
2014-10-18,-0.12765,0.27627,30.00000,35.43637
2014-10-19,-0.14001,1.01435,32.25000,40.93653
2014-10-20,-1.53342,1.41522,30.50000,39.29047
2014-10-21,-0.07951,0.50194,30.00000,33.50338
2014-10-22,0.68993,1.07013,31.25000,32.32431
2014-10-23,0.23421,1.53539,28.50000,32.38868
2014-10-24,-0.04491,1.01654,27.25000,33.13890
2014-10-25,0.12076,0.52715,25.00000,41.13694
2014-10-26,0.29899,-0.00126,25.75000,43.59320
2014-10-27,-0.40012,1.24188,27.00000,43.30069
2014-10-28,-0.06566,1.56877,26.25000,44.51450
2014-10-29,-0.47624,0.69790,30.50000,49.73049
2014-10-30,-0.77672,1.28678,32.75000,59.25345
2014-10-31,-0.13056,0.65211,34.00000,65.43045
2014-11-01,-0.07770,0.82112,33.25000,54.59398
2014-11-02,0.25212,0.60076,32.50000,50.27874
2014-11-03,0.58234,0.78772,30.50000,45.61364
2014-11-04,0.55669,0.51671,30.25000,48.18499
2014-11-05,0.60744,0.36933,31.25000,56.19407
2014-11-06,-0.12373,1.23915,30.00000,51.44967
2014-11-07,0.49230,1.57989,33.25000,52.97111
2014-11-08,0.57822,0.31501,33.25000,58.64171
2014-11-09,0.51794,0.06933,35.75000,68.64537
2014-11-10,-0.61834,0.24507,35.75000,60.62320
2014-11-11,-1.42567,0.25444,34.75000,53.60785
2014-11-12,-0.73216,0.45218,31.50000,52.73157
2014-11-13,-0.45326,1.41732,32.50000,60.87041
2014-11-14,-1.12538,1.27792,35.25000,57.70655
2014-11-15,-1.26906,1.18995,29.50000,50.71036
2014-11-16,0.19638,0.55506,30.75000,55.26870
2014-11-17,0.05240,1.01323,28.50000,47.63008
2014-11-18,0.29210,1.27146,29.00000,44.04452
2014-11-19,0.64148,0.83963,28.25000,51.11241
2014-11-20,-0.43095,1.23257,30.50000,58.16933
2014-11-21,-1.01150,0.97882,30.25000,62.94193
2014-11-22,-2.07388,0.74592,34.25000,52.28972
2014-11-23,-0.47562,0.20691,26.25000,54.48356
2014-11-24,-1.59705,1.33703,27.75000,56.54034
2014-11-25,-1.10832,1.32937,29.00000,58.80433
2014-11-26,-0.06867,1.45757,30.75000,57.03450
2014-11-27,-0.91952,1.83643,30.00000,57.23081
2014-11-28,-0.62627,0.80942,29.00000,61.64618
2014-11-29,-2.57152,0.81855,32.25000,61.43589
2014-11-30,-2.10855,1.14042,33.75000,70.81168
2014-12-01,-2.35496,2.03563,34.25000,75.53165
2014-12-02,-1.16226,0.98935,35.75000,77.08254
2014-12-03,-0.78612,0.49511,34.50000,68.84605
2014-12-04,0.72547,0.53908,33.50000,63.69986
2014-12-05,2.17517,-0.11817,33.25000,60.45371
2014-12-06,0.62559,0.33764,31.25000,57.38953
2014-12-07,-0.55588,0.48214,31.00000,59.08342
2014-12-08,-2.53065,-0.48770,31.25000,59.95782
2014-12-09,-1.79044,-1.11955,29.25000,53.97540
2014-12-10,-1.67416,-1.52025,29.25000,57.93008
2014-12-11,-0.72673,-0.79860,31.00000,56.95134
2014-12-12,-1.09201,0.11329,29.75000,56.31275
2014-12-13,-0.35301,0.78362,32.25000,55.57642
2014-12-14,0.87570,1.40064,28.50000,52.12623
2014-12-15,1.13674,-0.29199,27.00000,51.06228
2014-12-16,-0.11508,-0.88697,27.25000,54.03633
2014-12-17,-1.43224,0.09389,26.50000,59.96484
2014-12-18,-1.04969,0.79709,28.00000,57.07021
2014-12-19,-0.75620,1.91663,32.00000,68.93123
2014-12-20,-0.07399,0.44578,31.75000,74.77205
2014-12-21,-0.66355,0.56715,30.50000,59.51165
2014-12-22,-0.10265,-0.30348,27.50000,55.50083
2014-12-23,-0.13330,0.13179,27.00000,60.86330
2014-12-24,1.52896,-0.11932,28.00000,53.47207
2014-12-25,1.84669,0.96267,32.50000,64.05972
2014-12-26,1.27978,-0.71269,30.75000,68.85072
2014-12-27,0.31491,0.40837,29.50000,63.29720
2014-12-28,1.04404,1.29957,28.50000,57.94330
2014-12-29,1.50277,1.17981,30.00000,54.80172
2014-12-30,0.95225,0.64682,29.50000,54.35039
2014-12-31,0.97370,2.06083,30.50000,48.59809
2015-01-01,1.47558,1.00049,32.00000,48.70780
2015-01-02,0.56573,2.79050,33.00000,49.42215
2015-01-03,0.90160,0.52992,34.25000,50.62436
2015-01-04,0.39294,-1.41290,32.25000,45.82174
2015-01-05,-1.15447,0.87979,29.50000,48.70497
2015-01-06,-4.53911,1.58523,30.00000,56.56429
2015-01-07,-3.01210,0.67527,28.75000,47.66651
2015-01-08,-1.42642,-0.54507,25.50000,41.64781
2015-01-09,-0.57912,0.52793,23.00000,35.11769
2015-01-10,0.67754,2.96816,26.25000,42.93888
2015-01-11,-0.62955,4.64350,33.75000,49.36110
2015-01-12,0.40332,1.74431,33.50000,48.59844
2015-01-13,0.02614,1.35064,27.75000,57.11606
2015-01-14,0.42144,0.76938,26.00000,56.51853
2015-01-15,0.91033,-0.27114,27.75000,46.30400
2015-01-16,0.91770,0.99839,22.25000,57.97256
2015-01-17,0.88439,0.58335,22.25000,50.49052
2015-01-18,-0.90862,1.19816,24.25000,44.39151
2015-01-19,0.06031,1.30633,27.00000,52.53154
2015-01-20,0.60761,2.08361,27.00000,60.10652
2015-01-21,-0.28709,2.15649,28.00000,64.38799
2015-01-22,0.67663,0.78640,30.25000,67.87776
2015-01-23,-0.97165,-0.66160,31.00000,71.04971
2015-01-24,-1.53921,0.20760,30.00000,72.75094
2015-01-25,-3.50370,0.95128,31.25000,67.71158
2015-01-26,-2.49658,0.27787,32.25000,63.89994
2015-01-27,-1.93565,-1.15800,31.75000,60.68522
2015-01-28,-0.89416,-1.41911,30.00000,54.68970
2015-01-29,-1.54445,-0.62425,28.25000,56.33186
2015-01-30,-1.39710,-2.24585,27.75000,52.75181
2015-01-31,-2.61722,0.21723,27.75000,50.25230
2015-02-01,-3.43090,0.74548,25.75000,62.76630
2015-02-02,-2.56934,1.15257,27.75000,63.50561
2015-02-03,-0.87013,2.95834,28.00000,61.57861
2015-02-04,-0.69972,-1.87885,28.75000,56.35263
2015-02-05,-1.66277,1.01241,26.75000,52.79338
2015-02-06,-0.71718,1.93608,26.00000,53.50753
2015-02-07,-0.07663,0.66069,25.00000,62.15242
2015-02-08,-3.20681,0.08491,26.75000,60.27371
2015-02-09,-1.06183,-0.45154,27.75000,52.56306
2015-02-10,-1.41739,0.61806,28.25000,48.36724
2015-02-11,-3.51895,0.67675,25.75000,47.45816
2015-02-12,-2.61990,-0.06536,24.00000,45.46879
2015-02-13,-0.37065,1.34632,22.00000,50.78859
2015-02-14,-0.66985,2.96112,21.75000,54.49033
2015-02-15,0.56464,0.15166,25.25000,47.03845
2015-02-16,-0.70484,0.52491,24.00000,49.84285
2015-02-17,-0.95753,0.68276,24.00000,44.81236
2015-02-18,0.36823,-0.19267,24.00000,51.27446
2015-02-19,3.84211,0.46663,23.00000,53.88171
2015-02-20,-1.26354,1.21164,24.50000,51.63393
2015-02-21,-2.88328,0.58052,27.75000,43.40395
2015-02-22,-0.03600,1.14976,23.75000,43.58382
2015-02-23,-0.58654,1.30567,26.25000,43.56297
2015-02-24,1.10795,0.75795,25.50000,51.09480
2015-02-25,0.21608,0.81954,24.75000,47.71171
2015-02-26,0.72774,-0.90046,23.25000,44.95422
2015-02-27,3.25230,-1.19771,26.25000,52.46250
2015-02-28,1.59788,-0.24857,26.25000,56.91712
2015-03-01,0.49889,1.40742,34.75000,57.03949
2015-03-02,0.93120,2.36998,26.75000,47.34435
2015-03-03,0.27437,-0.99532,29.25000,64.41616
2015-03-04,0.68757,-1.55412,31.25000,69.10213
2015-03-05,-1.22334,0.26231,31.00000,64.45107
2015-03-06,-1.77749,-0.06697,28.50000,58.06199
2015-03-07,-5.08793,0.93138,30.25000,56.46593
2015-03-08,-4.36605,0.63186,31.00000,59.73781
2015-03-09,-2.80853,-0.75705,30.50000,51.42775
2015-03-10,-2.69459,-1.59031,26.75000,47.69939
2015-03-11,-2.50379,0.07859,28.00000,53.37991
2015-03-12,-2.16292,-0.05405,30.75000,52.46672
2015-03-13,-1.08388,-0.02315,25.75000,42.89820
2015-03-14,-0.74863,-0.96508,27.75000,49.93616
2015-03-15,0.92556,-0.07882,23.75000,46.58572
2015-03-16,-1.04807,0.25895,25.50000,47.71550
2015-03-17,0.04653,-1.04083,27.50000,49.31840
2015-03-18,-1.22741,-1.12848,26.25000,45.65216
2015-03-19,-1.44849,-0.23554,26.25000,43.95677
2015-03-20,-3.08152,0.44372,29.25000,42.13311
2015-03-21,-3.15738,0.10315,31.75000,35.86900
2015-03-22,-2.21116,1.20886,29.50000,33.56762
2015-03-23,-1.10655,0.15409,20.75000,35.16569
2015-03-24,-0.11204,0.80959,18.25000,30.93339
2015-03-25,0.03430,-0.08550,15.00000,26.91431
2015-03-26,0.57719,-0.12643,42.25000,33.39756
2015-03-27,1.27206,0.30773,40.00000,35.45313
2015-03-28,2.02218,0.66354,42.50000,44.74706
2015-03-29,0.89664,0.65652,44.00000,56.14281
2015-03-30,1.12425,1.48227,43.50000,47.14404
2015-03-31,1.22639,-0.06758,24.00000,42.72152
2015-10-01,-0.00571,-0.41432,38.25000,45.61423
2015-10-02,0.08809,-0.20789,37.00000,46.64879
2015-10-03,0.64855,-0.01269,34.00000,44.56713
2015-10-04,-0.16931,-0.16246,32.25000,37.60828
2015-10-05,0.38503,-0.48091,33.25000,34.71202
2015-10-06,0.02406,-0.67830,33.75000,36.83059
2015-10-07,0.39468,-0.93657,33.00000,39.41822
2015-10-08,0.39869,-0.50628,32.25000,39.08506
2015-10-09,0.47098,0.04439,32.00000,37.32203
2015-10-10,0.91733,0.39969,29.50000,34.70673
2015-10-11,-0.38894,-0.04578,26.25000,31.35161
2015-10-12,-0.81278,0.12108,26.00000,31.90068
2015-10-13,-0.15498,-0.30675,26.00000,33.37595
2015-10-14,0.00169,-0.79919,45.00000,34.93140
2015-10-15,0.15939,-0.96504,45.00000,36.10762
2015-10-16,0.38287,-0.62029,45.00000,38.76388
2015-10-17,-0.19878,0.07741,45.00000,34.24319
2015-10-18,-0.34739,-0.17711,45.00000,43.88247
2015-10-19,-0.21014,-0.03622,44.50000,40.83348
2015-10-20,-0.21184,-0.18744,30.75000,36.59401
2015-10-21,-0.19970,-0.89021,31.00000,37.64260
2015-10-22,-0.18917,-0.62385,25.50000,36.01451
2015-10-23,-0.42591,-0.65067,25.75000,38.11220
2015-10-24,-0.88383,0.20392,28.25000,42.78618
2015-10-25,0.50462,-0.42096,28.75000,49.85949
2015-10-26,-0.02581,0.11928,30.25000,43.96313
2015-10-27,-0.35087,-0.93280,31.00000,40.45308
2015-10-28,-0.23537,-0.47025,26.25000,37.30138
2015-10-29,0.39303,0.62199,23.50000,41.11418
2015-10-30,0.15887,-0.00700,24.00000,42.45390
2015-10-31,0.72322,0.53350,24.75000,35.20793
2015-11-01,0.92767,0.38091,26.00000,33.14253
2015-11-02,0.14159,-0.17612,26.75000,39.99670
2015-11-03,0.06932,-0.06618,28.50000,42.83191
2015-11-04,0.39553,0.00835,32.00000,51.70471
2015-11-05,0.12248,0.34571,29.25000,55.77623
2015-11-06,-0.63333,-0.61266,28.50000,49.25566
2015-11-07,-1.13356,-0.13159,27.50000,49.98520
2015-11-08,-1.74944,-0.01528,28.25000,55.32140
2015-11-09,-0.28221,-0.20707,29.50000,62.83756
2015-11-10,0.24952,-0.42843,30.25000,62.26008
2015-11-11,-0.22767,-0.72924,29.75000,60.76715
2015-11-12,-1.79466,0.59951,27.25000,45.23900
2015-11-13,-0.98155,0.60083,32.25000,46.12317
2015-11-14,-0.88409,0.14890,31.75000,52.58609
2015-11-15,-0.53310,0.42185,31.00000,55.15620
2015-11-16,-1.11152,-0.39679,30.00000,56.37504
2015-11-17,-0.99247,-0.11570,29.75000,53.61446
2015-11-18,-0.04622,0.26032,41.75000,45.78231
2015-11-19,-1.24182,0.21929,44.75000,46.74368
2015-11-20,-0.10776,0.32919,38.75000,50.48266
2015-11-21,0.05563,0.21944,36.75000,51.92422
2015-11-22,-0.18241,0.11205,34.25000,55.71148
2015-11-23,0.28427,-0.15252,32.75000,55.85466
2015-11-24,-0.35772,-0.05275,32.50000,63.81359
2015-11-25,-0.16263,-0.24616,32.25000,69.49569
2015-11-26,0.00979,-0.18909,33.00000,71.80073
2015-11-27,0.02718,-0.54940,30.25000,69.98735
2015-11-28,0.05948,0.80239,30.00000,60.69391
2015-11-29,-0.84303,1.30860,31.00000,55.64946
2015-11-30,-1.55536,0.66958,32.00000,52.75684
2015-12-01,-2.98020,0.28734,28.75000,51.02969
2015-12-02,-3.59200,-0.48734,29.00000,49.18925
2015-12-03,0.13955,-0.75154,26.00000,46.04440
2015-12-04,0.01457,1.14633,39.50000,37.30923
2015-12-05,-0.62936,1.02764,33.00000,40.00348
2015-12-06,-0.09233,0.41429,31.50000,41.71607
2015-12-07,0.07852,0.12781,31.50000,50.64349
2015-12-08,-0.62194,0.26473,34.25000,55.29205
2015-12-09,-0.83085,0.54235,33.00000,62.30714
2015-12-10,-1.19570,0.06914,29.50000,65.11904
2015-12-11,-0.34483,0.04488,30.25000,62.42662
2015-12-12,2.38568,-1.12204,27.50000,59.35196
2015-12-13,0.09385,0.04211,26.50000,59.54280
2015-12-14,0.39342,-1.50222,28.75000,59.00535
2015-12-15,-0.44631,-0.74764,28.50000,60.37714
2015-12-16,-0.85014,0.41705,30.75000,65.41907
2015-12-17,-0.90663,-0.15933,29.50000,71.39354
2015-12-18,0.75609,-1.67214,27.25000,61.78521
2015-12-19,-1.90093,0.19629,28.50000,63.43658
2015-12-20,-1.25821,-0.49882,28.00000,69.12592
2015-12-21,-1.71840,-0.25390,27.75000,66.77305
2015-12-22,-2.04686,-0.44585,29.75000,75.81744
2015-12-23,-1.91999,-1.22299,32.50000,83.19745
2015-12-24,-1.35040,-1.85555,31.00000,62.19075
2015-12-25,-1.33080,0.05618,27.25000,53.22002
2015-12-26,-1.59576,1.49443,25.50000,47.56392
2015-12-27,-1.45988,0.76201,32.75000,50.52140
2015-12-28,-1.30241,-0.13698,31.75000,58.20655
2015-12-29,-2.52673,-0.62854,29.50000,51.86019
2015-12-30,-2.60073,-1.18750,27.50000,42.28862
2015-12-31,-0.34939,-1.17017,16.00000,43.09344
2016-01-01,-1.22991,-0.14941,18.25000,47.63482
2016-01-02,-0.12590,-0.45642,20.75000,38.67999
2016-01-03,-0.60855,0.36474,19.75000,40.81081
2016-01-04,-0.82707,0.92220,19.00000,45.55579
2016-01-05,-0.45981,-0.12391,19.50000,54.69522
2016-01-06,-1.02006,0.47854,21.00000,55.10490
2016-01-07,-2.86668,-0.19192,26.50000,61.60077
2016-01-08,-1.24517,-0.81538,22.75000,71.98813
2016-01-09,1.72239,-1.31352,24.00000,74.52771
2016-01-10,-0.82926,1.22254,22.50000,61.66810
2016-01-11,-1.14633,2.00090,24.50000,62.02774
2016-01-12,-1.27669,1.10414,23.50000,58.96120
2016-01-13,-1.23377,-0.10255,24.75000,70.08192
2016-01-14,-1.74189,0.22971,26.75000,77.78239
2016-01-15,-1.40536,-0.68501,28.00000,71.07658
2016-01-16,-0.52085,0.04604,27.75000,67.04930
2016-01-17,-1.77515,0.99948,25.75000,63.13056
2016-01-18,-1.26022,-0.36987,28.00000,71.36520
2016-01-19,-0.92913,-0.44236,27.75000,62.99936
2016-01-20,4.02556,-1.20050,27.50000,63.13112
2016-01-21,-0.56881,0.69934,29.25000,63.02301
2016-01-22,-3.13960,1.17614,30.00000,70.30402
2016-01-23,-2.81301,0.98264,29.00000,66.68860
2016-01-24,-3.06612,0.88217,26.75000,65.60559
2016-01-25,-3.28719,0.49756,23.75000,56.11976
2016-01-26,-2.50367,0.98332,24.50000,47.71878
2016-01-27,-0.52713,0.48666,32.00000,54.14730
2016-01-28,0.97787,1.07768,32.25000,64.31345
2016-01-29,-1.44516,1.42945,32.75000,79.24530
2016-01-30,-1.34736,0.12147,31.00000,78.52855
2016-01-31,1.74286,-0.08726,31.75000,82.08271
2016-02-01,0.44853,-0.27741,30.25000,79.75464
2016-02-02,-0.33099,-0.47794,31.00000,75.67542
2016-02-03,-0.64066,-0.51364,30.25000,67.20663
2016-02-04,-0.26273,1.33244,29.50000,65.40091
2016-02-05,-0.73830,0.50118,34.75000,77.50005
2016-02-06,-1.93849,0.57875,32.00000,57.74454
2016-02-07,0.77728,0.82931,27.75000,52.58063
2016-02-08,0.49054,-0.48707,27.50000,48.20892
2016-02-09,2.04611,1.09582,29.00000,48.68271
2016-02-10,0.50877,0.58606,30.75000,61.22294
2016-02-11,2.15000,0.30507,29.00000,65.95339
2016-02-12,3.87683,-0.85326,29.50000,74.16132
2016-02-13,0.16084,0.20499,28.75000,77.83249
2016-02-14,1.04260,-0.99475,30.50000,73.52693
2016-02-15,-0.01847,-0.98214,30.00000,72.97740
2016-02-16,-0.11190,-0.00341,31.25000,72.49580
2016-02-17,1.52263,0.95125,31.75000,75.39333
2016-02-18,-1.06629,0.95690,33.00000,79.59254
2016-02-19,2.36447,0.86540,35.25000,76.82434
2016-02-20,2.60469,-0.91806,34.50000,67.25871
2016-02-21,3.13668,-1.60796,33.00000,54.03296
2016-02-22,3.24810,-1.10540,25.00000,51.36153
2016-02-23,2.05955,-0.00963,25.50000,46.78099
2016-02-24,2.99756,-1.12244,27.50000,44.61689
2016-02-25,2.78475,-0.73291,25.50000,46.87138
2016-02-26,0.34176,-0.24021,26.00000,48.62040
2016-02-27,0.96360,-0.09239,23.50000,47.99897
2016-02-28,-0.11230,0.08856,23.00000,55.05441
2016-02-29,-0.11187,0.06137,20.25000,51.33134
2016-03-01,-0.37330,-0.79807,24.00000,50.07061
2016-03-02,-0.16705,0.87020,22.50000,46.93970
2016-03-03,0.12370,0.01872,22.00000,60.35891
2016-03-04,1.54690,0.25543,23.50000,56.11897
2016-03-05,0.06826,-0.29758,23.25000,49.77676
2016-03-06,-0.06257,-0.08683,23.25000,42.95229
2016-03-07,0.15525,-0.04796,22.25000,44.03563
2016-03-08,-1.08812,-0.85635,23.75000,50.53501
2016-03-09,2.69508,-1.11637,24.25000,53.34891
2016-03-10,2.78170,-1.25120,25.00000,56.87079
2016-03-11,0.67447,0.36227,25.75000,57.67554
2016-03-12,0.26179,0.38546,26.50000,54.42840
2016-03-13,-0.94289,0.57861,23.75000,47.46309
2016-03-14,-1.09105,-0.50234,24.00000,51.75609
2016-03-15,-1.54578,-1.68849,26.25000,49.40026
2016-03-16,1.06863,-1.68264,26.50000,45.37580
2016-03-17,-0.60966,0.64442,26.25000,46.48993
2016-03-18,-0.36920,-0.57723,27.75000,49.41241
2016-03-19,1.90159,-0.14603,28.75000,53.23907
2016-03-20,2.93268,-0.21275,30.50000,56.02053
2016-03-21,5.40783,-2.48374,30.00000,60.41202
2016-03-22,2.08123,-2.94821,29.25000,56.84917
2016-03-23,0.92687,-0.09385,27.25000,55.36670
2016-03-24,-0.47962,0.54141,28.25000,51.60709
2016-03-25,0.00362,-0.60803,32.50000,45.40960
2016-03-26,0.36923,0.33021,30.25000,48.23779
2016-03-27,1.92879,-1.77058,28.75000,42.61830
2016-03-28,3.00117,-0.31808,36.25000,39.43123
2016-03-29,4.30194,0.23839,25.50000,36.18311
2016-03-30,1.93061,-0.50122,24.00000,29.44687
2016-03-31,4.43033,-0.01261,44.25000,35.08796
2016-10-01,-0.13135,-0.49307,41.50000,52.59863
2016-10-02,-0.10240,-0.50809,42.00000,58.27126
2016-10-03,0.22293,-0.76579,37.50000,48.31850
2016-10-04,0.29477,-0.62873,38.50000,50.67000
2016-10-05,0.11391,-0.40098,37.75000,52.80005
2016-10-06,0.08235,-0.23284,37.75000,53.60713
2016-10-07,0.00246,-0.45762,38.00000,51.68059
2016-10-08,0.30752,-0.48515,36.75000,47.97681
2016-10-09,0.52824,-0.16804,35.50000,48.46994
2016-10-10,0.42932,-0.40935,34.50000,42.79724
2016-10-11,0.08419,-0.38077,33.75000,38.09934
2016-10-12,1.08053,-0.18330,31.75000,36.88369
2016-10-13,0.42554,-0.04150,32.25000,41.84636
2016-10-14,-0.54698,0.17903,33.00000,49.52530
2016-10-15,0.25835,0.10121,32.50000,48.74807
2016-10-16,0.05020,-0.09343,32.00000,43.83571
2016-10-17,0.61064,-0.05105,45.00000,41.04093
2016-10-18,0.13875,0.04531,45.00000,45.99094
2016-10-19,0.17259,0.17195,36.25000,39.81338
2016-10-20,-0.17024,0.26087,34.00000,46.04129
2016-10-21,-0.33371,-0.33436,33.00000,48.85588
2016-10-22,-0.70037,0.37007,32.75000,47.67237
2016-10-23,0.02948,0.15990,34.50000,53.00826
2016-10-24,0.69788,0.27164,34.75000,59.16981
2016-10-25,0.36978,-0.46269,33.75000,53.97551
2016-10-26,0.90673,-0.33235,33.75000,51.61187
2016-10-27,1.61394,-0.95409,32.00000,52.09291
2016-10-28,0.11702,0.18089,31.75000,47.61597
2016-10-29,-0.35262,-0.31462,29.75000,43.87887
2016-10-30,0.12761,-0.18883,29.75000,40.53875
2016-10-31,0.22933,-0.03184,29.00000,41.40480
2016-11-01,0.09075,-0.47325,30.50000,38.16364
2016-11-02,0.26061,-0.54736,28.50000,38.18611
2016-11-03,0.09166,-0.40972,31.00000,42.19327
2016-11-04,0.57022,-0.19220,31.50000,43.23876
2016-11-05,1.75427,-0.28829,31.25000,49.34657
2016-11-06,1.08791,-0.23715,31.75000,44.95543
2016-11-07,0.26198,-0.29065,31.75000,49.58694
2016-11-08,0.46421,1.00947,33.25000,54.18142
2016-11-09,0.98098,1.66106,34.00000,59.21432
2016-11-10,1.16599,0.66964,33.75000,60.17928
2016-11-11,0.43361,0.03575,34.00000,59.63680
2016-11-12,-0.30563,-0.45520,32.50000,50.22151
2016-11-13,-0.27858,-0.58057,31.50000,46.45429
2016-11-14,-2.01907,-0.31867,32.75000,40.53453
2016-11-15,-0.97172,-0.62080,32.00000,37.00311
2016-11-16,-0.09218,-0.20933,28.50000,43.18544
2016-11-17,-0.42147,0.88562,43.50000,45.63742
2016-11-18,0.00233,0.33775,37.50000,44.76171
2016-11-19,-0.33301,0.47151,25.25000,45.32473
2016-11-20,-0.32605,0.66446,27.25000,51.10525
2016-11-21,-1.82901,-0.11245,28.00000,53.81642
2016-11-22,-2.53768,0.00141,27.50000,51.90147
2016-11-23,-1.27934,0.37307,30.50000,52.86203
2016-11-24,-0.46664,-0.93155,30.25000,55.08579
2016-11-25,-2.05530,0.44501,29.00000,56.85292
2016-11-26,-1.82651,-0.31314,31.25000,57.11864
2016-11-27,0.04619,-1.08744,31.25000,55.66967
2016-11-28,0.07460,0.34994,31.50000,53.05705
2016-11-29,-0.24731,-0.19801,29.25000,51.66216
2016-11-30,0.95326,-0.37059,30.25000,52.67910
2016-12-01,0.85394,-0.68493,29.50000,59.56303
2016-12-02,0.71472,-0.31912,29.25000,55.69168
2016-12-03,-0.21322,-0.39474,27.75000,48.02047
2016-12-04,-1.12221,0.29208,41.50000,40.39434
2016-12-05,0.68599,0.30099,45.00000,37.75886
2016-12-06,0.07947,0.33591,45.00000,43.27887
2016-12-07,-0.12547,0.18872,45.00000,47.02372
2016-12-08,-0.20447,0.27774,35.25000,46.25072
2016-12-09,0.06625,0.08192,33.50000,52.16979
2016-12-10,0.24040,0.02578,36.25000,60.65545
2016-12-11,0.91852,-1.40525,34.50000,61.49034
2016-12-12,1.44286,-0.37317,33.50000,61.16845
2016-12-13,-0.19601,-0.35107,32.50000,56.16339
2016-12-14,-1.36560,-0.52038,32.00000,51.51717
2016-12-15,-2.50145,1.03221,32.50000,46.43027
2016-12-16,0.02525,0.88767,33.25000,47.83330
2016-12-17,1.48386,-0.32200,34.50000,48.28992
2016-12-18,1.34050,-0.20683,40.50000,44.78351
2016-12-19,-0.15542,0.10329,35.25000,60.40823
2016-12-20,-1.76534,0.33479,35.75000,65.09197
2016-12-21,-2.98783,1.49998,36.75000,62.77909
2016-12-22,0.80681,0.47074,35.50000,59.92898
2016-12-23,0.51449,-0.91661,32.25000,60.16717
2016-12-24,0.27435,-0.66396,32.50000,69.63203
2016-12-25,1.36398,-0.48623,30.50000,56.65572
2016-12-26,-0.18082,-1.03428,29.50000,45.13412
2016-12-27,-1.97001,0.69011,29.00000,37.31832
2016-12-28,0.89531,1.10917,33.00000,39.99213
2016-12-29,1.55229,0.98897,33.50000,34.93897
2016-12-30,1.18699,-0.40687,42.50000,33.49866
2016-12-31,0.65743,-0.85419,41.75000,38.33306
2017-01-01,0.43775,-0.36315,25.50000,41.59676
2017-01-02,0.28718,-0.77902,26.50000,39.58436
2017-01-03,0.36596,-1.03043,27.75000,38.86724
2017-01-04,-1.07104,-0.17180,29.50000,40.00590
2017-01-05,-0.57101,-1.18522,26.75000,43.32938
2017-01-06,-1.33933,-0.35606,27.25000,56.85447
2017-01-07,-0.41521,0.27241,30.25000,53.66206
2017-01-08,-1.56661,-0.32546,27.50000,54.31207
2017-01-09,-2.17906,-0.96079,26.50000,60.09779
2017-01-10,-1.39304,-1.63795,25.75000,63.05548
2017-01-11,-3.02151,-1.36032,27.50000,68.13892
2017-01-12,-2.39908,-0.68156,27.50000,60.94044
2017-01-13,-2.33945,-0.74303,28.00000,60.97860
2017-01-14,-3.06691,-1.10227,29.50000,65.52816
2017-01-15,-1.29916,-0.42661,29.25000,60.13391
2017-01-16,-1.56229,-0.15985,27.00000,58.31218
2017-01-17,-1.69979,-1.02925,27.25000,59.55127
2017-01-18,-2.06057,-0.88755,29.75000,60.18088
2017-01-19,-2.82194,-1.47478,30.25000,58.21804
2017-01-20,-3.34152,-0.98607,30.75000,56.10559
2017-01-21,-2.20458,0.04050,28.25000,53.03363
2017-01-22,-0.73291,-1.00106,27.00000,54.46409
2017-01-23,-2.11402,-0.15263,27.75000,64.63448
2017-01-24,-0.64958,0.79336,29.75000,63.03770
2017-01-25,-0.19645,0.29328,28.00000,52.40741
2017-01-26,0.30152,0.66982,29.75000,50.82226
2017-01-27,0.78380,-0.14633,27.75000,44.29854
2017-01-28,-2.37018,0.02647,24.75000,49.61038
2017-01-29,-0.68171,1.32702,33.00000,45.21243
2017-01-30,-0.46439,-0.38130,28.00000,51.88837
2017-01-31,-1.77163,-1.00122,26.50000,55.82358
2017-02-01,-3.02350,-0.45853,28.00000,44.47669
2017-02-02,-2.84421,0.97055,33.75000,48.03551
2017-02-03,-1.14759,1.05814,36.00000,48.03035
2017-02-04,1.15072,0.31004,34.25000,46.92162
2017-02-05,0.20839,0.57130,31.25000,51.78203
2017-02-06,0.48974,-2.21603,30.00000,51.50783
2017-02-07,-0.35887,-0.43674,30.75000,58.90384
2017-02-08,-1.25077,-0.92796,31.50000,58.96391
2017-02-09,-1.48962,-2.36256,31.00000,51.28633
2017-02-10,-1.49799,-1.45704,29.50000,46.90014
2017-02-11,-0.12167,0.59068,26.75000,41.51788
2017-02-12,-0.85155,0.37830,29.50000,41.06055
2017-02-13,-0.91977,-0.07430,29.25000,41.78794
2017-02-14,-1.34321,0.73567,41.00000,37.88859
2017-02-15,-1.82966,0.97406,42.50000,47.71535
2017-02-16,-0.45762,0.87664,42.75000,53.97458
2017-02-17,-0.98200,0.95185,38.25000,49.45815
2017-02-18,-0.42954,0.40732,45.00000,48.38596
2017-02-19,-0.23929,0.22207,37.50000,42.64481
2017-02-20,1.48630,0.44921,30.75000,52.68147
2017-02-21,5.93399,-1.64395,31.50000,60.82940
2017-02-22,5.24215,-2.03660,28.50000,60.29829
2017-02-23,1.39078,-1.56960,29.25000,64.74872
2017-02-24,-1.70572,-1.28076,30.75000,64.98436
2017-02-25,-1.95941,1.06848,32.75000,71.36407
2017-02-26,-2.17129,-0.90536,30.50000,73.17830
2017-02-27,-0.98574,0.08473,31.75000,77.00098
2017-02-28,-2.61885,1.19760,31.75000,67.50682
2017-03-01,-2.85202,-0.31517,31.50000,68.43642
2017-03-02,0.61449,-1.29219,29.00000,61.89678
2017-03-03,5.07344,-1.95313,27.50000,62.71906
2017-03-04,4.08345,-2.11904,27.75000,68.36984
2017-03-05,4.72965,-1.98272,28.00000,72.78473
2017-03-06,2.76580,-1.43747,29.00000,60.36682
2017-03-07,1.64182,-0.51918,31.25000,50.84464
2017-03-08,1.39268,-0.39586,27.75000,53.68673
2017-03-09,2.39632,-0.50387,28.50000,68.32417
2017-03-10,4.48668,0.62464,28.25000,77.75239
2017-03-11,5.12428,-0.54137,28.25000,76.89574
2017-03-12,1.63836,-2.42842,28.75000,70.41429
2017-03-13,-1.40713,1.00868,28.00000,57.87353
2017-03-14,-1.71554,-1.04473,31.25000,50.88158
2017-03-15,-2.91537,0.83864,29.00000,46.87875
2017-03-16,-2.54888,1.15386,27.75000,40.79694
2017-03-17,-0.92666,-1.70946,26.25000,44.25787
2017-03-18,4.66299,-1.17274,27.00000,49.06583
2017-03-19,0.90116,-0.08835,27.00000,59.55497
2017-03-20,4.62964,-0.15245,27.75000,55.30673
2017-03-21,-0.22115,1.43069,26.25000,41.91056
2017-03-22,-0.21293,1.82068,39.00000,53.05012
2017-03-23,-0.16592,0.07994,30.75000,50.85491
2017-03-24,2.25883,-0.16714,30.25000,46.24079
2017-03-25,2.98309,0.01753,35.00000,38.11211
2017-03-26,1.58097,-0.65296,29.00000,33.99231
2017-03-27,2.28905,1.21294,42.75000,33.38247
2017-03-28,4.60420,0.57447,36.50000,42.28105
2017-03-29,6.65999,-0.05121,36.25000,39.65459
2017-03-30,13.25343,-0.22832,34.50000,41.78214
2017-03-31,6.55232,-0.54472,29.25000,43.30557
2017-10-01,0.78687,-0.45175,40.00000,53.42019
2017-10-02,0.33898,-0.30822,39.00000,41.01035
2017-10-03,0.30699,-0.20623,36.00000,41.95280
2017-10-04,0.11308,-0.49359,36.75000,48.55111
2017-10-05,0.23940,-0.77883,38.50000,62.20412
2017-10-06,0.00566,-0.79336,37.75000,61.44771
2017-10-07,-0.34181,-0.69748,36.75000,56.85631
2017-10-08,-0.04743,-0.64105,35.25000,46.76036
2017-10-09,0.62901,-0.77584,35.00000,45.61610
2017-10-10,0.84552,-0.90987,35.00000,43.41945
2017-10-11,0.05049,-0.87141,35.75000,44.99133
2017-10-12,0.35121,-0.61778,36.50000,49.56992
2017-10-13,0.58659,-0.40705,37.25000,44.16601
2017-10-14,0.89411,0.01503,35.50000,49.89994
2017-10-15,-0.23913,-0.07560,33.75000,46.95066
2017-10-16,-0.53220,-0.34640,35.00000,41.84206
2017-10-17,0.62333,-0.83997,37.50000,50.05597
2017-10-18,0.15451,-0.23448,36.50000,49.25836
2017-10-19,-0.82355,-0.59484,35.25000,49.44697
2017-10-20,-0.16198,-0.81392,33.75000,51.22044
2017-10-21,3.80053,-0.69086,34.00000,44.28476
2017-10-22,0.45267,0.95466,34.25000,43.89677
2017-10-23,0.04353,-0.39875,32.50000,43.64593
2017-10-24,1.38823,-0.85000,32.25000,50.94844
2017-10-25,0.67045,-0.35715,32.25000,39.06847
2017-10-26,-0.53690,0.37807,31.50000,39.19699
2017-10-27,-0.77157,-0.14397,29.50000,38.55907
2017-10-28,-0.36475,-0.44258,31.75000,35.92562
2017-10-29,0.81112,-0.99821,26.50000,28.62736
2017-10-30,0.44376,-0.76158,30.00000,28.33352
2017-10-31,0.49641,-0.31969,45.00000,27.29928
2017-11-01,-0.01403,0.14089,25.75000,32.84406
2017-11-02,0.20305,0.26378,23.25000,35.15331
2017-11-03,0.38990,-0.35629,22.50000,33.77201
2017-11-04,-0.04598,-0.24045,22.25000,29.45615
2017-11-05,0.00647,-0.04016,37.50000,34.67305
2017-11-06,-0.30016,0.03048,31.75000,33.84668
2017-11-07,-0.47267,0.16787,40.00000,37.51875
2017-11-08,0.04817,-0.00928,28.75000,34.36607
2017-11-09,0.17545,-0.25294,28.50000,36.40586
2017-11-10,0.55123,-0.57657,27.25000,40.55028
2017-11-11,0.51711,0.29100,27.25000,45.84484
2017-11-12,0.50990,0.20380,29.25000,52.48450
2017-11-13,0.52577,-0.24298,29.50000,56.91830
2017-11-14,0.78483,0.24262,32.75000,54.73238
2017-11-15,0.21925,0.09291,32.50000,56.03120
2017-11-16,0.75897,-0.33131,35.50000,49.73069
2017-11-17,0.91492,-0.24519,33.25000,52.09200
2017-11-18,0.05048,-1.16466,33.00000,50.98510
2017-11-19,-0.39986,-1.44628,32.00000,51.63552
2017-11-20,-0.70077,-2.22438,31.00000,54.30911
2017-11-21,-2.81780,-0.64578,31.50000,57.33499
2017-11-22,-0.74105,-1.13805,30.25000,55.36579
2017-11-23,0.50887,-0.37998,29.50000,53.42343
2017-11-24,0.42947,0.02573,29.00000,53.84256
2017-11-25,0.77229,0.20411,29.25000,59.23466
2017-11-26,0.35284,-0.83707,27.75000,56.07015
2017-11-27,-0.81513,-0.03700,26.00000,51.61559
2017-11-28,-1.38188,0.04936,30.25000,51.50057
2017-11-29,-1.17494,-0.27112,28.50000,58.88367
2017-11-30,-1.96761,-0.02811,29.75000,62.92509
2017-12-01,-1.21093,0.27641,29.50000,61.74877
2017-12-02,0.28903,0.16633,32.50000,67.20190
2017-12-03,-0.29396,0.06684,34.50000,77.30630
2017-12-04,-0.83353,-0.25845,36.25000,77.87492
2017-12-05,-0.48974,-0.61914,37.25000,71.09578
2017-12-06,0.75338,0.11183,36.75000,69.30841
2017-12-07,0.22976,-0.10144,35.75000,66.00346
2017-12-08,0.12761,0.09700,34.50000,56.62798
2017-12-09,2.18512,1.09482,30.25000,54.79085
2017-12-10,2.64339,1.07685,31.50000,50.89528
2017-12-11,0.80423,0.84240,33.50000,51.34432
2017-12-12,-0.40228,-0.49255,35.50000,48.21235
2017-12-13,-1.13880,-0.82030,34.25000,46.47009
2017-12-14,-1.83019,-1.11488,30.25000,56.73202
2017-12-15,-2.22306,-1.08106,30.00000,58.36093
2017-12-16,-2.28073,-1.57677,30.00000,57.46568
2017-12-17,-0.18386,-0.35472,29.50000,57.71251
2017-12-18,0.04311,1.22527,33.00000,60.94237
2017-12-19,0.22916,-0.44186,31.50000,56.11680
2017-12-20,0.43452,-1.27558,33.25000,57.68779
2017-12-21,0.20788,-1.36572,31.50000,59.02664
2017-12-22,0.23867,-0.86838,31.50000,64.64486
2017-12-23,-2.56274,0.51260,30.50000,61.09994
2017-12-24,-1.20744,-0.52606,30.00000,54.61311
2017-12-25,-0.29742,-1.04323,30.50000,42.41605
2017-12-26,-1.39498,-0.02482,35.25000,38.48011
2017-12-27,-0.70544,0.55749,34.75000,49.38190
2017-12-28,-1.09096,-1.09777,31.25000,53.89326
2017-12-29,-0.36604,-0.57286,24.50000,49.07333
2017-12-30,0.15398,-0.51837,26.50000,56.32426
2017-12-31,0.47993,-0.89328,28.00000,50.86632
2018-01-01,0.42769,-0.53093,28.75000,43.38226
2018-01-02,1.14973,-1.05889,32.50000,44.82155
2018-01-03,-2.34866,-0.28459,31.50000,46.80180
2018-01-04,-0.69544,-0.21030,27.75000,58.56685
2018-01-05,-0.87207,-0.95702,26.75000,53.46236
2018-01-06,-0.78882,-0.67005,27.25000,57.57987
2018-01-07,-2.60611,0.33966,30.25000,74.17931
2018-01-08,-5.16864,2.06227,32.00000,74.25213
2018-01-09,-2.46520,1.15884,34.25000,80.92233
2018-01-10,-3.44433,1.63512,36.75000,76.39336
2018-01-11,-2.43232,1.03292,38.50000,81.94067
2018-01-12,-1.86467,-0.63553,36.00000,74.93576
2018-01-13,-0.43379,-1.02824,33.75000,62.74622
2018-01-14,-1.79330,1.43499,31.50000,56.60496
2018-01-15,-0.21783,-0.50873,31.50000,54.95859
2018-01-16,-3.40991,1.47052,32.00000,56.73341
2018-01-17,-0.58299,-0.08594,32.25000,62.32436
2018-01-18,-0.90155,-0.06054,32.00000,61.83023
2018-01-19,0.12685,0.49289,30.25000,61.62848
2018-01-20,-1.05397,0.63261,31.00000,69.51463
2018-01-21,-3.23622,1.60352,33.00000,60.44579
2018-01-22,-1.50030,1.32273,35.00000,65.27479
2018-01-23,-1.87449,0.41564,39.25000,62.89054
2018-01-24,-1.57423,-1.75548,28.75000,48.61802
2018-01-25,-2.84052,-0.05550,28.25000,57.26707
2018-01-26,-1.65971,-1.00822,27.50000,62.90449
2018-01-27,-2.15667,0.34472,28.75000,64.12823
2018-01-28,-4.40776,1.56952,32.00000,71.07960
2018-01-29,-5.38607,1.45499,32.75000,71.17310
2018-01-30,-4.75296,2.25437,33.25000,73.14790
2018-01-31,-0.83945,-0.02339,32.25000,61.53003
2018-02-01,-0.65147,0.19063,31.25000,60.09012
2018-02-02,-0.68227,0.19795,27.00000,57.18696
2018-02-03,-0.77582,-0.75388,28.50000,61.33515
2018-02-04,1.51157,-0.48937,30.00000,72.38569
2018-02-05,-0.03983,-0.32424,32.25000,78.31919
2018-02-06,0.55661,-0.29516,33.75000,75.96322
2018-02-07,4.05652,-1.44489,30.25000,66.31936
2018-02-08,2.19967,-1.30977,28.25000,57.56794
2018-02-09,2.38249,-1.71366,24.25000,72.38631
2018-02-10,1.48376,-1.60111,26.75000,71.45387
2018-02-11,-1.10885,-0.74380,28.00000,48.83735
2018-02-12,-1.37419,1.51736,27.50000,46.47177
2018-02-13,-1.26644,-0.73849,27.75000,45.68263
2018-02-14,-2.06027,-1.28414,29.00000,42.40755
2018-02-15,-0.92511,1.15585,25.50000,41.86004
2018-02-16,-2.11860,-0.17746,24.25000,45.15950
2018-02-17,-2.50111,0.30544,28.00000,41.02581
2018-02-18,-1.14478,-0.37347,27.50000,42.09545
2018-02-19,-1.08177,-0.29700,30.00000,41.28500
2018-02-20,-1.25010,1.36425,21.50000,44.35289
2018-02-21,-1.02016,1.01478,23.50000,53.47603
2018-02-22,-0.50795,0.00382,24.00000,57.06833
2018-02-23,0.58653,0.22261,23.75000,58.24730
2018-02-24,1.55234,1.17557,24.25000,48.22454
2018-02-25,2.46854,-1.30959,24.75000,46.84267
2018-02-26,0.97842,-0.13422,24.75000,48.38985
2018-02-27,-0.80068,1.08418,25.75000,40.08902
2018-02-28,-0.24097,0.16998,20.75000,38.91719
2018-03-01,-0.53215,0.53817,23.75000,38.18760
2018-03-02,-0.12315,0.18284,25.25000,42.42817
2018-03-03,4.81219,-0.23212,27.00000,45.92544
2018-03-04,4.17498,-1.95857,27.00000,51.42054
2018-03-05,2.30342,-1.99693,26.25000,57.80105
2018-03-06,0.65934,-2.68360,27.50000,62.68966
2018-03-07,-1.21186,-0.54020,27.50000,63.03331
2018-03-08,-1.19081,-0.19745,28.50000,58.81183
2018-03-09,-0.88958,-0.85627,28.50000,64.31909
2018-03-10,-1.63822,-0.17440,27.00000,68.31790
2018-03-11,1.02027,0.04753,26.25000,64.55257
2018-03-12,3.25843,-0.55666,26.00000,61.80512
2018-03-13,3.60796,1.01310,24.75000,55.20392
2018-03-14,0.71701,0.04366,29.50000,46.70024
2018-03-15,1.68115,-1.46780,27.75000,51.32923
2018-03-16,2.69882,-1.74164,25.75000,46.14850
2018-03-17,2.22370,-1.93661,30.75000,42.92021
2018-03-18,1.41310,-1.39555,28.50000,50.44223
2018-03-19,-0.74598,0.54333,28.25000,53.69035
2018-03-20,0.03506,-0.44510,28.25000,58.97842
2018-03-21,0.03725,-0.35135,26.25000,50.46206
2018-03-22,-0.23074,-1.40886,25.50000,45.21044
2018-03-23,3.04546,-2.33559,25.50000,49.33353
2018-03-24,1.99525,-1.24405,27.50000,54.20329
2018-03-25,1.25110,-0.98893,29.00000,56.80238
2018-03-26,2.17641,-0.94290,28.00000,54.48270
2018-03-27,1.83060,0.17267,25.75000,49.05505
2018-03-28,1.55401,-0.11969,24.00000,44.03865
2018-03-29,3.57401,-0.75528,23.50000,42.66347
2018-03-30,6.47873,-1.30837,24.25000,40.16777
2018-03-31,4.59173,-1.58240,22.50000,37.17988
2018-10-01,-0.19524,0.14524,33.75000,38.44875
2018-10-02,0.35490,0.24049,35.25000,40.44861
2018-10-03,0.39420,0.48485,35.00000,32.24250
2018-10-04,0.16720,-0.01965,33.75000,34.14559
2018-10-05,-0.18769,-0.14560,31.75000,34.23356
2018-10-06,-0.14158,-0.03621,28.50000,39.16527
2018-10-07,-0.31489,-0.04092,29.00000,43.26239
2018-10-08,0.34052,0.26692,29.00000,49.82995
2018-10-09,-0.28129,0.75641,30.00000,56.15784
2018-10-10,0.32477,-0.45604,30.75000,55.40035
2018-10-11,1.87287,-0.87173,32.25000,54.21648
2018-10-12,1.73371,-1.10869,32.25000,52.09920
2018-10-13,3.10017,-0.68747,30.75000,51.51276
2018-10-14,0.54577,-0.07864,30.00000,58.35672
2018-10-15,-0.63265,0.57431,30.75000,57.55747
2018-10-16,-1.29489,0.74556,32.00000,56.27883
2018-10-17,-0.20248,0.29569,33.75000,51.70047
2018-10-18,-0.28953,-0.01559,30.75000,53.26788
2018-10-19,-0.30055,-0.68202,30.25000,51.07586
2018-10-20,-0.46593,-0.49641,30.50000,47.79255
2018-10-21,-1.07153,-0.59554,29.50000,44.51567
2018-10-22,-0.78184,-1.08456,28.50000,42.25662
2018-10-23,-1.19419,-0.99084,27.75000,44.18392
2018-10-24,-1.24098,-0.39293,28.75000,39.94283
2018-10-25,-1.23643,-0.02661,24.75000,40.38566
2018-10-26,-0.44370,-1.04872,26.75000,42.66364
2018-10-27,1.53939,-0.83808,28.25000,36.64989
2018-10-28,1.69172,-0.99416,27.75000,32.42067
2018-10-29,0.59759,-0.86967,24.50000,34.47582
2018-10-30,1.13674,-0.61653,25.00000,32.15742
2018-10-31,1.09341,-0.33183,28.00000,34.57665
2018-11-01,-0.04192,-0.35669,27.75000,37.13483
2018-11-02,-0.00171,-0.29027,33.00000,44.75840
2018-11-03,0.37672,0.65702,29.50000,49.93405
2018-11-04,0.50646,-0.01452,28.50000,57.25418
2018-11-05,1.25853,-0.97076,28.50000,61.78815
2018-11-06,-0.17076,-1.33520,28.00000,59.62797
2018-11-07,-1.70651,0.46206,26.00000,51.16471
2018-11-08,-0.97127,0.56845,25.50000,42.67863
2018-11-09,-0.50586,-0.31443,27.75000,51.30412
2018-11-10,0.38137,-0.50058,27.75000,56.99403
2018-11-11,0.64764,0.02540,27.25000,51.89797
2018-11-12,-0.63652,0.29121,29.75000,56.19579
2018-11-13,-0.33770,-0.00287,29.25000,59.13488
2018-11-14,-1.07620,-0.23223,28.75000,62.78785
2018-11-15,-0.67245,-1.22209,28.75000,60.03414
2018-11-16,0.12559,-0.76047,27.25000,53.66986
2018-11-17,1.77116,-0.54597,26.00000,47.08367
2018-11-18,-0.05905,1.01992,27.75000,50.80062
2018-11-19,-1.02882,0.29993,27.75000,57.01448
2018-11-20,-1.57469,-0.10627,29.75000,65.21940
2018-11-21,-4.03388,0.44580,29.25000,61.68372
2018-11-22,-2.27303,1.26421,33.25000,64.66301
2018-11-23,-0.91003,-0.38948,32.00000,59.93108
2018-11-24,-0.73485,1.00814,26.00000,43.46571
2018-11-25,1.20976,1.23867,41.25000,43.35004
2018-11-26,0.64723,0.11154,45.00000,42.06539
2018-11-27,1.62951,-0.06814,45.00000,45.54325
2018-11-28,0.92549,-0.21287,35.00000,44.99488
2018-11-29,0.49820,0.20177,31.50000,44.69638
2018-11-30,0.29359,-0.18335,28.75000,50.16650
2018-12-01,0.29762,0.27918,25.00000,49.76287
2018-12-02,0.01984,-0.22258,25.75000,52.68370
2018-12-03,-0.35622,0.59030,31.75000,46.86691
2018-12-04,-0.84239,0.83677,32.25000,53.26289
2018-12-05,-0.65764,0.45087,33.25000,46.39975
2018-12-06,-1.85335,-0.53935,28.75000,48.67722
2018-12-07,-2.09802,-0.96642,27.50000,46.28578
2018-12-08,-2.54988,0.38181,27.50000,44.75427
2018-12-09,-0.24944,-0.58373,27.00000,57.40993
2018-12-10,1.00802,-0.40026,28.75000,67.86418
2018-12-11,0.67979,-0.88829,28.00000,66.34933
2018-12-12,-0.62069,-0.03308,28.00000,62.60636
2018-12-13,-0.48811,-0.58680,28.50000,57.51340
2018-12-14,-1.45668,-1.38817,30.00000,57.55287
2018-12-15,-2.59193,-0.78366,29.75000,60.71963
2018-12-16,0.26063,1.05725,32.25000,67.27339
2018-12-17,0.98096,0.89993,34.00000,60.96189
2018-12-18,3.76131,-0.12117,34.75000,56.29884
2018-12-19,-0.85581,1.70421,28.50000,53.35956
2018-12-20,-0.69488,-0.22340,34.50000,58.00787
2018-12-21,-0.73280,-0.15187,33.75000,52.18193
2018-12-22,-0.32641,1.09965,31.00000,58.20856
2018-12-23,-0.05564,0.50349,32.25000,70.04317
2018-12-24,-0.42597,-1.14615,31.75000,72.24735
2018-12-25,-0.93483,-1.32221,29.75000,63.54159
2018-12-26,-1.03381,-0.33130,30.50000,66.38453
2018-12-27,-0.75196,-2.34886,29.75000,56.49394
2018-12-28,-1.94541,-1.04552,25.75000,53.69212
2018-12-29,0.36476,0.11741,26.00000,56.08572
2018-12-30,-1.18535,1.09428,27.00000,55.14640
2018-12-31,-0.59767,-0.71021,26.50000,56.85073
2019-01-01,-0.49439,0.36710,27.75000,58.23103
2019-01-02,0.09026,-0.67866,28.00000,47.82476
2019-01-03,-0.71294,-2.04573,29.00000,45.29776
2019-01-04,-2.68209,-0.05365,26.75000,48.35810
2019-01-05,-1.38536,1.04522,29.00000,48.82137
2019-01-06,-0.30727,0.24970,25.00000,51.16251
2019-01-07,0.84028,-0.37162,28.50000,43.52650
2019-01-08,-0.97750,-0.46729,31.00000,46.88191
2019-01-09,-1.04989,-1.32903,26.25000,49.49353
2019-01-10,-2.08333,0.90506,28.00000,54.39462
2019-01-11,-0.05486,-0.09707,29.00000,61.23467
2019-01-12,-1.05748,-0.16559,29.25000,60.34806
2019-01-13,-0.75509,-0.43870,30.25000,58.22655
2019-01-14,-2.10061,-2.21560,26.75000,53.36636
2019-01-15,-2.40404,-0.17939,28.50000,38.93346
2019-01-16,-0.93758,1.57112,31.25000,40.83003
2019-01-17,0.64683,-1.23583,26.75000,42.26571
2019-01-18,0.18295,-0.26404,26.50000,49.21611
2019-01-19,-2.23743,0.51444,24.00000,57.44852
2019-01-20,-2.34260,0.52478,24.50000,57.89867
2019-01-21,-0.78295,0.72452,27.00000,61.92576
2019-01-22,-1.43138,1.78849,25.75000,56.15323
2019-01-23,-1.02915,0.38770,26.25000,61.10926
2019-01-24,-0.76209,-0.25125,28.75000,53.05788
2019-01-25,-1.09691,0.71207,27.75000,49.04337
2019-01-26,-0.00077,-0.49381,27.75000,55.71046
2019-01-27,0.27687,-1.17311,28.75000,54.10395
2019-01-28,-0.14188,-1.54780,28.25000,50.80315
2019-01-29,-0.65291,-0.37318,33.50000,39.87951
2019-01-30,-0.94425,1.37897,32.50000,43.27197
2019-01-31,1.01413,1.13421,27.25000,39.79430
2019-02-01,0.84240,0.56093,27.25000,43.96170
2019-02-02,1.07500,-1.04691,24.25000,60.31583
2019-02-03,-2.53665,0.46626,25.25000,66.30267
2019-02-04,-4.05711,1.14004,26.75000,62.25264
2019-02-05,-2.69080,1.53277,27.25000,76.26508
2019-02-06,-1.13414,0.88282,28.00000,69.46964
2019-02-07,-2.36355,1.92005,29.75000,66.40411
2019-02-08,-0.36988,-0.46357,32.00000,55.23180
2019-02-09,0.35364,-0.94364,25.00000,47.56633
2019-02-10,-2.69145,1.24315,22.50000,44.10120
2019-02-11,-0.81245,0.04869,24.50000,41.45730
2019-02-12,-1.82349,1.01601,27.75000,48.08904
2019-02-13,-1.79121,1.12747,26.25000,51.52637
2019-02-14,-1.45006,1.46670,25.00000,54.48391
2019-02-15,0.03379,0.82159,25.25000,57.62898
2019-02-16,-1.47033,-0.78184,26.00000,53.40934
2019-02-17,0.19003,0.21368,27.50000,52.13460
2019-02-18,1.17469,1.79916,28.50000,55.84695
2019-02-19,1.98585,0.17809,28.50000,62.23690
2019-02-20,2.69309,0.21744,28.25000,62.18333
2019-02-21,-0.47112,4.78372,29.25000,58.87334
2019-02-22,1.32139,-0.31937,29.25000,50.85087
2019-02-23,1.53264,-1.35974,26.75000,48.61180
2019-02-24,3.12017,-1.61154,27.50000,50.72889
2019-02-25,1.72369,-1.23885,27.25000,61.78673
2019-02-26,3.59193,-0.63679,26.75000,79.53015
2019-02-27,2.91676,1.79576,27.00000,76.26692
2019-02-28,2.09483,-2.39163,26.75000,73.74598
2019-03-01,-0.77575,0.35671,27.00000,66.79485
2019-03-02,-3.78340,1.54737,28.50000,67.95872
2019-03-03,-3.28149,2.48922,27.25000,65.57468
2019-03-04,-0.37590,0.47947,28.50000,66.81973
2019-03-05,5.57371,-1.36084,30.25000,63.42550
2019-03-06,1.67948,-0.33265,29.00000,67.52200
2019-03-07,1.04743,-0.00328,29.25000,73.08412
2019-03-08,-0.97243,0.45877,30.25000,77.01524
2019-03-09,-0.01089,0.53187,31.25000,69.47811
2019-03-10,2.62734,-0.07608,31.75000,76.33934
2019-03-11,1.19696,2.04834,32.25000,69.42412
2019-03-12,2.21665,-1.21193,30.75000,65.75986
2019-03-13,1.68018,-0.01267,31.25000,64.85233
2019-03-14,-0.43566,0.15013,33.25000,54.52259
2019-03-15,-0.08244,-2.40431,30.25000,47.57008
2019-03-16,0.39234,-1.71714,25.75000,41.95580
2019-03-17,0.32447,-0.37051,24.50000,35.93148
2019-03-18,-1.04304,-0.95457,25.75000,34.60615
2019-03-19,-0.14938,0.89346,27.75000,46.88046
2019-03-20,1.33296,1.42383,26.75000,62.11515
2019-03-21,2.23807,0.03681,27.25000,63.17727
2019-03-22,3.18505,-1.40058,28.50000,57.79554
2019-03-23,1.15948,-0.88777,26.75000,58.33854
2019-03-24,-0.76594,-0.14122,27.00000,65.15417
2019-03-25,-0.97134,-0.53213,27.25000,53.46795
2019-03-26,0.35453,-2.03882,24.25000,42.94094
2019-03-27,-0.07935,-0.16502,42.00000,31.87327
2019-03-28,-0.67237,1.86059,45.00000,28.22152
2019-03-29,0.51571,1.27393,35.25000,28.83059
2019-03-30,2.02527,-0.16657,24.50000,31.56419
2019-03-31,4.38848,-0.59627,25.75000,32.58544
2019-10-01,1.11002,0.02366,43.25000,40.40624
2019-10-02,0.50823,-0.12602,37.75000,39.26463
2019-10-03,0.29364,-0.01790,42.50000,34.30483
2019-10-04,0.17002,-0.34062,36.50000,34.86543
2019-10-05,0.02582,-0.57742,36.00000,35.57817
2019-10-06,-0.08628,-0.49635,38.25000,32.75638
2019-10-07,0.02551,-0.75072,39.25000,30.23350
2019-10-08,0.10746,-0.83709,34.25000,31.46329
2019-10-09,0.05149,-0.43743,33.25000,32.13594
2019-10-10,0.38852,-0.50345,33.00000,35.37697
2019-10-11,0.33061,-0.18418,34.00000,37.87525
2019-10-12,-0.17045,-0.21024,30.75000,39.97693
2019-10-13,-0.16203,-0.03642,30.50000,39.38944
2019-10-14,-0.04332,0.03272,31.25000,41.69651
2019-10-15,0.16462,-0.21764,30.50000,36.96444
2019-10-16,0.19111,-0.37057,32.25000,42.60042
2019-10-17,0.08498,-0.37531,30.75000,41.02149
2019-10-18,0.05956,-0.40219,31.50000,43.02374
2019-10-19,0.01310,-0.33055,31.75000,48.26251
2019-10-20,0.11820,-0.65658,33.25000,47.98662
2019-10-21,0.10164,-0.79043,32.00000,57.40720
2019-10-22,0.66276,-0.46032,32.50000,59.21534
2019-10-23,0.44388,-0.50782,32.50000,60.06618
2019-10-24,0.85339,-0.62957,32.25000,51.91759
2019-10-25,3.49036,-1.04653,31.00000,50.95212
2019-10-26,3.06085,-1.17961,31.25000,51.97798
2019-10-27,-0.37452,0.18473,31.25000,56.66994
2019-10-28,-0.29957,-0.13607,30.75000,55.33708
2019-10-29,0.56073,0.05350,30.25000,48.79796
2019-10-30,0.13395,0.08903,29.50000,49.37019
2019-10-31,-0.80761,0.07118,29.75000,46.39684
2019-11-01,-0.70475,-0.12256,31.25000,46.03331
2019-11-02,0.08427,-0.37185,31.25000,47.57304
2019-11-03,0.29396,-0.52631,31.25000,47.95190
2019-11-04,0.01750,-1.04136,31.50000,50.62770
2019-11-05,-0.06881,-0.41787,31.50000,54.71687
2019-11-06,-0.80889,0.38403,32.25000,58.70692
2019-11-07,0.61790,0.09736,33.00000,51.87507
2019-11-08,0.42151,-0.39689,34.50000,53.04158
2019-11-09,1.08211,-0.46896,35.25000,47.58442
2019-11-10,1.01270,-0.50641,35.50000,41.32650
2019-11-11,-0.37734,-0.31794,32.50000,42.62804
2019-11-12,-0.69167,-0.01632,31.00000,51.20510
2019-11-13,0.15031,-0.14391,33.50000,45.32170
2019-11-14,1.00542,-0.57281,31.75000,40.15291
2019-11-15,0.20051,-0.60142,30.75000,47.23151
2019-11-16,0.01269,-0.68728,31.00000,51.65892
2019-11-17,-0.38224,-0.58383,30.00000,53.70102
2019-11-18,-1.82820,-0.82800,29.25000,52.01860
2019-11-19,-1.62202,0.10696,28.50000,57.75195
2019-11-20,-1.78827,0.42024,28.00000,47.63991
2019-11-21,-0.53030,-0.00364,45.00000,50.60918
2019-11-22,0.00312,-0.28950,34.75000,51.90390
2019-11-23,-0.39735,-0.48834,32.75000,51.21186
2019-11-24,-1.89302,-0.43149,30.25000,50.04623
2019-11-25,-0.75592,-0.90143,28.00000,50.84847
2019-11-26,-0.08722,-0.23931,30.25000,65.10206
2019-11-27,-0.39130,-0.59374,31.75000,56.87850
2019-11-28,-0.53025,0.57907,28.00000,51.36121
2019-11-29,0.25440,-0.42451,29.00000,58.14452
2019-11-30,0.55676,-0.50389,30.00000,79.54296
2019-12-01,-0.79476,-0.06879,30.00000,71.77293
2019-12-02,-2.53920,-0.32335,27.75000,55.82801
2019-12-03,-2.50309,0.04868,27.75000,59.94839
2019-12-04,-1.40596,0.81401,30.25000,57.91910
2019-12-05,0.37774,1.44143,30.50000,61.26010
2019-12-06,-0.11600,0.75026,30.50000,57.88198
2019-12-07,0.16522,0.95133,29.75000,54.23841
2019-12-08,-0.42204,0.85599,30.75000,56.30033
2019-12-09,-0.27852,1.41487,29.50000,57.89601
2019-12-10,-0.48731,0.81653,27.75000,58.28484
2019-12-11,-0.22570,0.34401,27.25000,57.69778
2019-12-12,-0.33808,0.26363,24.00000,53.89559
2019-12-13,-0.19744,1.12619,25.50000,58.07801
2019-12-14,0.00818,-0.44570,27.00000,58.12947
2019-12-15,0.20416,-0.59030,27.50000,56.20268
2019-12-16,-0.46811,-0.14730,26.50000,58.14123
2019-12-17,-2.20378,0.27338,26.75000,58.91997
2019-12-18,-2.74644,2.46707,27.00000,56.30240
2019-12-19,-0.71299,0.69897,33.00000,63.08012
2019-12-20,0.48475,-0.28933,31.75000,78.54180
2019-12-21,-0.08936,-1.19346,30.25000,73.77451
2019-12-22,-1.08290,-0.02437,28.75000,69.13598
2019-12-23,-3.91490,1.52259,26.75000,65.61987
2019-12-24,-2.92984,0.76070,29.25000,87.53372
2019-12-25,-4.00118,0.00154,27.25000,68.59345
2019-12-26,-1.41822,-0.04285,25.50000,53.36532
2019-12-27,0.75498,-0.43611,23.25000,44.25334
2019-12-28,-1.29001,1.25798,22.00000,41.26683
2019-12-29,-0.31481,1.55759,17.75000,42.50479
2019-12-30,0.67640,1.75363,19.25000,44.02367
2019-12-31,1.27172,0.90336,25.50000,45.81228
2020-01-01,2.34549,0.46053,25.75000,44.57633
2020-01-02,-0.26440,-0.01735,26.75000,45.42756
2020-01-03,1.40162,0.09501,27.00000,44.54474
2020-01-04,0.16296,-0.40217,29.50000,45.80645
2020-01-05,0.22248,-1.02086,27.00000,57.13469
2020-01-06,-2.76870,2.41643,25.75000,61.15322
2020-01-07,-3.58317,0.07124,26.50000,55.52293
2020-01-08,-1.20546,0.57334,26.50000,68.30203
2020-01-09,0.12268,-1.20449,29.25000,74.51124
2020-01-10,-2.24217,0.34200,29.75000,75.34149
2020-01-11,-1.21516,1.84097,30.00000,71.96449
2020-01-12,-2.61605,1.77849,29.50000,60.10757
2020-01-13,-0.62581,1.48482,31.50000,60.64886
2020-01-14,0.00165,-0.58146,29.25000,68.31454
2020-01-15,-1.52554,0.37258,30.00000,73.17740
2020-01-16,-1.22666,1.39831,30.25000,61.97956
2020-01-17,-0.46178,0.95562,27.50000,53.52990
2020-01-18,-0.83104,-0.55613,29.75000,54.10084
2020-01-19,-0.29101,-1.11395,26.75000,48.89397
2020-01-20,-1.59871,0.77830,25.25000,51.78390
2020-01-21,-0.96695,0.85848,25.50000,65.66175
2020-01-22,-1.34074,-1.17740,26.50000,72.04073
2020-01-23,-3.15063,-1.27463,27.00000,73.72168
2020-01-24,-2.67725,1.37634,27.75000,69.71863
2020-01-25,-3.86427,1.09693,28.25000,63.10276
2020-01-26,-1.52820,0.20342,30.50000,67.46098
2020-01-27,-1.89352,1.80635,30.00000,77.50456
2020-01-28,-4.42325,2.22584,30.75000,78.05442
2020-01-29,1.47345,-0.31242,30.50000,65.64450
2020-01-30,1.16683,-1.17995,28.50000,64.59939
2020-01-31,-0.88531,0.15669,27.00000,71.50266
2020-02-01,-1.29227,-0.59792,27.75000,71.19894
2020-02-02,-4.83686,-0.67475,28.00000,71.95544
2020-02-03,-4.43606,1.38850,29.00000,80.46049
2020-02-04,-3.80803,1.06156,29.00000,79.74174
2020-02-05,-2.23103,-1.45963,27.25000,67.29639
2020-02-06,-2.41179,0.36622,28.00000,82.77258
2020-02-07,-3.35900,-0.40796,25.50000,69.34200
2020-02-08,-1.38553,-0.84046,26.25000,53.77375
2020-02-09,0.35728,-0.76521,27.25000,45.42896
2020-02-10,-1.76957,1.45231,27.00000,45.23026
2020-02-11,-1.93263,2.21411,29.25000,57.49026
2020-02-12,-2.57339,2.09042,33.50000,55.97752
2020-02-13,-2.63540,2.86634,31.75000,61.78420
2020-02-14,-1.34663,-0.41452,30.75000,66.25275
2020-02-15,-0.83517,2.05979,28.25000,57.73005
2020-02-16,-0.91059,0.49908,27.75000,57.56720
2020-02-17,-2.04565,-0.10488,29.50000,56.68468
2020-02-18,-1.57826,1.29221,27.00000,54.43612
2020-02-19,-0.54695,0.71365,25.25000,53.76756
2020-02-20,-0.14202,1.33146,26.00000,45.29905
2020-02-21,-0.70789,1.95337,21.25000,40.44136
2020-02-22,0.57492,-0.06333,21.75000,44.29208
2020-02-23,0.83428,0.03504,22.50000,43.82304
2020-02-24,0.24641,-0.01920,21.00000,49.31322
2020-02-25,0.84572,0.43951,22.75000,44.70167
2020-02-26,-0.81629,0.15788,23.25000,36.28624
2020-02-27,-0.79460,0.26567,24.25000,38.72275
2020-02-28,-0.68704,1.58367,24.25000,47.20504
2020-02-29,0.18697,0.84507,21.25000,54.04774
2020-03-01,0.09456,0.12678,22.50000,52.60588
2020-03-02,0.20197,-0.36920,23.00000,55.08562
2020-03-03,0.17864,0.01653,26.00000,50.42389
2020-03-04,1.04488,0.40021,27.75000,61.93943
2020-03-05,0.69118,0.56214,26.75000,62.13189
2020-03-06,1.37895,1.16615,26.75000,62.45148
2020-03-07,1.10765,0.18280,28.00000,74.27613
2020-03-08,0.60034,-0.69175,28.00000,63.72552
2020-03-09,-1.26749,0.28333,32.00000,60.84428
2020-03-10,-2.40850,-0.02596,32.75000,55.26435
2020-03-11,0.01092,0.64407,29.75000,61.59305
2020-03-12,0.45893,-0.44449,29.50000,54.25361
2020-03-13,-1.86137,0.70808,31.00000,39.58804
2020-03-14,-1.77258,0.43112,25.00000,39.60841
2020-03-15,-2.30226,-0.93857,27.00000,42.84351
2020-03-16,-2.86282,-0.91145,28.25000,43.14153
2020-03-17,-1.51934,0.13800,25.00000,48.87854
2020-03-18,-1.45718,-0.17469,25.25000,53.42410
2020-03-19,-1.45077,0.03863,20.75000,45.92961
2020-03-20,-0.79726,0.42584,21.50000,42.72208
2020-03-21,0.46618,0.44817,24.00000,41.52917
2020-03-22,0.41363,0.04774,22.00000,41.92371
2020-03-23,-0.80030,-0.45174,23.00000,37.17213
2020-03-24,-0.13864,0.88502,24.25000,41.08163
2020-03-25,-0.81168,-0.49573,28.25000,50.17413
2020-03-26,0.80153,0.48245,28.75000,55.17949
2020-03-27,0.23481,-0.74307,29.00000,56.88679
2020-03-28,0.89180,-2.28148,30.00000,59.24190
2020-03-29,1.90093,-2.35309,29.50000,57.89542
2020-03-30,-0.35643,-1.33328,29.75000,51.54402
2020-03-31,-1.68647,-0.71131,26.50000,46.04280
2020-10-01,-0.17769,-0.42069,38.50000,52.46547
2020-10-02,-0.15837,-0.69784,38.50000,52.66274
2020-10-03,0.15292,-0.75546,36.75000,51.69555
2020-10-04,0.13384,-0.70517,38.50000,50.07280
2020-10-05,0.05122,-0.49717,37.25000,53.07864
2020-10-06,0.20922,-0.29182,38.00000,61.23293
2020-10-07,0.44502,-0.61576,37.00000,60.43447
2020-10-08,0.04759,-0.57234,37.75000,58.62627
2020-10-09,-0.04830,-0.39658,38.75000,62.02924
2020-10-10,0.17089,-0.50323,40.00000,68.55242
2020-10-11,0.26839,-0.64323,39.50000,65.30965
2020-10-12,0.08305,-0.49555,38.25000,58.07190
2020-10-13,0.03837,-0.80306,38.25000,57.86679
2020-10-14,-0.15424,-0.55706,37.25000,59.59430
2020-10-15,0.05471,-0.50235,37.50000,61.80684
2020-10-16,0.13467,-0.44425,36.25000,52.93831
2020-10-17,0.17352,-0.46254,36.50000,51.35401
2020-10-18,0.26098,-0.74293,36.00000,49.70189
2020-10-19,0.03961,-0.46878,34.50000,45.51327
2020-10-20,-0.31633,-0.38903,33.25000,40.75136
2020-10-21,-0.23326,-0.61222,32.50000,41.74563
2020-10-22,-0.04917,-0.93913,33.50000,36.50132
2020-10-23,1.84266,-0.72186,34.75000,46.51829
2020-10-24,1.08234,-0.44649,34.50000,47.00211
2020-10-25,0.22084,-0.55485,34.25000,48.48374
2020-10-26,0.26755,-0.61366,34.75000,38.59424
2020-10-27,0.03079,-1.01038,33.75000,40.58388
2020-10-28,-0.05162,-0.23039,34.75000,47.48922
2020-10-29,0.22168,-0.14251,35.75000,46.40904
2020-10-30,0.40902,-0.38290,35.25000,45.10683
2020-10-31,-1.38039,-0.52927,35.25000,46.71891
2020-11-01,-0.29258,-0.95228,35.75000,46.45916
2020-11-02,-0.30856,-0.90056,34.50000,41.49042
2020-11-03,0.08131,-0.80811,33.25000,40.92985
2020-11-04,1.12857,-1.37443,32.50000,43.42855
2020-11-05,-0.84579,-0.45209,30.50000,45.26503
2020-11-06,-1.42286,-0.13138,32.00000,51.72252
2020-11-07,-1.27885,-0.09841,31.75000,44.87829
2020-11-08,0.23296,0.40271,32.00000,36.71058
2020-11-09,-0.34369,0.72653,30.00000,34.24379
2020-11-10,0.19453,-0.08055,30.50000,34.96737
2020-11-11,0.17559,-0.10011,29.00000,36.09790
2020-11-12,-0.30764,-0.12285,28.75000,41.22338
2020-11-13,-1.00914,-0.22283,29.50000,49.16157
2020-11-14,-0.42654,-0.54331,30.25000,52.49828
2020-11-15,-0.60634,0.37915,29.75000,45.66273
2020-11-16,0.03522,0.37752,30.00000,58.49782
2020-11-17,-0.81212,-1.31668,31.50000,67.78507
2020-11-18,-0.78588,-0.56017,31.75000,70.79311
2020-11-19,-0.52192,-0.29643,31.75000,76.02682
2020-11-20,0.80752,-1.30130,31.50000,72.00471
2020-11-21,0.07678,-1.44530,30.25000,64.47207
2020-11-22,-1.85529,-1.00737,26.75000,53.30914
2020-11-23,-0.63438,-0.45730,26.50000,51.14017
2020-11-24,1.37544,-0.72490,27.25000,54.47475
2020-11-25,-0.69453,0.01779,29.50000,54.91757
2020-11-26,0.16038,-0.27538,32.00000,55.41272
2020-11-27,-0.10831,-1.38384,31.50000,50.01217
2020-11-28,-0.78129,0.16038,30.75000,49.78666
2020-11-29,-0.56077,1.14164,33.00000,48.17949
2020-11-30,0.07063,0.03005,30.50000,52.60075
2020-12-01,0.52563,0.77359,30.50000,55.50140
2020-12-02,0.77216,0.51453,30.25000,52.71031
2020-12-03,0.36240,1.05491,28.50000,52.81778
2020-12-04,-0.89489,0.61733,29.75000,57.81795
2020-12-05,-0.27062,0.30894,29.75000,54.73882
2020-12-06,-1.38394,0.65393,31.25000,56.13788
2020-12-07,-1.41143,1.45645,27.50000,50.65238
2020-12-08,-1.87768,0.56193,30.50000,62.23795
2020-12-09,-0.61010,0.24771,31.00000,65.46717
2020-12-10,-2.07057,-0.06832,31.25000,64.12903
2020-12-11,-1.80395,0.22387,32.50000,72.12238
2020-12-12,-0.53191,-0.01439,31.50000,57.96646
2020-12-13,-3.43205,-0.58176,30.75000,69.97984
2020-12-14,-2.54521,-0.65709,31.50000,66.64947
2020-12-15,-3.45970,-0.77485,31.50000,59.62776
2020-12-16,-3.86690,-1.62494,28.50000,58.83277
2020-12-17,-2.79492,-1.39920,29.50000,66.56750
2020-12-18,-1.17458,-1.22900,29.00000,70.72003
2020-12-19,-2.05413,-0.21086,29.50000,66.82793
2020-12-20,-1.33990,1.35418,29.50000,66.65823
2020-12-21,0.84381,0.22322,29.25000,62.15666
2020-12-22,1.08005,-0.78397,28.50000,58.29670
2020-12-23,-0.10105,-0.47393,30.75000,63.93327
2020-12-24,-0.19061,-0.91882,28.50000,62.22398
2020-12-25,-0.04471,-1.39596,29.50000,68.36539
2020-12-26,-2.69924,0.09867,30.00000,66.52118
2020-12-27,-1.26401,-0.47203,29.00000,68.32350
2020-12-28,-0.51243,-1.12519,28.75000,68.76350
2020-12-29,-2.86107,-0.47989,29.50000,62.31709
2020-12-30,-3.32251,-0.29378,29.25000,57.42012
2020-12-31,-0.43549,-0.13935,28.75000,58.19014
2021-01-01,0.21514,0.11933,29.75000,65.72050
2021-01-02,-0.78751,0.50701,30.25000,66.11589
2021-01-03,-0.36417,0.76176,31.75000,66.91185
2021-01-04,-0.61523,0.54566,32.00000,57.76149
2021-01-05,-0.56377,0.71911,32.50000,59.53516
2021-01-06,-0.55024,0.29829,34.50000,71.20753
2021-01-07,-0.08446,0.18621,35.00000,78.82410
2021-01-08,-1.75678,0.53815,34.50000,78.09817
2021-01-09,-1.25578,0.12456,35.75000,89.87703
2021-01-10,-1.51907,-0.04977,35.50000,81.08352
2021-01-11,-0.97375,0.88002,34.25000,78.79562
2021-01-12,-0.73213,-0.04626,34.50000,74.09624
2021-01-13,0.27734,0.69477,35.00000,73.29128
2021-01-14,0.05100,1.89757,34.75000,75.79184
2021-01-15,-0.43052,0.84918,34.00000,66.69331
2021-01-16,-0.56107,0.57591,34.00000,59.43565
2021-01-17,0.27597,1.29411,27.75000,45.75996
2021-01-18,-0.59643,1.20935,31.50000,54.14299
2021-01-19,0.18711,0.19635,32.25000,61.45350
2021-01-20,3.87139,0.71154,31.00000,61.47035
2021-01-21,-0.91219,1.47842,28.25000,50.55080
2021-01-22,-1.22135,1.74864,33.75000,66.00822
2021-01-23,-0.50988,0.15401,30.75000,69.17080
2021-01-24,-1.73564,-1.78737,30.50000,63.54948
2021-01-25,-4.39328,-0.29870,31.25000,58.19499
2021-01-26,-3.07671,-0.46347,29.50000,61.80801
2021-01-27,-2.53897,-0.27627,29.75000,72.29559
2021-01-28,-1.11917,0.14572,31.25000,63.87329
2021-01-29,-0.89333,-1.63164,30.75000,50.55382
2021-01-30,-2.31212,-1.40866,28.25000,46.53304
2021-01-31,-1.24585,1.23968,29.00000,60.46162
2021-02-01,-2.32898,0.54321,29.00000,66.04377
2021-02-02,-2.54664,1.06698,29.00000,62.36582
2021-02-03,-0.72917,0.00913,29.25000,54.36817
2021-02-04,-0.07953,-0.04782,28.50000,52.34743
2021-02-05,0.45568,-0.69542,25.25000,53.41074
2021-02-06,0.10331,-1.45370,22.75000,53.60359
2021-02-07,-3.40080,0.31705,21.75000,49.88780
2021-02-08,0.32725,1.12981,33.00000,38.08738
2021-02-09,-0.64941,1.14223,31.50000,43.07973
2021-02-10,-1.42443,-0.08515,26.75000,56.04959
2021-02-11,-0.92136,0.38136,23.50000,59.21459
2021-02-12,-1.42598,0.50186,25.25000,59.53999
2021-02-13,-0.89533,1.07636,25.25000,52.33650
2021-02-14,-0.07357,0.10167,25.50000,51.05127
2021-02-15,0.21021,0.33767,25.50000,51.94957
2021-02-16,-1.37146,-0.62700,25.75000,53.05596
2021-02-17,-3.06660,-0.53364,25.75000,45.60904
2021-02-18,-0.48253,-0.73717,25.50000,40.44387
2021-02-19,-0.26128,-0.65071,25.50000,35.34171
2021-02-20,-0.71755,0.73882,45.00000,39.00528
2021-02-21,-1.25385,0.84207,36.50000,52.61449
2021-02-22,-1.70692,1.07027,36.00000,62.43927
2021-02-23,-0.88487,0.88518,35.00000,66.44219
2021-02-24,-0.79691,0.50523,34.75000,76.43613
2021-02-25,0.72403,0.66914,35.75000,72.93595
2021-02-26,3.31359,0.45498,36.75000,78.09152
2021-02-27,1.10452,0.03924,37.00000,74.14359
2021-02-28,4.03312,-1.38179,35.00000,72.09638
2021-03-01,2.95487,-1.42586,35.25000,59.47762
2021-03-02,-0.49726,-1.67187,35.75000,53.94354
2021-03-03,0.18553,0.67871,35.00000,53.32899
2021-03-04,-0.09698,-0.10892,34.25000,57.73610
2021-03-05,3.90256,-0.97114,32.75000,58.73980
2021-03-06,7.11095,-0.38188,29.50000,54.44597
2021-03-07,1.54551,-0.03264,30.50000,53.89992
2021-03-08,1.41273,0.04188,29.75000,56.91775
2021-03-09,6.55509,-0.49815,30.00000,53.51377
2021-03-10,3.69474,-0.47807,31.00000,54.54205
2021-03-11,1.58048,-0.70638,31.00000,53.69611
2021-03-12,-0.13512,-0.01582,34.00000,44.64961
2021-03-13,-1.44196,-0.84488,45.00000,44.07624
2021-03-14,-2.67132,0.32004,24.25000,41.41339
2021-03-15,-2.12278,0.03802,26.00000,43.44823
2021-03-16,-0.44046,-0.49579,26.75000,38.81289
2021-03-17,-1.30001,-0.20772,42.75000,34.66648
2021-03-18,-0.53519,-0.87123,25.75000,42.47936
2021-03-19,-0.29852,-0.63208,27.00000,44.70899
2021-03-20,-1.15090,-1.11322,27.00000,42.08867
2021-03-21,-0.31373,-0.51955,26.25000,41.19545
2021-03-22,-1.30921,0.01299,26.75000,45.20348
2021-03-23,-0.94709,-0.44633,27.00000,46.03832
2021-03-24,0.02840,-1.67888,28.75000,47.56348
2021-03-25,-0.03347,-2.97608,29.50000,44.95257
2021-03-26,-0.93387,-1.47638,27.75000,41.21029
2021-03-27,-0.85988,0.38074,27.75000,36.17163
2021-03-28,0.21363,-0.15614,38.50000,33.87742
2021-03-29,2.35377,1.35005,35.00000,39.07438
2021-03-30,10.53800,-0.04790,34.75000,43.90017
2021-03-31,18.03512,-0.91329,35.00000,48.81823
2021-10-01,0.01548,-0.07915,41.75000,60.04189
2021-10-02,0.22233,0.19300,42.25000,57.20100
2021-10-03,0.54075,0.01899,39.50000,49.06091
2021-10-04,0.82279,-0.00863,37.00000,49.11964
2021-10-05,0.64195,-0.50885,37.25000,49.86310
2021-10-06,0.17595,-0.46582,40.25000,56.53815
2021-10-07,0.10221,0.03708,39.00000,58.56759
2021-10-08,0.01733,-0.03008,39.00000,56.11996
2021-10-09,-0.00498,0.33643,38.75000,44.88086
2021-10-10,-0.01123,0.09062,36.50000,44.61677
2021-10-11,0.44913,0.12799,37.75000,41.62376
2021-10-12,0.76779,-0.27093,38.75000,43.89355
2021-10-13,0.79759,-0.62334,40.50000,42.51607
2021-10-14,0.54810,-0.36112,37.75000,39.80923
2021-10-15,1.30556,-0.13295,36.75000,45.75501
2021-10-16,-0.60008,-0.69826,36.75000,47.71191
2021-10-17,-0.00660,-0.89419,38.75000,56.10860
2021-10-18,0.45177,-0.01272,40.50000,56.83531
2021-10-19,0.82299,0.26498,37.75000,47.99229
2021-10-20,1.11659,0.38108,38.50000,50.99865
2021-10-21,0.79745,1.61805,36.25000,49.53258
2021-10-22,-0.68354,1.07076,34.25000,53.43705
2021-10-23,-0.20049,0.13198,33.75000,50.47059
2021-10-24,0.51282,0.39056,32.25000,39.97879
2021-10-25,0.21166,-0.78171,30.75000,43.18032
2021-10-26,0.25471,-0.00706,30.25000,47.08407
2021-10-27,0.42120,-0.46382,31.00000,44.64891
2021-10-28,0.42593,0.12501,30.75000,47.09755
2021-10-29,0.25198,0.89893,31.25000,53.06610
2021-10-30,-0.18151,0.89116,32.50000,59.24770
2021-10-31,-1.13410,1.03459,31.25000,56.06691
2021-11-01,-0.72922,1.09237,30.50000,57.15689
2021-11-02,-0.78309,0.14174,29.75000,53.60524
2021-11-03,-0.45454,-0.27291,29.50000,57.23260
2021-11-04,-0.73752,-0.31126,28.75000,59.17939
2021-11-05,-0.32503,0.03405,29.75000,66.45019
2021-11-06,-0.66771,1.35162,31.75000,74.03301
2021-11-07,-0.29597,1.46281,32.25000,65.49501
2021-11-08,0.89925,0.84389,32.50000,61.12395
2021-11-09,1.03711,1.57460,33.75000,64.55924
2021-11-10,0.94253,1.30443,34.25000,61.44884
2021-11-11,0.88114,1.09185,34.00000,60.19314
2021-11-12,0.42024,0.73625,33.75000,59.00815
2021-11-13,-0.19648,0.56987,32.00000,60.33118
2021-11-14,-0.00936,0.97377,31.00000,58.02080
2021-11-15,0.36138,-0.17274,31.50000,62.04652
2021-11-16,0.15759,0.36134,31.75000,56.82626
2021-11-17,0.13169,1.38470,32.25000,59.63460
2021-11-18,0.33985,0.45552,34.00000,71.98102
2021-11-19,1.08650,-0.18612,33.75000,74.02653
2021-11-20,0.69446,0.35766,34.25000,61.06259
2021-11-21,-0.75561,0.41643,33.25000,60.41664
2021-11-22,-2.25380,0.69791,32.50000,61.20341
2021-11-23,-0.52641,1.18373,31.50000,56.15845
2021-11-24,-0.02086,0.88972,30.50000,51.28203
2021-11-25,-0.16081,0.59169,30.50000,56.97934
2021-11-26,0.08845,0.83509,28.50000,56.19625
2021-11-27,-0.33894,1.16429,29.00000,53.34856
2021-11-28,0.39447,0.69421,31.00000,61.58352
2021-11-29,0.72820,0.39499,32.25000,68.47678
2021-11-30,0.14226,1.55558,31.25000,66.26585
2021-12-01,-0.24728,0.82856,35.25000,67.54974
2021-12-02,0.86034,0.42611,35.50000,64.78282
2021-12-03,1.90807,0.25912,34.75000,54.53361
2021-12-04,1.32857,0.48917,32.25000,51.26701
2021-12-05,1.30496,1.10661,32.75000,48.64126
2021-12-06,2.33928,-0.72216,29.50000,49.17498
2021-12-07,2.60663,-0.82216,30.00000,56.99043
2021-12-08,-0.20382,1.02987,32.00000,48.93394
2021-12-09,-0.34916,-0.29620,34.00000,47.37648
2021-12-10,-0.63685,-0.22645,27.75000,45.07716
2021-12-11,-1.15294,1.05672,28.00000,44.69294
2021-12-12,-1.85528,1.81959,27.00000,45.33056
2021-12-13,-0.24713,1.14311,27.75000,52.19270
2021-12-14,0.86655,-0.30358,29.00000,62.36510
2021-12-15,0.21596,-0.94569,30.25000,68.07356
2021-12-16,-0.43276,-0.19375,30.75000,62.70324
2021-12-17,-0.57124,-1.74833,30.25000,60.59082
2021-12-18,-0.71304,-2.20311,29.75000,51.23013
2021-12-19,-0.65547,-0.44661,29.00000,42.11309
2021-12-20,-0.01909,1.44965,26.50000,35.46592
2021-12-21,1.37123,0.98407,24.00000,34.53802
2021-12-22,-0.59627,-0.10831,24.00000,37.29863
2021-12-23,-0.01174,1.35103,24.25000,42.55502
2021-12-24,-0.20646,-0.18338,25.25000,52.84993
2021-12-25,-0.34540,-0.46306,24.50000,43.20913
2021-12-26,-0.06004,0.10979,28.75000,50.19080
2021-12-27,-0.65164,-0.60546,26.50000,52.09959
2021-12-28,-0.68722,0.25409,26.25000,47.63965
2021-12-29,0.80169,0.78976,24.75000,40.69387
2021-12-30,-1.16864,-0.21087,26.00000,37.52658
2021-12-31,-1.03260,1.16576,28.75000,43.16823
2022-01-01,-0.52947,1.36136,25.25000,40.18147
2022-01-02,-0.12385,0.63908,22.75000,44.34921
2022-01-03,0.33193,-0.58107,23.75000,42.19938
2022-01-04,-1.27615,1.31962,27.75000,39.09932
2022-01-05,-0.34094,0.60033,24.75000,46.76292
2022-01-06,-0.84644,0.75770,25.75000,59.42702
2022-01-07,-1.79020,1.25771,27.00000,61.16690
2022-01-08,-0.59144,2.67993,27.25000,61.57117
2022-01-09,-0.02825,0.81899,25.25000,60.61098
2022-01-10,-0.86622,0.12654,27.25000,55.00307
2022-01-11,-0.86514,-0.15186,25.00000,48.00756
2022-01-12,1.43434,0.04220,23.75000,48.47800
2022-01-13,-0.83479,-0.03534,24.50000,57.70893
2022-01-14,0.07947,0.46690,25.75000,58.80102
2022-01-15,-0.09490,0.42469,27.25000,52.31186
2022-01-16,-2.57007,1.63532,28.25000,47.80982
2022-01-17,-0.12867,1.14503,24.50000,49.55841
2022-01-18,-0.31142,0.14525,27.00000,38.68583
2022-01-19,0.35896,0.48720,31.25000,49.06275
2022-01-20,0.71793,0.82115,29.75000,49.94945
2022-01-21,0.28179,0.27752,34.50000,51.30988
2022-01-22,1.50048,2.25167,31.75000,73.16997
2022-01-23,1.30366,-0.46012,31.50000,65.50579
2022-01-24,1.61265,-0.47660,29.75000,62.07239
2022-01-25,0.67736,-0.23962,29.50000,69.53373
2022-01-26,1.56950,-0.63769,29.50000,69.00143
2022-01-27,-0.69169,-0.11562,29.00000,64.71938
2022-01-28,-2.02554,1.34142,28.25000,62.01681
2022-01-29,-4.94435,2.61043,32.00000,66.46152
2022-01-30,-4.71738,2.69960,29.50000,69.96111
2022-01-31,-3.09610,0.11116,28.25000,63.00267
2022-02-01,1.54688,0.07543,28.00000,68.27317
2022-02-02,1.91725,2.87565,28.25000,63.27169
2022-02-03,2.18643,3.66336,27.00000,69.10500
2022-02-04,3.22970,0.90803,25.50000,60.04607
2022-02-05,3.02376,-0.42774,28.00000,47.82477
2022-02-06,-1.30655,1.79379,31.25000,54.06860
2022-02-07,-3.19027,0.60297,30.50000,69.55680
2022-02-08,-3.61349,1.09270,30.00000,68.48013
2022-02-09,-2.94410,0.64085,30.75000,76.75414
2022-02-10,0.49450,-1.41112,29.50000,71.35300
2022-02-11,-3.00879,-0.06061,28.75000,67.52757
2022-02-12,-0.63940,1.00271,27.75000,56.26363
2022-02-13,-0.37237,0.88999,30.25000,65.64901
2022-02-14,-0.87017,0.25494,30.25000,67.78005
2022-02-15,-0.55853,-0.61368,31.50000,69.19331
2022-02-16,-1.61192,-0.62468,31.25000,75.58913
2022-02-17,-2.46023,-0.22552,31.75000,74.39912
2022-02-18,-3.29995,1.13254,33.00000,72.78398
2022-02-19,-3.92426,-0.92208,29.50000,76.45276
2022-02-20,0.45814,-0.20258,27.25000,67.24554
2022-02-21,1.21613,-0.31300,26.00000,59.02149
2022-02-22,-0.09424,2.51565,27.50000,57.02092
2022-02-23,0.50825,1.30464,27.50000,51.73939
2022-02-24,1.67758,-0.46779,26.50000,50.78417
2022-02-25,2.34523,-0.56701,25.75000,42.87424
2022-02-26,-0.29281,1.23869,25.75000,49.52455
2022-02-27,-0.58146,-0.59471,26.00000,58.86314
2022-02-28,0.51044,-0.54747,27.25000,57.20877
2022-03-01,-2.24041,0.14134,28.75000,65.07034
2022-03-02,-3.24806,-0.75022,30.25000,61.43755
2022-03-03,-3.07000,0.13421,33.50000,61.19525
2022-03-04,-3.96974,-0.13276,30.00000,55.51115
2022-03-05,-2.62194,-1.10708,30.00000,49.13960
2022-03-06,-2.49883,0.64932,28.75000,50.17261
2022-03-07,0.42310,-0.00298,27.25000,42.58512
2022-03-08,0.73301,-1.01191,29.75000,40.42919
2022-03-09,0.41639,-0.30290,28.50000,41.42188
2022-03-10,-0.85802,-0.25988,29.75000,36.46603
2022-03-11,-1.27120,-0.80833,30.25000,34.14415
2022-03-12,-2.02897,0.46004,45.00000,43.25906
2022-03-13,-1.60293,1.16442,43.50000,47.06647
2022-03-14,-0.53189,0.54511,45.00000,51.39576
2022-03-15,-0.14116,0.71337,43.50000,52.53827
2022-03-16,-0.14600,0.27087,42.00000,50.39915
2022-03-17,0.42131,0.26202,43.00000,64.33780
2022-03-18,0.32715,-0.09343,44.25000,70.66571
2022-03-19,0.19068,-0.19518,42.75000,62.71814
2022-03-20,1.15823,0.10065,35.00000,57.19151
2022-03-21,1.86530,-1.03979,36.00000,62.62903
2022-03-22,0.73679,-0.47651,35.25000,58.77297
2022-03-23,0.26652,0.08988,35.75000,60.86428
2022-03-24,3.87120,-0.79164,33.75000,62.56841
2022-03-25,9.06303,-1.41540,35.75000,66.81525
2022-03-26,11.03453,-2.05308,35.00000,53.75874
2022-03-27,2.80794,0.91667,37.25000,55.12173
2022-03-28,3.39212,0.71929,40.75000,60.13735
2022-03-29,4.61325,0.25189,38.75000,64.65792
2022-03-30,4.41414,-0.49202,34.25000,58.81315
2022-03-31,4.46397,-0.59314,34.50000,50.14135
2022-10-01,0.65100,0.00084,37.75000,38.89977
2022-10-02,0.11761,-0.17773,38.50000,43.22614
2022-10-03,0.00105,-0.28348,40.00000,45.67215
2022-10-04,1.07804,-0.64268,37.50000,46.26358
2022-10-05,0.04870,-0.36911,37.50000,51.83121
2022-10-06,0.13122,-0.03871,37.00000,50.83484
2022-10-07,0.07863,0.15712,38.00000,53.20008
2022-10-08,0.62759,0.88919,38.25000,50.88330
2022-10-09,0.55677,0.56018,37.00000,42.85930
2022-10-10,0.14701,0.75655,37.25000,40.79327
2022-10-11,0.56634,0.05711,38.75000,41.24511
2022-10-12,0.88843,-0.17123,37.25000,37.33127
2022-10-13,0.46650,0.01897,34.00000,37.53880
2022-10-14,0.26479,0.48252,33.00000,35.93312
2022-10-15,-0.09509,0.48368,32.50000,37.92403
2022-10-16,0.09326,0.27278,32.25000,39.46741
2022-10-17,0.45480,-0.04805,31.75000,43.08288
2022-10-18,-0.47678,0.16534,30.50000,40.25366
2022-10-19,-0.06337,0.20440,30.00000,41.10431
2022-10-20,-0.33639,1.01670,29.75000,44.79289
2022-10-21,0.19382,0.53322,28.25000,40.13248
2022-10-22,0.54425,-0.29087,30.00000,29.71647
2022-10-23,-0.47397,-0.22194,31.25000,32.05902
2022-10-24,1.83114,0.54464,32.50000,38.36781
2022-10-25,1.48427,1.17831,32.50000,36.22650
2022-10-26,-1.01462,0.51743,33.00000,39.73165
2022-10-27,-1.47655,1.07364,31.00000,43.76138
2022-10-28,-0.01370,0.32434,29.75000,42.10091
2022-10-29,1.24723,0.93823,30.00000,42.21658
2022-10-30,1.63241,0.97640,29.75000,41.12217
2022-10-31,0.72871,1.00734,32.50000,41.41090
2022-11-01,0.82231,0.50285,31.50000,45.33140
2022-11-02,-1.07416,0.54183,32.00000,42.86215
2022-11-03,-1.52920,1.12258,30.25000,37.08406
2022-11-04,-0.16756,1.15454,28.25000,38.49975
2022-11-05,0.93249,0.44661,27.00000,39.57652
2022-11-06,0.17277,0.00126,27.25000,42.05348
2022-11-07,-0.14126,0.21827,27.50000,47.24712
2022-11-08,-0.40245,-0.17921,27.50000,45.69678
2022-11-09,-0.02515,-0.41825,27.00000,45.47322
2022-11-10,0.29337,-0.59801,28.75000,53.88618
2022-11-11,-0.03673,-0.88036,29.00000,52.79921
2022-11-12,-0.80278,-0.39238,30.25000,59.26688
2022-11-13,-1.90409,0.69605,30.25000,57.91512
2022-11-14,-0.18834,0.62509,30.50000,60.29685
2022-11-15,0.29432,-0.04796,30.50000,59.04269
2022-11-16,-0.77182,-0.09225,31.25000,53.66261
2022-11-17,-1.54003,-0.97484,31.25000,55.17313
2022-11-18,-2.08168,0.85630,30.25000,49.46830
2022-11-19,0.57720,1.65938,31.25000,55.50870
2022-11-20,0.74446,-0.35970,31.25000,58.84251
2022-11-21,0.28045,-0.18123,30.00000,58.89487
2022-11-22,-0.29958,-0.75949,30.75000,60.89788
2022-11-23,-0.40615,-0.09971,32.25000,61.92669
2022-11-24,-0.67273,0.61341,31.25000,53.88498
2022-11-25,0.08092,1.18266,30.50000,47.30739
2022-11-26,0.58600,0.61966,42.25000,50.72824
2022-11-27,0.31928,0.21857,35.25000,55.34795
2022-11-28,1.26685,0.51568,37.25000,49.36304
2022-11-29,1.26465,0.34197,29.00000,47.64937
2022-11-30,0.44062,0.38537,31.50000,54.74391
2022-12-01,0.24308,0.52511,34.25000,45.78457
2022-12-02,-0.03003,0.55420,40.50000,52.15892
2022-12-03,0.05473,-0.31519,35.00000,50.82644
2022-12-04,0.14509,-0.14905,27.75000,56.25310
2022-12-05,0.55594,-0.25282,30.75000,64.16096
2022-12-06,0.15454,-0.08254,31.25000,61.26579
2022-12-07,-0.41258,0.33860,31.50000,59.77293
2022-12-08,0.99303,0.31195,31.00000,64.43101
2022-12-09,1.13220,-0.75027,32.50000,64.38052
2022-12-10,2.15354,-0.40603,32.25000,68.05215
2022-12-11,0.46631,0.13620,34.75000,80.73770
2022-12-12,-2.54162,-0.25690,36.00000,71.50408
2022-12-13,-2.26413,-1.00517,34.25000,64.17931
2022-12-14,-2.16296,-0.50427,33.25000,67.29613
2022-12-15,-2.06103,0.14000,31.25000,64.51209
2022-12-16,-2.74905,1.53225,30.25000,66.23980
2022-12-17,-0.29819,0.09873,30.25000,62.59502
2022-12-18,1.11897,0.70223,31.00000,61.37158
2022-12-19,1.12555,0.07748,31.25000,63.57807
2022-12-20,-0.08353,0.52836,32.75000,67.72746
2022-12-21,-0.44943,-0.11163,32.50000,65.41613
2022-12-22,-0.26226,0.42173,31.25000,53.51455
2022-12-23,-3.84780,2.16545,29.75000,57.84356
2022-12-24,-3.73110,-0.95925,30.00000,55.72301
2022-12-25,-0.75135,-0.84234,27.50000,57.06322
2022-12-26,2.07081,-0.38857,28.50000,54.49439
2022-12-27,1.90018,-0.50012,27.25000,62.19179
2022-12-28,1.46121,-0.27093,26.75000,61.43513
2022-12-29,-1.34256,1.12555,30.75000,67.47988
2022-12-30,-0.76084,-0.13558,31.00000,68.51797
2022-12-31,-1.33340,-0.69361,30.00000,54.99246
2023-01-01,-0.83765,0.28510,29.50000,58.40435
2023-01-02,-0.59805,-0.81494,31.00000,67.71587
2023-01-03,-0.69472,-1.26610,31.00000,68.38687
2023-01-04,-0.19291,-1.07679,29.00000,55.84812
2023-01-05,-0.48936,-0.64007,27.00000,46.38031
2023-01-06,-0.36307,-0.34177,26.75000,48.75039
2023-01-07,1.24611,1.07721,27.50000,54.47384
2023-01-08,0.83545,1.00014,28.00000,50.94582
2023-01-09,-0.75339,-0.39209,30.25000,48.02970
2023-01-10,-0.45571,-0.74280,29.50000,47.82683
2023-01-11,-0.60343,0.06928,30.75000,45.46040
2023-01-12,0.07513,-0.70387,28.50000,53.54594
2023-01-13,-0.66602,-0.13954,29.75000,69.28240
2023-01-14,0.43052,-1.79565,29.75000,70.58129
2023-01-15,-1.12480,-0.34897,32.00000,62.84106
2023-01-16,0.95786,-1.28551,29.50000,68.20338
2023-01-17,0.56669,-1.14450,28.75000,62.88031
2023-01-18,-1.44376,-1.06145,28.25000,67.09613
2023-01-19,-2.46168,-0.47290,29.25000,60.30210
2023-01-20,-2.47890,0.52085,30.00000,68.13529
2023-01-21,-1.05371,-0.82203,28.75000,64.31012
2023-01-22,-2.09614,0.19000,30.00000,65.06501
2023-01-23,-2.44599,0.88083,31.25000,64.93486
2023-01-24,-3.49262,1.30613,31.75000,67.39090
2023-01-25,-1.47364,0.57856,34.00000,69.83572
2023-01-26,-0.94740,-0.97086,33.50000,72.06728
2023-01-27,-2.34178,-0.14325,34.75000,68.17657
2023-01-28,-2.87977,0.40581,35.50000,65.17033
2023-01-29,-1.50561,0.27829,36.50000,55.64515
2023-01-30,0.15842,1.14493,37.50000,60.55930
2023-01-31,0.28114,-2.38349,36.75000,53.90122
2023-02-01,-0.34060,-1.18596,28.50000,55.84803
2023-02-02,-2.97700,0.11768,28.75000,58.39853
2023-02-03,-1.81991,-0.36745,30.00000,58.93517
2023-02-04,-1.88514,-0.21744,31.50000,60.42989
2023-02-05,-2.29480,0.56645,30.75000,62.53137
2023-02-06,-1.78820,0.95761,31.25000,68.16587
2023-02-07,1.38632,-0.26839,29.75000,62.74656
2023-02-08,3.28085,0.11449,29.00000,63.71996
2023-02-09,-0.22785,0.43745,31.25000,67.92682
2023-02-10,-0.40703,1.47602,31.25000,71.82699
2023-02-11,2.17032,-1.27693,31.00000,69.75222
2023-02-12,0.03000,-2.80081,31.25000,64.28264
2023-02-13,-3.69763,0.95408,28.25000,51.94236
2023-02-14,-3.57334,2.01929,33.50000,44.57555
2023-02-15,-1.87967,1.53559,26.25000,39.62854
2023-02-16,-0.38968,0.91097,40.50000,42.62379
2023-02-17,-0.34855,0.26151,37.75000,47.85031
2023-02-18,0.14496,1.21858,35.50000,44.37640
2023-02-19,0.00494,0.98357,33.75000,41.82687
2023-02-20,0.03626,1.48090,34.25000,49.87801
2023-02-21,0.46197,0.38163,31.50000,49.04754
2023-02-22,3.08064,-1.52851,29.75000,44.21801
2023-02-23,2.42632,-0.78760,26.50000,44.49998
2023-02-24,0.70310,0.11742,26.00000,43.13021
2023-02-25,-0.77931,0.11129,25.50000,44.45095
2023-02-26,-0.41978,-0.30566,26.00000,45.71046
2023-02-27,0.65055,-0.74621,25.75000,52.36544
2023-02-28,0.19045,-0.04148,26.00000,56.94392
2023-03-01,-0.77197,-0.87542,25.75000,51.71287
2023-03-02,-1.58909,0.28546,27.00000,53.36783
2023-03-03,-2.02971,-0.14851,28.00000,47.06696
2023-03-04,-1.44014,-0.61110,28.25000,42.14910
2023-03-05,-1.10707,-1.14843,30.75000,42.70786
2023-03-06,-0.24536,-1.23545,27.00000,38.02136
2023-03-07,-0.60186,-0.43578,26.75000,34.38119
2023-03-08,-2.39497,-0.75148,26.25000,30.17831
2023-03-09,-2.87590,-0.81865,45.00000,37.37173
2023-03-10,-1.69132,-0.53246,43.50000,31.81769
2023-03-11,-2.05082,-0.09625,22.00000,33.16858
2023-03-12,-2.75872,-0.07443,22.50000,28.98196
2023-03-13,-2.99492,-0.62153,16.25000,32.41843
2023-03-14,0.20262,-0.76170,19.75000,37.68783
2023-03-15,2.92080,-0.07706,18.00000,37.76636
2023-03-16,1.79421,0.09689,15.50000,36.25116
2023-03-17,1.17740,-0.66087,38.25000,39.96991
2023-03-18,0.41695,-0.05472,38.75000,36.73774
2023-03-19,0.17376,-0.17636,20.75000,38.26196
2023-03-20,2.04553,-0.24797,21.25000,48.48805
2023-03-21,4.50597,0.32201,22.50000,52.44474
2023-03-22,1.77690,-0.98238,25.50000,53.77037
2023-03-23,1.28485,0.07347,28.50000,65.42621
2023-03-24,1.30413,0.72242,29.50000,69.98434
2023-03-25,1.26191,0.40620,30.00000,65.71514
2023-03-26,1.95225,-1.49084,28.25000,55.08940
2023-03-27,1.60169,-1.95550,27.00000,58.54013
2023-03-28,1.27132,-1.50973,27.00000,52.29126
2023-03-29,1.78761,-0.97174,25.50000,53.49063
2023-03-30,2.10804,-0.67976,29.00000,45.32013
2023-03-31,2.22121,-0.37627,25.75000,40.81144
2023-10-01,-0.27687,-0.57398,37.00000,49.11106
2023-10-02,-0.20242,-0.60947,40.75000,47.79610
2023-10-03,-0.36324,-0.62149,42.00000,44.16897
2023-10-04,0.35989,-0.03886,37.00000,38.43377
2023-10-05,1.27985,0.17542,35.75000,44.12922
2023-10-06,1.19607,0.35634,34.25000,49.13242
2023-10-07,0.30567,0.11249,33.25000,46.39217
2023-10-08,0.55909,-0.05240,33.25000,42.45314
2023-10-09,1.18218,-0.07177,33.25000,45.35401
2023-10-10,0.14336,0.04083,32.00000,44.06377
2023-10-11,0.28850,-0.64513,31.50000,38.10027
2023-10-12,0.22606,-0.18565,32.50000,36.81547
2023-10-13,0.01281,0.07119,30.50000,35.92783
2023-10-14,-0.02927,0.19501,28.25000,35.39539
2023-10-15,-0.42284,-0.26419,27.25000,35.48284
2023-10-16,-0.02800,-0.18238,26.00000,37.03348
2023-10-17,0.13906,-0.61713,27.75000,41.05944
2023-10-18,-0.03145,-1.25922,28.75000,47.15449
2023-10-19,-0.12591,-0.90183,29.00000,43.06050
2023-10-20,-0.25095,-0.55323,30.00000,43.73248
2023-10-21,0.00802,0.03379,30.75000,40.44048
2023-10-22,0.36069,-0.49143,29.50000,40.54134
2023-10-23,0.30092,-0.75824,27.00000,40.73769
2023-10-24,0.78728,-0.95331,28.00000,41.30859
2023-10-25,0.57442,-0.79491,29.25000,40.20077
2023-10-26,-0.15055,-0.14719,30.75000,44.26601
2023-10-27,-0.54019,0.09161,30.25000,40.89967
2023-10-28,-0.43892,0.43059,29.25000,43.26710
2023-10-29,-0.18854,0.40205,30.25000,36.33203
2023-10-30,0.40164,-0.29496,29.75000,30.97906
2023-10-31,0.92109,-0.56332,45.00000,35.75045
2023-11-01,0.68043,-0.84301,45.00000,39.13875
2023-11-02,-0.57411,-0.65058,24.00000,35.91659
2023-11-03,-0.75679,-0.37234,25.75000,45.08522
2023-11-04,-0.35594,-0.77981,26.50000,48.10888
2023-11-05,-1.03086,0.26341,26.00000,53.01213
2023-11-06,-0.84434,0.46700,26.25000,53.94517
2023-11-07,-1.07926,-0.00688,25.25000,49.19641
2023-11-08,-1.76044,0.15268,27.75000,60.81393
2023-11-09,-0.75753,-0.39579,27.75000,54.83210
2023-11-10,-1.37913,0.32672,26.75000,46.27377
2023-11-11,-0.81650,-0.89695,28.75000,44.29480
2023-11-12,-1.40878,-0.53779,28.25000,41.16515
2023-11-13,-0.21932,0.63264,28.00000,54.79267
2023-11-14,0.37659,-0.08529,32.00000,56.08239
2023-11-15,0.51062,0.17794,32.00000,53.15527
2023-11-16,2.04013,0.63476,31.75000,42.50990
2023-11-17,4.21629,0.58834,27.00000,40.11797
2023-11-18,-0.55472,0.21269,27.00000,45.08327
2023-11-19,-0.49503,0.38898,27.75000,45.66441
2023-11-20,0.29959,-0.16933,28.50000,40.68916
2023-11-21,-0.01563,-0.49080,27.25000,46.57241
2023-11-22,-1.69934,0.16798,25.50000,48.44646
2023-11-23,-0.96111,0.48435,24.75000,46.50861
2023-11-24,0.11086,-0.58758,25.50000,45.82152
2023-11-25,0.14680,-0.05937,27.25000,44.87513
2023-11-26,2.03381,0.41555,25.00000,39.13946
2023-11-27,0.80960,0.75028,26.00000,33.81323
2023-11-28,0.52105,0.04057,23.00000,34.62900
2023-11-29,-0.12290,-0.20964,26.75000,38.41584
2023-11-30,-0.81523,0.30267,27.25000,49.75089
2023-12-01,-1.35303,-0.33257,29.25000,55.32965
2023-12-02,-0.67875,-0.35885,28.50000,55.43352
2023-12-03,-0.51171,-0.15678,28.75000,60.82691
2023-12-04,-1.03933,0.37122,30.50000,68.93298
2023-12-05,0.09365,-0.94857,31.00000,69.09113
2023-12-06,0.18429,0.71046,31.25000,57.56854
2023-12-07,1.82442,1.04894,31.75000,47.07905
2023-12-08,-0.63121,0.94941,30.75000,51.76612
2023-12-09,-1.26988,0.04050,31.00000,59.41114
2023-12-10,-1.54467,1.11917,31.00000,60.58663
2023-12-11,0.42705,0.74191,29.25000,50.80154
2023-12-12,0.09784,-0.62127,28.00000,50.24308
2023-12-13,-0.24507,-1.18489,27.00000,55.25177
2023-12-14,-0.91702,1.21931,33.00000,52.77199
2023-12-15,-2.23380,0.91090,35.00000,59.84231
2023-12-16,-2.08423,0.13959,32.25000,62.00451
2023-12-17,-0.24668,-1.04815,32.75000,63.15545
2023-12-18,0.66604,-0.62547,31.00000,61.01884
2023-12-19,-0.27127,1.65832,32.25000,57.53298
2023-12-20,-0.31900,2.62379,28.25000,64.97938
2023-12-21,0.68673,1.04008,30.25000,62.60045
2023-12-22,1.36832,0.35263,29.00000,60.51855
2023-12-23,2.42689,-0.16246,27.50000,52.09649
2023-12-24,1.66012,-1.38455,24.00000,47.08584
2023-12-25,0.44503,0.81133,24.00000,43.38769
2023-12-26,-0.69561,0.78167,24.00000,37.90590
2023-12-27,0.88619,-0.31200,24.25000,47.78273
2023-12-28,0.38456,0.40964,22.25000,55.70286
2023-12-29,0.28565,0.93429,21.50000,54.73526
2023-12-30,-0.28228,0.70482,22.50000,52.87068
2023-12-31,-0.10969,-0.08856,25.00000,68.25005
2024-01-01,0.13776,0.07678,26.00000,74.48733
2024-01-02,-0.92551,0.42949,26.75000,71.05603
2024-01-03,-0.75303,0.54254,28.00000,68.72990
2024-01-04,-1.04810,0.07213,28.00000,70.60165
2024-01-05,-1.68321,0.29608,27.00000,71.80257
2024-01-06,-1.90609,-0.26366,28.50000,74.30761
2024-01-07,-2.56076,0.47392,29.50000,68.76247
2024-01-08,-2.55281,1.02705,31.25000,68.73603
2024-01-09,-1.73441,0.24716,31.25000,68.64738
2024-01-10,-2.36208,-0.18711,31.25000,64.69894
2024-01-11,-3.39227,0.68105,27.50000,49.90548
2024-01-12,-3.55884,1.86469,24.75000,50.48416
2024-01-13,-1.04619,0.86458,25.75000,47.92290
2024-01-14,0.10557,-0.11371,26.25000,45.90640
2024-01-15,1.24893,0.52750,30.75000,41.41954
2024-01-16,-0.33574,-0.27602,29.50000,46.33990
2024-01-17,-0.32791,-0.49587,27.75000,58.86839
2024-01-18,-0.81856,-0.63240,26.75000,70.30772
2024-01-19,-1.07286,-0.37713,28.50000,70.44086
2024-01-20,-0.11913,0.42218,30.00000,78.61893
2024-01-21,-0.10858,-1.12364,29.25000,75.69558
2024-01-22,-1.64182,0.77017,30.75000,71.79774
2024-01-23,-1.49372,-0.74844,29.50000,68.58270
2024-01-24,-2.10558,-0.52138,25.50000,63.25426
2024-01-25,-0.18948,-0.07009,24.75000,55.40660
2024-01-26,-0.84091,0.05860,24.75000,54.55994
2024-01-27,-1.55993,0.13310,25.75000,66.83598
2024-01-28,-2.48843,0.77750,29.25000,49.47901
2024-01-29,-1.71453,-0.41302,25.00000,62.40368
2024-01-30,-0.78428,-0.65885,26.50000,50.31476
2024-01-31,0.98338,-0.41602,26.00000,51.78060
2024-02-01,0.48916,1.40416,27.25000,55.49516
2024-02-02,1.89369,-3.11106,28.75000,58.39231
2024-02-03,0.72593,-0.15556,27.25000,62.14512
2024-02-04,-0.44986,0.37194,31.00000,69.22652
2024-02-05,-0.61331,-0.98272,30.00000,68.14117
2024-02-06,4.66663,-2.68125,28.75000,73.68947
2024-02-07,0.43198,-1.74780,28.50000,70.18797
2024-02-08,-1.79839,-1.55506,28.50000,67.97596
2024-02-09,-3.24793,-0.09972,26.25000,67.48911
2024-02-10,-3.42826,-0.19104,26.25000,67.12901
2024-02-11,-2.71537,-0.54682,24.50000,57.82359
2024-02-12,-1.60374,-0.04631,24.75000,66.61715
2024-02-13,-1.74514,-1.09455,24.25000,68.88806
2024-02-14,-0.49486,-0.57941,26.25000,64.42643
2024-02-15,0.01589,-0.00662,25.25000,50.84810
2024-02-16,-2.33326,0.71647,45.00000,48.02189
2024-02-17,-0.59082,0.44940,40.25000,52.87429
2024-02-18,-0.66061,0.84007,40.75000,56.58292
2024-02-19,-0.01853,1.28652,28.75000,60.31602
2024-02-20,3.17195,-0.29959,29.25000,72.93098
2024-02-21,4.38863,-2.15095,28.50000,80.49432
2024-02-22,5.77911,-1.95824,28.75000,70.30457
2024-02-23,1.90746,-1.96132,27.00000,61.05438
2024-02-24,1.05407,-0.99404,28.50000,64.64161
2024-02-25,1.55266,-1.78516,28.50000,61.34350
2024-02-26,-2.66920,-0.10812,33.25000,54.24662
2024-02-27,-2.53780,0.16456,27.75000,54.38128
2024-02-28,-1.44195,-1.65319,28.00000,64.87537
2024-02-29,-1.32560,-0.15468,28.75000,68.00080
2024-03-01,-1.89708,1.84778,29.50000,60.38509
2024-03-02,0.09585,1.79983,29.25000,58.49796
2024-03-03,-1.03089,-0.29062,29.50000,63.34912
2024-03-04,-1.48189,-1.89687,28.50000,65.29973
2024-03-05,0.99214,-1.89467,28.50000,68.32932
2024-03-06,0.90792,-2.71617,28.75000,71.34925
2024-03-07,-1.65841,-1.75297,28.75000,67.12708
2024-03-08,-3.44244,-0.28888,28.75000,67.97325
2024-03-09,-3.24857,-0.32219,28.50000,63.81040
2024-03-10,-2.61843,0.48079,28.50000,61.76917
2024-03-11,-0.48798,-0.91806,30.50000,66.93720
2024-03-12,0.48350,-1.13731,31.50000,76.12063
2024-03-13,2.02681,-0.32365,31.50000,61.45981
2024-03-14,3.13676,-1.88907,28.50000,61.73007
2024-03-15,1.20304,-1.17111,31.25000,52.61856
2024-03-16,0.65718,-1.52712,27.25000,44.28870
2024-03-17,0.27003,-0.94123,26.00000,44.98349
2024-03-18,-1.05522,-0.73531,27.75000,47.59309
2024-03-19,-0.42842,-1.04020,27.50000,39.82139
2024-03-20,0.51055,-1.08340,45.00000,41.29290
2024-03-21,0.80750,0.17472,44.25000,46.59899
2024-03-22,0.07811,0.74414,45.00000,38.31208
2024-03-23,2.04300,0.61285,23.25000,35.49472
2024-03-24,6.19487,-0.02519,20.50000,37.54921
2024-03-25,1.52869,-1.34475,21.50000,37.72115
2024-03-26,3.91436,0.38728,29.50000,31.00897
2024-03-27,2.55180,1.09041,32.75000,35.08891
2024-03-28,1.98469,0.79607,29.75000,37.34026
2024-03-29,1.67258,-1.03511,27.50000,39.06270
2024-03-30,3.49122,0.40607,22.50000,40.20792
2024-03-31,7.40584,-1.55329,27.00000,41.58275
2024-10-01,0.58192,0.71118,39.00000,47.58883
2024-10-02,0.53298,0.87126,38.75000,37.75903
2024-10-03,0.36554,0.55464,39.25000,43.73634
2024-10-04,0.65829,0.12660,38.50000,39.61286
2024-10-05,1.10219,-0.29097,34.25000,40.97097
2024-10-06,0.53778,-0.53057,36.50000,46.23095
2024-10-07,0.49627,-0.55251,39.00000,44.85521
2024-10-08,0.16299,-0.58038,37.50000,43.89539
2024-10-09,0.25979,-0.32972,36.25000,40.51556
2024-10-10,1.08136,-0.43520,34.00000,34.29989
2024-10-11,0.51406,-0.48046,33.50000,38.88529
2024-10-12,1.08686,-0.41488,32.25000,44.17446
2024-10-13,0.31710,-0.27161,31.00000,41.38601
2024-10-14,-0.37595,-0.32402,33.25000,45.89881
2024-10-15,-0.22456,-0.25016,30.50000,42.63155
2024-10-16,0.14548,0.47564,34.25000,43.74329
2024-10-17,0.56939,0.01412,30.75000,44.63512
2024-10-18,0.99337,-0.45292,33.00000,43.35341
2024-10-19,0.36049,0.15111,29.00000,43.31695
2024-10-20,-0.31992,0.07476,27.50000,41.07104
2024-10-21,-0.05282,0.06020,29.50000,32.19529
2024-10-22,0.55002,-0.42392,28.75000,30.29164
2024-10-23,0.14658,-0.55582,30.50000,38.61945
2024-10-24,1.58504,-0.57516,33.50000,54.13453
2024-10-25,2.66671,-0.28845,33.75000,55.60725
2024-10-26,1.15502,0.75486,33.50000,48.43785
2024-10-27,0.34075,0.21885,36.50000,43.02391
2024-10-28,-0.27761,-0.15393,36.00000,51.32246
2024-10-29,-0.20187,-0.11560,34.50000,53.09248
2024-10-30,0.39026,0.34218,33.50000,56.25742
2024-10-31,1.11690,-0.07847,34.25000,53.96469
2024-11-01,0.06566,0.58115,34.50000,45.82190
2024-11-02,-0.69758,0.59725,33.75000,44.66148
2024-11-03,0.10516,0.10637,32.50000,42.21921
2024-11-04,0.37550,-0.03766,29.50000,36.36555
2024-11-05,0.32817,0.02837,36.25000,27.90174
2024-11-06,-0.08322,-0.05019,40.00000,34.99891
2024-11-07,-0.09301,0.07922,45.00000,39.74916
2024-11-08,-0.89678,0.17002,40.75000,45.62732
2024-11-09,-0.72951,0.14510,40.75000,47.41592
2024-11-10,-0.19296,0.19175,35.25000,45.53062
2024-11-11,0.42102,-0.14445,35.00000,41.12965
2024-11-12,0.13602,-0.27135,30.75000,43.88985
2024-11-13,-0.74654,0.04677,29.25000,47.58215
2024-11-14,-1.00107,0.15356,34.25000,53.37889
2024-11-15,-1.37592,0.35856,33.75000,59.84878
2024-11-16,-0.69586,0.55381,32.50000,52.22390
2024-11-17,-1.32524,0.25259,31.00000,47.28093
2024-11-18,0.17093,-0.04550,31.75000,52.01072
2024-11-19,2.23230,0.06635,31.00000,47.70777
2024-11-20,2.56628,0.05281,29.50000,41.22482
2024-11-21,0.93339,0.31601,31.75000,43.42374
2024-11-22,0.28414,-0.00652,31.50000,49.05575
2024-11-23,0.01638,-0.47568,29.50000,60.33216
2024-11-24,-0.22869,0.00352,30.00000,65.71011
2024-11-25,-1.64176,0.13725,29.50000,64.02801
2024-11-26,-1.23279,-0.13536,28.25000,61.16246
2024-11-27,1.30609,-0.21054,28.75000,62.04874
2024-11-28,1.76766,-0.07591,29.00000,57.35186
2024-11-29,0.71415,0.63985,29.25000,59.28410
2024-11-30,0.47079,-0.02185,29.00000,58.72910
2024-12-01,0.52435,-0.84343,31.00000,61.71594
2024-12-02,0.87775,-0.78499,30.75000,62.04742
2024-12-03,-0.64230,-0.43235,31.00000,67.29277
2024-12-04,-1.55101,-0.47503,32.75000,76.27964
2024-12-05,-3.42766,-0.14724,32.50000,70.02704
2024-12-06,-2.60334,-0.34640,32.75000,76.16732
2024-12-07,-2.33792,-0.49113,31.25000,67.53778
2024-12-08,-1.79454,-0.41016,29.75000,70.28469
2024-12-09,-0.12670,-1.37401,29.75000,73.08184
2024-12-10,-1.55262,-0.90475,30.50000,72.11445
2024-12-11,-1.39114,-0.65856,32.00000,74.85744
2024-12-12,-2.99972,-1.22327,32.50000,67.99202
2024-12-13,-1.86568,-2.34876,30.75000,72.31590
2024-12-14,-0.78461,0.51713,30.75000,60.58675
2024-12-15,-0.42984,0.85696,36.00000,52.50093
2024-12-16,0.90340,-0.27299,33.00000,60.47972
2024-12-17,1.81390,-0.39110,31.75000,60.49544
2024-12-18,1.57710,-1.08575,30.75000,61.06746
2024-12-19,0.85280,0.46100,30.50000,59.37926
2024-12-20,1.30722,-0.17021,29.00000,58.78226
2024-12-21,-0.28645,-0.87162,27.00000,50.60728
2024-12-22,-0.96686,-0.08525,26.25000,62.07602
2024-12-23,-0.27965,0.57645,27.75000,64.87151
2024-12-24,-0.80393,0.13024,30.00000,59.05423
2024-12-25,1.00207,-0.72115,28.50000,54.44417
2024-12-26,-3.43926,0.96013,30.25000,51.91581
2024-12-27,-3.46515,2.04551,30.50000,55.79818
2024-12-28,-1.39152,0.36448,32.25000,51.22114
2024-12-29,-0.79152,-1.06201,32.25000,45.98613
2024-12-30,-2.43294,-0.29887,31.50000,40.80639
2024-12-31,-1.66198,0.94194,29.50000,46.55580
2025-01-01,-1.17281,0.32186,30.00000,57.22777
2025-01-02,-0.97442,0.90355,30.75000,56.23092
2025-01-03,0.46857,-0.38324,33.50000,55.18488
2025-01-04,1.00974,0.07234,28.25000,58.14726
2025-01-05,0.48989,-0.53071,28.50000,55.41370
2025-01-06,1.15731,-0.95433,29.25000,55.59229
2025-01-07,0.59445,-1.43968,26.50000,62.18442
2025-01-08,0.17360,0.22222,27.25000,65.96634
2025-01-09,-0.57871,-0.09007,28.50000,68.09658
2025-01-10,0.79696,0.34083,29.50000,62.85909
2025-01-11,0.96596,0.88293,28.25000,59.77958
2025-01-12,0.84881,0.15886,27.25000,56.95298
2025-01-13,1.20973,-0.59596,27.50000,57.11985
2025-01-14,-2.12069,1.36958,28.75000,56.53768
2025-01-15,0.51810,1.61402,31.00000,64.58121
2025-01-16,0.38492,0.23811,33.00000,58.59633
2025-01-17,1.18422,-0.58877,32.75000,57.11135
2025-01-18,0.43668,0.55214,31.50000,57.77908
2025-01-19,-1.27504,-0.42551,31.50000,69.47829
2025-01-20,-3.25924,-0.65160,33.50000,72.52290
2025-01-21,-4.11267,-1.81190,33.25000,66.91030
2025-01-22,-1.66169,-1.47473,32.50000,65.74390
2025-01-23,-2.55934,-1.31831,30.50000,69.36915
2025-01-24,-2.09999,-1.11961,33.00000,69.49557
2025-01-25,-3.25265,1.18102,33.50000,76.92452
2025-01-26,-1.98716,1.74868,32.00000,69.74265
2025-01-27,-2.47528,1.09942,33.75000,63.60029
2025-01-28,-1.11508,1.34467,32.50000,70.21068
2025-01-29,-0.90672,0.77035,31.50000,75.11342
2025-01-30,0.49220,-0.22381,30.25000,73.17455
2025-01-31,3.44943,-0.94413,31.50000,73.89682
2025-02-01,1.18702,0.02579,31.75000,67.95914
2025-02-02,-0.13178,-0.62973,32.50000,66.97053
2025-02-03,-1.53655,2.25238,34.25000,68.90340
2025-02-04,-3.02094,0.53960,37.75000,71.56563
2025-02-05,-0.43878,-1.83621,33.75000,62.53731
2025-02-06,-1.02147,-3.60137,32.25000,62.27024
2025-02-07,0.55023,-2.53464,29.75000,60.34007
2025-02-08,-2.19140,0.32255,28.00000,56.21546
2025-02-09,-0.98756,-0.44030,30.75000,57.22957
2025-02-10,-0.94303,0.24875,29.50000,56.21678
2025-02-11,2.26802,-0.03922,27.75000,56.60021
2025-02-12,3.36323,-0.85146,27.50000,56.23515
2025-02-13,2.63883,-1.45705,30.50000,56.60935
2025-02-14,1.27714,0.77391,30.50000,53.52609
2025-02-15,-0.34213,1.84973,30.75000,57.97832
2025-02-16,1.14542,-0.00991,31.00000,54.39879
2025-02-17,2.00257,-1.34423,32.75000,51.99824
2025-02-18,1.01944,-0.00099,29.75000,56.36551
2025-02-19,0.54717,-0.31829,28.25000,50.99854
2025-02-20,0.25915,1.31985,26.75000,52.05015
2025-02-21,-0.25664,-1.32770,25.25000,51.13459
2025-02-22,0.29869,-0.88260,25.25000,44.41478
2025-02-23,0.05575,-1.01498,28.50000,41.91334
2025-02-24,-1.70838,-0.45851,26.00000,43.62543
2025-02-25,-1.24143,0.39222,25.00000,46.24954
2025-02-26,-1.38732,1.01401,22.25000,41.38387
2025-02-27,-1.31924,0.88621,32.00000,48.34734
2025-02-28,-1.19947,3.52434,28.50000,50.75214
2025-03-01,2.57232,-0.23638,28.50000,57.68274
2025-03-02,5.33731,-1.53995,28.00000,65.94200
2025-03-03,0.62775,-0.16475,32.50000,78.08319
2025-03-04,-0.27100,-2.22730,32.25000,75.78152
2025-03-05,-2.60797,-0.72418,29.75000,62.12611
2025-03-06,0.02034,2.10169,30.25000,50.34631
2025-03-07,-1.50644,0.28607,30.00000,52.30345
2025-03-08,0.32718,-0.39900,26.50000,56.09728
2025-03-09,0.04318,0.73629,24.50000,49.63774
2025-03-10,-1.10335,0.54394,35.00000,44.23442
2025-03-11,0.69355,0.74478,25.75000,44.07595
2025-03-12,0.97166,0.77245,26.25000,49.83893
2025-03-13,6.76595,0.09581,26.75000,51.11037
2025-03-14,8.54613,-0.67825,29.50000,61.47660
2025-03-15,5.33131,0.59955,30.75000,57.41770
2025-03-16,4.72240,-2.39294,29.50000,58.59624
2025-03-17,5.11492,-3.23826,27.75000,59.28559
2025-03-18,1.24672,-1.66834,28.75000,68.84528
2025-03-19,0.30462,-0.76957,28.50000,64.53984
2025-03-20,3.84791,-1.43090,29.25000,58.14819
2025-03-21,0.88378,-1.30686,27.75000,50.10435
2025-03-22,-0.96827,-0.75763,26.75000,40.55209
2025-03-23,-0.35440,-0.88052,45.00000,34.81420
2025-03-24,-1.43393,0.24672,45.00000,43.67651
2025-03-25,-0.89089,0.74188,45.00000,52.16936
2025-03-26,0.35506,0.45286,36.00000,57.24165
2025-03-27,1.27453,-0.34480,36.25000,61.25145
2025-03-28,3.78629,-4.12321,33.00000,58.12226
2025-03-29,1.75449,-2.60189,32.25000,63.59444
2025-03-30,2.21840,-2.21552,32.50000,60.52985
2025-03-31,1.97957,-1.56244,31.00000,55.25017
