date,tcc_mean,lowcloud1000_frac_mean,fog300_frac_mean,td2m_mean,blh_mean,ssrd_wm2,strd_wm2,hours_present,tcc_00utc,tcc_06utc,lowcloud1000_frac_00utc,lowcloud1000_frac_06utc,fog300_frac_00utc,dpd_00utc,blh_06utc
1985-10-01,0.46516,0.87046,0.19154,24.06349,344.21683,193.09123,418.21403,24,0.57227,0.48372,0.95043,0.95180,0.54207,1.30772,742.27752
1985-10-02,0.56565,0.82502,0.13842,24.08635,317.40870,201.19866,415.93862,24,0.41358,0.45254,0.89804,0.94832,0.39963,1.62754,790.39604
1985-10-03,0.38918,0.71581,0.13884,23.74640,331.77247,205.86767,414.53393,24,0.68071,0.45604,0.87754,0.91105,0.55512,1.39026,801.65736
1985-10-04,0.25559,0.52924,0.09973,23.89048,364.95185,223.25645,408.28173,24,0.42683,0.27812,0.66221,0.62537,0.38623,1.64714,851.72981
1985-10-05,0.42671,0.49942,0.07327,23.36944,377.80222,221.56300,406.61751,24,0.36934,0.35652,0.58792,0.51409,0.23028,1.72570,916.89674
1985-10-06,0.32353,0.32237,0.05355,23.23239,362.09332,226.08306,404.29202,24,0.56678,0.25333,0.57725,0.63362,0.19087,2.44707,929.04619
1985-10-07,0.54478,0.33600,0.04102,23.16153,347.77197,214.70854,406.60990,24,0.54739,0.46573,0.45496,0.69506,0.19226,2.00586,895.25729
1985-10-08,0.52445,0.38130,0.03087,23.24561,345.89160,210.68723,409.54223,24,0.58724,0.37921,0.46042,0.57612,0.20201,2.35678,849.88018
1985-10-09,0.62236,0.21735,0.02926,23.45675,360.90687,224.08592,408.57197,24,0.65799,0.51854,0.32918,0.38488,0.06843,1.75277,910.66415
1985-10-10,0.57241,0.35733,0.06663,23.72972,421.56929,220.06024,412.83721,24,0.66624,0.40357,0.31600,0.43305,0.17718,1.82842,974.85675
1985-10-11,0.74024,0.73700,0.10340,24.12842,380.26533,194.75978,417.62770,24,0.85092,0.79918,0.64161,0.79015,0.23797,1.73361,846.34523
1985-10-12,0.31096,0.53596,0.07069,24.47166,327.78412,199.67311,419.21593,24,0.54518,0.37796,0.91438,0.88574,0.29605,1.42644,801.02197
1985-10-13,0.25892,0.30687,0.02764,24.71178,354.10977,213.22878,418.19072,24,0.18518,0.21302,0.41749,0.67566,0.11884,1.85659,848.61293
1985-10-14,0.66135,0.43204,0.08503,24.70105,373.29188,194.21173,421.35790,24,0.44399,0.57532,0.28907,0.51384,0.10093,1.58318,873.84197
1985-10-15,0.91010,0.76345,0.20945,24.19846,553.08771,150.47472,425.08343,24,0.85505,0.75480,0.70856,0.93848,0.29145,2.01191,921.73639
1985-10-16,0.89397,0.83424,0.31011,23.93839,625.91073,122.58394,425.03087,24,0.97587,0.93181,0.83080,0.93887,0.39206,1.73817,877.43260
1985-10-17,0.76787,0.78254,0.22113,23.97769,462.64746,142.66926,420.45302,24,0.67959,0.69231,0.83906,0.90608,0.42628,1.28409,850.55311
1985-10-18,0.69004,0.69293,0.23501,22.73503,361.28530,163.49723,407.59021,24,0.84726,0.77583,0.72951,0.78951,0.45669,1.56569,713.36510
1985-10-19,0.29275,0.49548,0.15336,20.72104,403.01626,203.92003,381.97877,24,0.53728,0.33831,0.67035,0.65301,0.43450,1.70163,919.34629
1985-10-20,0.13566,0.27803,0.06396,19.88736,419.59434,222.26431,371.17443,24,0.25154,0.16072,0.44828,0.34632,0.26757,2.73801,982.77872
1985-10-21,0.10085,0.18638,0.03852,20.04393,435.17010,223.96428,370.33903,24,0.23178,0.11840,0.30111,0.21897,0.18003,3.19307,950.89341
1985-10-22,0.10683,0.15631,0.02081,19.95459,450.42992,224.67373,372.11078,24,0.09675,0.10356,0.18232,0.16053,0.08976,3.47484,963.63384
1985-10-23,0.19589,0.30519,0.05294,19.72800,462.22048,210.89999,376.50413,24,0.24281,0.18529,0.28942,0.31632,0.05112,2.93219,1062.51177
1985-10-24,0.20554,0.37191,0.07230,20.14869,434.47281,202.04614,379.20919,24,0.36022,0.25580,0.45861,0.35467,0.25675,3.58340,1055.17684
1985-10-25,0.17742,0.39260,0.07597,20.34839,379.96428,205.33086,378.55698,24,0.24971,0.20065,0.51380,0.36604,0.19181,2.56851,951.01201
1985-10-26,0.16663,0.31394,0.07896,20.03636,390.75626,203.84896,374.41860,24,0.33102,0.21689,0.58822,0.38123,0.27570,2.26374,912.59191
1985-10-27,0.12924,0.20157,0.04302,19.22299,446.57156,208.40146,367.13409,24,0.21889,0.17445,0.38500,0.24168,0.18538,2.31650,1012.47589
1985-10-28,0.16002,0.11585,0.01941,18.03524,516.02962,211.08387,362.68636,24,0.17643,0.15245,0.20896,0.13420,0.09204,3.08050,1196.78496
1985-10-29,0.15533,0.08815,0.01320,17.98666,564.58785,203.15431,363.57705,24,0.26125,0.20093,0.14751,0.11342,0.05350,3.63896,1339.42816
1985-10-30,0.12513,0.05476,0.01542,18.43201,497.94618,207.15348,364.09467,24,0.17806,0.15482,0.08947,0.07241,0.06233,3.38369,1183.05513
1985-10-31,0.12554,0.07401,0.03048,18.57837,439.42502,206.58102,367.68048,24,0.18603,0.14951,0.14279,0.02180,0.09738,2.81275,1077.88161
1985-11-01,0.17319,0.11617,0.02678,18.74815,407.91357,196.01335,370.23552,24,0.22721,0.23770,0.24602,0.12473,0.15450,2.81133,1086.26152
1985-11-02,0.17387,0.18006,0.03940,19.25543,359.27587,196.44374,370.48371,24,0.26566,0.20373,0.22940,0.28142,0.11442,2.80525,1007.91562
1985-11-03,0.30425,0.16440,0.03139,19.18113,346.98875,199.12534,368.37803,24,0.38208,0.29714,0.28765,0.26630,0.15660,1.98322,998.07889
1985-11-04,0.49759,0.24972,0.02912,18.77999,340.35283,196.65029,369.76016,24,0.45887,0.45718,0.26004,0.33941,0.09963,2.24388,885.81106
1985-11-05,0.52789,0.13311,0.00801,18.97508,332.88884,194.82760,368.84872,24,0.62828,0.49968,0.17898,0.36887,0.03975,2.35319,910.99462
1985-11-06,0.17160,0.13792,0.00969,18.88591,363.63057,190.66948,363.99990,24,0.26615,0.27366,0.05234,0.13841,0.01273,2.01526,988.69470
1985-11-07,0.11923,0.14984,0.03456,17.61740,467.73107,196.52670,356.90991,24,0.22976,0.17017,0.28905,0.17046,0.11920,2.49955,1208.40512
1985-11-08,0.13496,0.09823,0.01560,17.11062,479.33415,196.28696,353.62324,24,0.20604,0.19436,0.18158,0.12773,0.09079,2.51276,1201.21395
1985-11-09,0.09310,0.06377,0.00526,17.00682,460.67365,198.83868,350.79037,24,0.14811,0.11308,0.07024,0.06474,0.02338,2.67079,1105.45157
1985-11-10,0.45047,0.04085,0.00250,16.83178,399.67133,199.54223,348.11027,24,0.20494,0.44204,0.07061,0.03059,0.01091,2.97527,1068.87054
1985-11-11,0.58968,0.05928,0.00454,17.15251,380.25741,176.34732,358.70487,24,0.72890,0.62848,0.03971,0.02697,0.00918,2.72606,920.07224
1985-11-12,0.54357,0.04653,0.01093,17.33007,415.16644,168.82771,356.15675,24,0.79914,0.73456,0.07031,0.03609,0.01808,3.02043,913.03601
1985-11-13,0.30373,0.01894,0.00986,16.95531,399.46074,205.02368,349.79118,24,0.50093,0.18998,0.06969,0.00000,0.04574,2.77648,943.64472
1985-11-14,0.25264,0.03430,0.00874,17.12694,359.75201,201.50236,357.65366,24,0.20468,0.28206,0.04225,0.00373,0.02918,2.68442,874.74821
1985-11-15,0.24328,0.05376,0.00957,17.78418,342.92016,192.53328,361.32918,24,0.32818,0.19837,0.08507,0.01865,0.04779,2.92069,899.88079
1985-11-16,0.41056,0.16568,0.03684,18.47235,348.45756,194.12960,370.59916,24,0.32760,0.32420,0.13343,0.03740,0.06252,2.77348,846.27747
1985-11-17,0.60429,0.34910,0.06069,18.95164,338.81560,168.52830,382.18218,24,0.60052,0.49814,0.43200,0.29030,0.16065,1.65819,845.97423
1985-11-18,0.56209,0.41656,0.12327,19.48769,319.99694,150.26676,389.05807,24,0.76455,0.62618,0.44689,0.47074,0.13167,1.75146,778.14714
1985-11-19,0.49180,0.40300,0.20364,18.85606,390.90173,111.24527,384.83056,24,0.66478,0.58570,0.45496,0.42332,0.23931,2.01559,774.36508
1985-11-20,0.16259,0.21414,0.08688,15.91973,511.46257,179.18856,353.48826,24,0.30616,0.18021,0.40821,0.26513,0.25596,2.56218,1026.32935
1985-11-21,0.12823,0.11569,0.02905,15.04875,566.81551,182.89485,343.66453,24,0.17661,0.17189,0.19990,0.10590,0.12505,3.53546,1345.89186
1985-11-22,0.15556,0.10385,0.01455,14.20537,561.70382,186.22273,339.77466,24,0.16905,0.15161,0.15885,0.06708,0.06247,3.40433,1353.90942
1985-11-23,0.08150,0.08106,0.02170,14.24075,478.11619,187.35761,335.63540,24,0.18874,0.09136,0.19432,0.07353,0.07878,3.81961,1215.30944
1985-11-24,0.10637,0.06306,0.02772,14.59234,428.49606,189.80208,336.58718,24,0.10590,0.20844,0.09664,0.01796,0.05334,3.42067,1154.98703
1985-11-25,0.08697,0.08436,0.04414,15.01108,425.63458,186.96071,339.28247,24,0.15306,0.09719,0.17658,0.03851,0.14216,3.30054,1110.31406
1985-11-26,0.14960,0.09567,0.04497,15.44817,425.22035,187.08098,339.63415,24,0.22178,0.25680,0.22188,0.06223,0.17662,3.04340,1104.30366
1985-11-27,0.09982,0.12701,0.04969,14.70927,438.10402,187.00140,335.12887,24,0.24597,0.11951,0.20508,0.07254,0.12664,2.67848,1046.87371
1985-11-28,0.06363,0.09958,0.05132,14.31750,425.91976,190.25487,328.89276,24,0.18107,0.04903,0.25047,0.07247,0.19025,3.09692,998.90462
1985-11-29,0.04949,0.07182,0.04758,14.25888,391.69368,192.19416,329.51899,24,0.14500,0.01024,0.19546,0.01632,0.15423,3.21484,934.39273
1985-11-30,0.09189,0.06424,0.04361,14.71699,365.42685,190.79046,332.05835,24,0.15221,0.01564,0.15459,0.02563,0.13638,2.91594,925.36417
1985-12-01,0.27447,0.06011,0.03019,14.81173,385.53818,187.10884,333.04284,24,0.29510,0.51558,0.15070,0.01820,0.12174,2.76234,974.86754
1985-12-02,0.20784,0.08596,0.03139,14.51123,413.71541,183.89717,335.70008,24,0.16920,0.16330,0.15324,0.02354,0.08110,2.95413,1052.58481
1985-12-03,0.16132,0.06560,0.01576,13.72673,510.44854,180.43704,332.12026,24,0.35617,0.24548,0.20087,0.03090,0.09410,2.64731,1230.17857
1985-12-04,0.09593,0.05601,0.02516,12.95980,514.54271,184.18393,331.02199,24,0.16706,0.10013,0.12064,0.02019,0.06622,3.12996,1262.08456
1985-12-05,0.10111,0.06339,0.03270,13.71684,447.35463,180.69963,336.92510,24,0.14579,0.11017,0.17719,0.01274,0.13362,2.82899,1132.21414
1985-12-06,0.09705,0.05216,0.02552,13.98671,419.76698,179.23440,339.62232,24,0.15199,0.08433,0.12681,0.03311,0.10306,3.15428,1070.72522
1985-12-07,0.12174,0.04402,0.02481,14.34653,424.44464,176.83863,341.36668,24,0.21886,0.14325,0.11060,0.02372,0.08641,2.58649,1116.12638
1985-12-08,0.19438,0.07812,0.02200,14.45186,381.47935,176.45570,341.62026,24,0.18498,0.23980,0.08289,0.03905,0.06235,2.31928,1056.25575
1985-12-09,0.25002,0.09881,0.02130,14.03441,447.05677,172.60542,338.73096,24,0.23968,0.28717,0.20772,0.02582,0.09372,2.43334,1211.70522
1985-12-10,0.37338,0.07558,0.01485,13.10323,473.54329,175.15122,331.33686,24,0.21847,0.37253,0.17553,0.01650,0.07133,2.57979,1290.69421
1985-12-11,0.42673,0.05660,0.01875,12.97020,399.53768,180.49667,325.92601,24,0.59862,0.29299,0.11979,0.02365,0.04010,2.92369,1065.89226
1985-12-12,0.58140,0.04287,0.02014,13.53805,351.21840,183.23433,330.39419,24,0.42005,0.40942,0.11608,0.00721,0.08670,2.75896,903.48754
1985-12-13,0.78701,0.05015,0.01420,14.28016,311.07041,156.91893,344.06594,24,0.87667,0.80545,0.07921,0.03059,0.06487,3.01806,833.02642
1985-12-14,0.51775,0.02995,0.00746,14.69639,299.68383,169.14338,346.18630,24,0.78199,0.49968,0.11411,0.01982,0.04753,2.51993,820.22924
1985-12-15,0.10782,0.03642,0.01644,15.52561,311.50765,171.29556,348.33593,24,0.37689,0.05277,0.03444,0.01112,0.02545,2.63885,891.29752
1985-12-16,0.14353,0.10605,0.02414,16.21718,337.19301,168.72702,359.32812,24,0.19552,0.17312,0.12610,0.04959,0.07541,1.93261,985.91952
1985-12-17,0.20798,0.18398,0.03710,16.86143,363.83071,167.88237,361.39543,24,0.19211,0.11331,0.24589,0.16087,0.09571,1.73081,997.34589
1985-12-18,0.57990,0.22448,0.05103,17.21136,384.46954,153.93900,363.28874,24,0.45565,0.72560,0.33742,0.22452,0.15292,1.80419,1011.48275
1985-12-19,0.15097,0.16974,0.03561,15.51385,407.71518,169.19987,343.53524,24,0.44074,0.19503,0.37508,0.26654,0.15805,1.85681,1013.03099
1985-12-20,0.05341,0.08115,0.02164,13.59102,390.71888,178.15841,328.04080,24,0.15440,0.07086,0.23599,0.07159,0.08970,1.69516,1017.72927
1985-12-21,0.01452,0.02632,0.01748,12.95263,378.21012,185.55185,321.94293,24,0.01505,0.00158,0.07081,0.00179,0.04757,3.13634,944.61298
1985-12-22,0.03216,0.01964,0.01687,13.10398,337.87482,184.89130,325.59994,24,0.04668,0.02047,0.06811,0.00000,0.06447,3.04394,926.06791
1985-12-23,0.04251,0.01401,0.01002,13.66247,306.69366,183.52965,332.06514,24,0.06650,0.02174,0.06979,0.00000,0.05872,2.87605,875.79724
1985-12-24,0.13623,0.02765,0.00308,14.24275,339.71963,171.02389,344.37578,24,0.08891,0.18303,0.03504,0.00741,0.01844,2.45987,977.22698
1985-12-25,0.16813,0.08106,0.01370,14.50834,371.02201,167.77268,345.82819,24,0.21680,0.17223,0.11117,0.10380,0.04803,1.97485,1078.41674
1985-12-26,0.22924,0.05817,0.01217,14.58243,391.43389,173.79721,342.61305,24,0.15764,0.15545,0.09229,0.03873,0.03866,2.22938,1173.60342
1985-12-27,0.33943,0.09581,0.01463,15.02978,386.27140,167.16755,348.12210,24,0.28740,0.23711,0.08437,0.02576,0.04409,2.37587,1008.33899
1985-12-28,0.35730,0.51810,0.11157,15.96346,391.87728,138.02603,360.38178,24,0.34012,0.45331,0.28901,0.47546,0.05475,2.20098,842.68738
1985-12-29,0.19510,0.32686,0.08340,13.29189,402.92956,163.47420,333.74994,24,0.43947,0.23933,0.71480,0.57913,0.36312,1.43810,931.69082
1985-12-30,0.16234,0.18905,0.03065,11.53984,464.24698,171.98705,320.74714,24,0.13955,0.20164,0.28795,0.16728,0.07396,2.64637,1057.97072
1985-12-31,0.10796,0.11531,0.01787,11.34033,498.21432,174.41795,315.24690,24,0.16142,0.22042,0.25374,0.19222,0.07357,2.86807,1086.42175
1986-01-01,0.20317,0.05961,0.01491,12.02829,455.58253,185.75866,314.73635,24,0.08907,0.20035,0.04200,0.03070,0.03303,2.70358,993.99975
1986-01-02,0.39820,0.21081,0.01677,12.19024,451.55458,174.53566,322.64440,24,0.31807,0.65279,0.24522,0.15161,0.05287,2.69973,1022.74119
1986-01-03,0.41119,0.22644,0.02529,12.06955,432.14967,176.33727,321.59129,24,0.37702,0.32960,0.40366,0.19910,0.02904,2.30858,980.60731
1986-01-04,0.41431,0.20967,0.01855,12.36470,407.70736,172.76544,322.60181,24,0.74603,0.58839,0.25634,0.16245,0.05762,2.25682,919.20028
1986-01-05,0.17553,0.26816,0.03596,12.51754,398.61476,179.53970,321.21407,24,0.22197,0.22851,0.35043,0.24041,0.04922,2.00834,887.84361
1986-01-06,0.12156,0.18496,0.02321,13.11984,401.10993,183.75027,323.54844,24,0.25923,0.22143,0.51813,0.20155,0.09390,2.11320,950.66726
1986-01-07,0.31865,0.11963,0.01811,13.74435,352.10171,187.12178,331.50820,24,0.16361,0.09171,0.21757,0.11649,0.07876,2.13890,845.76046
1986-01-08,0.17218,0.06936,0.01674,14.12507,347.74867,187.26921,334.79840,24,0.24377,0.08873,0.27774,0.05865,0.06015,2.29583,933.18880
1986-01-09,0.34671,0.04344,0.01452,14.42516,354.40719,178.75420,341.87509,24,0.41912,0.34676,0.09526,0.00367,0.03997,2.20112,1015.35736
1986-01-10,0.35659,0.05036,0.00978,14.64448,353.78212,164.08368,348.30342,24,0.56537,0.47345,0.08415,0.02031,0.03445,2.38073,936.24305
1986-01-11,0.35684,0.06129,0.01031,14.29947,416.16269,168.44132,346.20251,24,0.31923,0.32797,0.15344,0.04071,0.05675,2.21766,1228.17907
1986-01-12,0.56800,0.02331,0.00352,14.10650,368.64506,138.29604,356.71991,24,0.32246,0.61046,0.04873,0.00921,0.01983,2.93576,929.96108
1986-01-13,0.30426,0.07932,0.03525,13.66685,353.27522,137.32264,338.43326,24,0.59946,0.48267,0.05968,0.02384,0.01792,3.19771,793.29180
1986-01-14,0.11760,0.05098,0.03066,12.18884,408.62369,199.46746,317.17641,24,0.17539,0.01590,0.25213,0.02720,0.16344,2.54901,969.35580
1986-01-15,0.81331,0.04835,0.01583,12.96741,364.15961,123.08925,355.26171,24,0.58045,0.70567,0.04030,0.00000,0.03129,3.75702,702.24035
1986-01-16,0.53482,0.34557,0.11916,13.41772,364.65988,104.73515,347.62567,24,0.81134,0.65918,0.36529,0.41171,0.10020,2.11483,675.56726
1986-01-17,0.19119,0.16257,0.06236,11.66700,513.95223,184.33394,316.64991,24,0.46792,0.23959,0.48715,0.14021,0.26858,2.20990,1203.82403
1986-01-18,0.08290,0.06629,0.01470,11.52133,425.83964,197.93872,308.89001,24,0.13630,0.07818,0.12624,0.02690,0.03237,2.81832,1001.88019
1986-01-19,0.03193,0.03658,0.01141,11.51408,424.82827,201.28674,309.30634,24,0.05623,0.06375,0.09877,0.01795,0.04682,2.80128,984.11433
1986-01-20,0.01913,0.01496,0.00733,11.18980,391.56320,206.56143,310.38782,24,0.02642,0.00930,0.01974,0.00000,0.00900,2.78875,899.42440
1986-01-21,0.02860,0.01650,0.00539,11.38338,370.60217,206.85735,312.63061,24,0.02537,0.00746,0.03409,0.00726,0.02510,3.97755,847.32434
1986-01-22,0.05739,0.01649,0.00382,11.84890,388.69032,205.33542,319.78561,24,0.11084,0.10199,0.03957,0.00000,0.01979,3.28307,847.77026
1986-01-23,0.04143,0.02712,0.00389,12.08000,411.14379,207.32596,319.30693,24,0.03095,0.00956,0.02511,0.00541,0.01616,3.11506,1038.24574
1986-01-24,0.11704,0.05746,0.00452,12.63238,434.18985,194.10265,329.59838,24,0.12731,0.11533,0.05932,0.02564,0.00895,3.54912,1131.91289
1986-01-25,0.04364,0.02820,0.00472,12.23099,431.12170,205.35854,320.27006,24,0.05735,0.04312,0.08886,0.00539,0.02210,3.14814,1120.01012
1986-01-26,0.07180,0.01409,0.00247,12.32810,415.78870,208.89265,321.74786,24,0.04526,0.03025,0.01974,0.00542,0.00539,3.03907,1014.80420
1986-01-27,0.03012,0.02897,0.00615,13.01334,358.86754,208.71179,326.92599,24,0.03275,0.01930,0.03597,0.00000,0.01978,3.37165,885.65463
1986-01-28,0.05873,0.03549,0.00301,12.98270,386.27533,205.70754,326.54022,24,0.04886,0.06929,0.06281,0.02149,0.01260,2.76390,998.89255
1986-01-29,0.10050,0.01855,0.00287,12.99123,400.26203,208.43897,331.20895,24,0.22141,0.14382,0.03610,0.00539,0.01458,3.00571,1056.01171
1986-01-30,0.08356,0.05239,0.01601,14.61824,408.63558,202.96951,344.73390,24,0.03587,0.02885,0.03947,0.02323,0.01803,2.81460,1008.87459
1986-01-31,0.13269,0.09729,0.02956,16.11465,443.63905,196.61133,351.63305,24,0.13923,0.12993,0.17980,0.03980,0.09330,2.44273,1027.17255
1986-02-01,0.33649,0.12640,0.01488,15.12283,450.48125,197.63570,347.98343,24,0.29423,0.47778,0.24628,0.26150,0.06768,2.10940,1092.31344
1986-02-02,0.28057,0.05291,0.00717,13.75195,432.99490,195.02599,342.28421,24,0.27931,0.41285,0.16737,0.08020,0.04399,3.24505,1114.17369
1986-02-03,0.14669,0.04925,0.00131,12.62834,467.50980,210.22393,330.61812,24,0.09500,0.07309,0.03110,0.07097,0.00186,3.14070,1222.29125
1986-02-04,0.48725,0.05923,0.00677,12.69087,436.51346,210.83981,331.25815,24,0.61587,0.66462,0.11145,0.06902,0.01485,3.14585,1122.81443
1986-02-05,0.46814,0.06584,0.01178,13.84062,411.39947,206.85860,340.52646,24,0.47419,0.58108,0.12357,0.08385,0.06108,2.70662,1082.82302
1986-02-06,0.31548,0.04963,0.00734,14.26070,428.00570,208.18481,347.39874,24,0.39945,0.25839,0.07489,0.06349,0.02405,3.19290,1090.68636
1986-02-07,0.58894,0.02547,0.00373,14.00787,429.55287,204.49191,348.71279,24,0.61095,0.38520,0.05959,0.02786,0.01430,2.89074,1158.87023
1986-02-08,0.35450,0.00545,0.00224,13.73808,431.13136,217.48772,341.22493,24,0.49241,0.50033,0.02146,0.00000,0.01432,3.58138,1136.62652
1986-02-09,0.22472,0.00368,0.00023,13.66651,421.88618,225.34330,335.42850,24,0.20311,0.09061,0.01443,0.00180,0.00181,4.01700,1147.23363
1986-02-10,0.66397,0.00008,0.00008,13.64724,341.95787,207.03198,340.17264,24,0.78713,0.78892,0.00000,0.00000,0.00000,4.11884,867.33879
1986-02-11,0.45845,0.00008,0.00008,14.11394,411.71532,221.12757,345.02619,24,0.53702,0.38828,0.00185,0.00000,0.00185,3.94955,995.68569
1986-02-12,0.39109,0.01988,0.00142,15.24741,418.00695,197.20414,356.57191,24,0.36538,0.58164,0.00000,0.00722,0.00000,4.16871,1005.27232
1986-02-13,0.47552,0.02958,0.00202,15.39016,470.72089,207.98862,360.77807,24,0.18957,0.52116,0.09225,0.01622,0.00360,2.68236,1224.02418
1986-02-14,0.32101,0.04839,0.00255,15.99078,453.91024,204.54685,363.53434,24,0.26566,0.39579,0.03650,0.03314,0.00000,2.90428,1139.19469
1986-02-15,0.36658,0.19177,0.02923,16.02286,500.41847,185.81249,362.79903,24,0.69954,0.50189,0.11309,0.07261,0.00722,2.91680,1156.39555
1986-02-16,0.20522,0.14369,0.02828,13.45246,562.93724,209.39106,342.45030,24,0.23404,0.20996,0.44036,0.19889,0.12527,1.90138,1296.70741
1986-02-17,0.10365,0.01323,0.00196,10.54849,617.65759,228.05235,323.71961,24,0.15034,0.13703,0.05410,0.00748,0.01432,3.67782,1529.98297
1986-02-18,0.04119,0.00383,0.00008,9.59937,611.29979,237.01357,315.63177,24,0.03786,0.05719,0.00536,0.00000,0.00000,4.65951,1472.64282
1986-02-19,0.08432,0.01308,0.00000,10.45445,606.32252,231.98408,321.40631,24,0.04084,0.09652,0.01261,0.01685,0.00000,5.71803,1440.65562
1986-02-20,0.01943,0.00395,0.00030,11.61309,551.28533,245.81723,324.44220,24,0.02946,0.00596,0.02149,0.00000,0.00357,4.85001,1449.65136
1986-02-21,0.00338,0.00246,0.00052,12.45104,451.45825,246.61047,329.01162,24,0.00217,0.00463,0.00179,0.00000,0.00000,4.63487,1198.91005
1986-02-22,0.02239,0.00276,0.00075,13.91267,459.26796,245.65911,339.93111,24,0.01462,0.00191,0.00714,0.00000,0.00179,4.10337,1176.08712
1986-02-23,0.07134,0.01102,0.00213,16.02042,519.49275,234.36636,355.99510,24,0.09753,0.05214,0.00536,0.00000,0.00179,3.70078,1134.82767
1986-02-24,0.07046,0.01532,0.00331,12.91424,499.45201,245.92655,336.17514,24,0.05141,0.05331,0.05118,0.03744,0.02213,4.39896,1223.21900
1986-02-25,0.03776,0.00201,0.00000,10.64371,482.34337,254.71149,320.52023,24,0.01706,0.02376,0.00000,0.00179,0.00000,4.76095,1165.80877
1986-02-26,0.01401,0.00340,0.00070,10.04760,514.26529,254.85850,322.56328,24,0.00630,0.00862,0.00357,0.00000,0.00000,5.93182,1282.91492
1986-02-27,0.09506,0.01437,0.00533,10.61850,548.63957,254.36481,325.82876,24,0.16503,0.16652,0.02962,0.03360,0.02962,5.80115,1462.28746
1986-02-28,0.11168,0.02990,0.00516,11.74087,518.96094,251.66433,335.66712,24,0.07396,0.05035,0.03885,0.07280,0.02411,4.87744,1341.23925
1986-03-01,0.25408,0.03270,0.00185,13.45967,531.21630,236.08623,353.95737,24,0.24020,0.31685,0.01470,0.10248,0.00737,3.89896,1327.26008
1986-03-02,0.12739,0.03996,0.00108,14.15570,552.54800,231.12773,354.70933,24,0.16609,0.16798,0.10807,0.05979,0.00921,3.61908,1498.70410
1986-03-03,0.11666,0.04055,0.00015,13.67370,637.65499,239.02832,348.01583,24,0.06850,0.16156,0.02232,0.04109,0.00000,3.88685,1760.97543
1986-03-04,0.15929,0.03047,0.00370,12.78916,641.22883,243.26454,345.82513,24,0.07915,0.13192,0.11177,0.02233,0.01290,3.96629,1772.46107
1986-03-05,0.26662,0.02139,0.00031,13.70660,633.80292,221.97656,356.33135,24,0.37729,0.36908,0.03165,0.01676,0.00184,5.16317,1728.74412
1986-03-06,0.18854,0.05920,0.00053,15.14077,600.61028,230.23336,359.46399,24,0.21507,0.23590,0.03917,0.09893,0.00000,5.11531,1467.30798
1986-03-07,0.19235,0.12823,0.00856,16.14049,609.90495,228.42565,361.22600,24,0.09436,0.25337,0.10162,0.17452,0.01083,3.23313,1414.50255
1986-03-08,0.17987,0.13323,0.02064,16.95647,592.70895,229.80512,364.43147,24,0.30741,0.23443,0.28217,0.08256,0.06413,3.02085,1378.11693
1986-03-09,0.15600,0.11576,0.01238,17.18549,610.09397,234.68814,372.27782,24,0.10287,0.17551,0.24474,0.10932,0.08605,2.65344,1370.82111
1986-03-10,0.13352,0.06889,0.01217,17.47555,570.09654,235.19902,375.13445,24,0.12543,0.16703,0.20672,0.02740,0.02946,3.38262,1357.13148
1986-03-11,0.14280,0.04867,0.02200,18.15663,585.10480,240.41571,379.35361,24,0.11494,0.21583,0.14181,0.01305,0.10357,3.68305,1448.67427
1986-03-12,0.11183,0.06673,0.03094,18.74455,651.01816,249.67467,384.78259,24,0.03896,0.09176,0.11488,0.00934,0.07422,3.49523,1533.63640
1986-03-13,0.15016,0.15718,0.05041,18.62001,679.44371,251.46642,384.06785,24,0.16464,0.13242,0.22635,0.10858,0.14551,3.79281,1501.74532
1986-03-14,0.10365,0.16860,0.07430,17.88315,640.49985,253.46274,373.23426,24,0.17323,0.13092,0.38702,0.12719,0.23188,3.49367,1484.77543
1986-03-15,0.13802,0.08940,0.04074,17.31305,700.49603,264.74135,372.94834,24,0.13128,0.04507,0.31130,0.04623,0.20743,3.82805,1491.19642
1986-03-16,0.16807,0.13683,0.04260,16.22532,769.44148,247.75558,369.34590,24,0.35886,0.20028,0.15969,0.13908,0.11791,4.18645,1780.82859
1986-03-17,0.04411,0.07637,0.02001,12.38528,630.73154,276.21659,342.89509,24,0.23958,0.05065,0.32620,0.05793,0.16949,6.72113,1562.05295
1986-03-18,0.00863,0.00582,0.00185,12.86527,605.18886,283.06657,345.89574,24,0.00886,0.00325,0.00179,0.00187,0.00000,5.67914,1521.01491
1986-03-19,0.17290,0.05281,0.00229,16.02847,675.48842,266.55071,367.67903,24,0.06662,0.22360,0.02983,0.05219,0.00371,5.37046,1576.10254
1986-03-20,0.13944,0.18914,0.03875,16.17269,737.23922,259.21144,375.26326,24,0.19820,0.18951,0.30971,0.22714,0.06252,4.96585,1752.95911
1986-03-21,0.05139,0.13091,0.03278,13.78615,638.34119,273.91132,358.34804,24,0.15835,0.07072,0.44499,0.16051,0.20734,6.41988,1488.10522
1986-03-22,0.01954,0.05536,0.01854,13.12425,640.41573,286.75884,350.48305,24,0.07526,0.01493,0.19143,0.09531,0.10740,5.32756,1715.36067
1986-03-23,0.06905,0.03708,0.01140,15.42114,627.96000,273.57002,366.26885,24,0.08311,0.09935,0.08728,0.00186,0.05555,6.22026,1520.95721
1986-03-24,0.05180,0.01850,0.01547,16.04325,685.04431,277.54504,372.34768,24,0.02364,0.06366,0.05014,0.00000,0.01841,5.17171,1705.48905
1986-03-25,0.28192,0.02232,0.01423,15.63292,602.97740,270.07350,378.14843,24,0.21125,0.26845,0.13176,0.03178,0.12245,5.35879,1517.99647
1986-03-26,0.11405,0.00491,0.00016,14.48724,715.43389,270.65393,370.47616,24,0.44026,0.06532,0.00747,0.00187,0.00000,5.56850,1767.64852
1986-03-27,0.02658,0.00884,0.00147,14.10306,650.72402,287.48785,359.73665,24,0.00663,0.06262,0.00930,0.00373,0.00187,6.95723,1715.50884
1986-03-28,0.04449,0.03234,0.01997,15.82850,696.95504,292.38429,368.44425,24,0.01708,0.03863,0.05952,0.01872,0.02964,6.51608,1870.73977
1986-03-29,0.05366,0.13047,0.03600,17.91494,723.66651,286.33046,378.66050,24,0.05596,0.06889,0.16930,0.10645,0.07634,4.69199,1723.88090
1986-03-30,0.18156,0.25420,0.04925,19.67582,711.76523,279.23581,395.14532,24,0.11632,0.07442,0.49392,0.16566,0.15653,4.35153,1419.71108
1986-03-31,0.34654,0.33701,0.08202,19.24163,720.03487,249.83836,404.57453,24,0.37594,0.24359,0.50821,0.19112,0.23056,4.34101,1609.48409
1986-10-01,0.78813,0.98555,0.43216,23.53128,278.70846,122.85832,422.56967,24,0.96293,0.82843,0.99813,0.99638,0.69124,1.14215,453.41739
1986-10-02,0.72896,0.97033,0.36429,23.44989,288.91837,159.91192,420.02321,24,0.82619,0.67803,1.00000,0.99630,0.72211,1.00110,555.18384
1986-10-03,0.75913,0.88722,0.23543,23.91228,311.02851,155.01661,419.56869,24,0.87572,0.62770,0.98506,0.95916,0.70655,1.21081,619.80490
1986-10-04,0.89376,0.65898,0.15800,23.69533,336.64705,155.40931,420.54900,24,0.77577,0.83397,0.81376,0.90272,0.39151,0.91695,759.95096
1986-10-05,0.97443,0.66790,0.30814,23.36374,353.65099,84.70902,424.20679,24,0.92765,0.96164,0.43851,0.67308,0.26083,1.15614,618.94907
1986-10-06,0.99095,0.87983,0.50357,23.24715,369.14562,87.41397,423.87091,24,0.98669,0.99847,0.81712,0.92092,0.55252,1.10705,536.95583
1986-10-07,0.99454,0.93205,0.46721,23.25599,401.54864,97.04536,423.38032,24,0.99501,0.98631,0.94953,0.92475,0.63945,1.01128,581.26584
1986-10-08,0.97593,0.95882,0.56698,22.94702,357.02063,88.87503,425.85712,24,0.99458,0.98591,0.93729,0.98208,0.66504,1.00857,548.77915
1986-10-09,0.65820,0.82298,0.40276,22.80279,315.26012,129.21107,414.45556,24,0.91524,0.81581,0.95558,0.94799,0.76064,1.03261,573.34977
1986-10-10,0.44736,0.80199,0.24069,22.95187,343.55174,185.05672,406.54917,24,0.59569,0.51542,0.86714,0.89570,0.60610,1.29943,747.83214
1986-10-11,0.40815,0.85861,0.16881,23.10436,319.83032,179.60789,407.36456,24,0.44164,0.46648,0.98352,0.92924,0.43804,1.30230,719.53868
1986-10-12,0.37072,0.90680,0.16063,23.07742,308.10505,183.99390,406.42853,24,0.53630,0.48782,0.96016,0.97407,0.47458,1.51275,744.56485
1986-10-13,0.36852,0.89008,0.21923,22.93796,319.65737,186.11740,404.58203,24,0.39676,0.38029,0.99453,0.99447,0.57225,1.49453,737.78701
1986-10-14,0.42868,0.90300,0.26532,22.46127,344.61104,185.73584,405.21226,24,0.47332,0.39471,0.98703,0.94395,0.69909,1.32906,742.50330
1986-10-15,0.50609,0.89122,0.32981,22.13776,367.27964,160.34932,407.23212,24,0.62235,0.59425,0.94427,0.98526,0.63483,1.60672,712.43799
1986-10-16,0.37273,0.80544,0.21661,22.62738,370.58872,176.23847,400.75750,24,0.64099,0.50052,0.95747,0.93180,0.65029,1.46945,751.74584
1986-10-17,0.25703,0.58062,0.14561,22.09272,361.37708,200.57219,394.41936,24,0.42860,0.27257,0.92061,0.84472,0.53513,1.70769,818.47170
1986-10-18,0.17865,0.47805,0.09182,22.31289,333.50477,213.56018,391.83764,24,0.30418,0.15444,0.67335,0.75843,0.35190,1.48273,830.33980
1986-10-19,0.15493,0.32191,0.07923,22.13440,351.29365,215.22242,387.87404,24,0.33539,0.16751,0.58935,0.48491,0.43322,1.99288,809.46235
1986-10-20,0.11123,0.17778,0.04283,21.36333,410.09702,224.10827,378.14867,24,0.29359,0.10571,0.35607,0.24547,0.16197,2.00512,900.59401
1986-10-21,0.10156,0.15559,0.03603,20.49313,475.12022,221.57156,373.13968,24,0.27956,0.14959,0.33176,0.26193,0.21756,1.78543,1019.92480
1986-10-22,0.08461,0.07616,0.03323,19.86698,425.18601,227.62907,370.80151,24,0.09196,0.07289,0.12546,0.13186,0.08543,2.90081,979.26423
1986-10-23,0.06090,0.06188,0.02864,20.48320,404.44781,226.24864,371.92879,24,0.16172,0.10934,0.19134,0.04562,0.13760,2.83021,942.17163
1986-10-24,0.04873,0.05668,0.02686,20.47933,375.45352,229.10455,371.07137,24,0.11829,0.03409,0.17989,0.06121,0.11311,2.26767,889.12690
1986-10-25,0.07405,0.08211,0.01909,20.51483,410.21298,221.68470,374.98080,24,0.17251,0.09195,0.17327,0.13802,0.10284,2.55014,965.94057
1986-10-26,0.13222,0.15868,0.02487,19.91128,441.48847,221.64517,369.06663,24,0.18409,0.13647,0.17966,0.10250,0.07270,2.73965,991.01130
1986-10-27,0.19200,0.10741,0.02131,19.05191,448.54682,221.89777,363.74885,24,0.30675,0.19348,0.29343,0.09446,0.10054,2.72012,1049.08389
1986-10-28,0.28380,0.11009,0.02957,18.89757,440.97922,218.44475,364.19131,24,0.30700,0.33994,0.25357,0.10838,0.11841,2.68821,1086.87518
1986-10-29,0.08741,0.06891,0.03286,19.36600,393.30380,221.46830,366.09420,24,0.27439,0.09445,0.19116,0.06667,0.10564,3.27464,1011.63299
1986-10-30,0.19597,0.09946,0.01456,20.05253,374.77616,216.51144,376.81916,24,0.10017,0.12608,0.13260,0.03281,0.10345,2.70158,1005.30066
1986-10-31,0.46669,0.30924,0.03260,20.75031,366.12066,192.66703,387.66027,24,0.54974,0.52709,0.27375,0.24336,0.01293,2.52067,994.57368
1986-11-01,0.59174,0.38709,0.04132,21.14913,358.12148,179.43358,389.91285,24,0.52600,0.55901,0.48426,0.32997,0.18516,1.63213,934.77087
1986-11-02,0.66234,0.39809,0.05071,20.72224,365.08513,168.55941,394.57998,24,0.64371,0.58544,0.50582,0.41601,0.15749,1.85434,959.69734
1986-11-03,0.66434,0.29366,0.04561,20.59312,354.31648,171.64683,394.24747,24,0.85562,0.66276,0.47237,0.32581,0.21211,1.97030,936.13933
1986-11-04,0.61729,0.25561,0.04265,20.97904,355.48551,161.95542,399.16555,24,0.63962,0.58307,0.38658,0.20240,0.15864,1.74896,905.26400
1986-11-05,0.64159,0.66129,0.09583,21.50719,292.87062,125.29185,408.25040,24,0.77847,0.76286,0.38889,0.44969,0.08526,2.26830,603.93381
1986-11-06,0.48992,0.82958,0.12744,21.61752,305.02337,149.49241,402.00118,24,0.67500,0.50909,0.95254,0.91006,0.34914,1.58164,681.99497
1986-11-07,0.63295,0.45327,0.07800,21.20513,378.23307,176.63392,395.22848,24,0.45069,0.35584,0.76580,0.50520,0.33054,1.93558,886.98865
1986-11-08,0.98412,0.44574,0.22845,21.18753,404.68579,88.69771,407.31877,24,0.94706,0.99750,0.27688,0.30683,0.19724,1.64245,636.23699
1986-11-09,0.83409,0.61032,0.35659,20.19383,517.92012,48.90881,405.79431,24,0.96203,0.91979,0.59504,0.73337,0.42402,1.34911,756.85193
1986-11-10,0.30495,0.43334,0.11322,19.53714,349.41590,175.42778,374.61423,24,0.56889,0.31083,0.55014,0.46048,0.28527,1.38213,757.90363
1986-11-11,0.21270,0.36902,0.07703,19.17457,368.62200,178.83767,367.98565,24,0.41656,0.25090,0.55915,0.59516,0.29321,1.80498,891.43690
1986-11-12,0.16687,0.17240,0.03737,18.38533,389.18145,189.54776,361.38205,24,0.24819,0.20235,0.28956,0.19243,0.17511,2.00151,923.65836
1986-11-13,0.15802,0.17937,0.04510,18.43414,358.16492,187.14183,362.12505,24,0.24516,0.15787,0.18806,0.32177,0.10710,2.10334,915.78354
1986-11-14,0.18069,0.26480,0.07425,18.36553,377.38975,185.62469,365.13412,24,0.41033,0.15864,0.41517,0.29331,0.31398,2.05967,887.31118
1986-11-15,0.11343,0.20315,0.04853,18.25563,414.42013,193.76014,361.54199,24,0.26237,0.05469,0.31276,0.24945,0.18146,2.45618,890.00043
1986-11-16,0.17884,0.21685,0.04871,17.78403,455.89004,187.11889,362.96155,24,0.26152,0.14969,0.31909,0.29873,0.18460,2.55612,1046.96478
1986-11-17,0.24709,0.17978,0.05247,17.96439,421.98210,176.38320,366.27138,24,0.30128,0.22296,0.31870,0.18795,0.17621,3.02287,1028.13982
1986-11-18,0.17611,0.17649,0.04359,18.37953,382.70846,170.67905,363.96223,24,0.34253,0.28682,0.32511,0.25551,0.19433,2.67569,907.93585
1986-11-19,0.11860,0.17762,0.04284,18.12383,379.33087,187.91945,358.65189,24,0.21384,0.12814,0.26416,0.20090,0.13982,1.93823,894.16313
1986-11-20,0.16320,0.19637,0.06716,17.67133,388.78109,183.66033,359.03926,24,0.27135,0.13502,0.31298,0.17687,0.17285,2.15940,955.91169
1986-11-21,0.30487,0.22155,0.05708,17.28045,408.11672,175.11879,360.29439,24,0.40933,0.52084,0.40948,0.24075,0.23866,2.58483,1051.96897
1986-11-22,0.21748,0.22010,0.05929,17.15009,428.76394,174.35937,362.15135,24,0.33724,0.24678,0.45239,0.25212,0.17766,2.53957,1031.29000
1986-11-23,0.26734,0.19505,0.07259,16.83744,457.00287,170.37063,360.35546,24,0.32190,0.32356,0.39913,0.18835,0.21429,2.35796,1160.18369
1986-11-24,0.24515,0.18535,0.08053,16.92661,455.70567,178.43226,357.52900,24,0.35921,0.22357,0.39276,0.17397,0.25439,2.71634,1108.31862
1986-11-25,0.19116,0.14642,0.09166,16.69898,439.72913,180.84324,354.47799,24,0.38725,0.19708,0.39763,0.09501,0.30294,2.73508,1122.86859
1986-11-26,0.12318,0.11058,0.07051,16.97052,369.24865,181.48645,352.70359,24,0.41281,0.12156,0.38782,0.09737,0.31999,2.45516,1044.87376
1986-11-27,0.11576,0.09399,0.03804,17.19883,361.39552,184.06405,351.09378,24,0.20594,0.13700,0.17871,0.08573,0.12123,2.01731,994.30661
1986-11-28,0.16307,0.11421,0.04232,16.93916,411.91980,182.73540,348.09464,24,0.29781,0.18959,0.25305,0.07290,0.14265,1.94476,1039.16604
1986-11-29,0.25600,0.06814,0.04126,16.85869,381.43850,188.19733,344.65957,24,0.29414,0.18689,0.20920,0.03801,0.15019,2.29472,976.48224
1986-11-30,0.50892,0.05579,0.02006,16.55338,372.50994,181.47330,346.05355,24,0.52643,0.45779,0.12142,0.08430,0.11228,2.15521,933.65461
1986-12-01,0.48493,0.06021,0.02042,15.84573,453.99422,183.81086,339.70873,24,0.49424,0.36998,0.12210,0.08374,0.04956,2.58268,1027.54056
1986-12-02,0.40868,0.02455,0.01914,15.33486,403.82976,185.31387,334.69755,24,0.56635,0.33027,0.08029,0.01621,0.06378,2.45140,888.27491
1986-12-03,0.14517,0.03829,0.03519,15.79004,318.49128,189.25353,334.73703,24,0.50190,0.15055,0.08990,0.00000,0.08616,2.66928,705.59106
1986-12-04,0.06610,0.06404,0.05274,15.96693,310.52625,188.20320,337.28271,24,0.22479,0.00420,0.19280,0.04046,0.17783,2.44034,787.58312
1986-12-05,0.09044,0.12190,0.07633,15.79559,330.78266,184.66287,339.09737,24,0.36267,0.03062,0.29066,0.13949,0.25531,2.05992,877.10634
1986-12-06,0.06774,0.09008,0.05059,15.46298,346.17215,183.61802,336.78449,24,0.28129,0.04757,0.28993,0.13486,0.21730,2.05158,947.16873
1986-12-07,0.06641,0.03839,0.03190,15.01338,332.48822,186.62285,333.14657,24,0.14703,0.08839,0.11426,0.00929,0.09555,2.41707,925.94759
1986-12-08,0.22288,0.04301,0.03664,14.56452,367.04473,183.76690,334.36797,24,0.20320,0.08265,0.15102,0.00920,0.13989,2.28778,1010.14234
1986-12-09,0.12140,0.02993,0.02225,14.70248,349.97686,184.06467,334.24527,24,0.44673,0.08509,0.05895,0.00546,0.05529,2.60681,1000.38600
1986-12-10,0.33077,0.05898,0.02510,15.61002,332.00332,161.54981,347.01506,24,0.31888,0.44288,0.13027,0.00000,0.12476,2.49188,922.75660
1986-12-11,0.24641,0.19493,0.03419,15.42481,394.08201,166.44416,347.01624,24,0.52500,0.34541,0.31911,0.16711,0.12328,2.35166,1073.73602
1986-12-12,0.12097,0.12551,0.03272,15.09734,406.24613,168.70428,343.17680,24,0.22474,0.16154,0.31843,0.14645,0.12681,2.28784,1062.17649
1986-12-13,0.18844,0.09122,0.01440,16.16279,350.17962,166.48076,352.74486,24,0.15582,0.16373,0.11191,0.10027,0.04903,2.41550,851.35257
1986-12-14,0.42926,0.34782,0.07353,16.81794,252.93929,120.58574,368.25005,24,0.48748,0.55217,0.15167,0.22172,0.00911,2.66880,552.74194
1986-12-15,0.31761,0.46126,0.08557,16.59966,355.46785,145.87347,357.48117,24,0.53118,0.38980,0.72179,0.74304,0.34734,1.34273,816.08691
1986-12-16,0.23525,0.11808,0.03631,14.70325,378.12039,173.01897,337.61509,24,0.43029,0.09671,0.27881,0.14810,0.12105,1.75369,946.27530
1986-12-17,0.27030,0.05335,0.01167,14.24068,329.84607,146.91006,347.90326,24,0.47356,0.28154,0.10266,0.05083,0.03979,2.98174,731.69428
1986-12-18,0.40175,0.02808,0.00189,14.96570,304.34979,173.12635,349.41126,24,0.29737,0.22854,0.08949,0.01460,0.00901,2.65579,714.28071
1986-12-19,0.21766,0.07569,0.00522,15.91584,328.76128,158.98484,353.03659,24,0.48015,0.26526,0.08767,0.04706,0.02571,2.54038,717.20787
1986-12-20,0.33540,0.10976,0.00621,15.61322,403.37423,161.11520,347.47109,24,0.33959,0.37226,0.25795,0.16497,0.03057,1.85495,854.78639
1986-12-21,0.20049,0.13402,0.01697,14.60275,444.34710,165.41643,337.63228,24,0.30342,0.22921,0.10722,0.14025,0.01970,2.10168,927.55370
1986-12-22,0.11180,0.08897,0.02073,12.89168,417.81207,176.46057,321.12351,24,0.15937,0.13295,0.19907,0.10350,0.06498,2.45990,968.09583
1986-12-23,0.03993,0.03332,0.00969,12.75813,392.93271,183.56328,318.03821,24,0.04756,0.01780,0.07646,0.03277,0.03480,3.03622,930.21208
1986-12-24,0.21260,0.02443,0.01451,13.28181,361.59823,183.31781,323.51454,24,0.11877,0.01560,0.05073,0.01623,0.03274,2.76795,898.40650
1986-12-25,0.54965,0.01506,0.01077,13.70006,304.40162,155.92234,338.34071,24,0.55489,0.70286,0.05531,0.00375,0.05353,2.98243,729.32741
1986-12-26,0.24092,0.01332,0.00595,13.38982,356.10329,182.88580,326.81022,24,0.30546,0.28873,0.04004,0.00542,0.02743,2.64195,858.22349
1986-12-27,0.69094,0.00630,0.00607,13.94506,306.59660,183.96632,332.61983,24,0.46023,0.44686,0.03311,0.00000,0.02946,2.95243,740.30826
1986-12-28,0.84405,0.01895,0.00221,14.59105,300.51490,122.39818,358.94399,24,0.91442,0.99102,0.00737,0.00000,0.00737,2.79082,547.53111
1986-12-29,0.10157,0.06976,0.00646,13.06252,438.27001,178.97099,326.41336,24,0.21334,0.10074,0.05660,0.13746,0.00716,2.08737,951.78389
1986-12-30,0.12973,0.05563,0.01479,12.18032,492.47226,174.51154,324.73727,24,0.16004,0.16548,0.12326,0.04872,0.03058,3.01416,1143.98726
1986-12-31,0.13484,0.08194,0.01133,11.41740,585.93981,170.34991,319.16144,24,0.16479,0.20408,0.07485,0.03615,0.03080,3.33433,1187.63010
1987-01-01,0.11590,0.10088,0.02370,10.50650,497.36196,182.31907,310.75219,24,0.16365,0.11478,0.17074,0.08322,0.06705,3.19989,1066.31643
1987-01-02,0.08436,0.06640,0.01141,10.44651,489.97003,181.59221,310.64018,24,0.15322,0.10015,0.16205,0.03798,0.07379,2.95101,1139.36227
1987-01-03,0.02963,0.03645,0.00864,9.89879,476.70064,186.94340,303.62104,24,0.05225,0.05852,0.09228,0.04323,0.01445,3.34458,1068.04883
1987-01-04,0.00965,0.00852,0.00762,10.72927,401.62114,192.77740,306.37279,24,0.05538,0.00031,0.03618,0.00180,0.03260,3.70061,862.47016
1987-01-05,0.01749,0.00949,0.00830,11.67078,328.81308,192.35794,311.89106,24,0.02809,0.00292,0.01264,0.00180,0.01264,3.04182,776.91264
1987-01-06,0.01020,0.01428,0.01263,12.30136,297.81383,192.78639,314.83754,24,0.04540,0.00162,0.05506,0.00000,0.05149,3.03396,782.97686
1987-01-07,0.46665,0.01407,0.00959,13.19628,244.01395,182.62933,332.65009,24,0.04629,0.48584,0.07189,0.00920,0.07189,2.61999,663.43815
1987-01-08,0.22025,0.03014,0.00336,14.30094,284.33761,174.37550,345.95081,24,0.36467,0.25086,0.00928,0.02989,0.00554,2.67580,806.36408
1987-01-09,0.27422,0.09108,0.01945,14.68656,297.70488,171.96853,345.38120,24,0.25892,0.20255,0.15469,0.16565,0.04603,2.15418,837.60682
1987-01-10,0.22254,0.02317,0.00685,14.75023,328.79686,178.00999,343.26274,24,0.41020,0.11760,0.08304,0.02183,0.03708,2.74147,909.18758
1987-01-11,0.46870,0.01054,0.00658,14.89836,270.66262,156.02791,353.30708,24,0.48397,0.42402,0.00359,0.00000,0.00180,2.80227,683.50176
1987-01-12,0.29867,0.07126,0.04733,14.20786,286.57207,131.91013,348.06830,24,0.74259,0.51821,0.06059,0.02725,0.04776,3.17439,529.10076
1987-01-13,0.05425,0.04608,0.02719,13.59324,338.23722,190.15285,330.13492,24,0.18303,0.05076,0.17094,0.02165,0.14579,2.50717,782.02571
1987-01-14,0.13286,0.04880,0.00444,13.55614,394.73090,191.59373,333.33971,24,0.04714,0.03424,0.04508,0.00898,0.01992,2.29699,987.10655
1987-01-15,0.09993,0.05097,0.00698,13.66911,429.84732,180.88125,333.57482,24,0.18563,0.17100,0.09694,0.08093,0.00538,2.80166,1037.38596
1987-01-16,0.01794,0.01401,0.00339,12.34414,420.20913,200.37500,318.52971,24,0.04569,0.01514,0.05261,0.01652,0.01982,2.65856,1058.58023
1987-01-17,0.02941,0.01517,0.00783,12.71552,363.24240,201.11729,323.96759,24,0.03938,0.01665,0.01081,0.00179,0.00902,3.03516,966.79250
1987-01-18,0.12176,0.04855,0.01360,13.63918,365.49108,194.33067,336.09567,24,0.09911,0.21289,0.05104,0.01980,0.03846,3.03933,950.29155
1987-01-19,0.10719,0.03917,0.00722,13.71905,426.94602,193.44789,330.67912,24,0.16930,0.12068,0.07936,0.00900,0.03067,2.69270,1059.25784
1987-01-20,0.09105,0.04282,0.00713,11.96117,436.78620,199.19096,318.30641,24,0.11434,0.11342,0.05935,0.01803,0.02702,3.09266,918.58180
1987-01-21,0.15601,0.04321,0.01237,11.80145,429.96292,201.56710,314.81460,24,0.20513,0.17398,0.07053,0.02344,0.02883,2.63529,908.64686
1987-01-22,0.28458,0.01863,0.00570,13.02019,391.55760,202.23368,320.49488,24,0.19118,0.24178,0.06657,0.00901,0.03060,2.16281,845.62286
1987-01-23,0.06405,0.00833,0.00480,13.44315,364.37136,206.67982,319.83234,24,0.07671,0.04592,0.01989,0.00180,0.01263,2.08152,783.83622
1987-01-24,0.02251,0.01426,0.00594,12.47838,391.95053,208.89347,316.00015,24,0.06209,0.03306,0.01632,0.01084,0.01272,2.69798,815.69055
1987-01-25,0.00978,0.01104,0.00573,12.62147,392.75999,210.92755,315.77069,24,0.02763,0.00463,0.04507,0.00363,0.03430,3.42818,887.62379
1987-01-26,0.03126,0.00948,0.00713,12.47255,395.41252,211.37421,320.59827,24,0.04941,0.01225,0.02383,0.00000,0.01842,3.07460,982.48976
1987-01-27,0.06646,0.02107,0.00767,12.80718,411.62754,207.98655,326.87995,24,0.10836,0.03602,0.05720,0.00000,0.05345,3.16218,1070.20456
1987-01-28,0.10300,0.03986,0.00406,12.47662,468.98981,200.34175,331.03106,24,0.11528,0.12758,0.09409,0.01302,0.02204,3.40045,1264.69832
1987-01-29,0.10963,0.03113,0.00493,12.91952,442.22126,195.77312,333.04514,24,0.15084,0.12514,0.06971,0.01839,0.01482,3.09144,1260.57607
1987-01-30,0.06781,0.02175,0.00941,13.45111,409.34817,204.56233,333.69795,24,0.12840,0.07270,0.07364,0.02244,0.04813,3.11404,1189.60777
1987-01-31,0.03895,0.00596,0.00146,13.26924,402.95529,211.24876,330.63446,24,0.03866,0.03645,0.01629,0.00000,0.00372,2.54539,1166.00190
1987-02-01,0.53175,0.00753,0.00084,13.29125,401.86573,204.95584,339.10739,24,0.09280,0.63394,0.00907,0.00000,0.00184,3.02080,1202.43422
1987-02-02,0.59699,0.01185,0.00205,13.81312,399.49765,152.80566,350.81961,24,0.62674,0.71993,0.01623,0.00000,0.00360,3.61452,1037.85556
1987-02-03,0.67317,0.10359,0.00935,15.17136,386.77780,99.01523,362.58241,24,0.69073,0.88096,0.06112,0.07825,0.02190,3.12569,787.08365
1987-02-04,0.33788,0.23474,0.05166,15.58969,391.68488,184.30423,352.17262,24,0.32096,0.29627,0.17761,0.21600,0.01831,1.94303,913.52649
1987-02-05,0.19223,0.30477,0.08527,14.11648,429.54790,195.38619,336.86331,24,0.35156,0.20785,0.33862,0.53931,0.15553,1.80322,922.63536
1987-02-06,0.06879,0.09611,0.05626,13.25117,499.80817,216.24972,326.66522,24,0.28273,0.09464,0.38405,0.07403,0.30373,2.92959,1143.25067
1987-02-07,0.00841,0.01578,0.01168,13.38789,394.17243,226.35700,323.59614,24,0.02572,0.00087,0.03277,0.00000,0.02205,2.89532,978.99653
1987-02-08,0.01969,0.02483,0.01430,12.99355,408.31625,227.16863,323.36464,24,0.02598,0.00250,0.06078,0.00181,0.05542,2.96086,1087.26803
1987-02-09,0.15122,0.02641,0.01317,12.84982,510.72749,222.15818,331.24400,24,0.10147,0.05384,0.09959,0.00180,0.06467,4.09238,1352.27702
1987-02-10,0.20266,0.01383,0.00136,12.54488,607.16526,198.83410,335.85350,24,0.30325,0.29316,0.04921,0.00919,0.00726,3.74045,1618.88451
1987-02-11,0.03663,0.01281,0.00673,12.62265,477.18873,225.89957,328.94776,24,0.05780,0.02027,0.02739,0.00000,0.02010,3.67330,1337.38406
1987-02-12,0.04400,0.01784,0.00919,13.23824,457.68723,227.24832,332.01261,24,0.02054,0.03056,0.04949,0.00360,0.02584,3.58860,1289.29395
1987-02-13,0.03128,0.01439,0.01229,14.15419,444.04074,229.28294,335.42799,24,0.08864,0.01515,0.05163,0.00000,0.04441,3.41931,1237.77884
1987-02-14,0.02144,0.01474,0.01184,14.48611,419.21262,232.23812,337.58812,24,0.04824,0.00383,0.04445,0.00000,0.04267,3.11083,1162.94381
1987-02-15,0.05081,0.02746,0.01208,14.93097,462.38552,229.69524,341.47968,24,0.05222,0.05153,0.05349,0.00000,0.04635,3.29654,1255.10303
1987-02-16,0.11856,0.02228,0.01511,15.08901,496.21662,227.40409,344.10305,24,0.08832,0.06936,0.10309,0.00367,0.08688,2.65561,1294.74586
1987-02-17,0.09345,0.01681,0.00952,15.07962,493.42593,228.79641,347.68419,24,0.14032,0.05028,0.07720,0.00361,0.06642,3.24116,1263.12205
1987-02-18,0.23913,0.00760,0.00467,15.71204,483.16545,225.57300,352.87566,24,0.16689,0.14847,0.02579,0.00000,0.02396,3.31104,1199.48983
1987-02-19,0.07818,0.00682,0.00291,15.31167,487.62429,230.52404,347.27639,24,0.15293,0.06943,0.03285,0.00000,0.02024,2.63290,1239.78677
1987-02-20,0.03581,0.00449,0.00082,14.06266,487.08092,239.54291,335.21080,24,0.06251,0.08337,0.01087,0.00179,0.00363,3.04246,1325.07945
1987-02-21,0.05967,0.00343,0.00090,14.09049,452.06513,241.64425,338.73945,24,0.00670,0.04528,0.00716,0.00000,0.00716,3.85352,1261.74643
1987-02-22,0.05338,0.00775,0.00129,15.24945,498.99341,234.37006,351.39582,24,0.04032,0.05505,0.00357,0.00000,0.00000,3.64809,1290.89455
1987-02-23,0.05022,0.00757,0.00068,15.62513,495.15135,235.30420,351.99841,24,0.04575,0.07657,0.00897,0.00000,0.00357,3.20007,1383.94542
1987-02-24,0.04332,0.00502,0.00092,15.59245,482.10784,242.03015,351.32324,24,0.04215,0.03481,0.01639,0.00000,0.00920,3.73561,1323.18786
1987-02-25,0.03759,0.00314,0.00037,15.40225,507.27362,242.98584,352.95424,24,0.02441,0.03688,0.00536,0.00000,0.00000,4.00099,1361.90656
1987-02-26,0.09306,0.00383,0.00054,15.94648,555.92065,242.41436,359.84054,24,0.02338,0.05274,0.01079,0.00000,0.00179,3.83256,1487.93936
1987-02-27,0.29042,0.07020,0.00843,16.39711,432.86680,202.34342,366.20461,24,0.32292,0.49617,0.00554,0.02614,0.00374,4.03874,1001.57439
1987-02-28,0.17120,0.09761,0.00684,16.17306,526.45351,219.66023,362.23459,24,0.18386,0.19646,0.13220,0.14831,0.03971,3.01547,1289.07039
1987-03-01,0.29121,0.06611,0.00120,15.18051,537.95496,223.99024,359.06954,24,0.16367,0.25660,0.19138,0.07097,0.01077,2.78744,1405.75456
1987-03-02,0.31845,0.02965,0.00302,13.97738,570.71819,226.16941,350.90100,24,0.20185,0.27321,0.11164,0.04459,0.00000,3.68267,1602.37750
1987-03-03,0.24157,0.00837,0.00186,13.51573,599.14814,238.94261,343.06243,24,0.12604,0.19647,0.02605,0.01310,0.02426,4.14755,1658.40338
1987-03-04,0.45831,0.02630,0.00144,14.11563,588.45394,232.84999,351.36642,24,0.58869,0.47056,0.02053,0.00558,0.00186,3.86243,1612.95832
1987-03-05,0.11797,0.01155,0.00173,14.32442,574.12397,241.53128,349.00346,24,0.22719,0.15578,0.02201,0.02241,0.00894,3.92818,1635.83658
1987-03-06,0.34177,0.00357,0.00138,14.79380,630.89113,247.72073,353.51593,24,0.03706,0.25875,0.00923,0.00000,0.00737,3.79079,1611.79236
1987-03-07,0.18150,0.02266,0.00286,16.21077,633.32794,234.33839,361.93455,24,0.34500,0.22505,0.00737,0.00186,0.00000,4.19688,1518.66916
1987-03-08,0.19607,0.17897,0.03820,17.44188,596.09950,242.91591,366.87078,24,0.10953,0.16529,0.03077,0.11317,0.00736,2.70357,1201.76436
1987-03-09,0.47039,0.31335,0.09332,18.54021,545.35003,226.12566,372.82103,24,0.21017,0.47606,0.46857,0.31021,0.25683,2.66391,1137.48218
1987-03-10,0.62653,0.39653,0.07940,18.02752,491.79879,225.89854,373.80475,24,0.40353,0.60028,0.44306,0.34292,0.27710,2.23681,1046.28966
1987-03-11,0.75273,0.43186,0.09152,17.91350,516.72879,213.71433,378.85586,24,0.84250,0.65646,0.63529,0.49941,0.24722,2.18859,1149.72562
1987-03-12,0.58509,0.60946,0.20993,17.25784,421.60224,183.32636,377.76043,24,0.82164,0.58130,0.57727,0.52681,0.31831,2.15198,857.25428
1987-03-13,0.29033,0.50242,0.10517,17.98242,454.39385,212.38303,370.72209,24,0.46454,0.40413,0.82492,0.64797,0.48347,2.51001,1031.33229
1987-03-14,0.21109,0.19197,0.01549,17.36215,467.71350,234.27053,362.76321,24,0.25930,0.25197,0.46600,0.26915,0.10494,2.05542,1103.01445
1987-03-15,0.18518,0.23760,0.02697,17.73577,526.17850,242.98202,363.66476,24,0.25861,0.26274,0.22358,0.33356,0.05109,2.17451,1326.23865
1987-03-16,0.30939,0.30581,0.04960,18.84440,553.92764,236.50554,375.01479,24,0.14089,0.30776,0.37380,0.35009,0.11127,2.09871,1299.82385
1987-03-17,0.30800,0.48237,0.12868,20.17401,570.13416,228.38563,386.36275,24,0.36205,0.33257,0.53349,0.40575,0.16220,1.72506,1169.78240
1987-03-18,0.25188,0.52349,0.18116,19.62360,556.17338,231.10769,382.01947,24,0.34269,0.29783,0.64982,0.47341,0.29546,1.97909,1186.16788
1987-03-19,0.18835,0.41051,0.14754,18.62672,541.54722,247.52553,370.97462,24,0.38569,0.14483,0.69225,0.53294,0.43114,2.68027,1206.06305
1987-03-20,0.21539,0.36456,0.08753,18.91745,590.50499,254.50422,376.53020,24,0.33907,0.16280,0.68914,0.33611,0.40097,2.54544,1266.17620
1987-03-21,0.17419,0.42864,0.11504,19.06057,581.58315,248.60190,376.75560,24,0.21917,0.20966,0.60678,0.41593,0.35108,2.71263,1283.38136
1987-03-22,0.19044,0.32367,0.09218,19.67356,535.78374,248.18206,377.80118,24,0.31911,0.24324,0.66670,0.36775,0.35261,2.02767,1246.70875
1987-03-23,0.17730,0.21978,0.06746,19.79331,538.58197,250.64851,378.66114,24,0.29609,0.20730,0.60713,0.23901,0.41951,2.49989,1296.40470
1987-03-24,0.14389,0.10183,0.03464,19.83678,489.06411,259.32450,377.16695,24,0.19882,0.17027,0.20651,0.06509,0.12034,2.89213,1214.39584
1987-03-25,0.16029,0.04769,0.02811,19.64441,490.97279,266.52668,375.09205,24,0.13782,0.13868,0.16430,0.02344,0.12654,3.11730,1345.47611
1987-03-26,0.32303,0.02100,0.01282,19.23823,528.75865,276.98727,373.16813,24,0.31550,0.27651,0.09639,0.01077,0.08206,2.84150,1383.78695
1987-03-27,0.52409,0.02704,0.01051,19.04992,577.71726,264.79312,381.06180,24,0.32800,0.63695,0.03501,0.01455,0.02607,4.03394,1360.35631
1987-03-28,0.20081,0.12298,0.02183,18.99744,643.98288,269.39422,381.08248,24,0.14802,0.16260,0.14153,0.08924,0.07849,5.00842,1514.77366
1987-03-29,0.18504,0.16404,0.01719,20.24083,581.65579,268.88790,385.86283,24,0.18278,0.15527,0.35624,0.18995,0.14830,2.87382,1177.77971
1987-03-30,0.45762,0.28523,0.04176,21.11320,556.11733,252.19540,392.66517,24,0.36008,0.47977,0.29965,0.22090,0.07032,2.78961,1200.84425
1987-03-31,0.51793,0.49465,0.07168,21.70785,573.79407,240.81019,396.94264,24,0.57524,0.59030,0.72488,0.46107,0.27146,2.02394,1115.85224
1987-10-01,0.43644,0.68377,0.15350,24.32008,333.30988,206.06054,412.12861,24,0.73480,0.57581,0.89451,0.84365,0.58168,1.51237,720.05985
1987-10-02,0.24221,0.46347,0.11277,23.94777,360.21084,220.62625,405.26340,24,0.46049,0.27493,0.72973,0.58572,0.42586,1.36263,846.21323
1987-10-03,0.16703,0.30965,0.07763,23.42270,381.88355,227.98511,397.74650,24,0.30151,0.22878,0.54934,0.37061,0.29757,1.39694,928.70538
1987-10-04,0.25648,0.26295,0.05070,23.28996,358.77668,231.45716,398.96243,24,0.27926,0.35614,0.39241,0.31774,0.24198,1.88023,859.33395
1987-10-05,0.40310,0.37182,0.07743,23.80183,333.94952,215.51461,406.82850,24,0.47624,0.64400,0.34178,0.40253,0.15413,2.20218,814.17124
1987-10-06,0.33187,0.47707,0.07825,23.92680,335.32904,209.37576,411.64690,24,0.41559,0.43643,0.53931,0.52052,0.23472,1.75853,789.51321
1987-10-07,0.34080,0.44181,0.07069,23.70193,344.14031,214.23510,411.15271,24,0.44832,0.30226,0.46648,0.40386,0.20603,1.63668,833.92353
1987-10-08,0.58028,0.74919,0.14298,23.49038,323.07364,196.64706,414.78346,24,0.60807,0.55473,0.59925,0.78856,0.16039,1.27597,730.46766
1987-10-09,0.59401,0.88589,0.20500,23.35390,301.30190,176.26601,415.29548,24,0.69889,0.58555,0.95668,0.94450,0.55458,1.40613,713.46154
1987-10-10,0.44668,0.84946,0.22157,23.50119,307.13608,180.70218,412.29639,24,0.74649,0.59202,0.95446,0.98343,0.61140,1.42602,694.94040
1987-10-11,0.31105,0.70300,0.16062,23.23940,335.46690,199.31365,404.70781,24,0.54612,0.43583,0.84001,0.82564,0.57337,1.25398,797.14064
1987-10-12,0.16508,0.38318,0.07638,22.91329,387.99504,214.68922,397.35216,24,0.41464,0.22504,0.70627,0.62086,0.39862,1.70797,912.27358
1987-10-13,0.10126,0.22187,0.03608,22.81339,393.98715,220.72077,394.72003,24,0.20196,0.16491,0.41756,0.42529,0.16553,1.77576,947.47626
1987-10-14,0.32754,0.18767,0.03518,23.21642,350.28198,223.20095,396.41301,24,0.19927,0.20451,0.25271,0.21045,0.12876,2.28582,871.27323
1987-10-15,0.87358,0.38464,0.05731,23.56579,331.58852,190.89665,409.01848,24,0.70654,0.84983,0.43736,0.29877,0.21462,1.74256,819.33600
1987-10-16,0.61478,0.61885,0.08983,23.92786,334.58888,199.18553,414.02012,24,0.84793,0.60620,0.61591,0.69396,0.17558,1.37559,785.94805
1987-10-17,0.38438,0.59585,0.07193,24.21140,375.73866,196.46454,417.02818,24,0.60772,0.49532,0.73800,0.81773,0.32676,1.59887,858.49982
1987-10-18,0.20171,0.52961,0.06153,24.11522,392.64918,199.52935,415.91557,24,0.36603,0.26384,0.60711,0.60975,0.16967,1.75701,833.50792
1987-10-19,0.48493,0.66114,0.10465,24.06055,436.30973,190.62273,416.54100,24,0.29729,0.41801,0.70553,0.71395,0.24032,2.00116,865.70969
1987-10-20,0.63323,0.85406,0.35890,22.88896,379.09805,134.22516,412.44622,24,0.62092,0.78255,0.95609,0.98156,0.47532,1.81584,640.98826
1987-10-21,0.21863,0.38320,0.12479,19.93726,493.79265,209.85089,376.78927,24,0.57644,0.23886,0.79615,0.50390,0.62237,1.32534,1042.42500
1987-10-22,0.07706,0.12844,0.03058,18.50873,563.68762,226.80384,358.99322,24,0.19167,0.12120,0.27708,0.13151,0.12050,3.96363,1173.50498
1987-10-23,0.03807,0.05378,0.02509,18.45697,502.10787,232.86917,355.88195,24,0.07861,0.03647,0.13648,0.07457,0.09121,3.22736,1071.59627
1987-10-24,0.08025,0.12796,0.04298,20.04978,425.90994,229.49001,368.24404,24,0.16366,0.06078,0.15071,0.10090,0.14333,3.56360,998.74583
1987-10-25,0.12136,0.23030,0.04160,21.14306,397.53726,218.08574,379.04694,24,0.28661,0.17118,0.45572,0.17049,0.16365,2.23230,975.63347
1987-10-26,0.13442,0.17987,0.03429,21.04553,365.80689,217.03175,377.80067,24,0.18295,0.17759,0.31978,0.18933,0.11390,2.14147,946.23639
1987-10-27,0.13698,0.20152,0.06047,20.72483,375.22720,212.54989,376.52907,24,0.25964,0.13383,0.33276,0.18509,0.12122,1.94983,922.05965
1987-10-28,0.08321,0.14987,0.04265,19.89375,426.27858,219.42584,368.16909,24,0.20290,0.08204,0.28301,0.19392,0.17662,2.27735,992.15426
1987-10-29,0.11226,0.10255,0.02650,18.99060,456.23462,213.25531,367.00129,24,0.19828,0.13626,0.27427,0.09144,0.11359,2.97356,1096.01022
1987-10-30,0.17914,0.11122,0.03557,19.35542,441.23695,202.06370,370.07503,24,0.28642,0.17574,0.23585,0.09189,0.13747,2.92617,1092.48517
1987-10-31,0.51183,0.12525,0.02714,19.40273,419.14693,205.70968,369.54641,24,0.33849,0.49543,0.16053,0.09877,0.07953,2.95793,1038.24437
1987-11-01,0.69273,0.17390,0.03634,20.20979,353.06758,188.95229,381.72351,24,0.53081,0.65375,0.21598,0.19761,0.07756,2.39324,864.85406
1987-11-02,0.96100,0.08718,0.01902,20.28875,349.09152,187.93376,383.02059,24,0.97965,0.97567,0.17649,0.17418,0.10083,2.46802,831.75669
1987-11-03,0.91264,0.03088,0.01579,20.13244,363.14531,171.29639,388.81233,24,0.95119,0.83467,0.04419,0.01303,0.03682,2.67156,845.11687
1987-11-04,0.78437,0.04226,0.01082,20.28998,285.49186,120.32926,396.38085,24,0.95075,0.83491,0.06704,0.02792,0.03724,2.78566,530.11947
1987-11-05,0.16500,0.12585,0.04626,19.87304,327.50356,198.27612,376.04955,24,0.32588,0.11923,0.10879,0.12370,0.02549,1.88536,793.17661
1987-11-06,0.25368,0.11817,0.03413,19.30625,383.06997,207.89655,368.52195,24,0.17006,0.16887,0.19914,0.12903,0.14958,1.96286,971.03110
1987-11-07,0.43297,0.07064,0.03403,19.26525,372.88859,204.89898,366.49645,24,0.36274,0.33461,0.13998,0.06654,0.08647,2.85461,946.94964
1987-11-08,0.43415,0.09070,0.02957,19.67639,315.33871,192.41496,370.72629,24,0.57539,0.39455,0.10535,0.04470,0.09973,2.05775,786.69982
1987-11-09,0.15078,0.07812,0.03126,19.76338,305.61044,199.07109,372.64653,24,0.26273,0.06918,0.15038,0.08184,0.05318,2.21012,822.05794
1987-11-10,0.16197,0.04229,0.01377,19.74934,328.30605,204.10465,370.00068,24,0.24538,0.12601,0.12256,0.07461,0.09905,2.83759,884.32465
1987-11-11,0.27365,0.01562,0.00315,19.50132,350.14235,204.25319,368.66904,24,0.19861,0.15192,0.04307,0.01446,0.01979,2.59357,880.67023
1987-11-12,0.80015,0.14950,0.03457,20.46385,283.61636,154.96744,396.24297,24,0.52965,0.70175,0.02996,0.09162,0.00000,2.84652,692.33217
1987-11-13,0.89109,0.41116,0.12606,21.01544,260.20028,100.39150,411.27428,24,0.95449,0.90315,0.23104,0.32199,0.08183,2.63285,580.54570
1987-11-14,0.84317,0.54026,0.14158,21.41842,246.89798,115.79486,408.68784,24,0.87301,0.86510,0.56940,0.50658,0.24846,1.56450,533.28086
1987-11-15,0.70687,0.62009,0.22254,21.23845,247.44935,92.29094,404.65095,24,0.84466,0.90699,0.53725,0.67342,0.17892,1.47351,452.30809
1987-11-16,0.28194,0.42480,0.15715,20.10806,331.07474,168.52893,383.05115,24,0.51644,0.29273,0.58906,0.51493,0.33999,1.25518,719.42770
1987-11-17,0.18357,0.21467,0.06549,18.71951,393.30170,178.22334,371.84000,24,0.43686,0.25420,0.43354,0.30327,0.26758,2.19576,979.25124
1987-11-18,0.16307,0.10830,0.03732,17.58905,425.43770,188.22024,362.06952,24,0.17291,0.10830,0.24961,0.12403,0.14095,2.85142,1060.05424
1987-11-19,0.16111,0.11481,0.03038,17.62591,415.78422,184.56183,367.08886,24,0.26522,0.12726,0.18956,0.08989,0.12641,3.24536,1009.56365
1987-11-20,0.15590,0.12636,0.02501,17.75708,424.75589,173.53476,366.68549,24,0.33177,0.18681,0.27363,0.18440,0.10238,2.67833,995.77686
1987-11-21,0.14906,0.06929,0.02792,16.93763,447.63116,195.14259,345.62187,24,0.19809,0.08390,0.15164,0.04922,0.07210,2.60638,1000.44822
1987-11-22,0.22622,0.07016,0.04416,17.52515,362.43689,192.42766,348.98703,24,0.37074,0.33941,0.09536,0.02417,0.08992,2.57835,830.24090
1987-11-23,0.30677,0.19884,0.05727,18.30436,359.64921,190.52737,359.00162,24,0.24304,0.06986,0.27895,0.13134,0.18755,2.36121,874.66982
1987-11-24,0.41965,0.24356,0.05897,18.23200,412.84907,181.98022,362.45124,24,0.67522,0.55795,0.39468,0.26507,0.17458,1.93298,1044.15685
1987-11-25,0.19960,0.19993,0.05901,17.72924,430.90587,181.33385,359.28647,24,0.43945,0.27646,0.48594,0.24253,0.19587,2.46907,1066.51273
1987-11-26,0.06208,0.13068,0.04422,17.24677,416.92776,190.76273,350.27217,24,0.18608,0.03310,0.28315,0.09933,0.18144,2.58726,914.30156
1987-11-27,0.04564,0.10708,0.03103,15.65325,413.94807,191.81007,340.80932,24,0.13498,0.01916,0.30966,0.13463,0.11125,2.49776,878.44833
1987-11-28,0.05619,0.05123,0.02885,15.49531,368.67729,193.36649,335.59055,24,0.13531,0.08518,0.17002,0.02177,0.13387,3.07452,840.02345
1987-11-29,0.07102,0.04312,0.02613,15.22665,365.14762,192.76193,337.07045,24,0.11017,0.02162,0.11061,0.04169,0.07994,3.37903,916.23757
1987-11-30,0.25510,0.03609,0.02879,15.52396,333.85948,192.26427,338.43847,24,0.28217,0.05066,0.10016,0.03642,0.09837,3.12604,863.37918
1987-12-01,0.51989,0.04692,0.03186,16.07539,306.73870,188.60891,345.19676,24,0.58236,0.65789,0.08945,0.02172,0.07677,3.11278,845.37390
1987-12-02,0.65428,0.09016,0.03521,16.45581,311.89562,181.94864,349.85270,24,0.53684,0.66683,0.20161,0.06451,0.15428,2.27076,879.67627
1987-12-03,0.52309,0.11773,0.03112,16.38729,336.84774,178.06463,350.02523,24,0.60221,0.68322,0.23482,0.12303,0.11016,2.03549,936.98844
1987-12-04,0.46045,0.12713,0.02884,16.16941,358.77686,173.60353,348.86763,24,0.81427,0.56519,0.21270,0.12954,0.10593,2.42587,995.69371
1987-12-05,0.23413,0.13039,0.03396,15.71746,394.17214,174.58588,348.71108,24,0.44116,0.29354,0.24288,0.11113,0.09763,2.29996,1054.51907
1987-12-06,0.30401,0.14190,0.02760,15.74237,396.99274,173.09442,347.26719,24,0.35159,0.44326,0.17678,0.05997,0.09521,2.34544,1145.18948
1987-12-07,0.27844,0.16710,0.02229,15.67599,418.38323,168.65637,345.75400,24,0.32401,0.19630,0.34497,0.10903,0.12868,2.24791,1120.15484
1987-12-08,0.26363,0.27772,0.04020,16.21286,352.05207,164.03118,354.30952,24,0.31658,0.29227,0.26205,0.24320,0.03655,2.28174,934.14113
1987-12-09,0.18386,0.20964,0.04548,16.37093,326.64043,168.60014,348.10079,24,0.25219,0.25875,0.44692,0.27806,0.19179,1.71107,897.02030
1987-12-10,0.15184,0.07742,0.02872,15.20133,358.52617,180.29008,338.20657,24,0.30339,0.15255,0.22708,0.05148,0.11765,2.70234,967.71472
1987-12-11,0.11551,0.07344,0.03405,14.95536,348.94420,179.61380,339.67591,24,0.16453,0.11536,0.12657,0.06622,0.07505,3.12644,945.38254
1987-12-12,0.37735,0.22717,0.03980,16.29432,423.28267,165.59053,362.38264,24,0.28386,0.20271,0.27184,0.13104,0.14176,2.48638,1055.73674
1987-12-13,0.73111,0.62511,0.17409,17.40797,416.89904,66.44016,385.35342,24,0.73658,0.90029,0.67564,0.71479,0.16806,2.35457,638.33340
1987-12-14,0.32733,0.42562,0.12630,15.82216,424.68462,139.74302,349.62964,24,0.48248,0.45174,0.50736,0.47751,0.22816,1.76715,867.29147
1987-12-15,0.12642,0.21648,0.05865,15.70421,384.27145,176.74449,335.27995,24,0.29418,0.10205,0.49878,0.26727,0.22007,2.02586,829.94352
1987-12-16,0.20989,0.16644,0.04295,15.70854,332.89870,176.48018,342.86735,24,0.28353,0.12964,0.26855,0.17291,0.12514,1.84653,807.65209
1987-12-17,0.40064,0.12778,0.01358,15.40498,351.74368,165.16794,350.88989,24,0.44532,0.40029,0.31844,0.09274,0.11915,2.18898,954.56197
1987-12-18,0.38765,0.14373,0.02606,15.14745,375.87287,155.97575,349.27849,24,0.42093,0.56722,0.22379,0.06740,0.01084,2.58141,945.87343
1987-12-19,0.49004,0.05416,0.03571,14.94787,397.07276,173.41268,340.50259,24,0.39536,0.45926,0.22677,0.06751,0.16667,2.52720,1042.73350
1987-12-20,0.54907,0.02754,0.01273,15.02285,312.81961,174.74017,343.96457,24,0.56853,0.61965,0.08465,0.01289,0.08092,2.68490,867.56339
1987-12-21,0.14830,0.02957,0.00939,14.96604,273.87794,174.56808,344.35599,24,0.37201,0.18955,0.06876,0.00187,0.02392,2.70305,766.30363
1987-12-22,0.02254,0.02935,0.02639,14.55575,283.09156,183.51532,335.13003,24,0.08233,0.00011,0.08860,0.00181,0.07952,2.63501,753.53982
1987-12-23,0.03334,0.03167,0.01880,13.81063,326.23517,183.60139,330.32133,24,0.06106,0.00863,0.07786,0.01278,0.07786,2.18442,858.61866
1987-12-24,0.07730,0.02931,0.01907,13.25015,440.49894,180.02034,329.86322,24,0.12011,0.08287,0.10321,0.00000,0.08505,3.04808,1146.48633
1987-12-25,0.02465,0.02150,0.01854,13.89566,394.78194,183.84572,326.55048,24,0.10324,0.01544,0.06997,0.00000,0.06443,2.81401,924.34285
1987-12-26,0.01861,0.02079,0.02033,13.86505,297.65527,186.09118,323.68571,24,0.04914,0.00909,0.08658,0.00000,0.08658,2.46459,712.84100
1987-12-27,0.01192,0.01188,0.01181,13.65619,283.30763,187.34002,321.48173,24,0.06652,0.00066,0.05899,0.00000,0.05899,2.17950,723.46496
1987-12-28,0.01853,0.01560,0.00843,13.09590,345.00992,187.93484,318.36015,24,0.06785,0.00108,0.03844,0.00000,0.03844,2.89520,815.62329
1987-12-29,0.02136,0.00742,0.00577,12.49355,369.94346,189.16585,315.55893,24,0.09948,0.01749,0.03418,0.00000,0.01624,2.71928,850.15187
1987-12-30,0.01903,0.02617,0.01962,12.92442,331.41929,188.50872,320.68732,24,0.06852,0.00042,0.03972,0.00179,0.03972,2.59240,789.22864
1987-12-31,0.03350,0.01868,0.01391,13.35541,323.88824,186.55984,324.07356,24,0.03188,0.01320,0.05476,0.00357,0.03868,2.18091,826.32742
1988-01-01,0.11110,0.01695,0.01549,13.25688,337.17720,187.20159,325.39865,24,0.14042,0.03993,0.04771,0.00909,0.04592,2.66439,886.86567
1988-01-02,0.48561,0.01929,0.01221,14.16807,329.52936,183.83562,331.99925,24,0.13804,0.46161,0.03873,0.00000,0.03873,2.75384,813.86589
1988-01-03,0.54746,0.04715,0.01020,14.59239,332.84024,185.11953,334.48727,24,0.65901,0.41937,0.06662,0.03731,0.04602,2.31074,849.35848
1988-01-04,0.78062,0.06003,0.01213,14.74167,359.04789,177.47796,339.74587,24,0.89944,0.83811,0.12377,0.04827,0.05319,2.60595,956.66166
1988-01-05,0.55329,0.06646,0.01019,15.12945,369.07183,177.30190,343.98623,24,0.43065,0.74445,0.18495,0.05224,0.05686,2.21758,983.88807
1988-01-06,0.46120,0.07595,0.00931,14.72693,431.00287,172.69079,343.33195,24,0.54136,0.46456,0.12124,0.01481,0.04148,2.53960,1205.54580
1988-01-07,0.25008,0.09408,0.00694,14.45216,434.25136,175.70970,335.66749,24,0.56770,0.30510,0.19151,0.06527,0.01802,2.87520,1225.29378
1988-01-08,0.07748,0.08401,0.01565,13.53398,488.79499,184.18153,327.94758,24,0.12520,0.11450,0.18904,0.07779,0.06694,2.25758,1172.22182
1988-01-09,0.22203,0.03772,0.00761,13.08930,456.97016,187.26326,323.00401,24,0.08638,0.14935,0.08811,0.05561,0.03789,2.69631,1114.57676
1988-01-10,0.33006,0.01925,0.00593,13.13613,448.06650,187.63931,325.78874,24,0.29066,0.09802,0.01283,0.00000,0.00925,3.36738,1121.85270
1988-01-11,0.44312,0.00628,0.00396,13.47187,376.90744,192.66175,326.44455,24,0.16399,0.30311,0.03809,0.00181,0.02730,3.14265,955.70822
1988-01-12,0.13918,0.01460,0.00512,14.12235,344.01873,194.40177,330.16042,24,0.44557,0.03794,0.01853,0.00000,0.01665,2.78544,925.87605
1988-01-13,0.29749,0.10740,0.01907,14.79066,397.66809,190.88286,340.38250,24,0.10685,0.18867,0.09431,0.05221,0.04956,2.62358,1028.11278
1988-01-14,0.24947,0.19251,0.03317,15.16229,386.16308,171.59949,347.69949,24,0.41343,0.27306,0.28600,0.18152,0.06302,2.35734,959.16120
1988-01-15,0.16974,0.12388,0.02907,14.86563,374.35247,176.52458,344.34348,24,0.40999,0.17828,0.25043,0.11127,0.13657,1.82218,985.23801
1988-01-16,0.18420,0.08860,0.01816,14.57438,426.32436,177.77225,340.94293,24,0.22690,0.23576,0.14228,0.07907,0.05784,2.47838,1167.98165
1988-01-17,0.08113,0.07887,0.01786,12.57756,553.36782,189.81723,324.10637,24,0.20523,0.17703,0.15330,0.08687,0.05045,2.88166,1379.15941
1988-01-18,0.03215,0.02366,0.00535,12.16964,450.15789,200.42125,318.81755,24,0.02204,0.01703,0.06133,0.01076,0.03444,3.31577,1016.08316
1988-01-19,0.06115,0.03077,0.00336,12.56887,443.01901,196.09622,323.29996,24,0.03823,0.06394,0.03429,0.00180,0.01454,2.74093,1061.50166
1988-01-20,0.03115,0.01937,0.00213,12.30204,463.19992,203.26932,319.40475,24,0.03230,0.03031,0.03270,0.00545,0.00557,3.11131,1092.61888
1988-01-21,0.04213,0.01499,0.00233,12.18350,445.47886,200.06989,321.06887,24,0.06606,0.05782,0.03422,0.00560,0.01440,3.18203,1108.37279
1988-01-22,0.23358,0.03508,0.00464,12.65426,419.84458,205.03504,322.68714,24,0.06151,0.11901,0.01616,0.00180,0.00720,3.25872,1045.60290
1988-01-23,0.19400,0.06845,0.01697,13.30682,411.34707,196.74286,325.61272,24,0.48366,0.20250,0.13759,0.02185,0.05286,2.84424,1022.99251
1988-01-24,0.03257,0.03425,0.01100,11.79149,465.03608,205.16414,317.68668,24,0.10210,0.03347,0.11244,0.03071,0.04591,2.77876,1216.31804
1988-01-25,0.12243,0.04729,0.01453,12.74677,400.22738,202.08958,330.38494,24,0.08176,0.06499,0.04691,0.03533,0.03593,3.18840,1014.22230
1988-01-26,0.03726,0.06553,0.01829,10.62344,423.31353,204.41847,317.87225,24,0.13454,0.04254,0.18907,0.09532,0.08834,2.79709,1065.52240
1988-01-27,0.04328,0.01003,0.00307,8.66984,430.13007,216.90833,297.82599,24,0.02047,0.21623,0.02694,0.00181,0.01618,4.27455,987.82422
1988-01-28,0.00485,0.00388,0.00291,9.51612,410.40956,219.31126,300.06412,24,0.01748,0.00327,0.00897,0.00000,0.00718,4.47692,885.36634
1988-01-29,0.05258,0.00487,0.00172,10.40641,381.33728,217.48642,306.84000,24,0.00723,0.00549,0.00896,0.00180,0.00718,4.03008,887.48076
1988-01-30,0.02321,0.00508,0.00209,10.49341,460.80564,217.57495,309.75334,24,0.01463,0.00783,0.01436,0.00000,0.00896,3.76456,1075.77772
1988-01-31,0.01184,0.00382,0.00082,10.69516,401.77765,219.38481,309.61960,24,0.01785,0.00511,0.01076,0.00000,0.00000,3.91945,957.87009
1988-02-01,0.00751,0.00291,0.00180,11.67174,423.87781,220.35539,313.42458,24,0.02215,0.00350,0.00718,0.00000,0.00359,3.84912,993.59660
1988-02-02,0.03387,0.00516,0.00389,11.70477,414.23540,222.39233,315.04187,24,0.02381,0.00277,0.01077,0.00000,0.01077,3.67413,964.50288
1988-02-03,0.01388,0.00420,0.00308,12.14863,421.28308,221.69018,318.38527,24,0.02307,0.00369,0.01622,0.00000,0.01443,3.96337,937.10321
1988-02-04,0.00588,0.00497,0.00497,13.36624,353.31003,224.36689,321.77279,24,0.03313,0.00000,0.01617,0.00000,0.01617,3.59175,854.66969
1988-02-05,0.00710,0.00817,0.00705,13.68135,325.19892,224.29672,324.98980,24,0.02633,0.00100,0.04023,0.00000,0.04023,2.60038,885.54599
1988-02-06,0.01021,0.00774,0.00580,13.58076,368.43635,225.03824,327.10882,24,0.03658,0.00319,0.02524,0.00000,0.01989,3.36473,1056.60669
1988-02-07,0.01374,0.00742,0.00577,13.72225,404.36321,224.35596,329.84514,24,0.03783,0.00565,0.03287,0.00180,0.03287,3.30014,1170.38482
1988-02-08,0.03679,0.01902,0.00411,13.98559,426.81242,222.44556,333.05430,24,0.04936,0.02970,0.02000,0.00000,0.01463,3.01306,1194.44151
1988-02-09,0.04095,0.02440,0.00455,14.42223,424.69141,221.90054,334.66675,24,0.07438,0.04728,0.07972,0.00000,0.02749,3.01567,1220.69203
1988-02-10,0.05121,0.03040,0.01272,14.72732,426.72315,222.67757,336.26060,24,0.07160,0.04264,0.03804,0.00000,0.02009,3.00160,1248.86762
1988-02-11,0.05003,0.05105,0.03326,14.76051,413.68266,221.36549,335.95988,24,0.15059,0.06449,0.15626,0.02973,0.13470,2.19271,1180.07222
1988-02-12,0.11655,0.02419,0.01742,14.57851,417.05814,227.26489,335.82038,24,0.07861,0.02733,0.06948,0.00736,0.05687,2.51421,1227.20400
1988-02-13,0.03182,0.01926,0.01262,14.89913,398.12222,226.94874,342.77705,24,0.21224,0.01303,0.02749,0.02046,0.02032,2.73265,1041.60155
1988-02-14,0.20021,0.00380,0.00343,15.31730,410.75153,222.16163,350.26790,24,0.03457,0.17222,0.01641,0.00000,0.01641,3.10762,1080.09414
1988-02-15,0.10248,0.01838,0.00256,15.77701,489.51444,220.77368,352.20191,24,0.10706,0.08804,0.00000,0.01309,0.00000,3.31678,1204.68619
1988-02-16,0.56314,0.10897,0.00792,16.28191,450.93592,211.68149,363.43051,24,0.19749,0.49512,0.07284,0.12267,0.02911,2.33610,1096.22098
1988-02-17,0.32818,0.21920,0.04120,16.16309,442.29392,196.82413,360.21003,24,0.62015,0.35461,0.20981,0.32177,0.02924,2.43324,1083.49262
1988-02-18,0.15150,0.09305,0.03336,13.65498,514.28936,228.22922,337.16551,24,0.23475,0.07213,0.38480,0.14464,0.18769,2.98566,1224.92753
1988-02-19,0.10693,0.00374,0.00000,12.15761,479.04444,238.29469,327.86834,24,0.29716,0.06593,0.00000,0.00179,0.00000,4.75448,1256.85956
1988-02-20,0.16416,0.00539,0.00008,12.60405,482.59891,239.91661,332.55859,24,0.05408,0.08412,0.00357,0.00000,0.00000,4.50009,1264.63547
1988-02-21,0.28212,0.03346,0.00077,13.95908,534.16789,228.68579,346.07273,24,0.52572,0.17943,0.01832,0.02228,0.00187,3.96343,1386.94993
1988-02-22,0.46996,0.16473,0.03158,16.56260,507.40254,218.26816,365.58810,24,0.32762,0.25215,0.16607,0.19907,0.01285,3.71859,1192.33006
1988-02-23,0.75112,0.45896,0.16003,17.80130,444.21393,177.13394,381.65200,24,0.66784,0.60127,0.35389,0.43515,0.20183,2.49430,794.79493
1988-02-24,0.76747,0.79909,0.29993,18.47889,391.95934,130.42614,388.84935,24,0.86276,0.88583,0.68605,0.89648,0.42820,1.82875,700.35775
1988-02-25,0.37258,0.64295,0.20093,17.69759,409.48384,188.00197,371.32422,24,0.80839,0.36255,0.98734,0.88219,0.69485,1.12301,910.90910
1988-02-26,0.14935,0.26637,0.10684,15.47269,392.70720,228.89144,348.07364,24,0.24996,0.13404,0.61359,0.37145,0.36194,1.66368,980.72405
1988-02-27,0.26454,0.12681,0.05293,15.94303,425.97364,239.66495,346.92992,24,0.21139,0.10783,0.39817,0.15111,0.30802,2.03014,1137.52698
1988-02-28,0.37961,0.23855,0.05446,17.17737,389.06336,229.13792,365.15235,24,0.72920,0.25871,0.11668,0.16676,0.03868,2.62121,918.59349
1988-02-29,0.73856,0.50320,0.12869,19.85129,401.52437,192.89941,386.98945,24,0.53559,0.72046,0.62243,0.68046,0.32105,2.24621,826.15069
1988-03-01,0.80985,0.57032,0.23432,19.47005,439.08081,196.92475,387.22928,24,0.93381,0.82789,0.63617,0.69672,0.43949,1.38296,887.11353
1988-03-02,0.80566,0.42089,0.15834,17.76745,485.53172,207.23200,374.60789,24,0.88526,0.88612,0.69501,0.48900,0.52402,1.49619,1063.51511
1988-03-03,0.67410,0.11554,0.04850,15.04543,449.72905,236.86016,348.52554,24,0.68070,0.62395,0.44731,0.15668,0.30972,3.37426,1108.99657
1988-03-04,0.68980,0.02903,0.00297,15.42323,494.11024,233.99100,349.58490,24,0.87764,0.79788,0.01270,0.01304,0.00735,4.17849,1220.99560
1988-03-05,0.54421,0.11690,0.01518,15.73870,575.30734,237.70600,354.08193,24,0.53170,0.68477,0.16270,0.10804,0.02202,2.83778,1392.41200
1988-03-06,0.17108,0.25811,0.02887,17.55362,574.32496,238.27459,364.74432,24,0.32009,0.15521,0.34675,0.37725,0.08452,2.92490,1308.11155
1988-03-07,0.27599,0.27080,0.05566,18.65053,494.58063,233.28845,375.82166,24,0.17119,0.20698,0.58396,0.39922,0.23108,2.44558,1098.59536
1988-03-08,0.49716,0.23015,0.06846,19.80362,464.83459,232.47675,382.08590,24,0.23892,0.52965,0.45313,0.29709,0.28638,2.23430,1101.13469
1988-03-09,0.50551,0.28824,0.07770,19.67629,423.71027,223.86328,384.51837,24,0.61038,0.51907,0.29214,0.29865,0.20348,2.17365,981.81422
1988-03-10,0.37330,0.24055,0.07197,20.00202,459.84904,236.54535,382.60603,24,0.32496,0.32912,0.60274,0.26849,0.37946,1.35636,1071.42803
1988-03-11,0.33450,0.04351,0.00534,19.52875,469.29602,237.15587,381.17630,24,0.42895,0.50666,0.12063,0.03094,0.03479,1.98905,1139.41337
1988-03-12,0.20132,0.06562,0.00950,18.91686,518.19544,246.70471,377.12088,24,0.34491,0.31566,0.05248,0.07748,0.00552,2.49434,1228.73413
1988-03-13,0.26434,0.16040,0.07870,19.54572,594.01238,242.73443,383.29697,24,0.13690,0.25756,0.12893,0.05959,0.03261,2.74031,1328.56319
1988-03-14,0.33064,0.42776,0.19044,19.21252,554.17701,199.13693,384.89712,24,0.48416,0.42652,0.44164,0.45392,0.32382,2.13463,1071.31004
1988-03-15,0.11588,0.14573,0.05265,16.45485,489.01241,257.58518,356.07745,24,0.38897,0.09543,0.51416,0.19902,0.34657,2.33868,1269.63709
1988-03-16,0.04019,0.03164,0.01503,16.25433,513.84174,271.23036,352.82053,24,0.04269,0.04913,0.02930,0.00000,0.00930,3.40981,1325.60535
1988-03-17,0.02309,0.06240,0.01865,19.36293,471.13732,273.69200,372.42766,24,0.01658,0.02704,0.16712,0.00538,0.10454,3.13210,1047.51498
1988-03-18,0.22423,0.08296,0.02151,20.57998,476.63757,264.06257,391.21563,24,0.05780,0.06507,0.24184,0.08721,0.10783,2.61436,997.43863
1988-03-19,0.38332,0.23158,0.04318,19.73815,488.08581,222.31268,386.30853,24,0.42509,0.46979,0.28375,0.18870,0.15840,2.64298,974.75154
1988-03-20,0.25270,0.40791,0.05244,18.98062,606.18743,226.05708,379.37738,24,0.37840,0.39317,0.64356,0.54627,0.12203,2.02536,1186.01676
1988-03-21,0.06836,0.11187,0.02176,15.09912,612.36434,273.28815,347.76746,24,0.21312,0.10037,0.42589,0.14862,0.13458,3.01630,1501.87921
1988-03-22,0.04457,0.02338,0.00551,13.56789,679.86563,286.56421,337.13531,24,0.02865,0.05370,0.04779,0.03555,0.01268,3.98153,1821.12673
1988-03-23,0.11205,0.06399,0.02065,15.24288,642.29804,281.10424,347.14070,24,0.05843,0.12868,0.10337,0.07096,0.05709,4.55155,1673.92147
1988-03-24,0.10267,0.10927,0.03566,16.98591,640.82998,271.09178,359.73370,24,0.17903,0.12894,0.30138,0.07090,0.15837,3.23003,1692.50959
1988-03-25,0.10740,0.12987,0.05628,18.50691,551.49584,270.26150,370.26888,24,0.16283,0.08962,0.28912,0.03348,0.15865,3.31320,1320.49039
1988-03-26,0.09945,0.14800,0.05003,19.71450,562.47394,275.26805,375.64311,24,0.15698,0.12578,0.28250,0.14170,0.21011,2.54785,1281.85487
1988-03-27,0.24139,0.25449,0.05199,20.26407,603.31120,267.73411,388.91135,24,0.28966,0.14896,0.39144,0.14910,0.14818,2.36136,1189.36306
1988-03-28,0.14917,0.36014,0.10697,16.77306,692.63125,261.27638,373.35469,24,0.25400,0.16662,0.59741,0.32108,0.21409,3.35531,1604.43965
1988-03-29,0.07361,0.25234,0.11561,15.48016,629.29397,288.24865,357.90473,24,0.24506,0.04676,0.55570,0.16730,0.32023,4.54651,1571.98625
1988-03-30,0.04937,0.15994,0.08653,16.44747,649.72665,292.40156,356.98939,24,0.15514,0.04466,0.41320,0.11938,0.32182,3.54505,1705.24385
1988-03-31,0.07598,0.17161,0.08142,17.14139,713.75734,290.97052,363.09429,24,0.13320,0.06123,0.40068,0.13258,0.29997,4.45530,1764.28012
1988-10-01,0.87237,0.85676,0.24691,24.52963,401.24235,153.66329,427.47638,24,0.82767,0.68978,0.84737,0.91457,0.34051,1.67662,753.55247
1988-10-02,0.86336,0.94210,0.32119,24.66379,347.24485,145.52131,427.86822,24,0.93868,0.86311,0.97224,1.00000,0.47951,1.29966,661.57812
1988-10-03,0.81944,0.95771,0.35394,24.82205,426.50780,163.56490,427.77050,24,0.74768,0.74436,0.98356,1.00000,0.57960,1.68488,681.30230
1988-10-04,0.90308,0.95472,0.36626,24.83509,467.54142,152.19201,430.67663,24,0.92859,0.87222,0.97250,0.99640,0.51284,1.43562,636.66842
1988-10-05,0.85089,0.92768,0.43852,24.88219,537.76140,153.72036,431.23976,24,0.94953,0.86499,0.89911,0.96844,0.56691,1.25047,786.03127
1988-10-06,0.86823,0.84387,0.43344,24.45659,418.53762,123.95959,426.45817,24,0.83142,0.88395,0.97816,0.99819,0.63063,1.34574,634.44032
1988-10-07,0.63429,0.26444,0.09302,22.29953,399.30266,211.92511,392.67578,24,0.77411,0.63118,0.55360,0.43029,0.40783,1.28484,952.44123
1988-10-08,0.52469,0.08667,0.03284,20.93878,453.36825,233.23753,383.69437,24,0.62047,0.43229,0.25813,0.04342,0.17344,1.95930,1134.88174
1988-10-09,0.33397,0.11087,0.01654,21.27067,456.81037,232.45317,391.04724,24,0.42387,0.26086,0.05982,0.07054,0.03789,3.34568,1072.88171
1988-10-10,0.30056,0.22934,0.04628,22.09631,438.03686,212.98071,403.44469,24,0.37932,0.29716,0.20204,0.21616,0.02365,2.71684,1011.95137
1988-10-11,0.46209,0.34199,0.09336,23.08447,417.11942,214.57641,410.23330,24,0.37656,0.33685,0.30773,0.36607,0.11597,2.49411,956.97623
1988-10-12,0.71854,0.48260,0.14649,23.70556,345.08499,194.66110,417.82021,24,0.54897,0.45751,0.39375,0.48379,0.26325,2.71377,813.58027
1988-10-13,0.92384,0.61844,0.22731,23.59070,286.54477,138.01956,421.27640,24,0.98445,0.90013,0.64175,0.74400,0.40971,1.69224,656.14877
1988-10-14,0.59995,0.68405,0.21804,23.60344,317.50373,177.19436,411.73985,24,0.83757,0.63323,0.75322,0.74429,0.40673,2.44721,704.54592
1988-10-15,0.54909,0.45043,0.13478,22.93268,364.36576,204.33093,396.55227,24,0.50730,0.47830,0.62516,0.61058,0.45019,1.54813,821.06701
1988-10-16,0.53577,0.26679,0.07211,21.90336,422.05842,217.09040,388.75076,24,0.50125,0.31923,0.50330,0.33301,0.22763,2.08814,904.77603
1988-10-17,0.64410,0.25453,0.07945,22.64345,369.33346,211.29466,402.75989,24,0.71134,0.55756,0.19310,0.29625,0.12271,2.42160,849.06455
1988-10-18,0.85789,0.45644,0.10660,23.70229,404.06044,174.68893,423.07562,24,0.71042,0.72610,0.36758,0.44246,0.22168,2.41605,725.29336
1988-10-19,0.98089,0.73097,0.22656,22.32659,497.77002,60.90718,422.15811,24,0.98866,0.99812,0.60384,0.83244,0.21852,1.57947,681.66028
1988-10-20,0.65487,0.74754,0.17864,22.21151,360.56274,131.51085,412.40075,24,0.85273,0.83060,0.70712,0.78174,0.25583,1.29157,723.92751
1988-10-21,0.29578,0.60975,0.15442,22.35768,325.67747,184.95964,399.86282,24,0.48333,0.36557,0.87744,0.82854,0.55170,1.32852,787.99322
1988-10-22,0.18221,0.40033,0.10657,21.93838,372.57357,204.03537,390.55047,24,0.54895,0.20173,0.83199,0.72210,0.51421,1.32918,865.71533
1988-10-23,0.09650,0.17371,0.07324,21.35303,423.67378,221.94817,377.95878,24,0.34376,0.06539,0.44832,0.27023,0.32542,1.44037,947.86988
1988-10-24,0.11381,0.18907,0.06385,21.31605,380.04214,220.12923,378.20522,24,0.30333,0.10205,0.25108,0.31327,0.19918,2.69334,928.21648
1988-10-25,0.16427,0.22016,0.08791,21.11128,393.91461,216.51666,379.76441,24,0.35027,0.10007,0.31548,0.34918,0.24312,2.05102,976.16837
1988-10-26,0.13512,0.16328,0.06527,20.47020,417.94369,213.65684,377.49025,24,0.27948,0.09796,0.37201,0.28030,0.24124,2.26819,1086.86760
1988-10-27,0.08396,0.09680,0.04267,20.45007,386.20477,218.77011,374.82407,24,0.21380,0.09684,0.24705,0.19006,0.20116,2.52421,1018.72399
1988-10-28,0.08092,0.06235,0.02729,20.74134,341.17468,220.40256,375.07864,24,0.19576,0.03786,0.16888,0.05920,0.13175,2.44266,908.43154
1988-10-29,0.10721,0.10404,0.03141,20.80390,328.60358,214.20498,377.90117,24,0.22372,0.06925,0.17132,0.11264,0.12314,2.16022,910.35952
1988-10-30,0.11798,0.14436,0.04199,20.36594,345.39557,212.62193,377.43237,24,0.18380,0.07796,0.23610,0.14581,0.15991,2.68738,935.55261
1988-10-31,0.14001,0.16528,0.05093,20.06616,373.49124,198.69997,376.61127,24,0.28392,0.13868,0.41457,0.22997,0.23659,2.83264,1005.76888
1988-11-01,0.25318,0.08965,0.03670,19.67014,370.88249,208.01912,375.35768,24,0.16426,0.06285,0.25799,0.04765,0.14301,2.73233,1007.36840
1988-11-02,0.32466,0.06936,0.02827,20.06267,394.19401,201.39778,378.73004,24,0.45582,0.23381,0.16935,0.06915,0.10347,2.82906,1010.86759
1988-11-03,0.21094,0.12360,0.03846,19.91753,386.33018,191.97361,379.08087,24,0.38643,0.24123,0.15084,0.08506,0.11965,2.90281,1060.09207
1988-11-04,0.17023,0.24657,0.07301,20.04402,385.69610,197.81082,375.25374,24,0.32759,0.15978,0.33020,0.34277,0.23956,1.79806,975.82526
1988-11-05,0.29682,0.18365,0.05788,19.93495,419.18215,193.51257,378.98213,24,0.32858,0.23220,0.35243,0.26174,0.24920,2.52885,1017.39712
1988-11-06,0.22459,0.14506,0.04937,19.66197,404.01046,174.69311,376.31068,24,0.40192,0.29573,0.22311,0.30937,0.15028,2.59612,947.51921
1988-11-07,0.08371,0.13496,0.04652,19.14063,411.93963,204.69580,366.84071,24,0.22503,0.09241,0.27595,0.28197,0.20965,2.16465,984.05066
1988-11-08,0.08834,0.08815,0.03054,19.21102,390.72493,201.86976,367.93713,24,0.15121,0.08377,0.23976,0.05710,0.14516,2.45496,1011.22681
1988-11-09,0.08557,0.06057,0.02669,18.83917,373.11902,198.92103,365.96916,24,0.23004,0.10523,0.19337,0.07216,0.13609,2.48198,1036.36638
1988-11-10,0.04704,0.02754,0.01524,18.56695,366.50553,204.23499,361.55030,24,0.10143,0.06498,0.06395,0.00901,0.05102,2.65214,1041.38557
1988-11-11,0.12361,0.02466,0.01635,18.41313,317.69356,203.39108,363.86475,24,0.11807,0.05055,0.07908,0.00181,0.06629,2.63381,950.77085
1988-11-12,0.49733,0.02002,0.00924,19.00226,293.48703,185.36455,374.14425,24,0.50530,0.58872,0.08853,0.00366,0.07015,2.58133,809.40690
1988-11-13,0.23798,0.02599,0.01648,18.47837,317.33730,180.44739,370.31027,24,0.41666,0.31224,0.05302,0.02941,0.03644,2.85044,846.89938
1988-11-14,0.05027,0.02329,0.01602,18.06909,344.91417,200.02523,358.69532,24,0.11850,0.03254,0.07849,0.01086,0.06754,2.47463,914.95717
1988-11-15,0.10267,0.00752,0.00443,17.51565,352.38614,204.18721,349.72769,24,0.11837,0.21256,0.03668,0.01083,0.03127,2.92114,866.31868
1988-11-16,0.15893,0.05588,0.01630,17.50737,313.56507,203.37580,350.36495,24,0.12505,0.14125,0.03311,0.00542,0.03311,2.89536,816.24051
1988-11-17,0.44188,0.06573,0.01763,17.51625,356.85579,198.42909,354.58258,24,0.39876,0.47329,0.19535,0.03533,0.11560,2.90299,825.08817
1988-11-18,0.41428,0.03850,0.00368,16.99486,438.88294,154.83859,370.16960,24,0.65030,0.52972,0.07801,0.03177,0.02576,2.67745,827.49574
1988-11-19,0.21830,0.19329,0.02744,17.61341,374.56460,170.38122,373.12828,24,0.17556,0.21914,0.07629,0.16531,0.01101,3.30362,831.88687
1988-11-20,0.30713,0.45838,0.03459,19.07288,343.10280,163.86221,381.48187,24,0.31116,0.31071,0.39457,0.55415,0.03890,2.40758,893.02178
1988-11-21,0.19771,0.32538,0.03651,18.78918,361.59263,172.00049,374.39665,24,0.32223,0.20982,0.44462,0.48816,0.16507,1.75700,963.72387
1988-11-22,0.14916,0.18644,0.02351,18.12780,380.58297,182.30097,365.87014,24,0.19429,0.18927,0.40331,0.20826,0.10648,1.65140,980.20758
1988-11-23,0.15077,0.16575,0.03804,17.65916,360.99273,181.65838,365.46189,24,0.16530,0.08524,0.21862,0.16890,0.07159,2.37594,914.54552
1988-11-24,0.19253,0.15326,0.04741,16.93411,390.96880,182.85078,361.68340,24,0.19312,0.31923,0.25276,0.16466,0.11815,3.26992,957.75185
1988-11-25,0.28282,0.12346,0.04036,15.99719,421.82134,188.14895,348.84191,24,0.29006,0.44169,0.20695,0.07928,0.11424,4.27741,1002.53905
1988-11-26,0.56594,0.11921,0.03375,15.81114,410.94756,184.42738,350.23329,24,0.49916,0.56737,0.18264,0.07727,0.11929,3.67587,991.24384
1988-11-27,0.84821,0.14390,0.04412,17.04811,386.18954,168.03147,372.29849,24,0.70640,0.79529,0.16274,0.11331,0.12102,2.92219,972.91246
1988-11-28,0.97779,0.51068,0.19355,18.53742,385.88876,78.80918,399.74678,24,0.93887,0.99029,0.22264,0.39829,0.05207,2.48014,565.75592
1988-11-29,0.98413,0.75006,0.32885,19.30038,643.95473,42.14374,407.51463,24,0.95240,0.99490,0.69249,0.74664,0.35850,1.54513,726.43123
1988-11-30,0.69607,0.71708,0.26941,18.94670,454.92491,82.41859,396.81634,24,0.94161,0.82914,0.79628,0.77545,0.43465,1.91322,712.86498
1988-12-01,0.48067,0.59250,0.17174,19.24873,274.93180,138.56412,386.11728,24,0.60605,0.48862,0.73235,0.65540,0.31550,1.37582,597.69809
1988-12-02,0.32329,0.53491,0.12106,19.10981,320.69990,152.40128,376.62417,24,0.57132,0.37120,0.67982,0.75307,0.34235,1.51810,764.08604
1988-12-03,0.23549,0.44551,0.13494,18.42408,338.07409,162.96796,363.52747,24,0.54320,0.30168,0.73212,0.63510,0.40801,1.70461,764.35509
1988-12-04,0.18768,0.39599,0.14852,17.97062,311.98366,172.98095,356.07066,24,0.37492,0.16978,0.55983,0.49838,0.36632,2.52957,727.79023
1988-12-05,0.28946,0.52837,0.15144,18.16616,321.04742,164.59043,360.50345,24,0.40954,0.31137,0.63283,0.74012,0.43984,1.56090,837.34490
1988-12-06,0.41336,0.52720,0.16181,17.22550,324.10291,159.55699,356.61593,24,0.52954,0.37077,0.80675,0.65617,0.48096,1.80681,840.94785
1988-12-07,0.44794,0.34490,0.09435,16.45972,344.23156,160.77761,352.33053,24,0.58454,0.42547,0.59367,0.41752,0.38737,1.79840,844.13827
1988-12-08,0.46545,0.22338,0.06987,16.11313,375.48117,159.05804,352.46695,24,0.70621,0.69749,0.48074,0.27936,0.19218,1.96784,887.11054
1988-12-09,0.12488,0.19057,0.06323,16.31903,383.73383,173.63995,346.60965,24,0.22377,0.12767,0.32831,0.12426,0.18243,2.20680,924.78494
1988-12-10,0.15493,0.26935,0.07000,16.99278,311.55991,171.57402,353.15641,24,0.23653,0.11727,0.39421,0.36617,0.27303,2.42591,788.60210
1988-12-11,0.22645,0.31170,0.07823,17.23016,311.57132,164.52604,357.21776,24,0.44331,0.21813,0.53952,0.45434,0.26534,1.69870,833.98052
1988-12-12,0.28719,0.30129,0.05860,16.39279,342.88271,159.06495,354.82041,24,0.41858,0.29522,0.46954,0.31082,0.19075,2.05382,909.44185
1988-12-13,0.37779,0.26049,0.07619,16.00965,352.81210,164.31936,350.52805,24,0.49738,0.31239,0.48367,0.25803,0.23137,2.06650,892.46108
1988-12-14,0.25981,0.21479,0.08705,15.63695,395.44809,164.77604,346.97222,24,0.69638,0.22837,0.38085,0.29673,0.21517,2.29686,959.82572
1988-12-15,0.19205,0.22787,0.06888,14.89378,452.91764,171.59841,341.06641,24,0.31975,0.16287,0.33187,0.24769,0.22583,2.38149,972.49288
1988-12-16,0.18015,0.22706,0.05392,14.61226,435.42919,166.63939,338.70393,24,0.27563,0.22778,0.36788,0.20709,0.16021,2.79799,1097.45406
1988-12-17,0.17824,0.18486,0.07178,15.15715,407.53554,168.63934,341.15047,24,0.38061,0.19514,0.35047,0.17597,0.21940,2.73645,1019.94545
1988-12-18,0.15243,0.13084,0.05961,15.04744,350.03801,172.78791,337.38758,24,0.27541,0.11091,0.28576,0.21475,0.21485,2.22804,934.13394
1988-12-19,0.09654,0.11029,0.07120,15.28134,353.17517,177.03552,333.63850,24,0.40860,0.08964,0.29025,0.18955,0.23808,1.79130,881.51846
1988-12-20,0.06329,0.05828,0.04217,15.27727,323.31694,182.70087,329.41456,24,0.09547,0.09002,0.14851,0.02948,0.13361,2.09274,741.19055
1988-12-21,0.06187,0.09506,0.04120,14.97565,342.69579,181.98406,330.49230,24,0.20067,0.01840,0.16147,0.12312,0.14104,1.91118,781.14798
1988-12-22,0.05541,0.07834,0.04990,14.75267,323.72947,181.25183,330.34357,24,0.20049,0.01484,0.24515,0.08902,0.19904,2.17788,801.89242
1988-12-23,0.12876,0.04517,0.03107,15.10417,302.76226,182.01755,331.28078,24,0.15099,0.04339,0.10429,0.01986,0.10249,2.18263,784.66801
1988-12-24,0.05085,0.03280,0.01867,14.87183,304.76833,183.69032,328.71551,24,0.24332,0.01150,0.06033,0.02712,0.05314,1.94605,763.05610
1988-12-25,0.04789,0.03434,0.02743,15.05875,273.42839,184.20972,328.23342,24,0.11890,0.01167,0.06708,0.02351,0.05452,2.28595,692.06688
1988-12-26,0.12632,0.04133,0.03968,15.41821,232.03353,183.50379,331.26002,24,0.15735,0.04407,0.09198,0.00360,0.09198,1.99357,609.25611
1988-12-27,0.22199,0.09039,0.07646,15.14786,302.94774,168.54610,336.93453,24,0.40589,0.12672,0.27609,0.08777,0.26890,2.18218,708.69054
1988-12-28,0.13093,0.04514,0.01699,14.46658,371.90046,178.74347,329.57794,24,0.47333,0.13610,0.09003,0.00543,0.05874,2.07941,772.44173
1988-12-29,0.02495,0.02855,0.01681,13.56762,360.76762,185.93704,319.91036,24,0.06797,0.00929,0.09648,0.03846,0.07239,1.97571,781.57072
1988-12-30,0.06362,0.05957,0.02969,13.65338,381.58377,185.63270,325.29925,24,0.08634,0.03227,0.09910,0.02231,0.09353,2.60751,875.82153
1988-12-31,0.09300,0.06975,0.02964,13.48358,432.98338,178.37179,329.40249,24,0.20288,0.10061,0.23172,0.05713,0.11163,2.22463,1087.70989
1989-01-01,0.08044,0.03728,0.02481,13.36055,426.63405,182.30687,326.60284,24,0.12911,0.07536,0.09521,0.00000,0.07685,2.53342,1149.79816
1989-01-02,0.12815,0.05746,0.02814,13.20857,427.93151,183.51037,326.36228,24,0.17057,0.08959,0.16020,0.02223,0.10514,2.69008,1134.73187
1989-01-03,0.22573,0.05431,0.01502,13.44982,384.42591,174.36073,332.28211,24,0.18071,0.20960,0.15151,0.04986,0.06848,2.84538,1041.82336
1989-01-04,0.09943,0.06817,0.01604,13.38696,370.13487,177.57530,328.24841,24,0.17204,0.11789,0.08407,0.06119,0.03492,2.64371,928.72437
1989-01-05,0.12097,0.07711,0.01399,12.95757,429.95972,178.19382,327.03713,24,0.11158,0.09458,0.10497,0.07218,0.05806,2.23986,1009.24028
1989-01-06,0.09184,0.07272,0.01172,12.60344,408.48921,179.10601,323.74247,24,0.13095,0.10188,0.10681,0.08288,0.04367,2.39379,1017.25587
1989-01-07,0.09260,0.07540,0.03128,13.89330,348.57447,184.58178,324.00780,24,0.13953,0.06957,0.15013,0.03417,0.07823,2.24906,873.37789
1989-01-08,0.14843,0.05379,0.03052,13.97683,277.54160,187.87461,326.25299,24,0.18118,0.08310,0.11322,0.01265,0.04992,2.44087,695.55006
1989-01-09,0.21330,0.26292,0.06571,14.33787,361.79982,163.83930,337.68929,24,0.39378,0.27963,0.18245,0.26885,0.12314,2.50665,748.20955
1989-01-10,0.13785,0.20975,0.02731,10.39863,397.47132,180.19878,313.78058,24,0.27772,0.18830,0.53637,0.28648,0.14637,3.25661,862.64534
1989-01-11,0.06863,0.07473,0.01082,8.39236,501.56167,193.89792,295.31071,24,0.10956,0.10370,0.18923,0.05038,0.02535,3.37964,1120.90379
1989-01-12,0.03852,0.04241,0.01012,6.89207,538.73107,198.46261,287.03209,24,0.05254,0.05211,0.08801,0.02335,0.04316,3.71111,1155.70352
1989-01-13,0.00819,0.01320,0.00779,7.43963,458.16957,204.23684,286.29457,24,0.03689,0.00475,0.08100,0.00543,0.04675,4.20271,965.27150
1989-01-14,0.02264,0.00597,0.00344,8.35920,372.83760,205.20184,291.54509,24,0.03404,0.02138,0.01254,0.00359,0.01076,3.39356,796.96471
1989-01-15,0.02392,0.01709,0.00412,9.21162,385.21171,203.03363,297.01691,24,0.03469,0.01239,0.01795,0.00358,0.01616,3.57573,849.49760
1989-01-16,0.03057,0.01586,0.00442,9.58153,373.79520,204.38044,300.93048,24,0.04239,0.00722,0.03595,0.00537,0.01798,3.00215,882.12184
1989-01-17,0.10072,0.07982,0.00612,10.27769,403.81318,194.29790,313.38563,24,0.06301,0.11110,0.02867,0.07464,0.00179,3.21504,1015.52798
1989-01-18,0.05458,0.05416,0.00374,8.71543,478.21745,196.97464,301.14535,24,0.11159,0.08145,0.19069,0.07015,0.03317,2.84694,1138.74853
1989-01-19,0.03862,0.01544,0.00227,8.17042,463.21522,202.75641,297.48919,24,0.04834,0.04250,0.03972,0.00179,0.01460,3.65491,1098.34287
1989-01-20,0.04399,0.02715,0.00437,9.37696,394.06036,203.82089,306.03419,24,0.05062,0.03230,0.01795,0.00186,0.01078,4.50694,985.62232
1989-01-21,0.03990,0.02086,0.00233,9.24305,481.60179,200.79399,303.55225,24,0.09310,0.06784,0.06479,0.00180,0.01082,3.61499,1060.73987
1989-01-22,0.01831,0.01904,0.00605,9.12211,472.16707,210.52258,301.78266,24,0.01749,0.00643,0.00898,0.00000,0.00181,3.71582,998.24561
1989-01-23,0.06977,0.03525,0.00747,9.83852,478.07402,205.35610,307.83442,24,0.05822,0.05490,0.06739,0.00902,0.03858,3.38112,1059.29943
1989-01-24,0.08973,0.03976,0.00561,10.15343,487.34896,200.76855,308.43273,24,0.10471,0.08958,0.05058,0.01620,0.01098,3.81436,1122.44605
1989-01-25,0.05493,0.03504,0.00404,10.05615,427.95181,205.00537,306.56543,24,0.06513,0.06561,0.06476,0.02700,0.01617,3.66679,1041.57907
1989-01-26,0.04697,0.02805,0.00389,10.22243,387.47505,210.16900,306.85551,24,0.06021,0.03482,0.05761,0.00360,0.01257,3.65566,978.04134
1989-01-27,0.07435,0.04072,0.00329,10.60179,380.94520,209.61238,310.62814,24,0.05203,0.05473,0.04312,0.00541,0.01436,3.32413,994.62240
1989-01-28,0.06081,0.04989,0.00550,10.35689,431.82451,210.98324,306.12445,24,0.09765,0.05287,0.07725,0.03939,0.00905,3.02335,1135.50059
1989-01-29,0.06429,0.04294,0.00651,10.21229,414.06959,208.33859,308.53979,24,0.07280,0.06940,0.08428,0.04302,0.03230,3.67001,1094.11024
1989-01-30,0.06410,0.03406,0.00500,11.08245,376.72641,213.15001,315.25069,24,0.09803,0.06677,0.04521,0.01839,0.02004,3.42503,1016.98341
1989-01-31,0.09474,0.04979,0.00599,12.04376,368.75187,210.63690,323.21926,24,0.09839,0.12732,0.07208,0.02706,0.02533,3.55982,1008.09190
1989-02-01,0.12105,0.06497,0.01481,12.95619,361.85358,208.47165,325.54089,24,0.10142,0.07687,0.12350,0.01622,0.05689,2.50449,1008.42885
1989-02-02,0.12483,0.08944,0.02715,14.45654,356.17218,204.20252,330.55809,24,0.15499,0.12992,0.11973,0.04834,0.05519,1.98240,938.43146
1989-02-03,0.19785,0.11595,0.04192,14.82307,352.25814,200.28972,336.18606,24,0.16168,0.14800,0.16588,0.08784,0.11742,1.75288,957.17363
1989-02-04,0.17510,0.20074,0.04910,14.77991,404.51883,195.28859,337.97640,24,0.21400,0.18477,0.24516,0.17180,0.11987,2.39429,1024.93768
1989-02-05,0.12698,0.19927,0.11224,15.30098,496.68982,214.18221,339.90506,24,0.14099,0.05815,0.25077,0.07431,0.14908,2.40385,1061.48981
1989-02-06,0.17368,0.38350,0.15004,17.02398,583.93707,202.24116,353.52519,24,0.38004,0.17060,0.63380,0.35043,0.45610,2.88676,1035.98662
1989-02-07,0.09861,0.24919,0.13429,14.83756,539.00513,210.87559,343.73933,24,0.28070,0.09934,0.62154,0.29574,0.47851,2.91847,1155.68093
1989-02-08,0.06684,0.14967,0.08367,12.89880,427.47959,218.00445,330.94171,24,0.21742,0.06246,0.37663,0.23548,0.31590,3.91910,1100.94573
1989-02-09,0.03649,0.04176,0.03869,11.45842,382.74821,225.83655,325.64648,24,0.15159,0.01491,0.17379,0.05018,0.17022,3.43799,982.62782
1989-02-10,0.02060,0.00771,0.00514,12.44278,379.41062,226.00478,329.42918,24,0.06461,0.02320,0.01828,0.00920,0.01649,3.89020,1005.78698
1989-02-11,0.03886,0.00951,0.00661,12.27159,405.67947,228.03988,332.59685,24,0.01978,0.01595,0.01078,0.00372,0.00900,3.42317,1040.75188
1989-02-12,0.03912,0.05467,0.01287,11.78718,413.77760,225.92690,328.90265,24,0.10373,0.04389,0.04974,0.06330,0.03495,3.70001,983.75081
1989-02-13,0.08324,0.10615,0.02094,11.80045,454.44125,228.22322,330.48452,24,0.10609,0.05672,0.24152,0.12687,0.09089,3.28699,1090.19269
1989-02-14,0.25930,0.28356,0.05165,14.37738,554.19623,206.25233,353.16532,24,0.35581,0.19770,0.28223,0.14539,0.07237,3.39888,1178.23655
1989-02-15,0.16948,0.29543,0.12619,13.99336,617.31699,205.23211,344.84765,24,0.38481,0.19969,0.63476,0.31428,0.31218,2.67265,1270.16708
1989-02-16,0.14031,0.09915,0.04064,12.67603,678.87999,228.79686,339.12579,24,0.10082,0.05721,0.20848,0.08356,0.18428,4.51924,1822.35294
1989-02-17,0.20857,0.24168,0.04598,14.30592,530.58744,218.20335,347.77635,24,0.31223,0.28707,0.34500,0.26405,0.08886,4.11434,1261.07673
1989-02-18,0.35292,0.26739,0.08089,16.38907,488.41569,201.50348,362.50932,24,0.42721,0.30933,0.52751,0.34246,0.30248,2.53064,1056.56011
1989-02-19,0.41534,0.47930,0.14494,15.43741,606.85171,177.11623,358.68629,24,0.55029,0.43034,0.63654,0.55333,0.27747,2.07323,942.82230
1989-02-20,0.14717,0.09633,0.03033,9.79880,618.54022,236.58271,310.84730,24,0.44307,0.19690,0.25716,0.09559,0.17429,3.37450,1260.42759
1989-02-21,0.04972,0.03199,0.01061,9.45614,534.73189,242.03853,307.64538,24,0.07520,0.05058,0.07899,0.00179,0.02695,3.98286,1305.70920
1989-02-22,0.35602,0.06900,0.01324,12.43614,463.51884,232.49103,332.36010,24,0.09746,0.14731,0.03580,0.00541,0.02149,4.47454,1074.30984
1989-02-23,0.14692,0.12359,0.03203,12.94390,482.44661,227.24475,330.28993,24,0.54156,0.17315,0.35419,0.15517,0.12983,2.86660,1020.42084
1989-02-24,0.00368,0.00135,0.00098,12.04002,529.59583,254.42838,316.58088,24,0.00249,0.00571,0.00543,0.00000,0.00543,4.11483,1118.00846
1989-02-25,0.00417,0.00052,0.00052,12.50341,415.19912,255.43493,319.86778,24,0.00722,0.00366,0.00000,0.00000,0.00000,4.01163,962.11855
1989-02-26,0.00324,0.00209,0.00209,12.79256,391.41210,257.47842,324.05979,24,0.01201,0.00097,0.01077,0.00000,0.01077,3.74104,1038.70528
1989-02-27,0.04542,0.00336,0.00336,14.02178,330.40857,257.96428,330.53052,24,0.00983,0.05133,0.00905,0.00000,0.00905,3.24813,925.19527
1989-02-28,0.03524,0.00857,0.00286,16.20036,371.92754,254.97712,345.09298,24,0.03408,0.02206,0.01484,0.00000,0.01484,2.62731,1015.09341
1989-03-01,0.04730,0.05663,0.04487,16.97107,422.91996,250.89154,349.16655,24,0.09525,0.04726,0.05126,0.02799,0.02787,2.10367,1100.65064
1989-03-02,0.05363,0.04566,0.04113,14.96352,446.62551,258.38178,339.91601,24,0.08285,0.14348,0.20893,0.00931,0.20714,2.67841,1162.38348
1989-03-03,0.00422,0.00992,0.00764,11.88115,420.79051,264.66830,327.38117,24,0.02294,0.00094,0.03649,0.01300,0.03471,4.47216,1148.76476
1989-03-04,0.00479,0.00468,0.00225,10.88859,429.69648,267.80834,319.72636,24,0.00642,0.00144,0.00932,0.00000,0.00932,4.93112,1185.91064
1989-03-05,0.02070,0.00193,0.00022,11.63865,457.20366,268.29615,322.65621,24,0.00948,0.00692,0.00536,0.00000,0.00000,4.42099,1306.82910
1989-03-06,0.45539,0.00513,0.00282,12.27550,472.11435,265.70954,331.45074,24,0.21680,0.43332,0.00549,0.00000,0.00549,3.84014,1357.44579
1989-03-07,0.35646,0.00619,0.00379,13.94516,496.06697,254.54626,340.43170,24,0.75685,0.56775,0.02386,0.00000,0.01109,4.00883,1388.19672
1989-03-08,0.11921,0.00414,0.00115,15.00019,513.20572,263.55842,348.83305,24,0.02010,0.08190,0.01272,0.00373,0.00903,3.83742,1312.95767
1989-03-09,0.17404,0.00515,0.00369,15.48564,562.75323,250.83219,358.11961,24,0.10934,0.22456,0.01463,0.00186,0.01463,4.93932,1388.90947
1989-03-10,0.26537,0.00389,0.00274,15.58751,600.47221,260.65437,357.91503,24,0.00583,0.29714,0.01252,0.00560,0.01252,3.39469,1547.69891
1989-03-11,0.88794,0.01937,0.00323,16.47375,507.07747,192.42319,383.07506,24,0.48917,0.96580,0.02777,0.01478,0.02777,3.91414,1128.90351
1989-03-12,0.28253,0.09020,0.00758,16.02905,522.07328,208.07524,367.71343,24,0.67497,0.42402,0.03405,0.05849,0.00721,4.32789,1234.21285
1989-03-13,0.12473,0.04202,0.00440,15.46919,566.35907,242.96725,357.43684,24,0.11340,0.27992,0.13833,0.02504,0.03082,2.38952,1357.66826
1989-03-14,0.07622,0.01132,0.00038,15.45509,561.22229,257.62156,354.07694,24,0.02305,0.14090,0.03232,0.00539,0.00366,2.85454,1439.25909
1989-03-15,0.07495,0.00668,0.00097,14.85762,602.61265,266.48941,351.04600,24,0.01932,0.08473,0.02700,0.00541,0.00179,3.84996,1614.63402
1989-03-16,0.10094,0.00119,0.00007,15.37494,606.65893,265.68527,353.74701,24,0.05151,0.11180,0.00357,0.00000,0.00000,3.57254,1664.96984
1989-03-17,0.14061,0.00128,0.00037,16.07750,586.74095,254.32443,359.29333,24,0.07027,0.17626,0.00359,0.00000,0.00179,4.84238,1554.45731
1989-03-18,0.24399,0.03607,0.02098,16.24393,615.92783,269.76359,360.44425,24,0.17450,0.16102,0.01272,0.00000,0.00915,3.94658,1710.50635
1989-03-19,0.41433,0.12318,0.06803,17.89787,558.45254,249.26691,374.52264,24,0.26256,0.21132,0.30061,0.04464,0.18555,2.78409,1542.91356
1989-03-20,0.35757,0.14845,0.09311,18.78612,488.06877,236.00792,379.29048,24,0.58782,0.35062,0.24667,0.07564,0.21893,2.44140,1287.62083
1989-03-21,0.21437,0.18951,0.10412,18.88603,607.30060,249.78155,381.34908,24,0.18777,0.15710,0.32831,0.13486,0.28410,3.38338,1552.82763
1989-03-22,0.28850,0.35886,0.16023,19.65240,556.30970,239.33776,388.98417,24,0.35133,0.29926,0.35487,0.21208,0.19975,3.00819,1266.10412
1989-03-23,0.20159,0.42616,0.22176,19.63559,687.87991,248.94982,385.19329,24,0.32107,0.24206,0.58939,0.28163,0.42424,2.87564,1362.06383
1989-03-24,0.23504,0.38937,0.20391,17.97525,605.75771,266.25169,375.17825,24,0.30933,0.14708,0.58927,0.23219,0.44500,2.52787,1342.51743
1989-03-25,0.46917,0.13473,0.06635,17.31714,563.44256,261.73004,372.32337,24,0.50687,0.39084,0.57444,0.10545,0.50995,4.59117,1362.93613
1989-03-26,0.16909,0.02157,0.00672,17.80691,577.98465,278.21810,368.76784,24,0.42385,0.29144,0.08740,0.01684,0.04091,4.35623,1493.22328
1989-03-27,0.19764,0.02302,0.00490,16.89021,627.84186,284.24916,372.27288,24,0.09533,0.33493,0.05920,0.05234,0.04621,4.35034,1450.75268
1989-03-28,0.49401,0.00255,0.00068,15.49484,732.17165,285.00537,374.95539,24,0.02127,0.08174,0.03522,0.00000,0.00714,7.24275,1278.17422
1989-03-29,0.75825,0.00573,0.00399,15.67146,612.69270,204.78246,377.85359,24,0.95562,0.92931,0.00187,0.00000,0.00187,7.15001,1250.93618
1989-03-30,0.31794,0.03487,0.00288,16.68704,572.93753,257.93333,370.76047,24,0.42902,0.41582,0.01987,0.01852,0.01266,4.14313,1349.77859
1989-03-31,0.22334,0.08151,0.00350,17.73890,686.09705,246.94871,379.37345,24,0.18214,0.33266,0.03430,0.08054,0.00000,3.27705,1575.57031
1989-10-01,0.72404,0.85846,0.22665,25.04855,306.96195,191.02913,422.34656,24,0.75302,0.74715,0.93957,0.91977,0.56029,1.13353,625.39165
1989-10-02,0.67299,0.68807,0.13461,25.28963,303.21737,208.08908,423.42660,24,0.66340,0.62764,0.85244,0.84705,0.44700,1.47444,768.83495
1989-10-03,0.78997,0.72077,0.11401,25.15950,276.49222,201.43796,425.34374,24,0.81566,0.81268,0.83238,0.91089,0.25988,1.45520,763.08936
1989-10-04,0.77369,0.78262,0.14644,24.96336,280.37924,188.22402,425.93971,24,0.67901,0.69245,0.85249,0.95555,0.37974,1.69882,740.56569
1989-10-05,0.87427,0.86178,0.16656,24.54463,307.28063,166.30167,428.24609,24,0.87366,0.83870,0.79931,0.96758,0.38448,1.96386,665.59942
1989-10-06,0.86461,0.86404,0.21953,24.45101,288.29640,124.95723,426.33626,24,0.93182,0.85274,0.91564,0.90747,0.44360,1.31147,617.24840
1989-10-07,0.90123,0.92244,0.27940,24.23509,308.23123,131.92221,425.57837,24,0.90504,0.94112,0.83619,0.99443,0.32293,1.32861,649.44969
1989-10-08,0.96677,0.95369,0.41872,24.00108,370.71863,111.82690,430.40669,24,0.94860,0.91984,0.96325,0.98334,0.51414,1.19123,590.44608
1989-10-09,0.96066,0.98334,0.53742,23.73443,360.33302,85.93267,431.48482,24,0.99362,0.91501,0.97139,0.99820,0.73389,0.88597,559.36082
1989-10-10,0.94635,0.98255,0.46292,23.37983,312.70407,85.58393,427.58350,24,0.98912,0.94684,0.99456,0.99818,0.80831,0.94996,500.07061
1989-10-11,0.92833,0.97069,0.40981,23.36717,265.76660,109.02222,422.85339,24,0.95775,0.96246,0.99095,0.99463,0.67572,1.14298,500.61264
1989-10-12,0.46392,0.71455,0.17005,23.68297,288.97832,176.27236,413.93000,24,0.74034,0.41115,0.96586,0.92446,0.72337,1.46893,668.81631
1989-10-13,0.46000,0.46209,0.09610,23.70396,342.32125,206.49712,410.81842,24,0.58919,0.30583,0.74457,0.84546,0.34456,1.58567,801.38989
1989-10-14,0.44806,0.37299,0.07043,24.08708,354.17945,216.39519,411.03339,24,0.47789,0.22342,0.45574,0.49239,0.19317,1.65635,831.63671
1989-10-15,0.59723,0.52097,0.09798,24.28786,336.74058,210.14164,414.43684,24,0.67254,0.57922,0.42851,0.68461,0.22603,1.58959,823.41086
1989-10-16,0.76862,0.77327,0.15417,24.07868,317.10615,166.45064,421.41365,24,0.60780,0.65868,0.71766,0.81247,0.26720,1.59920,724.53095
1989-10-17,0.96102,0.89994,0.46949,23.59127,353.19395,87.62526,423.29107,24,0.91798,0.96191,0.96551,0.97421,0.60501,1.19171,537.22666
1989-10-18,0.90616,0.84581,0.38837,22.89290,470.73502,88.49602,418.03094,24,0.97982,0.95240,0.87516,0.91892,0.64437,0.90718,700.25362
1989-10-19,0.53158,0.75302,0.20764,22.58884,333.86061,171.45766,404.32883,24,0.84053,0.62728,0.76517,0.83240,0.40711,1.23787,725.78313
1989-10-20,0.36854,0.74914,0.17668,22.51078,309.03416,179.97135,402.97685,24,0.55890,0.46347,0.86407,0.90769,0.51847,1.63597,742.18271
1989-10-21,0.48723,0.54448,0.15994,22.33749,337.85520,187.92139,400.27252,24,0.41289,0.39068,0.68733,0.73241,0.42100,1.15812,818.20404
1989-10-22,0.57703,0.51003,0.18762,22.52887,335.02910,148.39381,406.74202,24,0.52774,0.51678,0.53596,0.74220,0.34930,1.57886,660.03343
1989-10-23,0.67675,0.42759,0.13981,22.17862,400.40421,119.70517,410.28155,24,0.67316,0.66976,0.39780,0.70766,0.25214,2.14205,709.26773
1989-10-24,0.77123,0.57966,0.16601,22.43530,375.54691,115.60169,413.24316,24,0.75791,0.73433,0.35253,0.60659,0.18168,1.12037,677.10101
1989-10-25,0.75265,0.77489,0.22179,22.74381,317.88070,113.51023,414.96128,24,0.79370,0.76485,0.75989,0.89313,0.25168,1.13651,617.33720
1989-10-26,0.50323,0.87183,0.18849,22.78848,304.10128,148.07407,410.46097,24,0.68544,0.53489,0.80614,0.97644,0.31982,1.22543,681.36622
1989-10-27,0.29416,0.65502,0.18452,21.97877,329.61027,186.84847,390.31292,24,0.56155,0.24769,0.88216,0.85338,0.53537,1.07499,793.37536
1989-10-28,0.14917,0.32571,0.09336,20.72367,398.21183,206.00676,374.11574,24,0.42658,0.19423,0.65669,0.47106,0.42745,1.55416,995.27366
1989-10-29,0.08692,0.15187,0.05014,19.76556,366.25429,218.00759,366.03575,24,0.17969,0.04854,0.30376,0.13431,0.24066,2.24414,932.14127
1989-10-30,0.25192,0.25911,0.06183,20.41111,358.29788,209.82930,376.28276,24,0.20186,0.22279,0.28033,0.23936,0.14553,2.77472,909.08005
1989-10-31,0.42112,0.44837,0.15692,20.53537,339.13603,175.45275,386.32977,24,0.53675,0.46439,0.42355,0.41699,0.18793,2.14901,790.73758
1989-11-01,0.28214,0.56197,0.17879,20.53237,339.07838,186.72191,383.58285,24,0.45082,0.29502,0.73196,0.76493,0.49829,1.51028,827.56238
1989-11-02,0.25621,0.51097,0.13397,20.27343,354.47266,187.84879,377.12923,24,0.43779,0.28577,0.70609,0.58948,0.49593,1.93914,840.77718
1989-11-03,0.23582,0.37034,0.12872,19.48059,393.02932,190.98075,371.07750,24,0.47136,0.21202,0.62718,0.42330,0.41079,1.84774,965.92917
1989-11-04,0.14996,0.23662,0.09720,19.15524,371.76504,199.35378,363.72370,24,0.32286,0.15350,0.46070,0.29607,0.33650,2.24807,907.88053
1989-11-05,0.13263,0.21135,0.09424,19.25016,313.47635,205.09867,360.86860,24,0.19294,0.12457,0.32218,0.20540,0.25222,2.15162,750.50967
1989-11-06,0.15368,0.16467,0.06807,19.37119,299.21240,204.27323,362.72210,24,0.23199,0.08376,0.36791,0.19774,0.27996,2.04348,753.90561
1989-11-07,0.38799,0.12413,0.05818,17.78701,387.90779,205.37140,352.15984,24,0.33541,0.25115,0.29841,0.13500,0.25714,1.68011,1016.87816
1989-11-08,0.31905,0.05431,0.02849,16.36203,421.86079,210.73935,340.84645,24,0.67353,0.30523,0.13761,0.06130,0.07457,3.51847,972.94827
1989-11-09,0.17995,0.09713,0.06030,16.41943,403.76315,211.71918,343.49020,24,0.37919,0.22492,0.16664,0.06211,0.16307,3.04686,909.73815
1989-11-10,0.21922,0.12791,0.04658,16.83235,412.79759,205.19681,349.14826,24,0.40204,0.26100,0.32976,0.05661,0.17863,3.11466,1000.57179
1989-11-11,0.35107,0.10249,0.03204,16.99505,422.44474,200.24727,353.46541,24,0.21801,0.27402,0.27900,0.05105,0.12313,2.76794,1077.50381
1989-11-12,0.83831,0.07985,0.02510,17.48956,405.95903,193.31366,355.59727,24,0.94361,0.80521,0.14252,0.07322,0.06274,3.22462,1031.24303
1989-11-13,0.66466,0.11954,0.03714,17.74669,420.95162,182.92993,361.73602,24,0.82199,0.70581,0.21150,0.10553,0.10518,2.90052,1058.78269
1989-11-14,0.37098,0.14585,0.03407,17.87150,433.74567,183.15949,363.85718,24,0.60759,0.45482,0.24233,0.17833,0.11314,2.35656,1106.57403
1989-11-15,0.22935,0.13855,0.04110,17.58267,406.94166,181.97170,359.84711,24,0.43173,0.39728,0.20380,0.10223,0.08043,2.23351,1042.80319
1989-11-16,0.16297,0.14634,0.05251,18.45277,334.32668,190.57900,361.56215,24,0.20053,0.11678,0.28541,0.09682,0.19507,2.33679,829.60478
1989-11-17,0.32238,0.13534,0.02534,18.80674,304.49853,181.77137,362.99047,24,0.25289,0.24127,0.24376,0.19922,0.15000,2.12400,790.60645
1989-11-18,0.43142,0.05544,0.01696,17.56833,367.19652,187.95623,355.30241,24,0.60162,0.55429,0.14669,0.04560,0.08849,1.48398,1001.63469
1989-11-19,0.29459,0.03352,0.01565,16.55214,410.57882,193.05735,348.66743,24,0.29155,0.32444,0.08930,0.02358,0.07275,2.36403,1131.17222
1989-11-20,0.20909,0.09820,0.02331,16.81028,404.34454,181.92711,354.02927,24,0.32136,0.26799,0.09856,0.06355,0.05336,3.19240,1074.35687
1989-11-21,0.12977,0.11162,0.02312,16.82289,392.32929,181.17323,350.64939,24,0.26076,0.13161,0.27453,0.15259,0.12749,2.15221,1022.07181
1989-11-22,0.09605,0.07364,0.03134,15.96661,390.63283,187.59347,345.73869,24,0.13488,0.09634,0.15863,0.01853,0.08997,3.02537,1063.53699
1989-11-23,0.06941,0.07191,0.02892,15.85003,406.24609,188.43226,342.91592,24,0.16242,0.10688,0.16974,0.01487,0.10853,2.91398,1063.93303
1989-11-24,0.05899,0.05659,0.03647,15.75696,377.47656,191.93460,344.29426,24,0.14956,0.03520,0.17538,0.01296,0.12906,2.63258,1022.63951
1989-11-25,0.05937,0.04595,0.02776,16.34002,341.32258,187.14290,349.79579,24,0.15687,0.04948,0.18954,0.00000,0.16375,2.75938,966.76576
1989-11-26,0.05055,0.05020,0.01613,15.95693,373.91874,187.24958,346.26227,24,0.10204,0.07000,0.12155,0.01645,0.08861,2.73674,1019.23218
1989-11-27,0.06198,0.03275,0.00788,16.33539,368.84957,183.41186,348.44382,24,0.08893,0.08344,0.08221,0.03974,0.04414,2.66448,966.18733
1989-11-28,0.14076,0.03555,0.00597,16.33275,354.13814,179.28734,351.45320,24,0.14739,0.18756,0.03266,0.03243,0.01289,2.55972,877.88341
1989-11-29,0.06481,0.06509,0.01181,16.50349,378.13303,183.66145,346.39404,24,0.09200,0.05618,0.07215,0.09021,0.04345,2.05065,911.96887
1989-11-30,0.04260,0.04751,0.01106,15.44490,405.94845,186.09520,335.80975,24,0.05157,0.05453,0.10961,0.08630,0.02706,2.55479,949.52868
1989-12-01,0.03945,0.01511,0.01420,14.36284,377.78896,192.95783,323.53044,24,0.02227,0.01758,0.02025,0.00180,0.02025,3.09760,845.49596
1989-12-02,0.14310,0.01857,0.01742,13.68993,343.05470,193.22371,322.50546,24,0.21339,0.14864,0.06454,0.00000,0.06454,4.31921,794.38771
1989-12-03,0.21538,0.01469,0.01274,13.42900,343.51322,191.31922,321.67432,24,0.11734,0.21215,0.07186,0.00000,0.06445,2.80382,841.04343
1989-12-04,0.06997,0.00797,0.00565,12.88512,379.75000,191.47419,318.99099,24,0.32119,0.02649,0.02911,0.00179,0.02196,3.09988,898.14780
1989-12-05,0.01382,0.00712,0.00413,12.74200,411.89438,190.02646,318.48045,24,0.04533,0.00696,0.02165,0.00539,0.01444,3.22942,977.16119
1989-12-06,0.00950,0.00846,0.00816,12.69920,391.16641,191.26053,315.84092,24,0.05279,0.00091,0.03973,0.00179,0.03973,3.31823,883.59670
1989-12-07,0.01597,0.01654,0.01379,13.07337,334.82665,190.53259,317.21910,24,0.05629,0.00036,0.02941,0.00000,0.02941,3.02945,751.69340
1989-12-08,0.05992,0.02660,0.02347,13.13533,304.29313,189.05702,319.99019,24,0.07105,0.04231,0.05882,0.00357,0.05882,2.41440,737.76895
1989-12-09,0.04319,0.03882,0.02324,13.26348,340.97951,185.90761,322.54825,24,0.10727,0.00952,0.06774,0.02539,0.06416,3.38954,874.54494
1989-12-10,0.07597,0.05864,0.02322,12.61146,386.44538,182.52664,323.56801,24,0.10953,0.09460,0.10553,0.03622,0.07143,2.86501,1038.90084
1989-12-11,0.06272,0.05062,0.02179,12.84347,411.30939,179.34036,325.18230,24,0.11179,0.06156,0.13677,0.02702,0.07870,3.11180,1084.03323
1989-12-12,0.05153,0.02843,0.01752,12.84380,394.59726,181.71060,323.85541,24,0.05052,0.03124,0.06638,0.00181,0.04982,2.48702,1062.84562
1989-12-13,0.10738,0.02712,0.01637,13.13565,404.29879,175.18038,328.62838,24,0.12861,0.12182,0.08640,0.00367,0.05683,2.94712,1110.46795
1989-12-14,0.29225,0.01472,0.00840,12.80063,456.58627,177.83219,325.96040,24,0.25044,0.50348,0.07553,0.00181,0.04971,3.00725,1123.51313
1989-12-15,0.10312,0.01775,0.00836,13.02996,424.58691,182.07175,329.50481,24,0.05286,0.03859,0.03468,0.00000,0.03099,2.92558,1148.94849
1989-12-16,0.26978,0.01811,0.00752,13.50373,390.56377,167.67421,336.57307,24,0.20567,0.18015,0.04960,0.00000,0.02744,3.09277,1062.38381
1989-12-17,0.19400,0.02517,0.00929,13.59203,375.56460,174.98127,333.72988,24,0.42191,0.30574,0.04584,0.01684,0.04400,2.97263,1034.35462
1989-12-18,0.09117,0.02750,0.01691,13.39718,361.64151,179.47103,331.26956,24,0.05671,0.09346,0.05275,0.00537,0.03834,2.67836,1073.28791
1989-12-19,0.23584,0.02783,0.01229,13.24265,377.76517,178.06811,331.65443,24,0.09079,0.19806,0.05152,0.00000,0.04794,2.72834,1067.33670
1989-12-20,0.28138,0.06505,0.01730,13.45236,426.11137,168.19142,337.02877,24,0.33584,0.45893,0.10915,0.00180,0.03871,2.67562,1173.00797
1989-12-21,0.21262,0.11183,0.03057,13.53162,410.77854,164.54802,337.83729,24,0.26406,0.22536,0.18774,0.04875,0.08978,2.63834,1061.77149
1989-12-22,0.17531,0.11469,0.02293,14.01159,374.46809,163.66286,337.15972,24,0.20239,0.25188,0.21289,0.11345,0.07726,2.27467,922.28548
1989-12-23,0.29097,0.13444,0.01205,14.83500,320.27591,157.88235,348.01389,24,0.21652,0.26914,0.20433,0.07547,0.06770,2.25329,832.44986
1989-12-24,0.35706,0.27005,0.06680,15.42253,298.44431,140.76271,355.04838,24,0.39233,0.42247,0.19336,0.25406,0.05300,2.04854,794.85457
1989-12-25,0.35592,0.27921,0.09924,15.65620,337.52084,155.76018,354.70764,24,0.43608,0.33056,0.53707,0.43788,0.42367,1.50969,877.47376
1989-12-26,0.68852,0.42099,0.16191,14.99888,296.31509,105.94821,362.74874,24,0.61962,0.67593,0.22625,0.30267,0.07932,1.52348,550.64742
1989-12-27,0.39091,0.35952,0.09748,13.68709,416.01827,139.45202,341.58178,24,0.75644,0.54008,0.68224,0.63331,0.46083,2.01507,858.06321
1989-12-28,0.15010,0.11458,0.03258,11.17528,486.40848,179.06385,312.11025,24,0.26267,0.13932,0.32297,0.13362,0.15987,2.43974,1086.34533
1989-12-29,0.03427,0.02911,0.00893,10.64495,440.17582,187.61395,302.97875,24,0.08058,0.02625,0.09731,0.04695,0.03613,2.71003,892.37933
1989-12-30,0.04810,0.02531,0.00719,11.24198,393.99326,189.09281,304.24540,24,0.06551,0.01502,0.04777,0.03084,0.01976,2.38336,854.97935
1989-12-31,0.04883,0.03509,0.00697,10.76956,358.38267,187.68230,309.29147,24,0.11655,0.01344,0.02514,0.01800,0.01798,2.58961,798.44778
1990-01-01,0.07488,0.05276,0.01021,10.90423,345.16004,179.49422,315.10783,24,0.13833,0.10848,0.07363,0.03589,0.02700,2.80981,741.69099
1990-01-02,0.02031,0.02000,0.00720,11.05385,394.06928,189.78882,307.40071,24,0.04786,0.00973,0.06696,0.01805,0.02701,2.24312,881.82811
1990-01-03,0.01603,0.01009,0.00553,11.20826,378.42339,192.46608,305.66818,24,0.05848,0.00521,0.02150,0.00721,0.01972,2.84680,783.46666
1990-01-04,0.02272,0.01821,0.00734,11.25085,352.35709,193.17685,307.06711,24,0.07685,0.00399,0.02154,0.00359,0.01976,2.15577,757.22720
1990-01-05,0.02594,0.03331,0.00825,11.44432,326.14096,192.22112,307.53316,24,0.05157,0.01400,0.04687,0.02705,0.03607,2.47315,741.65096
1990-01-06,0.04495,0.03401,0.00757,11.54502,344.51505,189.32931,310.44149,24,0.06989,0.04078,0.05926,0.03777,0.01436,2.55222,793.39454
1990-01-07,0.04932,0.03406,0.00584,11.92760,320.40760,190.95450,313.87138,24,0.05664,0.08183,0.02338,0.00902,0.02157,2.64656,760.53856
1990-01-08,0.09145,0.06085,0.00660,11.78146,350.79185,186.93014,319.17476,24,0.05610,0.06224,0.06298,0.01622,0.00897,2.64228,831.57330
1990-01-09,0.15010,0.10616,0.01329,11.41413,437.09613,179.08498,321.22435,24,0.12671,0.15461,0.17528,0.09547,0.03241,2.70511,1092.99642
1990-01-10,0.12153,0.08126,0.01149,10.60256,410.59269,181.00657,314.54884,24,0.14270,0.13571,0.11711,0.09564,0.02522,3.15040,996.25788
1990-01-11,0.04352,0.04103,0.01227,10.82327,425.07837,192.30241,313.16760,24,0.05675,0.05876,0.11335,0.03062,0.03068,3.38828,1044.88883
1990-01-12,0.06950,0.02941,0.01432,12.09477,436.71895,189.68753,322.33459,24,0.06056,0.08545,0.07474,0.00900,0.06219,2.62444,1037.46483
1990-01-13,0.05903,0.04765,0.01051,12.63219,403.53754,190.37145,325.76433,24,0.08284,0.05922,0.05881,0.01103,0.03133,2.53036,996.67467
1990-01-14,0.17682,0.08005,0.01928,13.14386,363.83209,179.57267,333.89844,24,0.07751,0.23494,0.12716,0.04328,0.04555,2.48092,1053.68223
1990-01-15,0.14639,0.07509,0.01581,13.51452,351.98948,180.53617,334.10921,24,0.20841,0.16167,0.16318,0.05399,0.06956,2.33447,1000.82874
1990-01-16,0.03011,0.01692,0.00892,13.54577,369.19199,199.01993,326.02235,24,0.07561,0.01962,0.03090,0.00181,0.01826,2.99199,961.18455
1990-01-17,0.19508,0.07034,0.01401,13.77372,386.05876,189.89737,337.40350,24,0.05743,0.13700,0.05453,0.01442,0.04192,2.54970,981.37222
1990-01-18,0.19508,0.13881,0.01606,14.26270,341.15099,178.54330,343.75844,24,0.20692,0.27866,0.20861,0.10998,0.04552,2.31727,925.32738
1990-01-19,0.17924,0.09398,0.00953,15.38811,331.49613,185.57478,349.39445,24,0.14772,0.13777,0.18101,0.07574,0.03817,1.81284,994.19101
1990-01-20,0.28727,0.11038,0.02661,16.33982,325.82843,171.20014,361.46974,24,0.30451,0.29489,0.16561,0.05485,0.06241,1.85763,988.39876
1990-01-21,0.35479,0.18458,0.04571,16.82085,339.03629,164.01183,366.21581,24,0.36467,0.32312,0.24628,0.13194,0.10698,1.80471,1002.49133
1990-01-22,0.51730,0.38550,0.08531,17.18332,322.66471,144.58231,373.75958,24,0.54155,0.50842,0.46788,0.35719,0.21026,1.51766,847.85676
1990-01-23,0.48920,0.39317,0.09154,17.86427,297.90597,144.20374,373.38188,24,0.58551,0.54851,0.55466,0.50524,0.20991,1.14718,819.14444
1990-01-24,0.27040,0.30196,0.05355,17.36218,324.58328,164.97575,362.54597,24,0.55309,0.41060,0.48460,0.50787,0.19406,0.94373,928.81810
1990-01-25,0.19168,0.11365,0.01817,17.22365,329.21151,187.00155,359.26248,24,0.20408,0.22045,0.20318,0.15043,0.09265,1.38533,933.67459
1990-01-26,0.28316,0.12912,0.01401,16.98966,353.46107,177.38905,364.05533,24,0.20391,0.23253,0.20909,0.10642,0.04588,1.62394,1043.40425
1990-01-27,0.32860,0.21251,0.02884,17.04777,346.33694,161.67014,364.49921,24,0.36980,0.44475,0.23221,0.18313,0.04954,1.84843,1032.88441
1990-01-28,0.24399,0.21538,0.07182,17.01409,397.70498,180.26512,354.17303,24,0.32349,0.31332,0.37283,0.20170,0.18929,1.33067,1063.45926
1990-01-29,0.13119,0.13397,0.06040,17.03609,488.33683,202.25533,348.43330,24,0.15305,0.13625,0.27836,0.10164,0.18220,1.59768,999.27901
1990-01-30,0.15677,0.24898,0.09383,16.47078,462.92806,192.13849,349.43709,24,0.15563,0.20794,0.26486,0.25701,0.20881,2.15981,1038.42432
1990-01-31,0.14000,0.24344,0.12578,15.32316,366.69471,201.00884,338.48617,24,0.33278,0.17143,0.54450,0.35564,0.38819,1.88979,899.21083
1990-02-01,0.26095,0.15083,0.08612,14.90974,418.21208,211.42177,331.33147,24,0.30893,0.10346,0.39692,0.25505,0.34436,1.86863,1033.32206
1990-02-02,0.32383,0.14933,0.05848,14.38352,417.55413,208.93320,338.90494,24,0.48609,0.26380,0.15320,0.17341,0.10336,2.00169,1015.10710
1990-02-03,0.12981,0.18774,0.08582,13.99515,394.34910,201.54896,340.24929,24,0.32366,0.14342,0.43674,0.27332,0.28466,2.59589,1026.81911
1990-02-04,0.10141,0.17625,0.10165,13.86283,435.08566,208.68619,335.57864,24,0.19931,0.09723,0.27476,0.23081,0.21533,2.41730,1127.07031
1990-02-05,0.39334,0.24478,0.07694,15.17260,467.33337,201.45043,346.30560,24,0.20878,0.16532,0.41084,0.21194,0.29572,2.90337,1150.54242
1990-02-06,0.41850,0.18943,0.05149,15.18013,411.49583,197.78998,348.10490,24,0.46118,0.20422,0.54836,0.24437,0.23469,1.89717,1034.56772
1990-02-07,0.27525,0.06436,0.03128,14.22226,399.77224,213.45526,340.61796,24,0.42940,0.23113,0.25748,0.08945,0.14794,2.13244,1083.78373
1990-02-08,0.48768,0.00519,0.00054,13.98919,396.04849,208.65061,346.16972,24,0.75995,0.35808,0.00186,0.00000,0.00186,3.16694,1080.50364
1990-02-09,0.31777,0.01170,0.00232,15.34535,397.35782,205.47248,353.50840,24,0.64351,0.35137,0.00364,0.00000,0.00000,3.26062,1114.89540
1990-02-10,0.69131,0.01257,0.00666,16.23522,421.64099,205.96045,362.90114,24,0.51431,0.61477,0.05714,0.00000,0.04638,2.86938,1043.12528
1990-02-11,0.46395,0.03174,0.00277,16.07341,357.25415,173.98725,361.43487,24,0.87693,0.86148,0.00181,0.02520,0.00000,3.50340,841.76519
1990-02-12,0.28866,0.06741,0.00389,16.00174,441.57240,205.86937,352.31823,24,0.12744,0.40223,0.04659,0.05207,0.01615,2.50921,1098.98827
1990-02-13,0.34230,0.05828,0.00316,15.76981,488.05019,209.78254,356.04586,24,0.39751,0.23760,0.07896,0.07170,0.00545,2.44539,1223.55148
1990-02-14,0.70220,0.30231,0.09775,16.76382,355.69687,139.78104,370.57277,24,0.64951,0.77078,0.07356,0.23054,0.01443,2.98712,809.62812
1990-02-15,0.51427,0.47050,0.11718,16.66767,424.45453,179.57338,366.87407,24,0.57497,0.47605,0.72942,0.53555,0.53051,1.50452,959.33362
1990-02-16,0.28979,0.54967,0.08357,16.26740,429.44508,179.70122,358.74306,24,0.27272,0.42825,0.70419,0.69252,0.18484,1.66598,1002.39222
1990-02-17,0.35187,0.29798,0.04036,15.41176,426.03521,199.41279,356.69925,24,0.45824,0.26840,0.61659,0.29632,0.23245,1.75590,1046.51669
1990-02-18,0.75073,0.19581,0.02802,15.80324,414.76500,184.25995,367.08940,24,0.66597,0.60361,0.24827,0.17322,0.05175,2.20584,1035.31567
1990-02-19,0.63491,0.52136,0.08951,17.03030,337.14960,152.09001,372.91460,24,0.88126,0.75505,0.32564,0.54107,0.16997,1.94889,805.15549
1990-02-20,0.64214,0.71640,0.18617,17.21416,370.18125,175.26673,374.19373,24,0.69450,0.48260,0.78340,0.84123,0.34612,1.83263,864.45091
1990-02-21,0.58563,0.90890,0.27268,17.10532,329.40039,140.47554,375.16568,24,0.71827,0.78801,0.93608,0.98892,0.63670,1.37899,658.50236
1990-02-22,0.45900,0.68573,0.17915,16.43723,357.21442,174.68115,361.24860,24,0.61901,0.61905,0.90478,0.89655,0.58252,1.40735,832.67080
1990-02-23,0.24294,0.35889,0.06826,15.75415,405.29638,209.56880,348.46100,24,0.44487,0.35134,0.78272,0.69473,0.41053,1.56093,1027.36509
1990-02-24,0.19843,0.07731,0.00920,14.67437,446.42831,224.97231,344.77467,24,0.11745,0.19986,0.16900,0.12820,0.02524,2.71097,1205.98721
1990-02-25,0.52514,0.32720,0.03924,15.85709,390.57339,197.38460,366.44392,24,0.36858,0.47580,0.14709,0.27996,0.03664,2.62090,940.95182
1990-02-26,0.51090,0.70639,0.14467,17.41011,357.03686,160.80816,377.70323,24,0.61138,0.66170,0.69374,0.85706,0.30561,1.60392,816.10327
1990-02-27,0.30323,0.32190,0.11558,17.65077,376.79108,204.84964,365.20082,24,0.45953,0.31147,0.70713,0.52104,0.50890,1.25754,899.30229
1990-02-28,0.34506,0.18239,0.04892,17.52163,403.08763,210.13641,371.46676,24,0.43301,0.38836,0.31217,0.19507,0.21157,2.10869,1011.84837
1990-03-01,0.51757,0.43620,0.10122,19.01539,408.75234,173.44655,384.41715,24,0.51374,0.51645,0.33615,0.35182,0.05980,1.83338,852.76836
1990-03-02,0.57963,0.51178,0.15346,17.45379,466.13709,166.16780,380.86812,24,0.65760,0.55971,0.72150,0.51351,0.39074,1.76051,980.27003
1990-03-03,0.59963,0.32693,0.13221,14.78636,383.34667,117.35896,364.52426,24,0.68524,0.70744,0.47765,0.37434,0.20714,2.32337,783.05772
1990-03-04,0.34883,0.25806,0.09466,14.81143,415.29342,168.12616,350.15370,24,0.56508,0.50473,0.39343,0.15426,0.21373,2.35186,888.56351
1990-03-05,0.21057,0.08239,0.05471,13.69653,518.07792,248.94043,338.76575,24,0.31434,0.11690,0.40148,0.03354,0.30246,2.26175,1293.52090
1990-03-06,0.63777,0.24052,0.03857,14.90432,316.20583,128.24116,369.06419,24,0.71157,0.76582,0.00924,0.09372,0.00000,4.29131,618.61371
1990-03-07,0.29070,0.20932,0.05499,15.82563,405.67427,200.34610,355.87295,24,0.60849,0.40905,0.52811,0.29758,0.25725,1.87997,913.30875
1990-03-08,0.14118,0.03486,0.01230,15.25900,504.15411,248.07317,344.23847,24,0.13130,0.16543,0.17677,0.00732,0.08122,2.60305,1305.33524
1990-03-09,0.13809,0.02691,0.00302,14.92434,535.81353,242.77616,348.43140,24,0.10044,0.16610,0.03303,0.02529,0.01484,3.77251,1416.91993
1990-03-10,0.18030,0.09884,0.00442,16.10581,443.72912,239.29851,358.93285,24,0.20776,0.20099,0.09160,0.11675,0.00739,4.04280,1123.62768
1990-03-11,0.60952,0.14496,0.01728,17.95461,453.79460,226.72433,376.95425,24,0.17020,0.34445,0.33340,0.23684,0.11302,2.77240,1111.44815
1990-03-12,0.72143,0.42852,0.10499,17.06764,347.74237,145.73311,377.45353,24,0.96959,0.83425,0.17965,0.36435,0.02168,2.77421,707.11957
1990-03-13,0.56899,0.60318,0.09709,17.10322,396.34354,200.48066,371.56019,24,0.78797,0.58061,0.71312,0.69686,0.37995,1.77846,957.94359
1990-03-14,0.27290,0.31871,0.03774,16.82415,452.94869,226.36478,361.14783,24,0.35733,0.33684,0.53487,0.37476,0.13949,1.69410,1088.37048
1990-03-15,0.14957,0.07578,0.03418,16.69943,469.66379,250.57323,354.77517,24,0.22966,0.15647,0.35381,0.02972,0.19543,2.10482,1180.83212
1990-03-16,0.09108,0.02405,0.01008,16.86324,493.06519,263.32673,355.93425,24,0.14273,0.09679,0.07724,0.03732,0.06462,2.97327,1288.02188
1990-03-17,0.08868,0.00082,0.00023,16.91637,464.45287,273.73249,356.28504,24,0.00320,0.03997,0.00900,0.00000,0.00361,3.10678,1286.41280
1990-03-18,0.18368,0.00015,0.00007,16.94650,471.20346,270.75289,359.91727,24,0.30922,0.17006,0.00000,0.00000,0.00000,3.72430,1347.02635
1990-03-19,0.13497,0.00222,0.00116,17.83667,568.89900,260.38458,369.50231,24,0.06268,0.12612,0.00000,0.00000,0.00000,3.57334,1578.07714
1990-03-20,0.29955,0.16676,0.05506,19.80968,503.57459,246.42397,383.73157,24,0.14903,0.20782,0.02599,0.01662,0.00561,2.76677,1157.75836
1990-03-21,0.55706,0.59149,0.18138,20.71396,537.17296,213.29329,395.39258,24,0.41878,0.43929,0.55642,0.47118,0.33804,2.15037,930.44311
1990-03-22,0.53554,0.73812,0.24548,21.63571,554.03187,195.40868,400.70268,24,0.62362,0.66383,0.87912,0.69610,0.46006,1.55150,933.09410
1990-03-23,0.61031,0.72823,0.25664,21.72316,528.58137,201.15328,405.37088,24,0.64613,0.60154,0.90491,0.66913,0.52259,1.70942,942.33049
1990-03-24,0.71704,0.76311,0.29844,20.71706,505.07650,176.59312,403.69790,24,0.72240,0.71588,0.89204,0.72420,0.53259,1.43941,790.85999
1990-03-25,0.78565,0.71413,0.26112,19.11982,350.92699,135.77800,390.19724,24,0.85401,0.88084,0.88264,0.81735,0.54896,1.81778,604.67366
1990-03-26,0.42726,0.39923,0.07297,18.18111,431.19031,228.64803,372.53761,24,0.72108,0.38438,0.83773,0.50772,0.45341,1.98433,943.21180
1990-03-27,0.83790,0.27465,0.03143,18.08902,418.34140,209.98315,384.33227,24,0.60659,0.83562,0.35817,0.30864,0.08714,2.56835,979.90243
1990-03-28,0.73860,0.50411,0.09626,18.43586,371.72116,153.71749,390.25728,24,0.82316,0.83122,0.39178,0.49459,0.10731,2.63223,780.66513
1990-03-29,0.67951,0.83347,0.17871,19.84899,393.52966,183.35142,400.25499,24,0.66619,0.70145,0.86315,0.86353,0.35694,1.56801,818.19740
1990-03-30,0.40802,0.75604,0.19143,20.86303,413.36143,203.26988,395.01378,24,0.75291,0.52269,0.97827,0.85708,0.63122,1.20738,834.09756
1990-03-31,0.42921,0.68233,0.20331,20.88946,456.60983,238.66914,394.08320,24,0.52701,0.38727,0.79514,0.69174,0.52402,1.82232,933.25867
1990-10-01,0.93040,0.95298,0.33858,24.00974,368.66471,141.20708,424.58823,24,0.95085,0.97908,0.95990,1.00000,0.59022,1.16248,548.16927
1990-10-02,0.94851,0.90852,0.34156,24.00906,446.71929,108.13026,427.30266,24,0.93578,0.91181,0.89261,0.99632,0.45821,1.33385,669.90680
1990-10-03,0.94400,0.87521,0.30644,24.10762,445.82830,115.15804,426.82977,24,0.96669,0.87098,0.93461,0.96577,0.37927,1.29600,673.85408
1990-10-04,0.96458,0.81789,0.26173,24.22832,408.36906,120.59339,426.14839,24,0.93528,0.96056,0.81425,0.92394,0.24517,1.19791,684.18200
1990-10-05,0.84798,0.65201,0.16941,24.57127,363.14064,167.60205,422.69911,24,0.90988,0.78192,0.73352,0.85315,0.35687,1.14056,763.90184
1990-10-06,0.67321,0.45761,0.09034,24.70897,347.90040,204.25537,425.17496,24,0.69426,0.62864,0.54503,0.71668,0.30372,1.70858,817.46888
1990-10-07,0.85533,0.76630,0.31728,24.09832,522.26934,138.98860,428.39042,24,0.58352,0.69988,0.46908,0.62369,0.18524,1.96590,758.20082
1990-10-08,0.99379,0.87902,0.52670,23.39016,627.01464,54.59091,428.50119,24,0.98478,0.99384,0.93526,0.97815,0.66289,0.93852,746.33808
1990-10-09,0.98205,0.80388,0.40410,22.53782,577.16437,62.89843,424.26142,24,0.99761,0.98087,0.75405,0.75968,0.49364,1.19872,808.55313
1990-10-10,0.88915,0.81324,0.28266,22.67075,363.81292,135.15898,415.66944,24,0.93170,0.90453,0.85499,0.90435,0.47878,1.35242,693.52410
1990-10-11,0.58732,0.82503,0.19156,23.09670,296.85942,175.56926,410.23959,24,0.86699,0.78587,0.92469,0.94130,0.67300,1.06570,663.08842
1990-10-12,0.50554,0.68973,0.12882,23.32696,306.44308,175.84477,409.68612,24,0.69764,0.48826,0.94551,0.94135,0.53180,1.65459,707.63443
1990-10-13,0.49252,0.51271,0.10063,23.09481,295.12570,178.67497,406.90858,24,0.64086,0.51591,0.70924,0.75989,0.27493,1.52867,658.14032
1990-10-14,0.42013,0.46750,0.09818,23.15107,316.31425,189.60287,407.13298,24,0.53562,0.42048,0.57406,0.54940,0.39572,1.57105,754.01967
1990-10-15,0.38548,0.70804,0.14470,22.87253,313.44224,185.22758,407.86943,24,0.49293,0.46908,0.51343,0.77673,0.21510,1.63608,708.78333
1990-10-16,0.32726,0.76604,0.18685,22.33694,359.45223,197.01654,399.16428,24,0.61485,0.41607,0.89688,0.94065,0.56190,1.17735,780.97837
1990-10-17,0.19147,0.36422,0.11098,21.51451,402.58075,208.51022,384.98487,24,0.43924,0.24546,0.72701,0.50896,0.47087,2.04635,881.11381
1990-10-18,0.11316,0.19350,0.07508,21.47326,398.69852,226.42207,378.50962,24,0.28410,0.10746,0.34004,0.29005,0.25760,2.27639,898.75062
1990-10-19,0.10386,0.16063,0.05112,21.50606,384.82819,226.66310,377.70871,24,0.22596,0.12579,0.26915,0.25417,0.19819,2.33273,906.81411
1990-10-20,0.20787,0.17269,0.03971,21.26406,406.20003,220.62545,379.32230,24,0.22395,0.22081,0.37051,0.26430,0.17444,2.09042,943.24547
1990-10-21,0.20269,0.15517,0.03673,21.47002,411.10153,223.63066,379.23338,24,0.26136,0.19644,0.33591,0.22162,0.14636,2.45390,971.17600
1990-10-22,0.21756,0.18623,0.04822,20.94599,460.22945,219.91049,381.77468,24,0.35279,0.25799,0.38745,0.12594,0.15941,2.41092,1071.46454
1990-10-23,0.31074,0.17465,0.03794,20.20798,483.87891,211.05538,379.05829,24,0.34140,0.20562,0.41481,0.15020,0.15729,2.47968,1112.60859
1990-10-24,0.29552,0.11402,0.02929,19.29094,418.91472,197.91582,375.14711,24,0.53546,0.37934,0.20570,0.15717,0.07553,3.00048,929.66056
1990-10-25,0.34603,0.11258,0.02133,19.28420,386.50292,185.03913,372.78863,24,0.38173,0.43387,0.18814,0.05616,0.10124,2.95317,908.73185
1990-10-26,0.48784,0.14700,0.02934,19.46085,402.42490,185.11185,374.37122,24,0.49940,0.63090,0.17965,0.13983,0.08371,2.54229,875.63773
1990-10-27,0.30476,0.17658,0.02981,19.44024,456.98429,212.03312,367.38696,24,0.35042,0.23982,0.25463,0.21004,0.15104,2.36233,1037.33941
1990-10-28,0.19279,0.07531,0.02114,18.55264,462.67098,218.11510,359.44740,24,0.28056,0.22984,0.21361,0.05220,0.06525,2.55180,1061.54448
1990-10-29,0.20723,0.04566,0.01514,18.32080,379.90474,202.55872,361.21478,24,0.33913,0.28588,0.09836,0.04726,0.07255,3.48577,906.92310
1990-10-30,0.06455,0.07170,0.02654,18.37856,411.79749,217.97502,358.49600,24,0.13813,0.08881,0.10937,0.09157,0.08228,2.98295,991.76411
1990-10-31,0.16997,0.05531,0.01901,18.27406,421.35985,215.81406,359.30333,24,0.12932,0.11889,0.14058,0.04536,0.11346,2.78004,1097.23584
1990-11-01,0.71501,0.03561,0.01012,18.86780,396.88742,193.96640,373.71578,24,0.44725,0.60616,0.07992,0.03623,0.05829,3.01785,1048.32910
1990-11-02,0.98024,0.11194,0.05171,20.87620,302.76933,128.88171,395.54700,24,0.96283,0.92802,0.05302,0.05580,0.01645,2.86124,666.97890
1990-11-03,0.99845,0.32488,0.12395,21.98539,279.91777,87.45130,411.27428,24,0.99784,0.99751,0.26942,0.29530,0.17829,2.06340,512.56878
1990-11-04,0.93144,0.73956,0.29890,22.18146,293.37992,94.90604,415.96516,24,0.99894,0.99567,0.48329,0.67117,0.23180,1.45846,557.42893
1990-11-05,0.79835,0.85163,0.30749,22.40410,266.61608,131.76428,411.91484,24,0.85887,0.90283,0.87628,0.88358,0.57756,1.01352,554.41617
1990-11-06,0.83765,0.84112,0.26727,22.25795,272.47724,122.20244,414.36404,24,0.90536,0.84967,0.87818,0.86385,0.57077,1.15601,626.95134
1990-11-07,0.81827,0.80035,0.32923,22.21957,269.20002,109.66183,414.52846,24,0.93280,0.87355,0.89069,0.87454,0.49069,1.27332,612.53320
1990-11-08,0.48047,0.60917,0.19994,21.53643,333.02927,147.01794,397.85667,24,0.68994,0.54951,0.74376,0.73395,0.41988,1.40233,732.93524
1990-11-09,0.31070,0.37311,0.12791,20.73609,345.09148,184.11995,388.25086,24,0.40942,0.23802,0.46779,0.38830,0.28830,1.78921,798.85902
1990-11-10,0.43185,0.45099,0.14550,20.95305,324.70326,149.75823,399.55174,24,0.45673,0.42553,0.38239,0.46707,0.18244,2.38273,689.87146
1990-11-11,0.52481,0.45844,0.10448,20.97505,354.76601,136.08794,397.89405,24,0.51997,0.54974,0.45755,0.48921,0.19477,2.62504,747.50678
1990-11-12,0.52258,0.30063,0.07567,21.47714,309.46503,152.42124,394.30569,24,0.56773,0.54286,0.42889,0.43748,0.19028,1.57666,743.69838
1990-11-13,0.39653,0.15535,0.06741,21.22847,310.33215,188.59425,387.37421,24,0.44153,0.31674,0.30627,0.17840,0.21382,1.94385,836.74942
1990-11-14,0.21148,0.12665,0.06583,20.61385,311.41309,197.93181,376.97940,24,0.30147,0.20921,0.23217,0.08370,0.20799,2.14483,767.98402
1990-11-15,0.07239,0.09365,0.06269,19.64701,306.52501,200.67154,365.12415,24,0.20923,0.04025,0.22827,0.09113,0.20019,2.26317,675.14470
1990-11-16,0.06171,0.11100,0.04539,18.91786,342.41336,199.08335,359.35916,24,0.18371,0.02655,0.20419,0.10315,0.19118,2.47242,805.25539
1990-11-17,0.10032,0.15932,0.05157,18.05724,407.05422,196.21780,358.70239,24,0.17579,0.06327,0.24364,0.13806,0.15782,2.81176,971.19721
1990-11-18,0.15658,0.11943,0.05521,17.82603,471.71361,190.75847,359.94612,24,0.32110,0.17151,0.28069,0.12001,0.17811,2.77949,1177.45352
1990-11-19,0.13359,0.09259,0.05643,17.84350,410.79429,187.30782,360.78375,24,0.31647,0.11217,0.23141,0.09190,0.17979,2.91224,1100.23654
1990-11-20,0.05063,0.06027,0.03075,17.82654,344.32734,195.89430,354.82654,24,0.20667,0.02179,0.23973,0.03364,0.19487,2.70674,926.73733
1990-11-21,0.31052,0.02104,0.01666,18.34351,297.19428,196.53893,355.34109,24,0.09019,0.06266,0.09747,0.00000,0.08250,3.36688,773.78961
1990-11-22,0.64438,0.03700,0.03252,18.61277,285.53652,189.74545,364.21597,24,0.55456,0.60019,0.13103,0.00183,0.12736,2.24482,788.51540
1990-11-23,0.23159,0.04233,0.02517,18.67674,323.93571,183.22421,366.97456,24,0.43481,0.19980,0.17462,0.00544,0.17096,2.62834,870.32793
1990-11-24,0.36846,0.03931,0.01305,18.85255,380.20492,185.71508,363.47471,24,0.13036,0.13904,0.07827,0.01632,0.04746,2.47019,969.56506
1990-11-25,0.26984,0.05461,0.02480,17.75331,410.41398,188.34565,356.00518,24,0.47963,0.18285,0.12339,0.01802,0.09814,2.71033,991.63183
1990-11-26,0.09279,0.06739,0.02616,15.97266,420.67279,188.33010,344.77999,24,0.18383,0.06577,0.18311,0.03248,0.13251,3.08769,987.36349
1990-11-27,0.34648,0.05461,0.02457,14.62311,480.33284,191.76609,334.01524,24,0.40708,0.44919,0.12947,0.06037,0.10064,3.55160,1022.05523
1990-11-28,0.10164,0.09261,0.02961,13.97985,482.03214,191.05113,334.26924,24,0.14073,0.06865,0.12812,0.06072,0.11190,4.18727,1033.78201
1990-11-29,0.16047,0.12300,0.02631,14.29039,480.17894,183.42902,336.24048,24,0.19318,0.24823,0.20989,0.08398,0.10973,4.15314,1167.33887
1990-11-30,0.10596,0.11359,0.02493,13.93206,464.22283,184.58989,333.43912,24,0.22954,0.10431,0.21419,0.08045,0.11016,3.24068,1168.48093
1990-12-01,0.20837,0.12473,0.02316,14.04513,522.58760,182.89742,340.87795,24,0.18756,0.10719,0.17839,0.08291,0.10719,3.43157,1282.66594
1990-12-02,0.29593,0.16167,0.03127,15.46085,448.02279,162.27816,353.12070,24,0.43859,0.29683,0.26524,0.08059,0.08614,3.07153,1136.69979
1990-12-03,0.17021,0.14863,0.02754,15.83926,442.96151,166.63017,349.64980,24,0.19127,0.23159,0.28725,0.09184,0.08066,2.44945,1161.57089
1990-12-04,0.39402,0.07811,0.02090,14.97869,462.39195,180.17159,341.03496,24,0.20440,0.37760,0.28892,0.02222,0.10115,2.39216,1198.41945
1990-12-05,0.50020,0.04598,0.02441,14.87380,440.98512,182.51910,341.89576,24,0.56644,0.28763,0.09012,0.00917,0.06626,2.88798,1075.65918
1990-12-06,0.21947,0.07098,0.02065,15.14432,452.05054,173.08642,347.17770,24,0.52818,0.32112,0.14497,0.02021,0.10084,3.03704,1143.31187
1990-12-07,0.14527,0.04386,0.01224,15.55186,406.88111,178.02942,342.00099,24,0.17619,0.08986,0.20788,0.02175,0.08447,2.70037,1057.41138
1990-12-08,0.23676,0.01530,0.00694,14.97953,403.33726,183.90845,335.05809,24,0.11133,0.18188,0.03293,0.00368,0.02006,2.78388,1042.62842
1990-12-09,0.46011,0.02604,0.01178,14.60265,391.69658,181.17693,334.98770,24,0.35769,0.57418,0.06796,0.00179,0.05321,2.66274,1028.88456
1990-12-10,0.11339,0.03634,0.01562,14.57850,386.26863,180.39228,337.35222,24,0.28572,0.17890,0.08406,0.00364,0.05495,2.74129,987.54915
1990-12-11,0.01652,0.02936,0.00950,14.74025,375.46632,182.57428,335.32650,24,0.06014,0.01602,0.09828,0.02197,0.06945,3.36333,965.12287
1990-12-12,0.01769,0.00725,0.00454,14.19087,379.96718,184.71523,329.66897,24,0.03013,0.01128,0.03795,0.00179,0.02170,2.42561,876.16215
1990-12-13,0.08047,0.01306,0.00899,14.06301,396.49263,185.20811,326.75895,24,0.06415,0.00651,0.02544,0.00733,0.02365,2.75451,913.88273
1990-12-14,0.71704,0.01590,0.01312,14.38503,373.70867,182.80603,329.45046,24,0.29769,0.55116,0.04735,0.00179,0.04198,3.13823,936.74158
1990-12-15,0.90268,0.02090,0.01879,15.05449,290.40680,171.27250,337.81390,24,0.98885,0.89977,0.05496,0.00000,0.05496,2.56785,768.57808
1990-12-16,0.91243,0.01933,0.01447,15.64978,231.11635,124.76210,361.84445,24,0.95701,0.79875,0.08971,0.00562,0.08608,2.15645,618.55348
1990-12-17,0.97689,0.01622,0.00373,16.33246,232.20373,82.45289,381.12187,24,0.97619,0.98045,0.02181,0.00540,0.01448,2.67948,393.88117
1990-12-18,0.60839,0.25655,0.07472,16.03030,316.72577,57.31768,374.18313,24,0.96456,0.86956,0.06539,0.19922,0.00000,2.31340,515.80174
1990-12-19,0.16872,0.24926,0.08600,15.04620,292.38988,167.63640,341.93620,24,0.26357,0.17101,0.26961,0.19035,0.15708,1.50861,689.99258
1990-12-20,0.07288,0.12073,0.05590,14.39720,336.02846,177.74946,333.61778,24,0.26189,0.04256,0.38054,0.12277,0.22059,2.00752,844.95357
1990-12-21,0.08460,0.10315,0.03189,13.36423,390.15478,179.06633,328.42115,24,0.16845,0.07659,0.16980,0.13012,0.11703,2.59158,892.19428
1990-12-22,0.05838,0.10629,0.03000,12.67961,370.21374,180.75901,322.07899,24,0.15604,0.03087,0.19719,0.04204,0.11191,3.03014,785.04492
1990-12-23,0.09031,0.09368,0.03307,12.91862,355.60615,183.62916,321.34397,24,0.12989,0.03003,0.14599,0.05679,0.09144,3.45845,801.18848
1990-12-24,0.09489,0.12325,0.03890,13.19134,369.63213,180.55279,324.67297,24,0.13689,0.06911,0.22259,0.09121,0.12657,2.81176,863.97129
1990-12-25,0.16885,0.10469,0.03335,13.10453,372.72573,182.31654,323.42432,24,0.17085,0.04907,0.24507,0.05855,0.09708,2.81719,882.41888
1990-12-26,0.24350,0.16339,0.04665,13.68867,376.00041,178.01219,328.72665,24,0.49105,0.25166,0.25405,0.05500,0.13167,2.47651,914.91846
1990-12-27,0.12020,0.17348,0.04586,14.05668,360.76949,174.15905,331.17801,24,0.26641,0.12063,0.38483,0.15586,0.19991,2.31725,929.60043
1990-12-28,0.12954,0.13395,0.03510,14.06164,355.38942,176.57238,330.61516,24,0.16087,0.08432,0.24324,0.09720,0.10575,2.25592,944.61732
1990-12-29,0.26716,0.13889,0.06336,14.39970,328.00484,177.20442,328.99001,24,0.37582,0.20607,0.31402,0.10513,0.19869,1.97685,857.23211
1990-12-30,0.20053,0.13699,0.06456,14.21902,328.69210,183.78293,322.72780,24,0.46521,0.21498,0.32028,0.11541,0.20225,2.15306,880.06649
1990-12-31,0.14077,0.12435,0.06424,13.69788,330.12448,181.75157,325.19028,24,0.31510,0.06813,0.32769,0.10663,0.22945,2.07167,881.06533
1991-01-01,0.50302,0.17286,0.05539,14.91663,320.87925,144.39264,353.38485,24,0.46647,0.42294,0.18009,0.11068,0.11181,2.05626,724.33993
1991-01-02,0.75405,0.34275,0.10322,15.18091,324.92028,112.45152,369.17564,24,0.62741,0.78623,0.28829,0.35638,0.13766,2.38379,651.92139
1991-01-03,0.62323,0.71266,0.20682,14.76585,358.07910,98.97255,356.88137,24,0.81693,0.78871,0.58833,0.83804,0.24020,1.56475,587.49857
1991-01-04,0.28886,0.36137,0.11586,11.94868,459.16654,164.09709,318.95587,24,0.63753,0.41897,0.66317,0.60073,0.44838,1.62630,953.58842
1991-01-05,0.21892,0.12824,0.03653,11.82845,435.41149,184.64087,309.25956,24,0.30389,0.14867,0.32531,0.20731,0.16735,2.27134,942.13379
1991-01-06,0.16751,0.03227,0.01503,11.75938,356.66142,189.31638,309.26171,24,0.20263,0.19544,0.09261,0.01448,0.05433,2.08780,786.45640
1991-01-07,0.21968,0.04270,0.01717,11.81070,310.66620,191.00621,310.54270,24,0.44420,0.34122,0.08170,0.03963,0.07092,2.26302,738.20429
1991-01-08,0.15327,0.02566,0.01214,12.13338,293.87923,189.52785,321.51912,24,0.13773,0.05781,0.03604,0.02346,0.02161,2.45344,713.57852
1991-01-09,0.27744,0.06508,0.00858,13.40352,277.42675,172.06771,343.33728,24,0.20755,0.27533,0.06571,0.01262,0.04411,2.37497,691.70649
1991-01-10,0.44724,0.16163,0.02012,14.91569,260.61615,134.96882,355.12152,24,0.42914,0.56168,0.17096,0.18728,0.02338,2.29194,595.83505
1991-01-11,0.21083,0.14395,0.03331,14.93716,296.15028,171.16089,345.03819,24,0.27305,0.15316,0.27220,0.22485,0.14374,1.41795,778.14316
1991-01-12,0.45465,0.19235,0.01291,15.20924,248.73477,117.96908,357.12081,24,0.30139,0.56915,0.21212,0.15512,0.02334,2.02600,593.19979
1991-01-13,0.37826,0.23218,0.03279,14.86166,336.34456,152.16823,352.55627,24,0.43884,0.37114,0.40460,0.33515,0.10007,2.07507,779.34465
1991-01-14,0.29499,0.09276,0.02539,12.89464,388.22532,167.07397,337.16738,24,0.45422,0.26953,0.19686,0.10834,0.05212,2.24974,924.43780
1991-01-15,0.11853,0.06748,0.02169,11.41892,424.25671,184.87196,320.11471,24,0.26424,0.12894,0.14657,0.03806,0.07048,2.79727,982.59685
1991-01-16,0.05407,0.03231,0.01625,10.31794,399.25243,196.85245,309.47820,24,0.12487,0.07247,0.12154,0.02350,0.08190,3.34552,994.54925
1991-01-17,0.06577,0.03881,0.00854,10.44419,409.44120,198.86468,311.66502,24,0.03463,0.02199,0.04849,0.00539,0.02331,3.17203,924.52782
1991-01-18,0.14451,0.05848,0.00757,10.88327,394.91686,198.27634,311.23102,24,0.13870,0.17478,0.09926,0.00716,0.02879,3.09265,943.08791
1991-01-19,0.13606,0.06104,0.00518,10.43651,395.20736,192.06982,317.22196,24,0.15860,0.14390,0.08279,0.04595,0.02159,2.85081,990.87617
1991-01-20,0.07239,0.06309,0.00543,10.12541,431.77571,196.40397,308.55774,24,0.07793,0.07367,0.13795,0.04414,0.01282,2.71421,1161.76347
1991-01-21,0.06226,0.04862,0.00682,9.66208,428.93016,198.16927,305.80099,24,0.07709,0.07495,0.09019,0.01791,0.02340,3.15609,1111.50783
1991-01-22,0.06740,0.05002,0.01123,10.26063,420.33044,201.60302,309.49279,24,0.07529,0.04183,0.09680,0.01628,0.02515,2.98153,1060.29748
1991-01-23,0.10164,0.05583,0.01115,10.99207,413.73991,198.37045,314.95860,24,0.11674,0.08097,0.11077,0.02875,0.05691,2.86811,982.06267
1991-01-24,0.12665,0.06425,0.00559,11.30408,437.62543,194.59903,321.51292,24,0.11601,0.11765,0.08530,0.07207,0.02206,3.00917,1149.90036
1991-01-25,0.02648,0.01339,0.00166,10.97545,491.75653,206.50440,312.76816,24,0.05719,0.07766,0.06518,0.00541,0.00904,2.63283,1203.11371
1991-01-26,0.00977,0.00720,0.00698,11.74757,386.46087,210.76443,315.95537,24,0.02281,0.00433,0.00366,0.00000,0.00366,3.21726,905.45297
1991-01-27,0.01362,0.00918,0.00918,12.66372,310.10591,212.43930,320.94089,24,0.03481,0.00229,0.03671,0.00000,0.03671,3.02261,793.10699
1991-01-28,0.01296,0.01320,0.01243,13.39341,317.13448,213.40048,325.97884,24,0.03740,0.00000,0.05341,0.00000,0.05341,2.75896,869.55743
1991-01-29,0.08023,0.06206,0.04370,13.87230,392.92733,209.97122,333.18535,24,0.11959,0.00861,0.12743,0.02411,0.12004,2.71003,1091.34245
1991-01-30,0.22700,0.08549,0.05370,14.82699,372.98581,185.66504,347.53058,24,0.28315,0.20738,0.21712,0.04056,0.18076,2.59264,1071.32399
1991-01-31,0.20053,0.09758,0.03488,15.58861,416.58022,189.36408,346.56410,24,0.29600,0.22283,0.17828,0.04926,0.12380,1.96792,1210.10978
1991-02-01,0.21767,0.15433,0.04903,16.51670,445.70762,189.32267,355.02113,24,0.18027,0.19879,0.14339,0.11901,0.04956,1.98825,979.16137
1991-02-02,0.32881,0.44646,0.17856,16.81865,443.13816,175.09646,360.91680,24,0.29817,0.29341,0.33663,0.51083,0.20311,1.96663,932.31852
1991-02-03,0.50590,0.63414,0.22999,16.82645,367.09549,155.01565,366.47853,24,0.58630,0.53253,0.69222,0.70438,0.48001,1.69862,754.53708
1991-02-04,0.48644,0.69658,0.24788,15.78136,328.62078,140.25349,362.11766,24,0.69664,0.61370,0.85727,0.84820,0.60210,1.57751,680.23420
1991-02-05,0.18115,0.28185,0.13707,14.38036,426.53619,196.54952,337.08890,24,0.58150,0.16337,0.82494,0.55262,0.68496,1.12276,839.09266
1991-02-06,0.04493,0.01709,0.00144,13.68126,444.43348,218.31158,325.86078,24,0.06435,0.04460,0.03615,0.01079,0.00361,2.84689,1020.47951
1991-02-07,0.09049,0.04306,0.00997,14.55055,410.90142,213.95821,335.56761,24,0.10199,0.08232,0.06752,0.00541,0.04420,2.72014,1004.01571
1991-02-08,0.14711,0.06502,0.01102,15.58859,410.20709,205.41848,344.25225,24,0.11419,0.14183,0.06674,0.04865,0.02003,2.81067,1056.15622
1991-02-09,0.16071,0.10975,0.04050,15.90695,418.43940,209.01228,347.44422,24,0.18675,0.16326,0.21515,0.09088,0.12701,2.03661,1149.91592
1991-02-10,0.15059,0.09399,0.02650,16.18139,401.52941,207.78422,350.11213,24,0.21793,0.11932,0.20982,0.11030,0.12709,2.26342,1100.09185
1991-02-11,0.13789,0.08365,0.01599,16.58600,405.79854,209.36425,350.74325,24,0.18707,0.18132,0.10867,0.05757,0.02369,2.66491,1041.77806
1991-02-12,0.07471,0.05784,0.01686,17.58961,431.00101,221.80480,356.44669,24,0.06956,0.02749,0.06821,0.05020,0.01438,1.69939,933.88445
1991-02-13,0.14159,0.26533,0.10230,16.98213,429.60196,211.43975,356.35363,24,0.18297,0.16613,0.20328,0.31632,0.16358,1.86810,1093.72313
1991-02-14,0.05777,0.10247,0.07045,13.42484,398.59976,229.28734,331.83551,24,0.23016,0.05641,0.37490,0.13815,0.34584,3.31146,1034.75550
1991-02-15,0.02867,0.01164,0.00344,12.12602,431.54745,233.34447,326.55288,24,0.04507,0.03781,0.02557,0.00366,0.01468,3.54003,1120.13294
1991-02-16,0.03153,0.01601,0.00232,11.23408,448.16925,236.28084,321.44496,24,0.04756,0.02372,0.02150,0.00728,0.00718,4.62322,1139.06604
1991-02-17,0.02609,0.01639,0.00554,12.38121,380.13752,237.24632,326.37856,24,0.04197,0.03439,0.04312,0.00361,0.01261,4.42450,1009.85347
1991-02-18,0.10726,0.00881,0.00322,13.54201,382.64048,223.33501,340.95412,24,0.09128,0.20608,0.03407,0.00179,0.01796,3.63388,901.45319
1991-02-19,0.03144,0.00701,0.00030,14.42106,452.33647,236.15526,343.30367,24,0.02683,0.01618,0.01250,0.00179,0.00179,3.51423,1108.61263
1991-02-20,0.12795,0.00472,0.00113,13.83357,465.48805,240.36871,336.83620,24,0.01649,0.01138,0.01435,0.00000,0.00180,3.46105,1161.63299
1991-02-21,0.17949,0.00510,0.00316,13.97462,415.98023,245.59667,330.07004,24,0.32365,0.24250,0.02207,0.00187,0.02207,3.65898,1097.16938
1991-02-22,0.04087,0.01293,0.00153,14.84580,407.65312,244.45361,338.94101,24,0.01763,0.01828,0.01461,0.00000,0.00743,3.63017,1081.39513
1991-02-23,0.09146,0.03674,0.01238,17.15548,447.22613,233.79804,359.33851,24,0.09253,0.07065,0.07291,0.01305,0.03509,2.67128,1131.25221
1991-02-24,0.07366,0.05765,0.02154,18.02296,417.97351,231.81144,367.67459,24,0.11344,0.07806,0.13974,0.02592,0.06991,2.71636,1052.91786
1991-02-25,0.10478,0.03458,0.01368,18.38653,462.68147,229.95544,371.28311,24,0.10161,0.08096,0.10126,0.01865,0.06128,2.58262,1189.19254
1991-02-26,0.22856,0.03530,0.01881,18.66522,501.27373,236.05889,373.60499,24,0.07902,0.10298,0.04182,0.00000,0.01293,2.69232,1129.90231
1991-02-27,0.29555,0.15153,0.03708,17.50904,432.34299,213.03126,365.81861,24,0.52028,0.25984,0.28647,0.27583,0.14266,2.43739,911.95698
1991-02-28,0.57017,0.11338,0.02683,17.64953,461.57778,222.68948,370.69133,24,0.21790,0.38814,0.11911,0.06281,0.03426,2.70856,1144.89295
1991-03-01,0.51024,0.36041,0.11554,18.41330,461.28072,191.35860,376.52124,24,0.79554,0.69835,0.32361,0.51553,0.12584,2.82322,1036.19776
1991-03-02,0.23253,0.33327,0.07328,17.87915,495.32502,219.46544,369.75853,24,0.29480,0.26389,0.55472,0.47162,0.32282,2.02491,1102.58003
1991-03-03,0.17613,0.17506,0.05058,16.71623,513.34334,229.93544,363.03232,24,0.33655,0.18871,0.57111,0.15933,0.27816,2.03898,1263.98638
1991-03-04,0.15961,0.07911,0.00307,17.02874,522.12056,238.50282,363.31700,24,0.18702,0.16387,0.13706,0.07280,0.00370,3.10034,1312.93978
1991-03-05,0.44501,0.12614,0.01073,17.90998,516.32912,224.13860,377.91250,24,0.20196,0.36067,0.13770,0.09906,0.00925,2.90026,1230.73547
1991-03-06,0.31483,0.37372,0.08967,17.87963,621.69129,216.60629,377.25877,24,0.17453,0.32128,0.37152,0.33855,0.06649,2.38729,1214.63567
1991-03-07,0.22600,0.21020,0.03912,16.20315,521.15036,238.89847,360.63039,24,0.29274,0.23486,0.50013,0.20966,0.21195,3.35735,1193.67500
1991-03-08,0.15232,0.08267,0.02192,15.84503,544.32653,251.09311,356.49516,24,0.23334,0.09270,0.38450,0.05046,0.14460,2.88917,1420.37766
1991-03-09,0.13103,0.04530,0.01569,16.33501,540.02935,252.44895,362.51474,24,0.17106,0.17448,0.04087,0.02057,0.00186,3.85988,1345.33626
1991-03-10,0.24477,0.09989,0.01761,18.94535,537.99377,245.73501,380.25321,24,0.14681,0.23366,0.24242,0.07278,0.11065,3.28977,1252.36839
1991-03-11,0.18295,0.15458,0.03524,19.72682,538.50224,244.95943,389.44868,24,0.24682,0.16824,0.24700,0.11365,0.04642,3.07598,1263.59915
1991-03-12,0.17091,0.28511,0.06197,19.38193,553.47887,242.73331,387.54490,24,0.19979,0.20815,0.37776,0.33183,0.16251,2.42503,1304.22382
1991-03-13,0.27685,0.31148,0.05074,19.56820,524.48175,240.83939,390.90901,24,0.25140,0.21750,0.64461,0.35627,0.29802,2.37493,1199.42480
1991-03-14,0.19062,0.18128,0.01330,19.87046,501.67479,245.55917,391.94318,24,0.17749,0.16083,0.40910,0.30187,0.09789,2.62564,1173.17734
1991-03-15,0.20933,0.12298,0.01018,20.21408,502.72313,248.60090,391.61775,24,0.20021,0.14102,0.24532,0.21102,0.02929,2.61481,1212.45465
1991-03-16,0.11301,0.06734,0.00665,20.07000,506.10653,252.92879,390.62768,24,0.05218,0.10789,0.08756,0.13520,0.03647,2.34475,1253.20757
1991-03-17,0.08141,0.00992,0.00128,19.91520,528.45934,257.69797,386.12331,24,0.03821,0.13318,0.03969,0.00181,0.01264,2.80762,1325.33310
1991-03-18,0.06103,0.00360,0.00023,19.44673,554.45582,264.64568,385.33058,24,0.05780,0.10405,0.00180,0.00000,0.00000,3.71950,1462.45487
1991-03-19,0.05032,0.00377,0.00124,19.35562,603.42470,266.68866,383.03643,24,0.04526,0.08716,0.00893,0.00000,0.00000,3.63736,1619.67837
1991-03-20,0.04680,0.05165,0.03968,19.49342,648.12004,267.55146,382.34552,24,0.02942,0.08106,0.05219,0.00000,0.02240,3.66709,1471.67201
1991-03-21,0.31613,0.16466,0.04240,19.15014,598.39543,267.22750,383.41041,24,0.21404,0.22602,0.39454,0.17716,0.25918,3.84426,1371.01667
1991-03-22,0.39456,0.11901,0.03324,18.82185,561.59613,242.73803,390.51958,24,0.46782,0.46024,0.37465,0.11357,0.19583,3.58922,1499.83344
1991-03-23,0.27147,0.01839,0.00898,17.70168,596.08545,272.61556,380.97545,24,0.12112,0.26452,0.11774,0.00000,0.07314,4.51648,1377.96473
1991-03-24,0.45039,0.14577,0.03389,18.43603,500.55341,217.24385,386.61810,24,0.37057,0.43855,0.03485,0.12935,0.01277,3.87868,1083.38294
1991-03-25,0.14827,0.20433,0.03257,18.18635,529.70174,264.53970,372.70199,24,0.28255,0.17534,0.50452,0.18766,0.20504,2.13992,1159.80344
1991-03-26,0.20362,0.10556,0.00112,17.60228,616.70171,260.44153,378.43710,24,0.09299,0.19201,0.23423,0.08211,0.01610,2.81477,1481.53645
1991-03-27,0.29965,0.13522,0.00336,19.59767,541.64870,244.79909,392.89660,24,0.33410,0.34363,0.20015,0.22348,0.01270,3.57923,1235.14011
1991-03-28,0.21297,0.09673,0.00600,20.43461,553.24624,254.00916,397.18794,24,0.23382,0.21489,0.20584,0.07633,0.01469,3.13433,1286.27582
1991-03-29,0.33495,0.28697,0.07329,21.44581,525.36020,245.70396,401.03054,24,0.21234,0.23689,0.18348,0.17947,0.01675,3.12743,1200.62765
1991-03-30,0.46402,0.53876,0.16392,21.74936,514.05438,229.98275,404.84510,24,0.41495,0.44904,0.75092,0.47482,0.42184,2.10102,1094.74762
1991-03-31,0.49615,0.72712,0.21210,22.39787,515.15163,203.18918,409.26310,24,0.42021,0.51517,0.82208,0.70040,0.55794,1.96771,873.34100
1991-10-01,0.53130,0.67347,0.09470,24.89782,320.36529,206.06138,421.96168,24,0.54983,0.61336,0.81582,0.82282,0.33646,1.54142,791.29590
1991-10-02,0.63375,0.74004,0.09214,25.06113,327.50105,196.44747,424.13165,24,0.51787,0.60478,0.74468,0.91837,0.25819,1.69550,831.09123
1991-10-03,0.84754,0.87125,0.20709,24.49638,333.05765,167.72701,424.62836,24,0.75711,0.76556,0.85442,0.91249,0.29479,1.35176,668.70870
1991-10-04,0.92843,0.94070,0.25047,24.34953,339.91659,158.45438,423.58539,24,0.90253,0.90775,0.96694,0.98316,0.49785,1.44468,716.41070
1991-10-05,0.91398,0.98262,0.37447,24.03727,302.50756,140.72274,423.95540,24,0.95488,0.87063,0.99450,0.99628,0.53609,1.25069,577.16551
1991-10-06,0.82161,0.97847,0.36235,23.84108,279.19284,138.94919,422.02486,24,0.90546,0.86953,0.99818,1.00000,0.56834,1.11988,540.15076
1991-10-07,0.52228,0.91185,0.23604,24.16829,333.39941,178.72976,421.23959,24,0.76430,0.52214,0.99445,0.98915,0.62330,1.07168,679.45688
1991-10-08,0.46918,0.89305,0.22204,24.14949,350.31521,183.66557,419.14695,24,0.54941,0.59959,0.87792,0.98739,0.50832,1.08444,750.48738
1991-10-09,0.57211,0.83122,0.17093,24.20610,327.25943,178.55789,419.69370,24,0.53672,0.58993,0.92166,0.93326,0.44258,1.70560,744.06353
1991-10-10,0.71939,0.86804,0.16688,24.27806,288.49810,170.70953,420.54312,24,0.65015,0.66586,0.89629,0.97843,0.35317,1.08974,642.32998
1991-10-11,0.69840,0.81541,0.15356,24.23003,301.25053,183.44852,419.80519,24,0.88823,0.65888,0.92925,0.95063,0.52508,1.10161,722.80005
1991-10-12,0.92666,0.84305,0.23673,24.08063,352.45113,138.04854,423.81587,24,0.83029,0.86910,0.78179,0.90192,0.34516,1.41303,686.46903
1991-10-13,0.99363,0.89968,0.51035,23.26986,439.31599,68.35192,428.44169,24,0.96588,0.98812,0.90179,0.96201,0.60359,0.95499,542.79348
1991-10-14,0.99648,0.87365,0.45525,22.92037,466.58596,70.59276,427.05762,24,0.99907,0.99681,0.86457,0.91554,0.58155,1.00349,649.13320
1991-10-15,0.78599,0.81428,0.31280,22.87404,293.11848,109.95886,417.99057,24,0.99041,0.95441,0.92009,0.90467,0.51152,1.38926,529.58585
1991-10-16,0.44203,0.74655,0.21216,23.09977,296.16721,173.73272,411.34056,24,0.69094,0.53464,0.85397,0.95002,0.48475,1.72678,662.02392
1991-10-17,0.24304,0.53241,0.13354,23.11549,336.88405,195.44811,404.35521,24,0.45766,0.28501,0.84635,0.68868,0.53747,1.37680,819.31720
1991-10-18,0.27547,0.31657,0.06907,22.60141,376.48646,209.78791,393.66772,24,0.35925,0.23093,0.51172,0.37135,0.27247,1.57858,971.11846
1991-10-19,0.22334,0.20386,0.06368,21.01610,389.42891,220.51003,379.75677,24,0.39849,0.23093,0.36182,0.22682,0.19094,1.75495,1035.46368
1991-10-20,0.09471,0.12611,0.04006,20.45608,417.40836,217.91658,375.41948,24,0.19414,0.13097,0.23716,0.14037,0.18990,2.50810,1071.43367
1991-10-21,0.10509,0.13154,0.04078,19.92679,474.82645,214.86256,371.89966,24,0.13008,0.14271,0.28968,0.13152,0.14800,2.74468,1117.57718
1991-10-22,0.19425,0.18368,0.05429,20.31484,453.85291,217.75359,373.29534,24,0.24471,0.31888,0.22398,0.13960,0.16776,2.72035,1059.70414
1991-10-23,0.19619,0.28239,0.06404,20.95064,415.32295,210.09444,381.95478,24,0.27875,0.21976,0.40003,0.20427,0.22305,2.22312,1021.10106
1991-10-24,0.30586,0.40921,0.07683,21.59705,347.13482,202.66092,391.70862,24,0.29451,0.29323,0.42732,0.45867,0.21491,2.09236,911.00695
1991-10-25,0.55733,0.55535,0.11122,21.97856,315.60972,184.20250,395.39963,24,0.54597,0.62079,0.60893,0.67326,0.28256,1.53909,818.70730
1991-10-26,0.50716,0.58084,0.13323,21.75223,329.10480,182.72284,394.63682,24,0.60148,0.48998,0.69342,0.70134,0.37524,1.40649,828.70574
1991-10-27,0.47968,0.37143,0.07993,21.80013,355.72048,191.10253,392.67416,24,0.64340,0.41203,0.56735,0.47952,0.34612,1.79348,853.50971
1991-10-28,0.39982,0.42532,0.07860,21.53576,357.98705,196.09247,391.86820,24,0.42708,0.18921,0.44162,0.50727,0.18213,2.30458,856.13432
1991-10-29,0.65500,0.62014,0.13842,21.85672,337.16870,163.35860,399.33192,24,0.68596,0.64227,0.64682,0.68673,0.32517,1.58960,800.96308
1991-10-30,0.88327,0.56035,0.15621,21.94801,377.26167,107.99692,411.88002,24,0.65318,0.87242,0.67778,0.72552,0.26788,1.64411,709.50277
1991-10-31,0.72275,0.61451,0.26518,21.61814,359.10575,101.82683,410.46190,24,0.81245,0.78054,0.52174,0.70028,0.22594,1.20228,653.19857
1991-11-01,0.59172,0.53505,0.17256,21.20998,332.36012,160.67796,398.41760,24,0.57134,0.60666,0.53777,0.65345,0.29591,1.13872,779.01664
1991-11-02,0.60084,0.49963,0.16308,20.65531,312.47810,157.49157,393.89075,24,0.80054,0.54702,0.66499,0.63189,0.40971,1.60433,817.90727
1991-11-03,0.71343,0.33286,0.11566,19.83303,325.32412,131.12400,391.45045,24,0.84273,0.68054,0.51548,0.33332,0.32400,1.86714,767.27383
1991-11-04,0.48246,0.23205,0.09905,19.39279,354.47015,147.78022,378.93038,24,0.66974,0.49805,0.25521,0.20366,0.08491,2.23060,839.24678
1991-11-05,0.21214,0.19594,0.06716,18.57308,380.01375,191.74345,365.54697,24,0.35351,0.17522,0.36436,0.16593,0.19278,2.42612,958.39201
1991-11-06,0.14094,0.11527,0.03681,17.96191,463.79246,191.39867,359.46341,24,0.31018,0.20447,0.26412,0.12224,0.15656,2.33897,1166.21469
1991-11-07,0.11421,0.08329,0.04112,17.61643,490.91192,205.38910,353.04837,24,0.28356,0.06085,0.15289,0.08388,0.13999,3.05043,1132.03196
1991-11-08,0.15396,0.09725,0.03673,17.40682,503.53089,198.06904,356.74687,24,0.20332,0.14453,0.14580,0.11220,0.10580,2.97165,1240.98851
1991-11-09,0.11037,0.09498,0.03260,17.55500,483.19317,191.02645,354.86820,24,0.27470,0.16985,0.21529,0.09351,0.13966,2.84073,1159.96751
1991-11-10,0.11403,0.07451,0.04297,17.62352,419.10552,201.42152,352.34093,24,0.08430,0.06802,0.14023,0.05633,0.09152,3.15830,1021.87768
1991-11-11,0.38086,0.08940,0.05441,18.31701,356.93059,200.43137,357.60789,24,0.23539,0.24177,0.24722,0.04752,0.22356,2.13716,874.45180
1991-11-12,0.66641,0.07398,0.02787,18.15187,351.25100,193.04662,357.30185,24,0.51347,0.57950,0.18534,0.09729,0.13997,2.33671,843.60364
1991-11-13,0.73658,0.06507,0.03470,17.77875,361.36124,191.87584,353.97761,24,0.85121,0.72574,0.13556,0.03645,0.11200,2.62605,846.20067
1991-11-14,0.87028,0.06886,0.03660,17.20848,355.89342,193.19072,351.36566,24,0.92503,0.90187,0.18862,0.03851,0.15253,2.30736,881.86361
1991-11-15,0.92053,0.13249,0.05026,17.13552,350.02655,170.73543,363.51635,24,0.96224,0.89723,0.17276,0.11829,0.13428,2.67947,932.33373
1991-11-16,0.90264,0.11154,0.03848,17.43015,330.08728,138.71319,373.07253,24,0.96481,0.88575,0.21902,0.15182,0.14356,2.70383,801.43409
1991-11-17,0.44979,0.09345,0.03273,17.70776,363.66608,156.69480,370.30781,24,0.76099,0.54672,0.13273,0.11253,0.08679,2.43036,849.07902
1991-11-18,0.17331,0.13017,0.03900,17.03300,367.80596,177.68597,361.00150,24,0.44768,0.16041,0.16922,0.12668,0.12112,2.45587,848.21258
1991-11-19,0.08042,0.10643,0.03856,16.33271,372.85430,184.88392,352.36567,24,0.15988,0.08786,0.26229,0.09355,0.16694,2.75426,866.60685
1991-11-20,0.08569,0.10451,0.03521,14.62732,424.74666,189.09140,337.00267,24,0.14519,0.06122,0.17531,0.11861,0.13562,3.12079,1037.98913
1991-11-21,0.10023,0.05166,0.02127,13.55084,472.94548,192.37854,324.41614,24,0.15425,0.19877,0.13514,0.04199,0.09203,3.10516,1111.40801
1991-11-22,0.04710,0.03628,0.02100,14.34618,433.43637,193.75000,327.04871,24,0.11741,0.07149,0.08921,0.01267,0.07297,3.62560,1026.91919
1991-11-23,0.05860,0.05301,0.03873,14.73506,424.46472,191.27606,332.42214,24,0.12223,0.03317,0.12843,0.03870,0.10838,2.82569,1033.10212
1991-11-24,0.07218,0.06380,0.05531,14.64057,423.81750,190.73901,335.22405,24,0.16006,0.03824,0.15843,0.01462,0.14379,2.69901,1021.45218
1991-11-25,0.31589,0.06631,0.05005,14.83011,391.65759,186.75313,339.31981,24,0.19880,0.20217,0.19700,0.01282,0.19521,2.94742,951.82137
1991-11-26,0.46779,0.06639,0.03704,14.72244,409.64378,178.64338,344.65241,24,0.56524,0.50309,0.23489,0.02730,0.17661,2.74824,1059.65806
1991-11-27,0.30747,0.08743,0.03670,14.98438,416.22210,177.26296,348.84891,24,0.50164,0.18267,0.17255,0.03994,0.13412,3.12432,1090.17492
1991-11-28,0.29595,0.16963,0.03691,15.45920,435.93614,159.11698,351.04970,24,0.64184,0.36054,0.19933,0.14492,0.09578,2.86265,1160.58346
1991-11-29,0.18837,0.18813,0.03294,15.02443,473.74560,171.66595,340.31329,24,0.22633,0.18497,0.31007,0.16822,0.10584,2.62073,1126.13403
1991-11-30,0.13837,0.12019,0.03075,12.69948,616.55420,175.49604,328.22691,24,0.37890,0.20866,0.26716,0.11143,0.13482,3.30607,1514.43712
1991-12-01,0.07911,0.04957,0.01315,11.87384,540.34585,183.82414,320.76688,24,0.08832,0.06142,0.10686,0.04137,0.06392,3.82604,1322.05172
1991-12-02,0.22193,0.04659,0.00739,12.27314,464.18280,179.55544,322.28375,24,0.25438,0.31931,0.07714,0.04478,0.04133,4.14093,1041.47338
1991-12-03,0.03017,0.01493,0.00946,12.51185,434.78639,184.15844,318.01042,24,0.07243,0.01966,0.05990,0.00361,0.03831,2.90959,1001.07767
1991-12-04,0.03478,0.04084,0.03172,12.78182,422.57569,185.49733,321.25291,24,0.10840,0.00254,0.06428,0.00183,0.06428,3.30125,990.89767
1991-12-05,0.10129,0.06268,0.03345,13.33319,432.23576,178.83352,332.05584,24,0.17014,0.05417,0.14095,0.01638,0.13381,2.87362,1032.09527
1991-12-06,0.09548,0.05918,0.04051,13.83041,401.63301,173.22794,334.71795,24,0.28723,0.11939,0.18657,0.02194,0.13223,2.72043,1085.14456
1991-12-07,0.06229,0.04110,0.03263,14.36982,335.72604,179.53806,335.61705,24,0.10695,0.02735,0.13093,0.00739,0.12158,2.91574,876.41535
1991-12-08,0.11134,0.03573,0.02540,14.93509,325.20584,172.46181,343.86052,24,0.18872,0.09684,0.16735,0.00374,0.14867,2.49433,944.19599
1991-12-09,0.22311,0.03926,0.00819,15.78296,277.45350,155.72236,355.65389,24,0.25583,0.23966,0.08838,0.04111,0.05138,2.37719,795.09430
1991-12-10,0.19982,0.07994,0.01434,16.12636,277.98317,155.70795,353.97880,24,0.28248,0.26034,0.13669,0.09215,0.05891,2.39622,840.68520
1991-12-11,0.09258,0.07218,0.02855,15.73722,353.62400,168.76033,344.44264,24,0.14259,0.13616,0.13572,0.06913,0.08437,2.07046,968.15210
1991-12-12,0.07896,0.03906,0.02571,15.18241,366.44522,177.83887,337.04227,24,0.05451,0.01536,0.14481,0.01825,0.10083,2.04401,863.05646
1991-12-13,0.32189,0.03869,0.02286,14.94404,357.62278,177.17442,336.78309,24,0.26465,0.04173,0.07904,0.02378,0.07538,2.42853,931.84214
1991-12-14,0.41132,0.03577,0.02272,14.84088,349.46885,176.97586,336.82548,24,0.47505,0.28874,0.11598,0.01856,0.11416,2.35012,916.58566
1991-12-15,0.37901,0.04456,0.02511,14.44280,308.32747,177.61113,331.86636,24,0.52507,0.58204,0.14044,0.00375,0.05513,2.30305,787.26438
1991-12-16,0.38226,0.03190,0.02776,14.37859,310.40054,178.57181,330.43293,24,0.47004,0.29959,0.11883,0.00543,0.10770,2.23535,839.10266
1991-12-17,0.44496,0.03294,0.02697,14.33554,295.90021,178.53866,330.98910,24,0.42382,0.20353,0.13388,0.00555,0.12266,2.22528,783.95590
1991-12-18,0.60624,0.01436,0.00979,14.29625,292.22091,173.11911,333.50733,24,0.62011,0.54809,0.04727,0.00721,0.04369,2.44949,758.18953
1991-12-19,0.39585,0.02997,0.01635,13.78191,300.54681,165.01830,333.55865,24,0.66381,0.47929,0.02371,0.01258,0.02192,2.49816,783.51506
1991-12-20,0.10546,0.09761,0.05412,13.88323,307.89841,176.36192,330.44000,24,0.37887,0.03261,0.23520,0.01468,0.17823,2.37256,832.66516
1991-12-21,0.29301,0.16207,0.04240,14.30010,365.36652,171.09020,339.57098,24,0.35841,0.13992,0.29760,0.11403,0.15891,2.25131,953.51168
1991-12-22,0.46384,0.21129,0.03784,15.15305,360.63772,147.77844,354.70813,24,0.59048,0.40173,0.41621,0.19013,0.13985,2.30689,1043.02279
1991-12-23,0.46720,0.39161,0.02898,16.02515,361.79303,130.28218,363.51814,24,0.37060,0.50180,0.25755,0.29874,0.05522,1.97462,817.51332
1991-12-24,0.67635,0.69391,0.22808,16.80708,351.56528,100.94021,376.12116,24,0.64531,0.75179,0.67059,0.75955,0.12051,1.91381,687.07026
1991-12-25,0.65291,0.70784,0.29101,15.96368,334.89491,91.76859,372.87545,24,0.72570,0.72477,0.86668,0.89316,0.50382,1.66455,561.57501
1991-12-26,0.64808,0.78044,0.30899,15.82200,311.21550,86.68545,366.47773,24,0.69625,0.78767,0.70181,0.75148,0.34354,1.69020,507.89085
1991-12-27,0.39741,0.50138,0.13765,12.86998,502.58988,143.21234,334.66249,24,0.57676,0.45268,0.81792,0.84537,0.62504,1.10347,881.06324
1991-12-28,0.39090,0.28415,0.04428,11.50733,573.24860,151.43590,324.00708,24,0.37092,0.59985,0.47372,0.26064,0.11786,2.52774,1130.26816
1991-12-29,0.22639,0.17751,0.02500,10.41601,561.07079,166.28958,309.87137,24,0.32502,0.32434,0.33159,0.19517,0.09436,2.27473,1199.21190
1991-12-30,0.22093,0.15167,0.03560,9.49931,517.76533,166.86912,306.70133,24,0.37130,0.26361,0.25239,0.12439,0.07985,2.74438,1168.24235
1991-12-31,0.49533,0.09789,0.03116,10.45393,361.16649,134.61479,330.77920,24,0.43118,0.44123,0.22614,0.10092,0.12694,2.91568,788.93251
1992-01-01,0.29424,0.09168,0.01765,11.34086,370.49934,141.25718,325.98354,24,0.47734,0.36224,0.09696,0.09191,0.01797,2.78220,738.70195
1992-01-02,0.05606,0.08838,0.02098,10.42628,476.08423,183.00749,300.80507,24,0.14859,0.05356,0.18400,0.13455,0.06370,2.38681,937.83942
1992-01-03,0.03550,0.06504,0.01333,10.14924,437.66465,185.05232,299.33668,24,0.07763,0.03087,0.11983,0.06627,0.05844,2.79432,865.82335
1992-01-04,0.03057,0.05576,0.01001,10.90321,387.95226,186.46325,303.09787,24,0.09297,0.03124,0.12008,0.06706,0.03253,2.67345,760.76879
1992-01-05,0.04932,0.12316,0.01483,11.09747,345.95616,185.78204,308.51830,24,0.07404,0.02291,0.10580,0.08957,0.02359,2.35116,718.42319
1992-01-06,0.19380,0.15594,0.01469,11.10606,430.13555,164.30249,323.95021,24,0.12202,0.24209,0.30180,0.17440,0.04372,2.69136,1099.92375
1992-01-07,0.11542,0.08752,0.01768,11.43767,391.14131,178.92199,320.30480,24,0.15094,0.09550,0.20568,0.07083,0.08691,2.65700,986.51341
1992-01-08,0.19020,0.09935,0.01057,12.34405,391.31583,174.33897,326.28759,24,0.11227,0.18465,0.09316,0.06737,0.01086,2.63152,1035.22741
1992-01-09,0.12345,0.07431,0.02080,12.59823,360.59155,175.68687,324.41057,24,0.18098,0.14510,0.19726,0.05409,0.06248,2.37311,952.53478
1992-01-10,0.10523,0.07050,0.02071,12.82114,330.58940,184.53084,323.01359,24,0.11318,0.02707,0.08731,0.03249,0.06370,2.28587,903.14668
1992-01-11,0.13606,0.11959,0.03120,13.32641,344.09729,178.26050,327.19299,24,0.20837,0.13596,0.19602,0.12687,0.06941,2.14547,978.23872
1992-01-12,0.35053,0.34835,0.11196,14.15355,334.20803,157.41227,341.74124,24,0.26710,0.27794,0.24807,0.27440,0.13471,2.38544,779.94161
1992-01-13,0.41384,0.38084,0.10090,13.65732,356.26755,159.34480,336.24152,24,0.48146,0.43662,0.59349,0.48687,0.35807,2.43401,769.87473
1992-01-14,0.32766,0.33011,0.04646,13.25488,405.97869,171.47170,336.73486,24,0.23748,0.32920,0.50626,0.23608,0.11504,1.74817,915.28221
1992-01-15,0.36748,0.27150,0.05065,13.49930,382.79036,161.67037,336.27450,24,0.43386,0.58317,0.61810,0.31864,0.19037,2.03651,940.56329
1992-01-16,0.14659,0.18607,0.03658,13.78483,359.57555,180.48346,332.15251,24,0.23854,0.13219,0.30545,0.25127,0.06503,2.14115,905.20966
1992-01-17,0.21182,0.29926,0.06291,14.41383,370.03048,174.48368,336.62134,24,0.25408,0.22383,0.30919,0.38438,0.10623,1.94758,924.50521
1992-01-18,0.20531,0.22023,0.05039,12.79983,406.27510,178.26269,327.06155,24,0.25830,0.20193,0.45773,0.32264,0.17964,2.18160,1012.81581
1992-01-19,0.18222,0.12652,0.01809,11.94541,410.96918,183.75920,322.33195,24,0.27526,0.14759,0.24623,0.14649,0.07830,2.44742,1052.67866
1992-01-20,0.16757,0.10083,0.01370,12.18604,425.84488,179.03399,324.17871,24,0.22778,0.22671,0.15538,0.11905,0.03636,2.88541,1091.00409
1992-01-21,0.16088,0.11205,0.02606,12.75663,389.72960,182.09275,328.88985,24,0.18360,0.12726,0.20508,0.12135,0.08748,2.62690,1028.14748
1992-01-22,0.35924,0.28856,0.03765,13.88216,332.97920,164.74664,339.45897,24,0.30830,0.41026,0.18036,0.28086,0.03851,2.39514,887.78339
1992-01-23,0.24407,0.36647,0.08195,14.41764,332.97931,168.20653,337.65418,24,0.47250,0.32101,0.58049,0.60877,0.32900,1.58923,836.68009
1992-01-24,0.21644,0.25952,0.03030,14.03370,390.03969,176.36083,336.09868,24,0.24133,0.24326,0.40437,0.30712,0.09061,1.98037,994.87810
1992-01-25,0.25095,0.15353,0.03035,14.32187,354.03107,174.84422,342.40291,24,0.22915,0.20941,0.24547,0.19811,0.07051,2.47627,980.65197
1992-01-26,0.22468,0.07142,0.01817,14.72042,330.71957,177.69139,344.41530,24,0.27625,0.21284,0.16839,0.06551,0.07311,2.28158,945.12467
1992-01-27,0.23969,0.04905,0.01556,14.91866,345.04292,190.67441,344.74124,24,0.13960,0.10466,0.11027,0.01484,0.08104,1.91737,1008.16053
1992-01-28,0.58687,0.05238,0.01199,14.95467,345.40614,182.37119,346.53908,24,0.22634,0.67920,0.11830,0.04372,0.06784,2.15813,1084.45184
1992-01-29,0.19908,0.05726,0.01456,15.24365,334.35664,189.68696,345.68046,24,0.23291,0.14272,0.09021,0.02160,0.04343,2.05232,1005.40481
1992-01-30,0.17603,0.04571,0.01073,15.75143,319.64756,193.00634,348.42204,24,0.18780,0.13514,0.07244,0.01801,0.05095,2.00071,921.91608
1992-01-31,0.43772,0.26766,0.12076,16.33856,362.13852,175.77690,358.62890,24,0.13105,0.26601,0.11030,0.11150,0.02532,1.83967,914.89803
1992-02-01,0.43792,0.62778,0.21514,15.91076,377.44845,154.09691,360.29671,24,0.58200,0.48798,0.85519,0.90212,0.61166,1.43242,809.41476
1992-02-02,0.52468,0.65740,0.12710,16.23958,355.98804,154.52341,360.35093,24,0.61451,0.56875,0.77507,0.72899,0.22780,2.05336,902.97265
1992-02-03,0.27400,0.43242,0.16492,14.98530,348.96928,174.78067,343.73873,24,0.58996,0.35816,0.75854,0.62605,0.46508,1.40701,854.08729
1992-02-04,0.16294,0.15401,0.06699,13.56551,394.62067,207.49817,327.10536,24,0.27791,0.07138,0.47055,0.13601,0.32269,1.44028,1029.34721
1992-02-05,0.28503,0.08431,0.00918,13.15401,386.49538,192.77956,334.09953,24,0.46907,0.25331,0.12988,0.06928,0.03596,2.27849,940.46171
1992-02-06,0.16542,0.13458,0.02228,13.95668,374.49237,194.60968,336.74397,24,0.22145,0.18927,0.14296,0.15724,0.01639,2.67776,948.39460
1992-02-07,0.52421,0.35222,0.10603,15.21710,399.16908,186.05000,359.70921,24,0.16800,0.32278,0.31158,0.17538,0.14036,1.74235,965.51780
1992-02-08,0.53295,0.62399,0.15342,15.92793,360.80965,140.57533,366.76629,24,0.85454,0.67373,0.79501,0.85283,0.44855,1.52938,846.93067
1992-02-09,0.35597,0.36635,0.06286,15.04249,398.66697,169.53232,353.77926,24,0.45365,0.44894,0.60622,0.49620,0.28007,1.37810,935.41966
1992-02-10,0.22986,0.11248,0.01913,13.49980,412.39537,193.19705,336.08961,24,0.39167,0.34387,0.28880,0.13059,0.11216,2.38487,990.19190
1992-02-11,0.20272,0.05538,0.00308,11.74908,493.14865,197.04842,328.21080,24,0.13561,0.31000,0.08340,0.05542,0.02359,3.00272,1173.66442
1992-02-12,0.11576,0.05613,0.00128,10.92891,563.69390,209.33869,318.30549,24,0.15044,0.17559,0.12439,0.05526,0.00544,2.99126,1385.22359
1992-02-13,0.14475,0.05003,0.01197,11.61427,519.12249,215.18621,324.18377,24,0.08303,0.08791,0.04500,0.01978,0.01080,3.63283,1258.03327
1992-02-14,0.26079,0.27721,0.05812,15.22744,526.71738,206.18529,347.00776,24,0.14977,0.16083,0.10816,0.16451,0.04706,3.48324,1084.68220
1992-02-15,0.33491,0.50296,0.16011,15.40961,419.21855,177.75374,354.09881,24,0.56455,0.34256,0.81453,0.60157,0.35749,1.67067,971.72420
1992-02-16,0.19881,0.37923,0.09552,14.03228,394.66514,202.44586,339.34198,24,0.31978,0.23841,0.53628,0.41835,0.32875,1.99784,963.53868
1992-02-17,0.28637,0.40806,0.09100,14.37048,482.34440,207.60446,351.44751,24,0.23457,0.19744,0.44800,0.27627,0.22116,1.89131,1122.90512
1992-02-18,0.21730,0.26576,0.14749,13.20458,503.16630,189.40997,338.38597,24,0.53603,0.27081,0.53469,0.44756,0.26413,2.28068,1129.95776
1992-02-19,0.05705,0.05004,0.03174,10.39018,497.73129,232.67408,313.60770,24,0.13673,0.04183,0.19845,0.02957,0.16963,3.80505,1290.95164
1992-02-20,0.19686,0.11714,0.01609,12.18639,519.15500,229.15940,332.04178,24,0.05926,0.06436,0.02510,0.01113,0.00896,4.43557,1249.35796
1992-02-21,0.49825,0.56836,0.14458,15.62644,347.64123,153.74641,366.64771,24,0.41278,0.63309,0.53415,0.55923,0.17749,2.98374,770.19456
1992-02-22,0.42246,0.62160,0.13023,17.15272,327.43649,173.57886,367.26837,24,0.68386,0.59756,0.87520,0.87824,0.49575,1.33870,777.55780
1992-02-23,0.45483,0.40942,0.07928,16.83052,330.95296,182.62799,363.34008,24,0.50347,0.52542,0.67926,0.62684,0.36159,1.48233,824.90831
1992-02-24,0.39803,0.28524,0.06580,14.73899,383.86397,177.22347,349.36374,24,0.58645,0.45764,0.35084,0.30706,0.12527,1.88108,856.92051
1992-02-25,0.23170,0.15595,0.06185,12.73932,491.09802,224.28703,329.62204,24,0.29911,0.22269,0.55282,0.27585,0.33438,2.67285,1276.21842
1992-02-26,0.11929,0.01180,0.00551,11.90499,527.43649,228.44360,322.99153,24,0.16944,0.22240,0.04168,0.00000,0.01446,2.94094,1395.68386
1992-02-27,0.14914,0.01158,0.00279,12.41619,589.08149,238.41491,333.09551,24,0.03734,0.05035,0.02167,0.00179,0.01810,3.74977,1470.55887
1992-02-28,0.35377,0.19221,0.02656,14.85420,508.92706,189.85194,355.38042,24,0.22202,0.41980,0.02905,0.11874,0.00000,4.30853,1050.42586
1992-02-29,0.35903,0.50353,0.11263,17.49424,441.79752,196.97191,367.24344,24,0.50054,0.41187,0.66707,0.53090,0.22375,1.75122,870.36985
1992-03-01,0.37386,0.59975,0.19593,18.97478,432.88192,185.46643,377.62640,24,0.54015,0.45430,0.78108,0.65117,0.40879,1.90117,845.05600
1992-03-02,0.44590,0.38134,0.19710,17.49824,459.50832,216.97728,359.05563,24,0.52604,0.57248,0.68658,0.45214,0.53151,1.98010,1138.85555
1992-03-03,0.15395,0.26963,0.14216,15.44710,489.62227,241.28874,343.15420,24,0.32696,0.13400,0.48275,0.28610,0.43420,2.20210,1188.47371
1992-03-04,0.08914,0.16235,0.06416,14.63826,476.98189,248.10593,338.26807,24,0.23028,0.07451,0.44396,0.19001,0.34683,3.29797,1169.44483
1992-03-05,0.06746,0.06562,0.02883,15.45374,504.43599,251.56092,343.14947,24,0.13040,0.05063,0.16368,0.02194,0.10669,3.66427,1209.16873
1992-03-06,0.06837,0.09515,0.05328,16.92775,613.71223,252.82557,354.29212,24,0.06100,0.04917,0.17919,0.03279,0.12441,2.88472,1364.05997
1992-03-07,0.11150,0.23636,0.11848,16.33041,573.11507,248.52214,353.63059,24,0.23299,0.11792,0.30966,0.18478,0.25639,3.28030,1388.51903
1992-03-08,0.08210,0.20188,0.08770,14.99079,542.02936,255.57362,343.32797,24,0.23477,0.07077,0.43508,0.20045,0.39111,3.40765,1313.57442
1992-03-09,0.06241,0.15936,0.05579,15.07244,568.57983,259.49997,345.06854,24,0.19351,0.04131,0.31833,0.16954,0.21200,3.90402,1466.89037
1992-03-10,0.08398,0.16395,0.05235,16.00135,608.27601,255.67422,352.16504,24,0.17804,0.08687,0.35717,0.16200,0.20088,3.44649,1449.42469
1992-03-11,0.11559,0.18923,0.05502,16.38847,598.82522,252.78819,357.88818,24,0.22124,0.12763,0.48816,0.21388,0.19349,3.80228,1412.43482
1992-03-12,0.15296,0.12383,0.04936,18.27215,564.76597,250.27602,367.00247,24,0.24448,0.11953,0.35058,0.12633,0.27435,2.68897,1311.43363
1992-03-13,0.17579,0.07161,0.01111,18.94337,517.59752,245.37914,372.70143,24,0.25265,0.19839,0.11505,0.05768,0.04438,3.01252,1167.18872
1992-03-14,0.32568,0.04858,0.00905,18.61646,513.10056,256.57859,368.48473,24,0.09986,0.36096,0.11111,0.01854,0.01115,2.82449,1200.90900
1992-03-15,0.17271,0.09938,0.06739,17.97885,665.64094,251.30782,370.22847,24,0.21149,0.13509,0.07963,0.00543,0.05210,3.20632,1389.41025
1992-03-16,0.10849,0.21218,0.06899,14.33061,587.54638,265.07536,354.46450,24,0.14069,0.07047,0.23593,0.16001,0.18828,5.69216,1206.30941
1992-03-17,0.19500,0.28529,0.07069,16.09112,601.43360,260.34640,363.30978,24,0.26299,0.10600,0.47012,0.19390,0.23171,3.76588,1363.99808
1992-03-18,0.35304,0.39953,0.12074,18.16760,686.92144,249.81981,373.48793,24,0.42209,0.23801,0.54740,0.16864,0.30568,3.07684,1409.55778
1992-03-19,0.34737,0.52841,0.13579,19.51329,668.83888,237.85867,387.56773,24,0.53341,0.23936,0.82025,0.37047,0.46590,2.69184,1275.52628
1992-03-20,0.36399,0.51655,0.07491,20.52841,580.18390,214.30363,394.23281,24,0.64476,0.46269,0.94371,0.54570,0.37397,2.49917,1084.77183
1992-03-21,0.42602,0.59642,0.11428,21.07193,598.94366,220.32356,395.44262,24,0.47986,0.47243,0.89066,0.44950,0.22231,2.06180,1079.16088
1992-03-22,0.42382,0.47130,0.14001,21.11161,587.00702,231.10566,393.77547,24,0.62286,0.44609,0.85425,0.34190,0.42938,2.53951,1061.94425
1992-03-23,0.30055,0.29129,0.09261,19.31215,665.61154,256.16924,383.99648,24,0.50134,0.45027,0.68885,0.24338,0.40589,2.85207,1142.45621
1992-03-24,0.25684,0.30743,0.06929,19.59801,809.02495,264.28693,388.73506,24,0.20291,0.10238,0.54491,0.25150,0.21834,4.28158,1443.08220
1992-03-25,0.33273,0.33356,0.09423,19.08330,715.06317,258.32431,388.29921,24,0.46721,0.29116,0.52285,0.19199,0.20302,4.67198,1294.09531
1992-03-26,0.11840,0.15208,0.05219,18.25304,623.50048,273.79621,375.14542,24,0.36876,0.11449,0.53545,0.09436,0.28270,4.52975,1321.95914
1992-03-27,0.06048,0.11387,0.04370,18.84606,566.37108,281.05087,372.37266,24,0.10548,0.04484,0.27603,0.08878,0.12391,4.20177,1263.18339
1992-03-28,0.32872,0.07110,0.03007,19.53754,518.17881,279.38164,376.07960,24,0.07958,0.07859,0.21135,0.02962,0.08340,4.02794,1256.56161
1992-03-29,0.10792,0.05291,0.03333,18.93957,611.05659,280.76073,377.17393,24,0.39935,0.10518,0.13174,0.00547,0.12629,3.32800,1281.95170
1992-03-30,0.44358,0.11855,0.03405,18.86329,692.16118,275.04172,388.90638,24,0.28981,0.35265,0.18384,0.07801,0.12043,5.43999,1443.79974
1992-03-31,0.57891,0.12252,0.01694,18.99202,623.87952,243.09391,397.08232,24,0.71255,0.49809,0.35211,0.02364,0.12911,5.18282,1318.84043
1992-10-01,0.24474,0.63882,0.09992,23.94873,352.33250,211.89820,410.97350,24,0.35516,0.30598,0.84288,0.92664,0.36491,1.33892,835.13717
1992-10-02,0.29696,0.63178,0.09269,23.71767,375.43252,211.74731,412.97421,24,0.30521,0.35100,0.65166,0.87512,0.21679,1.81602,904.78771
1992-10-03,0.30284,0.71367,0.11306,23.99408,395.06093,206.73516,414.18849,24,0.26105,0.35171,0.76008,0.95271,0.26759,1.92849,946.21007
1992-10-04,0.31498,0.70234,0.12315,23.72620,355.77137,198.97473,413.13574,24,0.37343,0.44662,0.79120,0.94495,0.34692,1.73126,802.50246
1992-10-05,0.36455,0.75797,0.11764,23.57098,336.10353,201.28713,412.42038,24,0.31286,0.48513,0.71626,0.97223,0.27141,1.77603,767.51705
1992-10-06,0.35668,0.60948,0.10510,23.92790,331.38241,201.21677,411.51479,24,0.31209,0.32101,0.83253,0.95175,0.42167,1.27645,850.20571
1992-10-07,0.35407,0.42759,0.06552,24.02316,342.93256,216.36062,409.61164,24,0.50116,0.37294,0.71414,0.68353,0.28734,1.56513,853.40709
1992-10-08,0.54673,0.53815,0.08710,23.88765,392.78438,208.59056,411.81119,24,0.43005,0.28025,0.56494,0.58463,0.22793,1.52318,912.16217
1992-10-09,0.58707,0.57126,0.07240,23.91252,359.81647,202.27697,414.82079,24,0.82081,0.43377,0.63928,0.73716,0.13025,1.71693,843.59705
1992-10-10,0.46983,0.66802,0.10317,23.76596,340.82989,205.81925,415.76323,24,0.44231,0.33122,0.66721,0.77322,0.30891,1.49780,847.63942
1992-10-11,0.62632,0.84031,0.18791,23.81732,319.45867,177.15195,417.78251,24,0.52541,0.58260,0.78686,0.92702,0.26599,1.77575,727.58092
1992-10-12,0.81346,0.86913,0.19219,23.87977,365.39473,172.93023,419.21825,24,0.70952,0.85688,0.91440,0.95427,0.34072,1.59102,734.33273
1992-10-13,0.83412,0.96808,0.37592,24.03317,424.89753,155.70819,424.57177,24,0.72005,0.73396,0.87401,0.99450,0.35921,1.45881,672.06104
1992-10-14,0.87005,0.96786,0.49415,23.62922,386.52416,118.70693,425.90195,24,0.94736,0.88645,0.96334,1.00000,0.68740,1.19639,594.30951
1992-10-15,0.66887,0.90867,0.39931,23.31902,336.58281,127.59021,419.87998,24,0.86187,0.73361,0.95812,0.96913,0.59785,1.20322,581.84160
1992-10-16,0.53942,0.86213,0.25281,22.99098,326.42993,147.23939,413.20461,24,0.76684,0.61290,0.90621,0.93652,0.57663,1.29045,646.88365
1992-10-17,0.36987,0.71645,0.12819,22.57119,370.10104,175.39600,405.56391,24,0.48728,0.39079,0.85418,0.88489,0.33632,1.48538,749.90637
1992-10-18,0.29970,0.57577,0.08893,22.68139,365.87803,183.75107,403.92346,24,0.38362,0.30897,0.62129,0.76231,0.19839,1.49817,846.07951
1992-10-19,0.51364,0.53718,0.11918,22.61435,402.36129,168.26615,404.78225,24,0.43864,0.47432,0.53689,0.58837,0.25983,1.33195,902.20966
1992-10-20,0.74373,0.66821,0.17754,22.60572,404.11669,113.52452,411.73731,24,0.65976,0.70956,0.62813,0.83205,0.18770,1.45467,720.42674
1992-10-21,0.83977,0.53859,0.13781,22.43101,411.49928,91.74897,415.02706,24,0.79172,0.84124,0.59863,0.75640,0.28249,1.32714,696.19312
1992-10-22,0.47381,0.47209,0.11748,21.69362,381.91807,167.72339,394.51549,24,0.86593,0.62515,0.32167,0.57230,0.13581,1.87696,742.30774
1992-10-23,0.14828,0.27952,0.09700,20.26409,430.27473,207.72140,373.58487,24,0.27377,0.17579,0.47163,0.36257,0.26038,2.41572,1063.66035
1992-10-24,0.11452,0.10549,0.03465,19.32718,396.71174,211.92242,365.61492,24,0.17486,0.13786,0.29137,0.16836,0.21534,2.60413,1087.68259
1992-10-25,0.12075,0.07717,0.02069,18.77698,416.58313,214.51725,359.08009,24,0.26973,0.21861,0.12935,0.07212,0.07513,2.34690,1211.80178
1992-10-26,0.06041,0.06291,0.02094,18.56996,418.42708,217.01984,356.91048,24,0.12512,0.08673,0.17375,0.04166,0.10845,2.74181,1037.83075
1992-10-27,0.07699,0.05642,0.02231,19.42128,386.45627,217.12847,362.50997,24,0.11753,0.05886,0.13007,0.03659,0.10076,2.75245,904.87852
1992-10-28,0.15224,0.10955,0.04224,20.15596,330.91385,212.10571,378.90022,24,0.17319,0.06258,0.09972,0.13161,0.04035,2.36661,808.94890
1992-10-29,0.14702,0.15093,0.05454,20.83634,294.60865,200.85305,385.15179,24,0.25824,0.10939,0.26608,0.08323,0.16211,2.65658,719.94127
1992-10-30,0.06821,0.11230,0.05283,21.05061,269.46558,211.61703,381.19358,24,0.16838,0.01041,0.36116,0.05020,0.18616,2.44010,696.50348
1992-10-31,0.16836,0.25408,0.06676,21.38532,305.51302,205.67326,388.58658,24,0.10798,0.07357,0.20710,0.35289,0.15154,2.20429,821.34571
1992-11-01,0.45129,0.33641,0.06681,21.43027,315.30027,195.72117,391.36361,24,0.33946,0.36375,0.48604,0.42945,0.24473,2.21432,844.01093
1992-11-02,0.66783,0.31207,0.06411,20.98813,337.57753,182.99172,386.97558,24,0.66557,0.69873,0.48763,0.43771,0.22125,1.72302,842.96186
1992-11-03,0.39569,0.22812,0.06895,20.30510,370.59855,195.45024,378.06021,24,0.57671,0.26390,0.52771,0.32696,0.30752,1.70751,933.58765
1992-11-04,0.45970,0.21114,0.02990,19.65817,371.18032,196.41950,373.04691,24,0.48971,0.35236,0.24770,0.13128,0.10450,2.95479,995.59450
1992-11-05,0.72315,0.26656,0.04436,19.51609,366.84150,187.87918,375.10593,24,0.63044,0.64146,0.32653,0.30520,0.11682,1.89144,986.23690
1992-11-06,0.61944,0.17518,0.04234,18.61701,387.60636,193.82607,369.25486,24,0.74779,0.52652,0.33082,0.16171,0.11854,2.62114,979.41136
1992-11-07,0.37108,0.09604,0.04097,17.71398,467.57802,199.30244,359.86007,24,0.61417,0.21698,0.25640,0.09358,0.16982,2.80074,1178.88203
1992-11-08,0.10771,0.07098,0.02676,17.08897,525.39462,203.62531,354.19974,24,0.28441,0.13426,0.14810,0.04009,0.10831,3.50769,1198.87985
1992-11-09,0.10116,0.11018,0.04422,17.43733,460.88909,204.23961,359.05514,24,0.16927,0.05248,0.18685,0.06065,0.15590,3.53607,1143.31768
1992-11-10,0.25543,0.25745,0.05358,18.13885,472.38630,174.53673,372.48230,24,0.28452,0.30099,0.28258,0.26565,0.16605,3.37712,1118.90884
1992-11-11,0.24042,0.25665,0.05610,18.44139,400.16931,174.16816,370.39988,24,0.27634,0.27573,0.25475,0.31353,0.05816,2.71748,970.47048
1992-11-12,0.16734,0.23083,0.05852,18.87587,353.24336,185.17077,367.68354,24,0.29238,0.19828,0.41691,0.21761,0.15136,1.83438,893.57348
1992-11-13,0.12486,0.15917,0.05874,18.40317,351.20902,191.27533,364.26505,24,0.26871,0.10923,0.41912,0.11925,0.23824,1.81351,922.34857
1992-11-14,0.12275,0.10231,0.05978,17.63767,376.66579,192.43258,358.23288,24,0.25897,0.07909,0.28486,0.07091,0.19909,2.22517,976.39480
1992-11-15,0.33973,0.03896,0.03081,16.91713,343.32817,199.39955,352.96229,24,0.33631,0.06314,0.21676,0.00361,0.16626,3.17531,885.61556
1992-11-16,0.34705,0.02985,0.02418,16.85604,337.42260,182.00237,357.97880,24,0.48971,0.45004,0.07160,0.01083,0.06974,2.64157,870.85291
1992-11-17,0.37068,0.04579,0.03955,16.74491,344.62205,192.18075,355.29529,24,0.23573,0.32895,0.18740,0.00360,0.18199,2.52424,908.48212
1992-11-18,0.68292,0.03063,0.01691,17.53822,349.20462,165.17480,369.71299,24,0.58360,0.65979,0.11967,0.03314,0.10312,2.67865,909.19470
1992-11-19,0.77298,0.07645,0.02087,18.10506,336.15650,146.92967,373.92455,24,0.72380,0.75060,0.06245,0.02523,0.05524,2.93746,756.55848
1992-11-20,0.72397,0.15805,0.03416,18.44604,405.71539,147.90690,381.17311,24,0.77363,0.79464,0.22438,0.14705,0.12443,2.24894,912.54891
1992-11-21,0.27034,0.16465,0.04328,18.19007,387.36691,146.15924,373.80810,24,0.40954,0.36610,0.17297,0.23720,0.03677,2.42428,832.68379
1992-11-22,0.13893,0.16440,0.06014,17.40078,378.19879,179.08208,359.58658,24,0.19647,0.12130,0.18092,0.15302,0.04963,2.40752,934.27775
1992-11-23,0.25705,0.13251,0.04854,17.24790,376.03237,178.13735,362.79128,24,0.22220,0.11447,0.24416,0.14534,0.15459,2.47661,955.27418
1992-11-24,0.44080,0.22354,0.06237,17.51801,337.95745,121.35874,371.28860,24,0.65781,0.48792,0.16596,0.15506,0.13847,2.79114,650.41594
1992-11-25,0.15364,0.19423,0.07781,16.43462,425.69476,179.10065,347.87148,24,0.41945,0.12709,0.48898,0.21055,0.32667,1.84976,912.46993
1992-11-26,0.09279,0.16192,0.07197,15.92350,420.14689,183.69297,342.85298,24,0.24781,0.10945,0.38169,0.21799,0.22599,2.39989,965.63988
1992-11-27,0.13515,0.14616,0.04918,16.00993,403.01284,180.46622,346.74462,24,0.17057,0.12177,0.29821,0.05367,0.20398,2.48347,1029.13874
1992-11-28,0.19899,0.27588,0.08596,16.36253,372.55013,167.91439,355.60863,24,0.20967,0.23190,0.30729,0.20652,0.14599,1.96956,983.10450
1992-11-29,0.20657,0.32879,0.06828,16.68903,319.07841,166.09077,358.80333,24,0.29559,0.17127,0.49775,0.36935,0.28593,1.96871,838.64788
1992-11-30,0.40373,0.34785,0.09647,16.69985,302.79879,136.69021,367.30358,24,0.41160,0.42824,0.47027,0.38556,0.21787,1.78348,731.63059
1992-12-01,0.52709,0.45179,0.09168,17.29879,347.57001,129.76764,376.76750,24,0.53505,0.51878,0.42891,0.54683,0.17309,1.90695,771.68374
1992-12-02,0.48537,0.51721,0.08361,17.10155,371.00367,125.27447,374.03864,24,0.52585,0.55822,0.45161,0.59934,0.17288,1.55637,756.37861
1992-12-03,0.30183,0.55222,0.07992,16.86456,371.62883,141.48655,360.96932,24,0.46972,0.40099,0.59684,0.71169,0.15066,1.92371,798.91682
1992-12-04,0.16710,0.36070,0.06070,16.18089,396.25396,165.31995,346.62956,24,0.20277,0.20197,0.59555,0.52670,0.14324,1.67894,944.92343
1992-12-05,0.12047,0.15924,0.04773,15.16830,413.15909,168.25128,338.98961,24,0.24678,0.16772,0.40075,0.19176,0.18204,1.87995,940.36091
1992-12-06,0.03402,0.04309,0.02486,13.77507,470.08409,183.12546,325.03025,24,0.10653,0.03268,0.13883,0.04931,0.10111,2.27621,1009.91367
1992-12-07,0.17034,0.05043,0.03301,13.39176,433.46680,184.57304,323.48545,24,0.07083,0.05101,0.09540,0.02394,0.09540,2.89507,943.90105
1992-12-08,0.26946,0.07106,0.04318,13.25372,413.70795,179.03236,327.01724,24,0.22882,0.30879,0.14729,0.05183,0.13613,2.48673,971.76938
1992-12-09,0.06871,0.07976,0.03946,13.27461,373.63155,182.41151,325.05081,24,0.19912,0.03096,0.15829,0.06458,0.14157,2.65268,925.15855
1992-12-10,0.09055,0.07668,0.04284,13.51746,383.43930,181.12498,326.51819,24,0.23603,0.03380,0.17512,0.07336,0.14157,2.31713,954.26174
1992-12-11,0.05764,0.06823,0.05014,13.35050,365.90805,183.39963,324.78973,24,0.17332,0.01275,0.17291,0.02986,0.14143,2.58241,843.93093
1992-12-12,0.05726,0.08766,0.05414,13.22064,375.11933,182.28310,324.20161,24,0.17438,0.00508,0.19502,0.09962,0.19129,2.74054,876.24272
1992-12-13,0.07913,0.08180,0.04681,13.00834,385.61054,179.52794,326.67525,24,0.16657,0.02797,0.17268,0.03791,0.15654,2.46228,905.29787
1992-12-14,0.05551,0.06668,0.03738,12.80618,390.77984,179.41710,322.79971,24,0.17726,0.03101,0.18017,0.04675,0.13149,2.28690,930.12694
1992-12-15,0.06373,0.04649,0.03914,12.65339,380.24931,183.19376,319.32334,24,0.14900,0.08010,0.14239,0.00541,0.12439,2.70748,875.94043
1992-12-16,0.08593,0.05970,0.05105,12.40369,377.14518,183.83507,317.84818,24,0.15700,0.00332,0.13785,0.00000,0.13785,2.56290,873.83777
1992-12-17,0.11109,0.08973,0.05848,12.10159,409.52532,181.54068,320.71805,24,0.27290,0.06515,0.18962,0.02930,0.18604,2.67572,1032.41984
1992-12-18,0.08067,0.09482,0.04201,12.19373,429.91220,175.79067,322.50497,24,0.24407,0.06878,0.29332,0.07348,0.17107,2.41700,1116.49562
1992-12-19,0.11945,0.04340,0.03443,11.95590,422.74171,181.95004,317.03206,24,0.13280,0.01563,0.13740,0.01642,0.12093,2.74560,1055.02543
1992-12-20,0.16024,0.03086,0.02635,12.23760,398.23608,181.95405,315.86259,24,0.54647,0.20687,0.08625,0.00541,0.08083,2.82836,985.18964
1992-12-21,0.08517,0.03033,0.02732,12.16509,359.62948,183.31105,316.51251,24,0.09808,0.04689,0.09898,0.00000,0.09719,2.71455,873.39281
1992-12-22,0.09776,0.01508,0.01040,12.29732,378.60697,178.50846,320.53383,24,0.08431,0.07761,0.06976,0.01814,0.06253,2.71917,929.71292
1992-12-23,0.05706,0.01273,0.01110,12.12441,425.51357,182.33837,317.08503,24,0.10497,0.07788,0.00739,0.00000,0.00365,2.92103,945.67337
1992-12-24,0.02049,0.02509,0.02290,12.07240,286.25328,186.08691,312.99443,24,0.07935,0.00000,0.08286,0.00000,0.07538,2.74531,658.54008
1992-12-25,0.02851,0.02788,0.02416,12.30474,294.37135,183.93404,318.15937,24,0.05849,0.00271,0.07364,0.00000,0.07364,2.84026,765.94053
1992-12-26,0.11455,0.05535,0.03100,12.70674,365.12276,176.59776,328.41886,24,0.12878,0.03479,0.12148,0.02390,0.11410,2.67285,972.35602
1992-12-27,0.18799,0.08411,0.01996,12.88268,374.61876,169.84519,332.41764,24,0.20976,0.11947,0.13550,0.03438,0.08670,2.51238,976.10181
1992-12-28,0.19273,0.10253,0.01150,12.66201,435.94709,158.53959,331.38910,24,0.25607,0.24687,0.14534,0.11420,0.01276,2.79547,1165.22245
1992-12-29,0.11177,0.05821,0.01293,12.58424,406.79394,176.42827,327.06137,24,0.14434,0.08356,0.11615,0.02335,0.03494,2.87177,1115.47640
1992-12-30,0.09634,0.05097,0.01844,13.48965,361.40097,175.48957,330.56931,24,0.08096,0.06735,0.09237,0.01977,0.04561,2.35453,932.31326
1992-12-31,0.08175,0.05411,0.02093,13.36976,367.50961,178.22694,330.86128,24,0.15526,0.07772,0.15742,0.02582,0.07859,2.04256,991.62291
1993-01-01,0.08648,0.06943,0.02182,13.35032,348.56621,178.67500,333.36346,24,0.12603,0.04210,0.12875,0.02947,0.08630,2.07366,916.01529
1993-01-02,0.18990,0.09815,0.01319,13.17571,372.74496,172.86240,338.11308,24,0.15122,0.10307,0.15012,0.05293,0.04237,2.07815,970.00143
1993-01-03,0.22909,0.11935,0.03167,13.97138,338.54853,163.66088,343.13816,24,0.29295,0.21835,0.15366,0.05254,0.05149,2.06065,932.94783
1993-01-04,0.21325,0.18853,0.03989,15.32484,321.99518,165.92747,347.88573,24,0.14993,0.15308,0.19781,0.18761,0.10235,2.00875,805.13241
1993-01-05,0.28958,0.31869,0.08548,14.92912,340.25249,152.39184,347.33532,24,0.45273,0.32728,0.41047,0.39834,0.17597,1.41508,944.71761
1993-01-06,0.25892,0.28529,0.08821,14.35993,347.70259,161.30929,341.05473,24,0.42250,0.32615,0.48093,0.26161,0.28817,1.62072,939.92779
1993-01-07,0.55176,0.26598,0.05848,15.36075,379.02460,163.25004,348.59515,24,0.48841,0.69876,0.33238,0.27209,0.19245,1.79390,854.99907
1993-01-08,0.45453,0.41128,0.09305,16.24003,357.00031,142.11026,355.27693,24,0.43585,0.46139,0.61733,0.45014,0.23011,1.80424,704.73319
1993-01-09,0.60225,0.61699,0.20323,16.42628,335.39827,129.24003,364.58100,24,0.63539,0.72666,0.69226,0.68271,0.26333,1.59206,700.60182
1993-01-10,0.53610,0.59376,0.12257,15.55079,336.44140,138.11415,362.49222,24,0.68467,0.67098,0.84600,0.76381,0.47082,1.55800,778.20679
1993-01-11,0.55734,0.36169,0.05224,14.87796,341.16798,159.03363,353.24287,24,0.45025,0.43946,0.61490,0.41872,0.21076,1.38063,894.63317
1993-01-12,0.50576,0.45480,0.03583,14.98857,358.82142,147.35176,357.62264,24,0.65544,0.61797,0.48944,0.43365,0.06523,2.17998,894.56177
1993-01-13,0.29902,0.49609,0.14448,14.32935,345.29867,148.68297,345.03597,24,0.43835,0.39549,0.66442,0.63344,0.15897,1.65429,809.31912
1993-01-14,0.11407,0.20641,0.06163,11.03111,392.35141,183.33624,315.38026,24,0.28970,0.10739,0.48355,0.36916,0.28719,1.83490,938.44186
1993-01-15,0.09134,0.06818,0.01214,9.91089,413.48861,188.77995,307.49689,24,0.11123,0.11473,0.12215,0.10765,0.04315,3.29964,1013.64318
1993-01-16,0.08112,0.03608,0.00945,10.61212,376.78446,195.20227,312.19751,24,0.10424,0.04102,0.05034,0.00540,0.01080,3.30043,971.92187
1993-01-17,0.15630,0.11057,0.02529,12.49059,374.09557,191.37182,327.44948,24,0.16152,0.11321,0.11287,0.04729,0.07676,2.77191,976.00720
1993-01-18,0.22045,0.18659,0.02792,13.00221,373.98224,176.88521,333.97864,24,0.26420,0.22257,0.30237,0.19525,0.07336,2.04862,902.29241
1993-01-19,0.16259,0.17588,0.02555,10.52202,457.62587,188.46886,314.41505,24,0.20489,0.18162,0.29613,0.28047,0.07235,2.62648,1059.15276
1993-01-20,0.07706,0.09629,0.01421,9.15157,454.56428,197.28369,302.00921,24,0.18802,0.09923,0.18359,0.10931,0.05929,3.14601,1046.80378
1993-01-21,0.06987,0.06898,0.01229,9.02928,455.48657,199.37131,301.10160,24,0.06460,0.07819,0.09320,0.08791,0.01793,3.06598,1027.63790
1993-01-22,0.10427,0.06977,0.01056,9.47772,459.53485,199.05142,304.28602,24,0.07137,0.07488,0.08789,0.09336,0.03232,2.73884,1064.56451
1993-01-23,0.09825,0.07375,0.00772,8.96460,459.81063,197.68583,303.76068,24,0.20437,0.10314,0.10233,0.08065,0.03238,3.20544,1041.90721
1993-01-24,0.10594,0.06677,0.01093,9.07389,460.41450,196.78760,306.08863,24,0.09059,0.11882,0.07534,0.04121,0.02154,3.38968,1105.91124
1993-01-25,0.13086,0.08378,0.01445,9.16589,454.84468,198.26020,308.92420,24,0.13274,0.10030,0.09537,0.08087,0.02522,3.29988,1044.99902
1993-01-26,0.09997,0.07203,0.01418,9.64948,492.93088,196.74972,309.95411,24,0.16061,0.12161,0.13896,0.09887,0.05792,3.20263,1109.47933
1993-01-27,0.13193,0.05768,0.01288,10.34549,454.42158,195.56204,315.49894,24,0.11390,0.14342,0.08111,0.01801,0.03801,3.58417,1114.80303
1993-01-28,0.06052,0.03018,0.01380,11.26150,428.20017,204.21428,319.51262,24,0.07294,0.06800,0.08904,0.01440,0.04559,2.79764,1087.57268
1993-01-29,0.22365,0.02542,0.00872,13.52221,383.32221,204.46787,336.14223,24,0.06866,0.03519,0.05705,0.00540,0.05526,2.72767,966.96096
1993-01-30,0.27718,0.10860,0.00466,15.03445,352.58480,178.56872,351.83114,24,0.45187,0.29892,0.09821,0.07247,0.00540,2.55408,886.30773
1993-01-31,0.21833,0.14931,0.03356,15.70593,346.14400,183.51404,347.53802,24,0.31001,0.21290,0.29061,0.25499,0.11267,1.87912,911.27836
1993-02-01,0.23158,0.11010,0.03135,14.75926,355.95721,187.92241,340.62569,24,0.31616,0.34945,0.18134,0.15655,0.04236,2.60681,920.52194
1993-02-02,0.06141,0.05614,0.04366,14.43353,362.73684,209.87256,330.32355,24,0.20169,0.02388,0.19391,0.04773,0.18460,1.85725,887.23886
1993-02-03,0.02691,0.01244,0.00463,13.88651,370.31048,215.39303,328.46193,24,0.01983,0.01822,0.00543,0.01080,0.00543,2.42328,1031.71276
1993-02-04,0.04957,0.01022,0.00842,14.02008,365.80685,216.60306,329.66338,24,0.08043,0.05480,0.05119,0.00000,0.04220,2.66490,1033.75589
1993-02-05,0.02575,0.00827,0.00557,14.00037,377.58152,218.24595,330.37998,24,0.05671,0.02795,0.02576,0.00000,0.02216,2.83908,1053.82088
1993-02-06,0.01019,0.00798,0.00663,13.89389,352.12955,222.72900,327.79530,24,0.02360,0.00157,0.02366,0.00181,0.02366,2.69902,978.68586
1993-02-07,0.02371,0.01573,0.00878,14.04022,330.29800,223.24609,330.06630,24,0.08325,0.00845,0.02339,0.00180,0.02339,2.43988,909.15489
1993-02-08,0.02376,0.01822,0.00993,15.02299,347.33899,222.83068,336.53316,24,0.05593,0.00685,0.07059,0.00898,0.04911,2.22411,915.34530
1993-02-09,0.19122,0.02389,0.01014,15.55067,363.91416,216.98189,344.83147,24,0.09306,0.09772,0.05311,0.01257,0.04953,2.37391,967.69388
1993-02-10,0.32165,0.04149,0.01201,15.73789,381.35277,206.76092,346.88116,24,0.25933,0.35862,0.08544,0.01796,0.06387,2.97339,1012.04508
1993-02-11,0.23071,0.08783,0.00943,15.58274,413.58970,206.60181,350.24968,24,0.17993,0.19086,0.08652,0.06647,0.03267,2.70165,1082.00718
1993-02-12,0.40076,0.17608,0.03188,16.64650,385.98899,191.15290,364.05698,24,0.52669,0.39663,0.14566,0.18169,0.03093,2.73971,892.72200
1993-02-13,0.31898,0.30516,0.08805,18.47154,442.78434,180.91754,373.65168,24,0.39831,0.31418,0.24163,0.30116,0.09365,2.34805,900.07169
1993-02-14,0.43975,0.52652,0.14080,18.47970,472.38328,183.78814,370.50883,24,0.41128,0.59147,0.49853,0.56810,0.25763,1.68898,970.24231
1993-02-15,0.34294,0.55019,0.16437,18.67679,454.42774,185.54945,369.38518,24,0.48198,0.36088,0.73774,0.62613,0.46464,1.27110,979.07594
1993-02-16,0.37304,0.64378,0.26979,18.93600,511.30873,182.59646,371.83665,24,0.36649,0.34341,0.77494,0.55527,0.40577,1.29634,982.40300
1993-02-17,0.45525,0.71152,0.28835,19.50538,593.53145,175.63083,381.47404,24,0.60147,0.42342,0.82108,0.58763,0.50276,1.16852,932.68861
1993-02-18,0.46371,0.70783,0.25188,19.27762,586.47594,182.69442,382.41171,24,0.50561,0.46814,0.84911,0.66316,0.47635,1.67845,963.55173
1993-02-19,0.49478,0.70456,0.30161,18.43095,541.57804,178.18646,380.63923,24,0.53595,0.44887,0.86947,0.70117,0.51403,1.59589,951.33583
1993-02-20,0.45905,0.62139,0.35538,16.27601,426.88755,157.88493,368.95453,24,0.62575,0.56220,0.86419,0.69857,0.51657,2.11117,797.74500
1993-02-21,0.55024,0.57027,0.25199,15.39549,421.77130,187.27978,362.25813,24,0.54464,0.50263,0.76718,0.63253,0.67817,2.27127,857.86089
1993-02-22,0.27863,0.37382,0.16447,12.28798,496.72335,201.33787,331.72794,24,0.47003,0.31140,0.59955,0.45650,0.35623,2.46734,1039.92952
1993-02-23,0.18747,0.12793,0.08389,10.01116,574.56941,240.79856,314.61112,24,0.26862,0.28615,0.43059,0.18230,0.41236,3.37560,1238.59894
1993-02-24,0.10629,0.02077,0.00367,11.61982,538.68168,241.40850,319.78144,24,0.04107,0.17767,0.06657,0.00359,0.02153,4.10394,1276.46670
1993-02-25,0.03150,0.00894,0.00167,13.21827,413.81525,245.71508,328.55354,24,0.02784,0.02488,0.02526,0.00179,0.00908,3.30365,990.65222
1993-02-26,0.11192,0.03630,0.00632,15.60716,401.27979,235.66265,349.57507,24,0.06241,0.05158,0.00537,0.00000,0.00179,3.28076,960.18781
1993-02-27,0.31926,0.10898,0.01572,16.69892,397.57223,218.93301,361.35074,24,0.18513,0.25597,0.13231,0.14519,0.04003,2.46921,929.02776
1993-02-28,0.32269,0.06525,0.01173,16.49833,400.81433,226.76743,358.27563,24,0.20907,0.28415,0.08095,0.08166,0.03428,2.35670,1020.79438
1993-03-01,0.19646,0.04009,0.00652,16.36004,432.29906,227.98655,354.23393,24,0.24447,0.20202,0.05745,0.08618,0.02525,2.59081,1056.92623
1993-03-02,0.03753,0.04862,0.01547,16.24955,421.29438,249.67887,346.38700,24,0.08240,0.05180,0.07345,0.07169,0.04664,2.02253,974.95947
1993-03-03,0.02413,0.03157,0.01011,15.30291,436.49222,254.57242,343.42350,24,0.04962,0.01871,0.06651,0.02332,0.03598,3.12049,1013.32061
1993-03-04,0.06312,0.02458,0.01218,15.22365,454.80500,252.66583,349.12336,24,0.06569,0.10305,0.04673,0.00179,0.01983,3.32429,1082.61069
1993-03-05,0.03411,0.02582,0.00746,14.94320,501.33515,254.01991,344.25092,24,0.03914,0.03560,0.05547,0.01073,0.04832,3.37651,1238.71428
1993-03-06,0.03853,0.01638,0.00435,14.31086,486.23056,259.92419,336.20442,24,0.03637,0.04145,0.04854,0.00179,0.01633,3.14381,1228.84010
1993-03-07,0.04003,0.02022,0.00217,13.52430,488.39124,260.01276,333.75571,24,0.03488,0.05565,0.03061,0.00553,0.01084,3.80112,1259.08981
1993-03-08,0.01118,0.00585,0.00307,13.88499,486.33625,269.07874,332.60994,24,0.02059,0.00784,0.03426,0.00000,0.01076,3.66212,1271.38224
1993-03-09,0.03715,0.00464,0.00420,15.25235,425.15433,270.67315,338.44390,24,0.01061,0.00073,0.01435,0.00000,0.01435,3.79225,1179.30405
1993-03-10,0.32748,0.00498,0.00484,15.97023,432.03509,270.77383,348.40045,24,0.07451,0.01773,0.02384,0.00000,0.02205,3.78416,1218.98752
1993-03-11,0.25718,0.00231,0.00224,16.14195,473.66129,248.21307,359.34535,24,0.70054,0.24293,0.00561,0.00000,0.00561,3.91035,1296.20162
1993-03-12,0.09850,0.00607,0.00499,16.76873,536.72703,257.88505,362.17621,24,0.04277,0.06955,0.03317,0.00000,0.02946,3.73749,1370.81193
1993-03-13,0.16588,0.04325,0.01359,17.66310,596.20944,249.98573,371.15994,24,0.02021,0.08183,0.01120,0.01290,0.00747,4.22216,1470.37216
1993-03-14,0.24609,0.34723,0.09903,19.22835,587.04320,239.31233,380.76552,24,0.32760,0.22114,0.29620,0.27793,0.11475,2.25069,1275.47838
1993-03-15,0.21150,0.37571,0.14875,18.38233,683.34614,235.85220,380.84221,24,0.34466,0.23790,0.61039,0.34436,0.29782,2.76727,1587.14212
1993-03-16,0.12135,0.28095,0.11682,17.42415,607.73017,246.57136,371.42205,24,0.30975,0.17115,0.65444,0.31879,0.40587,3.17592,1391.47403
1993-03-17,0.06284,0.15606,0.04488,13.19605,646.31809,268.36148,349.08638,24,0.19809,0.08310,0.39689,0.17066,0.28312,5.48157,1408.66352
1993-03-18,0.03169,0.06887,0.01513,11.82008,623.35561,277.78075,332.17802,24,0.11490,0.05015,0.30452,0.08769,0.11432,5.61666,1541.04801
1993-03-19,0.08436,0.04653,0.00344,14.01121,760.51025,277.65902,345.37358,24,0.00677,0.04036,0.00374,0.00000,0.00374,6.54890,1858.06207
1993-03-20,0.41809,0.43128,0.12932,15.44070,622.91191,246.89087,367.42969,24,0.25034,0.21692,0.34983,0.32324,0.02223,4.63891,1427.69394
1993-03-21,0.79479,0.54038,0.19084,17.63073,489.90810,199.98196,383.05414,24,0.73979,0.76729,0.79264,0.48013,0.53344,2.66713,954.79063
1993-03-22,0.81508,0.74090,0.32363,19.01946,577.05186,177.32172,396.76447,24,0.78251,0.84149,0.82969,0.76442,0.46298,2.11190,1001.68367
1993-03-23,0.84198,0.77709,0.33727,19.35837,463.27864,145.27018,403.56675,24,0.80106,0.81289,0.83924,0.75320,0.49501,2.17564,713.29310
1993-03-24,0.84799,0.84149,0.43632,20.17974,451.90656,148.78574,406.69707,24,0.90059,0.87752,0.96244,0.85161,0.59993,2.20304,725.32287
1993-03-25,0.82492,0.81115,0.30738,19.77542,420.90264,159.73025,405.68569,24,0.81391,0.76808,0.90566,0.84243,0.63485,1.81128,633.48492
1993-03-26,0.73151,0.91018,0.36160,20.27089,416.11826,153.33738,406.33691,24,0.86139,0.75865,0.94593,0.83985,0.49338,1.61356,626.45058
1993-03-27,0.39372,0.54276,0.19421,19.56969,450.18776,198.37589,380.83773,24,0.74721,0.61076,0.98913,0.80884,0.65479,1.39049,799.70689
1993-03-28,0.04467,0.08796,0.04126,14.94324,523.58628,287.12634,340.14692,24,0.21796,0.03279,0.40533,0.04563,0.28141,3.02478,1215.43111
1993-03-29,0.01520,0.00802,0.00209,13.61128,490.96414,296.09142,330.51105,24,0.02081,0.02068,0.00721,0.00000,0.00721,3.91490,1181.78713
1993-03-30,0.03284,0.01110,0.00247,13.92266,449.45809,296.73871,332.85109,24,0.02746,0.02966,0.02517,0.00360,0.01079,4.69389,1158.49210
1993-03-31,0.04341,0.00612,0.00336,15.00386,432.36908,298.37225,339.69708,24,0.01822,0.05293,0.02336,0.00000,0.01616,4.35722,1063.57317
1993-10-01,0.96198,0.96732,0.42175,24.60319,290.91193,128.36851,428.80827,24,0.94782,0.94577,0.97046,0.98134,0.61389,1.18393,495.41931
1993-10-02,0.95054,0.96278,0.46186,24.45973,329.45433,106.34244,428.07054,24,0.99643,0.95078,0.99636,0.99258,0.81761,0.94351,498.02490
1993-10-03,0.72628,0.89540,0.34523,24.44544,341.33486,156.76190,420.95072,24,0.86576,0.79226,0.93758,0.95405,0.53145,1.24982,598.48755
1993-10-04,0.60119,0.88033,0.22677,24.42903,303.44301,177.93291,421.31050,24,0.79885,0.69805,0.93230,0.91339,0.64854,0.96617,645.91763
1993-10-05,0.41804,0.82936,0.16477,24.44926,328.14907,198.62686,420.48254,24,0.47215,0.42592,0.92536,0.96503,0.41406,1.36086,828.39510
1993-10-06,0.69526,0.87447,0.24245,24.52445,312.77442,179.02077,421.93194,24,0.67739,0.73556,0.86368,0.93112,0.47743,1.16512,704.60874
1993-10-07,0.66170,0.92740,0.29178,24.47903,313.20191,157.60879,424.35283,24,0.66065,0.68973,0.96730,0.98512,0.55163,1.13087,677.51737
1993-10-08,0.65612,0.86222,0.22146,24.57719,313.95374,174.34149,420.36881,24,0.60089,0.56647,0.98529,0.99813,0.63965,1.45077,733.78141
1993-10-09,0.45916,0.78417,0.11912,24.71221,335.59405,199.31559,418.88661,24,0.67291,0.46924,0.90607,0.87220,0.47732,1.37765,834.19205
1993-10-10,0.45073,0.80235,0.11503,24.45175,326.21705,195.81783,418.53468,24,0.21945,0.31520,0.83458,0.94318,0.21846,1.50769,817.12841
1993-10-11,0.47905,0.83045,0.14898,24.50745,321.36762,194.07670,418.65307,24,0.62722,0.41268,0.87765,0.98521,0.41023,1.30012,784.11496
1993-10-12,0.66689,0.93297,0.22336,24.19417,349.30053,179.65074,419.68111,24,0.61459,0.65997,0.82383,0.97430,0.45710,1.25814,751.98694
1993-10-13,0.85339,0.97499,0.36699,23.81962,300.50829,142.02000,421.19969,24,0.67859,0.91379,1.00000,0.99635,0.53999,1.25532,565.46297
1993-10-14,0.83572,0.97127,0.33120,23.56623,305.53604,144.26351,420.12491,24,0.87181,0.83104,0.99628,0.98512,0.66315,1.15269,568.50124
1993-10-15,0.76436,0.95671,0.26432,23.54810,309.09068,156.68802,418.05762,24,0.86635,0.69747,1.00000,0.96644,0.55921,1.35892,632.58385
1993-10-16,0.69668,0.89466,0.22409,23.77207,311.50045,155.82991,416.47229,24,0.87421,0.72222,0.95924,0.95170,0.61780,1.41691,662.02697
1993-10-17,0.59500,0.79439,0.18264,23.54323,318.30326,170.43157,413.47158,24,0.69423,0.58109,0.94455,0.89965,0.50384,1.44709,706.46222
1993-10-18,0.52127,0.77587,0.15034,23.40546,319.35779,162.29791,410.68309,24,0.73711,0.55139,0.96662,0.93170,0.56788,1.58618,733.21180
1993-10-19,0.53015,0.81642,0.14391,23.40043,338.79853,189.71633,410.19562,24,0.51418,0.43374,0.91562,0.89817,0.42378,1.53688,803.82286
1993-10-20,0.57774,0.90202,0.18033,23.08656,308.70685,159.64887,409.81259,24,0.71823,0.75708,0.96750,0.97027,0.40368,1.36343,637.53453
1993-10-21,0.40202,0.70622,0.18854,22.73324,322.48741,179.71208,402.01509,24,0.43996,0.45507,0.84680,0.82324,0.41944,1.46021,756.17706
1993-10-22,0.31270,0.60656,0.16528,21.82506,366.72955,189.13127,392.31368,24,0.47507,0.37289,0.80155,0.68341,0.52748,1.61022,873.53251
1993-10-23,0.31443,0.50285,0.15365,21.02234,386.68908,198.54926,383.32557,24,0.38647,0.32930,0.60538,0.57335,0.38938,1.71229,873.74143
1993-10-24,0.27095,0.44497,0.15503,20.66697,389.78112,194.60688,381.33893,24,0.46225,0.33585,0.54423,0.50398,0.40679,1.82435,894.47643
1993-10-25,0.27717,0.40828,0.12198,20.56268,388.75163,200.65862,381.17339,24,0.49592,0.28201,0.57845,0.44604,0.35873,2.32955,933.01147
1993-10-26,0.19756,0.31788,0.08170,20.69980,378.15736,197.47964,383.83022,24,0.46507,0.25773,0.54831,0.36632,0.31160,2.35529,928.08337
1993-10-27,0.19889,0.24451,0.05374,20.65720,400.65899,203.62701,379.88556,24,0.26228,0.19102,0.37205,0.32389,0.19099,2.22254,977.38800
1993-10-28,0.19874,0.22248,0.07984,20.57349,436.69886,207.43876,374.51697,24,0.39399,0.14014,0.52080,0.28806,0.30540,1.84964,1002.31109
1993-10-29,0.26611,0.15161,0.03792,20.32053,411.62875,216.67274,370.99884,24,0.22326,0.19598,0.27355,0.14630,0.18142,2.03321,950.65577
1993-10-30,0.56234,0.24522,0.04861,20.91095,340.30344,184.52775,388.76818,24,0.52719,0.53741,0.25359,0.23718,0.12065,2.37930,868.89596
1993-10-31,0.68440,0.44748,0.07763,21.37567,293.06570,159.33943,399.65908,24,0.72662,0.70552,0.31295,0.33161,0.10872,2.24586,695.76068
1993-11-01,0.67875,0.69728,0.22455,21.51100,266.35543,118.09854,402.12045,24,0.80427,0.77343,0.63565,0.78585,0.27755,1.62660,565.42527
1993-11-02,0.52418,0.60580,0.13093,21.34970,289.78701,157.50481,398.23173,24,0.68406,0.49785,0.82883,0.72715,0.59562,1.32404,707.73115
1993-11-03,0.69730,0.61638,0.19039,20.72170,268.35151,144.80305,393.09380,24,0.69599,0.76511,0.54447,0.70682,0.24672,1.76247,605.40285
1993-11-04,0.45801,0.80967,0.18245,20.44173,296.58000,156.40496,391.18925,24,0.69879,0.51460,0.83187,0.88399,0.63834,1.50981,689.05741
1993-11-05,0.28677,0.70541,0.14795,20.47030,325.39023,175.31829,385.20366,24,0.49302,0.26552,0.96408,0.98728,0.66907,1.47853,815.94485
1993-11-06,0.21851,0.41468,0.08840,20.13672,338.78297,184.83218,379.81782,24,0.39056,0.21391,0.75095,0.74545,0.32479,1.51523,907.57002
1993-11-07,0.18088,0.28820,0.08915,19.85422,354.54737,189.03394,374.30570,24,0.48573,0.15690,0.60181,0.40732,0.36797,1.58882,908.11585
1993-11-08,0.15875,0.27454,0.06698,19.81668,350.74598,191.21135,372.16849,24,0.29639,0.16194,0.52169,0.46608,0.24629,1.71792,896.71739
1993-11-09,0.21726,0.33546,0.07634,19.75228,340.07831,185.37907,373.40427,24,0.38779,0.18643,0.42790,0.30959,0.20613,2.05492,879.32869
1993-11-10,0.19034,0.32285,0.05953,19.74823,364.33359,181.70884,372.44115,24,0.36126,0.23456,0.64403,0.39022,0.28681,1.81327,851.82909
1993-11-11,0.15830,0.19065,0.05907,18.89888,406.59412,194.70605,366.32556,24,0.34861,0.13546,0.44594,0.22784,0.25255,2.23888,970.06261
1993-11-12,0.39701,0.22430,0.04999,18.50296,433.07749,189.70416,365.03728,24,0.41410,0.40194,0.32201,0.26493,0.14462,2.74060,1014.46829
1993-11-13,0.29883,0.24768,0.05460,18.32637,429.71802,185.17948,368.31253,24,0.37631,0.28061,0.35875,0.28016,0.24640,2.64503,1022.64352
1993-11-14,0.39429,0.31846,0.04385,18.15014,425.70520,170.93651,373.29958,24,0.54141,0.58469,0.46486,0.35708,0.18544,2.96460,1026.72350
1993-11-15,0.53720,0.32666,0.05213,18.44813,395.70801,167.24525,372.10479,24,0.48592,0.54321,0.46011,0.43518,0.14566,2.61333,986.06092
1993-11-16,0.31198,0.32008,0.04621,18.23874,396.43538,173.36125,373.56221,24,0.60495,0.30270,0.51874,0.33187,0.24344,2.31790,1001.21571
1993-11-17,0.28397,0.24251,0.04103,18.48968,390.89460,160.39232,373.62841,24,0.42977,0.31858,0.40436,0.25744,0.10264,2.32385,1010.63216
1993-11-18,0.21623,0.20116,0.04451,18.61747,375.52308,167.60610,369.16186,24,0.31542,0.31270,0.33408,0.14443,0.15924,2.45736,956.49242
1993-11-19,0.21364,0.26383,0.05408,18.56556,368.85639,171.03133,368.32273,24,0.36536,0.26303,0.41893,0.21065,0.22761,2.07616,1005.29976
1993-11-20,0.22334,0.25033,0.06142,18.86064,360.79529,167.69331,367.73684,24,0.39155,0.29839,0.63630,0.29668,0.31014,2.05257,920.54419
1993-11-21,0.19355,0.12824,0.03961,18.50106,382.19699,185.69971,361.75203,24,0.20798,0.11629,0.27945,0.20195,0.14452,1.91030,914.60490
1993-11-22,0.15985,0.10729,0.03407,17.91783,409.95052,183.79694,358.71998,24,0.31133,0.23604,0.36769,0.05119,0.17596,1.90222,1008.39658
1993-11-23,0.13540,0.07737,0.01699,17.07673,449.08810,186.07226,354.28027,24,0.27963,0.18876,0.22381,0.06013,0.08798,2.46613,1081.64191
1993-11-24,0.21200,0.08048,0.01899,16.45770,447.39349,186.92486,349.21598,24,0.22614,0.26944,0.14284,0.03444,0.06022,2.74108,936.78979
1993-11-25,0.06969,0.06382,0.01850,15.78839,436.51009,188.77904,342.11726,24,0.12148,0.04250,0.15469,0.06758,0.07664,2.92458,1009.43409
1993-11-26,0.05752,0.05817,0.03298,15.98157,393.60272,190.46942,344.73194,24,0.07100,0.06064,0.10657,0.01817,0.07509,3.11590,972.24814
1993-11-27,0.09895,0.06490,0.03386,16.16781,393.18930,185.49939,351.34566,24,0.17752,0.08282,0.21456,0.00360,0.18498,2.92481,1044.37617
1993-11-28,0.23129,0.03568,0.02071,16.05224,392.04962,182.24771,350.40717,24,0.21965,0.21450,0.14973,0.00552,0.08851,2.78019,1101.31141
1993-11-29,0.22820,0.02640,0.02136,15.76984,391.50672,183.89652,344.87271,24,0.25145,0.18999,0.08790,0.00187,0.07706,2.79576,1097.97043
1993-11-30,0.18140,0.02699,0.02486,15.75507,386.23173,186.36681,343.21598,24,0.51792,0.18850,0.04395,0.00360,0.04212,2.84933,1072.95254
1993-12-01,0.24674,0.06053,0.02965,16.08349,376.65746,183.69566,346.43927,24,0.33180,0.19459,0.13073,0.00183,0.12699,2.48672,1047.77789
1993-12-02,0.51636,0.07437,0.02729,16.13761,399.59613,179.20195,348.54027,24,0.42152,0.48259,0.22171,0.04327,0.13996,2.10520,1071.00413
1993-12-03,0.60532,0.04217,0.01233,15.99184,400.22794,182.48191,343.19792,24,0.57516,0.48926,0.10339,0.01622,0.03817,2.72344,1044.16112
1993-12-04,0.65404,0.03148,0.01241,16.12935,405.16833,181.25294,342.79574,24,0.88281,0.79214,0.07246,0.01096,0.02890,2.57505,1033.52581
1993-12-05,0.52604,0.04151,0.01947,16.00764,369.43556,173.21622,346.87674,24,0.70117,0.65994,0.08076,0.01671,0.07157,2.60683,913.44068
1993-12-06,0.13760,0.05228,0.03197,16.04917,348.04650,180.32877,344.66779,24,0.33960,0.15437,0.14409,0.02582,0.09742,2.05070,914.21203
1993-12-07,0.09572,0.09097,0.03583,15.88872,370.29538,180.41977,347.80610,24,0.19690,0.09826,0.16149,0.04761,0.10986,2.25344,939.09589
1993-12-08,0.13494,0.11211,0.03592,15.85903,393.33979,174.05682,351.07813,24,0.27003,0.11625,0.29221,0.06603,0.13781,2.35123,1051.61813
1993-12-09,0.07926,0.07809,0.01626,15.84741,413.62668,171.57931,346.13608,24,0.24372,0.13645,0.27207,0.05982,0.10396,2.42786,1088.76093
1993-12-10,0.04526,0.03714,0.02226,15.59040,387.13244,183.27685,340.75545,24,0.07328,0.00767,0.06747,0.00183,0.06185,2.59491,944.98203
1993-12-11,0.12238,0.08520,0.01764,14.82410,442.83488,175.79797,341.68760,24,0.15864,0.08444,0.09887,0.01460,0.06386,2.95552,1077.12739
1993-12-12,0.20108,0.12082,0.01475,14.33504,475.32711,162.54275,344.68171,24,0.30583,0.26701,0.25477,0.04505,0.07625,3.33679,1182.30270
1993-12-13,0.15466,0.10115,0.02051,13.97980,498.81527,168.83802,338.34643,24,0.16646,0.19449,0.17201,0.09691,0.02189,3.01255,1279.77002
1993-12-14,0.17413,0.08069,0.01989,13.21449,529.86349,164.70739,336.37812,24,0.22197,0.20162,0.14464,0.04855,0.09056,2.70721,1362.73607
1993-12-15,0.12663,0.09946,0.02503,12.34881,554.39421,171.97206,327.06267,24,0.21457,0.18051,0.10968,0.04849,0.03421,3.18197,1348.32631
1993-12-16,0.03880,0.02657,0.01292,12.66915,505.41454,180.30552,321.82182,24,0.08098,0.04453,0.11344,0.00905,0.04505,2.92446,1178.33232
1993-12-17,0.07344,0.03305,0.01694,13.21889,439.59726,181.53482,325.43319,24,0.05953,0.01950,0.08045,0.00180,0.06971,3.04777,1043.26306
1993-12-18,0.32155,0.01875,0.01278,13.44073,397.62536,181.31297,328.68063,24,0.13612,0.14201,0.06956,0.01482,0.05120,3.24652,983.95083
1993-12-19,0.85168,0.03934,0.00946,13.60723,422.70209,174.33742,337.29061,24,0.69278,0.87914,0.05156,0.01645,0.04600,2.95412,1045.11317
1993-12-20,0.78942,0.06294,0.01090,13.84116,412.23473,164.79267,339.55577,24,0.88204,0.61096,0.07045,0.03615,0.03435,2.81093,1082.57125
1993-12-21,0.28453,0.07987,0.01784,13.46211,425.28920,170.38375,330.99583,24,0.70364,0.42456,0.12280,0.04509,0.03438,2.62961,1111.09122
1993-12-22,0.07848,0.04901,0.01549,12.87045,451.56739,179.91835,322.89663,24,0.13563,0.09422,0.14058,0.03246,0.08835,2.75382,1148.37074
1993-12-23,0.25189,0.01860,0.00898,13.09209,433.85259,182.64650,323.66845,24,0.25915,0.27371,0.03985,0.02352,0.02356,2.90871,1087.16846
1993-12-24,0.05238,0.01858,0.01217,13.31599,355.52191,184.55069,325.05669,24,0.21801,0.02163,0.06994,0.00371,0.06620,2.66192,975.18639
1993-12-25,0.01089,0.01228,0.00888,13.48267,304.64834,184.91145,327.30222,24,0.05432,0.00042,0.05691,0.00000,0.05138,2.34946,860.57521
1993-12-26,0.01947,0.01525,0.01331,13.46783,300.05852,184.36817,327.81479,24,0.03105,0.00226,0.04575,0.00180,0.04033,2.91642,849.02736
1993-12-27,0.27562,0.01901,0.01122,13.41160,323.23608,183.59325,329.89588,24,0.07966,0.22706,0.04211,0.00000,0.03854,2.46975,920.84100
1993-12-28,0.70877,0.03532,0.01435,14.19150,315.03398,178.29297,336.75588,24,0.66800,0.74082,0.05152,0.00000,0.04416,2.47060,892.55445
1993-12-29,0.77665,0.07351,0.02122,14.54478,320.70799,153.65196,343.82031,24,0.83263,0.87285,0.07507,0.02909,0.03496,2.41883,823.39378
1993-12-30,0.54547,0.05945,0.02056,14.69721,334.50613,173.65830,339.83315,24,0.82326,0.53394,0.18713,0.01254,0.09445,2.23647,896.70485
1993-12-31,0.41678,0.03199,0.00427,14.59159,318.60607,178.54775,337.58961,24,0.42683,0.42016,0.06100,0.02512,0.01439,2.31145,806.44660
1994-01-01,0.11637,0.04138,0.00869,14.00809,323.15807,180.59187,329.51461,24,0.42686,0.11736,0.06285,0.01977,0.03063,2.15937,807.54050
1994-01-02,0.70359,0.03460,0.00635,13.96542,301.18317,184.20322,326.78457,24,0.37531,0.53197,0.07887,0.03223,0.02334,2.05614,762.10954
1994-01-03,0.48982,0.01270,0.00030,14.14698,275.82584,179.50678,330.50049,24,0.93346,0.66424,0.01072,0.00714,0.00000,2.50890,687.51350
1994-01-04,0.13133,0.02208,0.00262,13.79451,311.17162,187.34430,329.80821,24,0.07716,0.01273,0.03772,0.00902,0.01078,2.37648,769.67185
1994-01-05,0.12249,0.01874,0.00090,13.69557,325.87614,180.95635,330.98233,24,0.37805,0.11102,0.02514,0.00719,0.00179,2.40929,888.90343
1994-01-06,0.07965,0.03576,0.00594,13.62917,353.98195,181.66900,333.19240,24,0.11634,0.05979,0.03594,0.01619,0.00900,2.57829,961.01788
1994-01-07,0.05144,0.02427,0.00285,13.07005,396.29932,185.60559,326.63038,24,0.09704,0.04830,0.06124,0.00896,0.01264,2.62207,1048.66218
1994-01-08,0.03643,0.02635,0.00367,12.81097,381.82866,189.22164,324.08840,24,0.05051,0.03596,0.04848,0.00361,0.02153,2.40649,1025.40568
1994-01-09,0.13535,0.02519,0.00424,12.91120,389.71553,189.58209,326.13661,24,0.06370,0.03811,0.07068,0.00358,0.01824,2.27239,1067.85952
1994-01-10,0.72926,0.00517,0.00128,13.41962,341.06711,168.91147,335.56355,24,0.46081,0.70464,0.03240,0.00179,0.00362,2.33303,906.43711
1994-01-11,0.19106,0.00316,0.00083,13.67464,324.45187,191.51171,327.89376,24,0.61150,0.18877,0.00000,0.00000,0.00000,2.65105,912.22954
1994-01-12,0.11329,0.01153,0.00443,14.23682,296.99977,190.73355,332.83577,24,0.12611,0.06682,0.00732,0.00000,0.00732,2.42382,841.48240
1994-01-13,0.07133,0.04314,0.00616,14.85307,305.28047,190.16288,342.27714,24,0.10442,0.03987,0.06015,0.00732,0.04037,2.60388,810.97530
1994-01-14,0.19933,0.05003,0.00548,15.57286,303.01349,186.66016,349.26235,24,0.14938,0.04848,0.06292,0.04116,0.00550,2.14334,773.14255
1994-01-15,0.56120,0.12255,0.02584,16.31104,337.64164,146.92450,359.70986,24,0.40145,0.64301,0.08115,0.06486,0.04344,2.04632,749.09041
1994-01-16,0.64028,0.60445,0.16244,16.25093,343.80562,99.09950,368.78749,24,0.72957,0.76223,0.34976,0.52245,0.07624,2.09158,583.13998
1994-01-17,0.18879,0.27319,0.08832,11.71692,475.52446,183.28845,315.83385,24,0.42520,0.24349,0.66906,0.56795,0.42100,1.48979,926.50276
1994-01-18,0.29231,0.05509,0.01168,10.98790,420.93200,196.49765,307.31686,24,0.10367,0.33127,0.19992,0.08459,0.05573,2.22502,885.56950
1994-01-19,0.01353,0.01812,0.01169,11.81129,340.54296,204.07716,309.40127,24,0.04761,0.00496,0.05402,0.00000,0.04686,2.35889,724.90828
1994-01-20,0.04462,0.01252,0.00736,12.69415,316.34814,202.07034,318.83478,24,0.02606,0.01692,0.03424,0.00899,0.02345,2.30346,691.46763
1994-01-21,0.02965,0.02558,0.00674,12.63581,326.57310,203.50834,319.49647,24,0.07081,0.00487,0.01616,0.00179,0.01616,2.02440,669.61563
1994-01-22,0.08965,0.05006,0.00830,11.36353,410.78474,202.91679,314.58046,24,0.05959,0.03388,0.08434,0.04136,0.03052,2.60945,881.61881
1994-01-23,0.05436,0.04098,0.00457,11.48804,371.06879,207.28285,311.96979,24,0.11400,0.09920,0.06288,0.03789,0.01800,3.21183,800.12477
1994-01-24,0.03717,0.03934,0.00337,12.47496,377.28260,203.52812,319.34284,24,0.05040,0.04623,0.08637,0.03053,0.00900,2.95089,860.31919
1994-01-25,0.02866,0.02737,0.00909,12.95328,377.33556,208.23048,323.48033,24,0.03688,0.00315,0.02155,0.00905,0.01437,2.44228,894.70557
1994-01-26,0.04869,0.03222,0.01215,13.74207,329.62434,203.27836,332.17224,24,0.10084,0.03024,0.07992,0.00543,0.04211,2.35609,882.29090
1994-01-27,0.07570,0.04489,0.01218,14.86945,319.14708,204.07597,337.69445,24,0.11795,0.05568,0.05843,0.00361,0.03865,2.20753,912.34975
1994-01-28,0.20053,0.10334,0.02509,15.70060,338.67693,194.61227,349.02740,24,0.14113,0.16275,0.14563,0.06131,0.07002,1.89366,979.07215
1994-01-29,0.26036,0.20713,0.04952,16.67913,320.15398,177.20489,356.92505,24,0.35410,0.39001,0.27611,0.13162,0.09536,1.74337,923.10185
1994-01-30,0.37629,0.31862,0.09630,16.56595,360.55072,173.48538,357.50274,24,0.37219,0.32751,0.37787,0.20923,0.24093,1.25336,876.14640
1994-01-31,0.42324,0.57650,0.11038,16.28089,332.61236,142.23138,360.81760,24,0.53566,0.55376,0.70596,0.88628,0.28029,1.48510,700.90381
1994-02-01,0.52502,0.25887,0.07251,15.79751,368.79218,162.62146,358.85211,24,0.53589,0.49505,0.64186,0.35225,0.33325,1.29039,814.06589
1994-02-02,0.58193,0.37441,0.11677,14.92220,334.88366,123.98931,353.12106,24,0.65081,0.67760,0.10414,0.25646,0.02030,1.97275,646.23635
1994-02-03,0.41235,0.36215,0.14283,13.95493,411.59067,165.04245,339.62144,24,0.68068,0.65351,0.71550,0.55465,0.60136,1.49739,795.91760
1994-02-04,0.11938,0.10008,0.01127,13.39078,438.45867,208.66840,325.03078,24,0.10352,0.21189,0.25678,0.16639,0.06847,1.70695,1018.00822
1994-02-05,0.14441,0.06301,0.01210,13.56243,376.05321,209.77787,328.00398,24,0.09728,0.10680,0.07196,0.03428,0.01800,2.51859,957.88247
1994-02-06,0.08680,0.02957,0.00180,13.98356,324.34109,216.72632,329.32481,24,0.31010,0.07414,0.06462,0.01616,0.01083,2.69971,853.99152
1994-02-07,0.05822,0.04544,0.00631,14.75133,326.78225,219.69153,332.63037,24,0.08379,0.07674,0.06640,0.01257,0.01270,2.17049,846.60421
1994-02-08,0.27483,0.01907,0.00340,14.73013,341.72164,221.72813,342.78801,24,0.06012,0.05668,0.05763,0.00896,0.01804,2.24213,902.58299
1994-02-09,0.69129,0.36669,0.09929,15.19161,286.51616,83.63609,368.06590,24,0.79770,0.89040,0.02873,0.18294,0.00719,3.72463,493.59833
1994-02-10,0.34570,0.39811,0.11845,14.41104,457.35492,177.57113,347.15542,24,0.65737,0.48464,0.90947,0.63774,0.56193,1.74135,972.41467
1994-02-11,0.16089,0.16033,0.01830,12.39715,493.83106,209.04385,323.67904,24,0.24198,0.27316,0.37241,0.10984,0.08683,2.50051,1183.40084
1994-02-12,0.16935,0.06403,0.00608,12.43230,457.06180,211.05244,331.14371,24,0.10772,0.24612,0.14020,0.07289,0.03056,3.07314,1163.31876
1994-02-13,0.22858,0.08260,0.01396,13.31116,450.24549,188.17130,337.61392,24,0.29533,0.34455,0.10097,0.04686,0.02540,3.35187,1121.03054
1994-02-14,0.09531,0.04532,0.00426,12.54820,432.64759,223.78471,327.30138,24,0.07845,0.07773,0.11954,0.01447,0.02336,3.51592,1100.86607
1994-02-15,0.30887,0.06527,0.00136,13.63476,384.49232,209.01340,348.77891,24,0.15882,0.17570,0.06118,0.04775,0.00543,3.47507,941.54235
1994-02-16,0.23521,0.05652,0.00204,14.40095,407.78743,210.53173,349.86457,24,0.31689,0.16847,0.19199,0.08720,0.01268,2.67796,1075.59899
1994-02-17,0.12001,0.01576,0.00150,13.96768,401.27312,222.21150,343.43203,24,0.26707,0.10083,0.02177,0.00542,0.00545,2.81660,1100.83414
1994-02-18,0.15478,0.03014,0.00537,14.74001,427.70406,211.62749,350.48553,24,0.16273,0.24519,0.03583,0.01803,0.00895,2.94351,1093.95108
1994-02-19,0.06027,0.03202,0.00540,13.62942,458.34884,234.45369,334.63359,24,0.05451,0.15298,0.10160,0.01663,0.03402,2.43371,1257.80038
1994-02-20,0.06654,0.02011,0.00343,12.97917,412.21772,239.03308,337.54920,24,0.07594,0.03849,0.02889,0.01488,0.01460,3.01469,1065.72769
1994-02-21,0.26129,0.10132,0.01883,16.65548,431.44142,226.44890,368.19094,24,0.09301,0.16456,0.01073,0.01472,0.00179,2.83148,1020.93254
1994-02-22,0.42624,0.53676,0.14485,17.44677,395.78357,155.59965,376.20054,24,0.47844,0.56358,0.65208,0.83778,0.23442,1.94874,764.35188
1994-02-23,0.06082,0.11392,0.03735,12.84317,575.64760,236.97537,330.05336,24,0.24928,0.05290,0.46783,0.10720,0.23883,2.23805,1369.69004
1994-02-24,0.05800,0.02091,0.00015,10.60672,618.85219,248.48450,316.78097,24,0.03399,0.05118,0.04520,0.00000,0.00000,3.37424,1380.69804
1994-02-25,0.12868,0.03278,0.00195,10.94009,566.34703,238.07710,321.38862,24,0.07047,0.11803,0.03964,0.00180,0.00179,4.37833,1257.28928
1994-02-26,0.14971,0.03606,0.00150,12.23820,515.65225,231.76738,331.07374,24,0.08961,0.16756,0.06126,0.00900,0.01261,3.70182,1286.48276
1994-02-27,0.13351,0.03416,0.00339,14.03878,509.73695,233.12977,340.29891,24,0.10941,0.15058,0.03428,0.01988,0.00000,3.39937,1332.57446
1994-02-28,0.10252,0.03184,0.00688,15.72965,526.44352,233.69791,349.74597,24,0.10018,0.14666,0.04303,0.01429,0.00541,3.07831,1284.64208
1994-03-01,0.08216,0.03640,0.00528,15.24926,556.10673,235.65285,348.48478,24,0.07812,0.13339,0.06664,0.03075,0.03957,2.84753,1432.01126
1994-03-02,0.14949,0.04341,0.00749,14.13477,492.65681,248.62113,341.10191,24,0.03420,0.29223,0.13876,0.02802,0.03307,2.95652,1298.63932
1994-03-03,0.08028,0.03063,0.00487,13.67744,522.90872,251.06591,341.34874,24,0.05762,0.05582,0.08289,0.07286,0.03337,2.85817,1404.07616
1994-03-04,0.15271,0.03444,0.00108,15.42383,527.65272,240.17444,354.82885,24,0.11297,0.12874,0.02217,0.03910,0.00742,2.82092,1313.16749
1994-03-05,0.13002,0.06428,0.02520,17.50259,545.69555,237.55222,363.07711,24,0.13586,0.15192,0.04939,0.01654,0.00000,2.98943,1278.96998
1994-03-06,0.13956,0.13236,0.05520,17.81270,560.86723,246.25086,362.12995,24,0.16863,0.10589,0.20528,0.10459,0.11959,2.07443,1290.39475
1994-03-07,0.32605,0.11531,0.05613,16.53202,509.97100,252.21926,361.31010,24,0.35632,0.26425,0.46056,0.11701,0.32234,2.21669,1274.70685
1994-03-08,0.14625,0.03873,0.01876,13.67239,520.45850,258.67304,347.93800,24,0.40853,0.28982,0.17008,0.06350,0.13125,2.71760,1348.96570
1994-03-09,0.00624,0.00380,0.00031,12.16637,525.52803,271.84098,335.49360,24,0.02899,0.00127,0.00365,0.00000,0.00179,4.67922,1424.70403
1994-03-10,0.02225,0.00819,0.00123,12.65566,534.23842,273.35178,337.64596,24,0.00042,0.01090,0.00372,0.00374,0.00372,4.43839,1404.85794
1994-03-11,0.08926,0.07131,0.01653,14.55668,599.52783,261.49469,351.87527,24,0.07110,0.08063,0.09827,0.11389,0.03332,4.55175,1568.13766
1994-03-12,0.14812,0.07594,0.03008,16.25492,644.43242,258.49772,363.34824,24,0.17484,0.07897,0.23181,0.03170,0.12026,3.51506,1598.11914
1994-03-13,0.33072,0.24894,0.06936,18.69028,613.18427,237.62682,381.83022,24,0.35292,0.35854,0.29231,0.11013,0.08860,3.63994,1403.68380
1994-03-14,0.33475,0.33971,0.07342,20.49571,513.94667,224.84300,391.65023,24,0.56013,0.34188,0.69007,0.32977,0.36236,1.89769,1030.87157
1994-03-15,0.39896,0.44008,0.18465,20.88644,497.20118,201.64851,392.30098,24,0.49182,0.43957,0.66864,0.48307,0.26870,1.89555,993.89839
1994-03-16,0.28518,0.25814,0.11929,20.18450,543.69309,231.54138,388.02871,24,0.31700,0.22709,0.48637,0.24928,0.41843,2.24111,1050.04928
1994-03-17,0.30375,0.47781,0.19348,20.43369,589.88522,228.74061,391.50954,24,0.29777,0.34634,0.32567,0.39839,0.22276,2.43327,1159.11609
1994-03-18,0.28459,0.50518,0.20498,20.98242,564.87543,228.45154,395.63860,24,0.35033,0.29282,0.73374,0.44838,0.46179,2.24775,1155.39993
1994-03-19,0.36009,0.55027,0.20476,21.57528,560.23602,219.25743,401.09273,24,0.58060,0.38609,0.82037,0.54557,0.63269,2.02683,1090.29359
1994-03-20,0.39176,0.59534,0.20882,21.91969,581.97539,217.87807,404.47366,24,0.53023,0.40437,0.78036,0.47530,0.53863,1.97277,1039.98142
1994-03-21,0.33040,0.45856,0.16186,21.36683,715.94065,230.20321,399.68361,24,0.59217,0.35514,0.87997,0.37120,0.43948,1.95753,1228.61697
1994-03-22,0.28620,0.46344,0.14848,20.20827,706.43214,253.25371,391.68651,24,0.51725,0.34070,0.70749,0.30764,0.34181,2.68896,1317.49847
1994-03-23,0.25756,0.45656,0.15583,18.97208,693.10727,247.10677,389.51510,24,0.44551,0.27043,0.73588,0.34692,0.46113,3.15632,1362.67202
1994-03-24,0.31913,0.54337,0.13532,19.90802,654.85967,238.43812,393.22548,24,0.50437,0.31410,0.81772,0.47637,0.50078,2.58767,1296.51902
1994-03-25,0.45754,0.72151,0.19681,20.51142,660.18247,205.83223,398.82249,24,0.54525,0.54125,0.85345,0.69871,0.37589,2.46692,1129.92336
1994-03-26,0.61759,0.77841,0.29184,20.39092,627.47543,185.71378,403.71966,24,0.62338,0.57822,0.92523,0.62765,0.31407,2.52739,1003.75021
1994-03-27,0.68363,0.89708,0.35368,20.04824,554.47928,161.86861,407.17137,24,0.63728,0.72767,0.93955,0.84389,0.45474,1.88227,848.95314
1994-03-28,0.61937,0.79513,0.24197,20.41164,505.74545,167.94788,404.16166,24,0.85822,0.71992,0.95091,0.83126,0.52853,1.58252,761.24405
1994-03-29,0.59370,0.78465,0.15926,20.86605,444.44254,164.61673,405.22901,24,0.62561,0.73929,0.87796,0.83437,0.48377,1.97951,738.53642
1994-03-30,0.64244,0.75174,0.27979,21.32091,421.27134,168.16462,411.13760,24,0.71158,0.75818,0.78240,0.76608,0.43587,1.75182,710.34648
1994-03-31,0.79326,0.81213,0.29823,22.65839,461.14597,168.68078,417.33661,24,0.81164,0.78357,0.91405,0.82953,0.55689,1.69702,738.87049
1994-10-01,0.62383,0.66820,0.14378,23.86081,361.04410,176.39353,418.37376,24,0.69515,0.65314,0.66710,0.71102,0.24087,1.74984,795.29945
1994-10-02,0.68940,0.79462,0.21385,23.84955,400.68593,180.09421,417.96000,24,0.48555,0.68342,0.75296,0.82236,0.34902,1.47083,808.62256
1994-10-03,0.76189,0.93571,0.28609,23.89554,384.28893,170.97738,419.82169,24,0.55945,0.59605,0.95681,0.97994,0.51445,1.54460,735.42628
1994-10-04,0.84589,0.94014,0.34550,23.54395,360.35720,153.97643,420.39760,24,0.95128,0.77600,0.96715,0.96535,0.60971,1.39078,651.04757
1994-10-05,0.88378,0.92275,0.30074,23.31308,320.94214,124.49186,421.98889,24,0.92262,0.84123,0.99640,0.99821,0.60416,1.31230,578.92782
1994-10-06,0.89588,0.87327,0.29107,23.57299,306.55054,122.58460,421.21518,24,0.97406,0.91532,0.87032,0.94097,0.61337,1.18363,623.47758
1994-10-07,0.87661,0.94929,0.29595,23.21143,318.79978,138.54156,420.38254,24,0.78533,0.85583,0.96672,0.96845,0.65836,0.88399,599.10081
1994-10-08,0.93983,0.98378,0.39289,23.77598,318.89260,124.44434,423.62123,24,0.96125,0.95632,0.99814,0.98516,0.54120,1.31090,565.20762
1994-10-09,0.93094,0.98284,0.52508,24.11535,377.39813,116.38699,424.37451,24,0.98758,0.97567,0.98749,0.99642,0.73274,0.97649,576.79752
1994-10-10,0.75051,0.84888,0.38389,23.71929,351.46206,139.06574,419.68961,24,0.89364,0.86332,0.98189,0.95601,0.68916,1.17796,656.06075
1994-10-11,0.50524,0.53132,0.17913,23.25440,367.62007,191.23460,404.16891,24,0.72323,0.60776,0.75855,0.69550,0.52784,0.93528,899.10130
1994-10-12,0.25211,0.39592,0.06773,22.83468,382.22494,209.37507,395.87959,24,0.35044,0.26071,0.54314,0.51170,0.26214,1.48636,882.51405
1994-10-13,0.21743,0.27470,0.05552,22.48135,373.75840,217.62862,389.78029,24,0.34073,0.26320,0.38488,0.38737,0.19786,1.94043,857.29845
1994-10-14,0.16864,0.18780,0.04213,22.19204,384.40610,222.58742,386.64309,24,0.21796,0.26893,0.30298,0.22789,0.17769,2.10861,912.79743
1994-10-15,0.12048,0.23463,0.04126,22.20231,372.01011,220.75873,388.56145,24,0.14804,0.15918,0.30541,0.21572,0.14389,2.10369,896.01785
1994-10-16,0.18370,0.21044,0.04640,21.54079,428.19862,228.22829,383.97390,24,0.21470,0.15246,0.39036,0.34232,0.18917,2.43857,909.30107
1994-10-17,0.45964,0.30643,0.06321,21.12441,348.80819,214.26534,383.93298,24,0.32232,0.38028,0.36378,0.33982,0.18511,2.30424,834.85206
1994-10-18,0.48566,0.37424,0.08925,21.65207,309.57308,201.41620,392.06181,24,0.57609,0.52166,0.42711,0.41671,0.19146,1.87499,821.34499
1994-10-19,0.46319,0.32877,0.07279,22.07291,328.31881,205.84910,393.77361,24,0.51295,0.42782,0.50730,0.46742,0.26993,1.88390,823.22884
1994-10-20,0.38191,0.25792,0.07562,21.90216,332.44628,213.87265,389.99699,24,0.55704,0.31204,0.40024,0.33366,0.20182,1.75788,827.03806
1994-10-21,0.31504,0.41210,0.12454,21.45943,328.32409,193.27574,391.57873,24,0.38300,0.35601,0.43265,0.35391,0.20793,2.07660,765.15224
1994-10-22,0.47212,0.57572,0.15629,21.60187,334.01335,173.18931,397.37002,24,0.45017,0.46401,0.68912,0.69820,0.41060,1.58593,814.08933
1994-10-23,0.43561,0.58259,0.19801,21.49493,329.12802,164.97595,398.13208,24,0.63930,0.44383,0.65075,0.68192,0.43361,1.55127,812.80871
1994-10-24,0.27952,0.60749,0.16171,21.38251,319.68760,189.40246,395.10156,24,0.35195,0.27020,0.66224,0.74400,0.41042,1.52262,814.85088
1994-10-25,0.22151,0.48452,0.09843,21.05589,332.15259,189.27300,394.58930,24,0.33924,0.26102,0.68741,0.73947,0.47251,1.34885,862.50380
1994-10-26,0.17208,0.39332,0.08329,20.79778,351.84193,193.20888,391.07322,24,0.32386,0.12491,0.64198,0.72797,0.32618,1.64296,903.26445
1994-10-27,0.17115,0.20640,0.05195,20.64303,380.65590,200.41474,384.68324,24,0.29650,0.15162,0.47399,0.32601,0.26119,1.85380,993.84013
1994-10-28,0.16911,0.19932,0.02871,20.64599,399.90554,201.56585,382.16452,24,0.21451,0.23747,0.33879,0.32878,0.13108,2.15312,993.55334
1994-10-29,0.20082,0.25622,0.03653,20.95293,410.00417,196.38960,385.99695,24,0.18664,0.22778,0.26640,0.21735,0.08681,2.22921,996.73148
1994-10-30,0.20157,0.32680,0.05361,21.08901,394.18369,194.54226,385.76526,24,0.19087,0.22758,0.45702,0.49227,0.16832,1.98585,937.45942
1994-10-31,0.51046,0.20924,0.03808,21.13435,375.16318,195.93642,386.09864,24,0.34129,0.51794,0.43003,0.20760,0.17460,2.01793,948.43537
1994-11-01,0.61012,0.19367,0.04284,21.14538,370.77577,184.46110,389.60766,24,0.78740,0.60102,0.28220,0.24455,0.14759,2.08023,908.65038
1994-11-02,0.79551,0.27175,0.03789,21.46480,338.93592,158.06631,396.86666,24,0.85730,0.74013,0.44084,0.32365,0.18108,2.18618,769.32322
1994-11-03,0.60420,0.22064,0.04496,20.77717,333.07463,149.13919,388.58645,24,0.92487,0.79497,0.26798,0.25615,0.11267,2.25846,733.70218
1994-11-04,0.18067,0.19883,0.04921,20.19135,377.24182,195.85786,378.06214,24,0.55104,0.18739,0.30114,0.22148,0.18246,2.09250,887.35558
1994-11-05,0.40276,0.10206,0.02552,19.82845,391.81622,205.39290,373.12044,24,0.18021,0.17226,0.28979,0.10534,0.17302,2.18802,945.91406
1994-11-06,0.53066,0.15646,0.05516,19.59176,377.06563,188.79656,379.70901,24,0.73776,0.36529,0.14767,0.17058,0.05673,2.54231,927.05716
1994-11-07,0.43761,0.14006,0.03657,19.68944,377.43028,186.75632,381.09689,24,0.60451,0.42456,0.25170,0.17780,0.14220,2.45673,978.41875
1994-11-08,0.66098,0.21924,0.08283,20.14091,340.58969,174.11196,385.95291,24,0.56344,0.54201,0.22080,0.24419,0.12094,3.06468,890.18082
1994-11-09,0.63468,0.24378,0.06854,20.66337,324.36644,186.61127,387.29882,24,0.75547,0.45658,0.36526,0.30124,0.25558,2.30227,866.93163
1994-11-10,0.64791,0.21648,0.04941,20.72177,290.69015,146.59957,389.00498,24,0.85627,0.79239,0.31441,0.15505,0.15843,1.67777,734.65515
1994-11-11,0.23436,0.38873,0.09938,20.01481,342.07108,183.87504,378.63528,24,0.50546,0.17846,0.49239,0.40577,0.27699,1.64327,901.57164
1994-11-12,0.21987,0.44425,0.09566,19.15945,353.38347,178.42325,375.13301,24,0.33217,0.24206,0.59625,0.67616,0.41917,1.91280,897.02989
1994-11-13,0.16459,0.25344,0.06061,19.00667,377.74784,183.58198,369.75629,24,0.30634,0.22099,0.41807,0.30051,0.19526,1.71955,976.72219
1994-11-14,0.12432,0.12172,0.03641,18.05249,407.05711,189.64579,363.07029,24,0.26430,0.15363,0.42492,0.12333,0.19670,1.86124,1020.41504
1994-11-15,0.10072,0.03485,0.01582,17.31972,412.30232,193.57305,354.02691,24,0.10745,0.16059,0.16288,0.03888,0.09995,2.35136,1011.11894
1994-11-16,0.07449,0.03047,0.02141,17.03196,405.71532,198.19405,349.03213,24,0.08525,0.04180,0.06974,0.00000,0.06242,2.62940,976.44054
1994-11-17,0.10692,0.05307,0.03594,16.82141,415.29943,195.34200,353.48565,24,0.15117,0.04930,0.14476,0.01094,0.12664,2.73269,1034.62874
1994-11-18,0.13839,0.08708,0.03710,16.96054,430.64932,188.69640,355.55457,24,0.28620,0.12557,0.18152,0.05082,0.14269,2.37937,1009.51089
1994-11-19,0.05102,0.04291,0.02390,16.38617,455.51724,191.92211,345.72476,24,0.14059,0.08333,0.17954,0.03658,0.13575,3.01661,1099.77119
1994-11-20,0.08240,0.05214,0.03690,16.34184,399.65264,197.65967,344.08279,24,0.08574,0.01759,0.10171,0.01664,0.07743,3.44436,1032.87636
1994-11-21,0.18920,0.04887,0.03784,16.16110,395.64192,192.39685,348.14316,24,0.30896,0.10323,0.17318,0.00000,0.14530,2.71470,1080.92877
1994-11-22,0.27288,0.02279,0.01799,16.80141,365.74306,189.50495,358.15042,24,0.24317,0.13985,0.11775,0.00000,0.11222,2.69846,1012.11528
1994-11-23,0.80495,0.00651,0.00353,17.34906,257.13111,113.09817,380.30307,24,0.65796,0.80494,0.04248,0.00365,0.03320,2.94988,566.43125
1994-11-24,0.90935,0.07367,0.00572,17.05982,300.91906,84.96298,381.54861,24,0.92863,0.98648,0.00935,0.01301,0.00000,2.79627,606.43021
1994-11-25,0.43182,0.24827,0.10943,16.79592,378.51004,133.83153,363.61468,24,0.75020,0.61155,0.14663,0.27694,0.03118,1.85850,792.48028
1994-11-26,0.21366,0.23871,0.06350,16.57159,388.70561,174.93383,355.47132,24,0.29886,0.23916,0.39157,0.33026,0.25200,1.79508,934.13904
1994-11-27,0.21851,0.16453,0.03414,16.14215,405.82220,173.44770,354.52169,24,0.33962,0.30112,0.27655,0.08227,0.10276,2.02134,1113.83904
1994-11-28,0.16538,0.18392,0.03854,16.05288,413.86211,169.46332,352.74644,24,0.21980,0.22803,0.33097,0.16141,0.16044,2.18807,1164.41758
1994-11-29,0.25003,0.18096,0.04096,16.00097,428.30310,164.80535,353.86887,24,0.25104,0.25455,0.25977,0.19923,0.10624,2.54750,1148.76210
1994-11-30,0.22344,0.16346,0.03950,16.27425,388.22557,162.34057,353.48697,24,0.28304,0.23380,0.23446,0.23618,0.13609,1.96441,963.62012
1994-12-01,0.12434,0.08237,0.02748,16.09424,361.77794,172.45343,345.33805,24,0.22894,0.14047,0.33145,0.11939,0.14908,1.89435,925.72871
1994-12-02,0.04379,0.01554,0.01052,14.85309,416.54418,185.08902,333.74003,24,0.04939,0.03604,0.07197,0.00000,0.05515,2.50088,1004.11999
1994-12-03,0.03809,0.03022,0.01686,14.71060,399.05946,186.10792,334.09935,24,0.05394,0.01456,0.06231,0.00716,0.05867,2.57132,976.68426
1994-12-04,0.05530,0.03456,0.01714,14.71129,397.67405,183.49402,337.07103,24,0.08076,0.03540,0.08642,0.00550,0.06246,2.64682,998.93334
1994-12-05,0.04721,0.02662,0.01543,14.55886,436.72386,182.17132,335.60102,24,0.10966,0.05531,0.10840,0.00920,0.08446,3.03239,1004.82271
1994-12-06,0.02158,0.02325,0.01828,14.64201,389.99781,186.14815,331.31217,24,0.07408,0.00155,0.07683,0.00923,0.07683,2.69568,878.62365
1994-12-07,0.02665,0.03811,0.01923,14.46094,344.32465,185.79569,331.10594,24,0.07283,0.00653,0.06428,0.02409,0.04932,3.09452,847.41367
1994-12-08,0.06601,0.04909,0.01756,14.17730,426.25097,180.77614,336.05386,24,0.11823,0.05728,0.12324,0.03488,0.08463,2.60367,1133.22354
1994-12-09,0.15621,0.07744,0.01574,14.86015,416.57111,168.59396,343.65371,24,0.15932,0.16498,0.10032,0.03419,0.05320,2.89704,1145.93463
1994-12-10,0.17497,0.14708,0.03841,15.49573,401.18693,166.47602,345.93736,24,0.26045,0.15863,0.20996,0.08632,0.07880,2.47537,1055.42160
1994-12-11,0.23158,0.12084,0.02860,15.40195,415.92650,172.40315,346.18105,24,0.17458,0.14162,0.25009,0.13647,0.14025,2.25086,1137.10527
1994-12-12,0.10752,0.09408,0.03026,12.46721,444.09691,174.61415,324.63099,24,0.31985,0.09672,0.12065,0.11803,0.07341,3.11656,1033.75948
1994-12-13,0.04505,0.05761,0.02097,10.96022,414.25154,186.11434,308.84851,24,0.09805,0.03162,0.13745,0.03973,0.07627,3.37239,902.50201
1994-12-14,0.03514,0.03343,0.01306,11.65027,390.18218,184.13661,314.14860,24,0.13163,0.01606,0.08704,0.01626,0.05289,3.59487,900.12276
1994-12-15,0.05285,0.05572,0.02106,12.42184,366.05197,182.92279,320.27669,24,0.08591,0.01985,0.04560,0.00902,0.03485,3.01880,884.89746
1994-12-16,0.15672,0.07464,0.01585,12.72440,343.16958,177.83108,322.60531,24,0.10156,0.06974,0.15969,0.03958,0.08220,2.92679,852.93141
1994-12-17,0.11623,0.03079,0.01224,13.05180,350.09989,181.05973,319.83048,24,0.10566,0.17702,0.06301,0.01440,0.02170,2.22582,871.07777
1994-12-18,0.03349,0.03551,0.02225,12.47045,343.72013,183.20622,320.06218,24,0.08438,0.01248,0.10077,0.00724,0.09182,2.43210,902.54025
1994-12-19,0.04005,0.01989,0.01072,12.21603,392.41991,179.61055,321.94154,24,0.06255,0.03896,0.07826,0.00545,0.05480,2.95861,968.49774
1994-12-20,0.03297,0.01936,0.01097,11.82891,420.67826,182.59751,317.23701,24,0.08143,0.03512,0.03983,0.00000,0.02895,3.55670,1003.15579
1994-12-21,0.03293,0.02690,0.01622,11.89705,426.69863,183.51280,318.25159,24,0.09647,0.01920,0.08616,0.00367,0.07174,3.67958,998.36438
1994-12-22,0.03841,0.02520,0.01662,12.06821,417.60544,182.63791,320.30943,24,0.08474,0.03153,0.08412,0.00000,0.06789,3.21541,976.63084
1994-12-23,0.04753,0.02653,0.01654,12.23933,433.72536,181.93876,321.05916,24,0.08574,0.02834,0.06946,0.00731,0.04959,2.85011,1031.86089
1994-12-24,0.03603,0.01921,0.01619,12.08625,390.21684,183.72236,318.55375,24,0.08664,0.00860,0.06611,0.00736,0.06611,2.81938,985.90412
1994-12-25,0.44160,0.01865,0.00961,12.45444,381.02922,184.63070,320.85728,24,0.10106,0.14409,0.04964,0.00365,0.04779,2.97889,996.17621
1994-12-26,0.83933,0.00530,0.00129,12.03359,359.53522,180.25100,322.21718,24,0.89911,0.76974,0.01828,0.00181,0.00914,3.50724,903.22641
1994-12-27,0.75996,0.00387,0.00252,12.74178,308.65266,176.79506,327.20375,24,0.85459,0.72757,0.00539,0.00180,0.00000,3.09483,853.83102
1994-12-28,0.77895,0.01933,0.00919,13.42937,308.04774,173.89736,333.64106,24,0.87559,0.60207,0.02204,0.00000,0.02204,2.47266,867.42599
1994-12-29,0.57008,0.07881,0.01668,13.59982,324.03593,170.56848,330.13652,24,0.87419,0.70427,0.10154,0.03419,0.04751,2.38638,901.38551
1994-12-30,0.16334,0.11737,0.02353,12.95496,389.81659,177.96739,327.05902,24,0.45133,0.12600,0.22605,0.14904,0.06557,2.10457,1063.61693
1994-12-31,0.13624,0.05685,0.00587,11.93821,437.56161,174.95560,323.55023,24,0.15604,0.14754,0.15795,0.07720,0.04404,2.63689,1175.00282
1995-01-01,0.12866,0.08069,0.01258,11.16237,385.51634,172.39355,320.81274,24,0.21653,0.15038,0.09204,0.07728,0.02335,3.05398,921.27242
1995-01-02,0.09858,0.06720,0.00720,9.74152,436.16275,181.41753,308.04110,24,0.07730,0.06975,0.15994,0.07441,0.04319,2.71728,1032.92890
1995-01-03,0.11120,0.01649,0.00248,9.09041,420.42783,187.69863,300.95290,24,0.14249,0.13648,0.05256,0.00537,0.01442,3.07531,1035.06167
1995-01-04,0.05815,0.00586,0.00144,9.55614,360.36175,193.13613,300.76022,24,0.04509,0.06644,0.01262,0.00000,0.00363,3.42525,875.38259
1995-01-05,0.13281,0.01101,0.00756,10.93231,310.23708,192.41737,310.12388,24,0.03741,0.00097,0.02726,0.00000,0.02010,2.95656,790.00501
1995-01-06,0.69841,0.00452,0.00212,12.13396,274.00189,174.22512,333.61421,24,0.57953,0.54620,0.01470,0.00000,0.01470,3.16419,689.39355
1995-01-07,0.33184,0.00442,0.00015,12.50318,276.63120,182.74347,330.06286,24,0.37046,0.23517,0.00714,0.00541,0.00179,2.78076,701.92931
1995-01-08,0.76280,0.00112,0.00000,13.49709,260.79609,164.15357,357.54298,24,0.60362,0.52579,0.00180,0.00000,0.00000,3.34512,626.50723
1995-01-09,0.62386,0.03796,0.01109,14.69430,260.54130,104.66688,361.41606,24,0.94577,0.77353,0.01262,0.01442,0.00000,3.63512,464.87511
1995-01-10,0.15149,0.08357,0.01265,14.69050,357.35203,168.66330,342.00418,24,0.34463,0.13761,0.07577,0.02874,0.02513,1.53811,782.13546
1995-01-11,0.32175,0.09077,0.02234,14.64772,404.70476,182.03396,340.04152,24,0.10184,0.17737,0.18742,0.08627,0.05931,1.86702,927.24853
1995-01-12,0.62710,0.05321,0.01182,14.15616,376.13992,127.69377,352.89645,24,0.69710,0.67612,0.07214,0.03259,0.03804,2.78005,713.84467
1995-01-13,0.16838,0.14167,0.02447,12.14943,449.42679,168.02203,322.94103,24,0.35546,0.27684,0.14464,0.13708,0.04728,2.48726,844.03957
1995-01-14,0.04114,0.07069,0.02717,10.91682,401.54336,196.85440,305.83091,24,0.10880,0.05386,0.19919,0.11014,0.09428,2.97768,845.68122
1995-01-15,0.00966,0.01138,0.01093,12.71521,323.50640,201.04128,312.61464,24,0.03260,0.00173,0.06937,0.00000,0.06758,2.15600,756.53746
1995-01-16,0.18757,0.00814,0.00806,13.21432,263.58770,200.03048,325.08974,24,0.03431,0.02016,0.05164,0.00000,0.05164,2.50060,722.19903
1995-01-17,0.77295,0.00302,0.00114,14.15608,279.78180,139.29680,358.85149,24,0.85418,0.64974,0.00918,0.00000,0.00738,3.35470,543.26105
1995-01-18,0.42615,0.04906,0.02119,13.43144,345.93562,138.02087,342.12004,24,0.67990,0.57047,0.01263,0.02343,0.00542,2.26951,620.13003
1995-01-19,0.10268,0.06465,0.01853,12.08534,429.33606,195.34504,319.10163,24,0.28161,0.11337,0.13482,0.05393,0.09723,2.50624,868.81818
1995-01-20,0.06211,0.07876,0.01071,11.19523,429.95306,198.04205,315.17536,24,0.08269,0.07830,0.12586,0.12263,0.04684,2.66222,1067.57079
1995-01-21,0.05920,0.05515,0.00798,11.03057,458.27587,199.33686,315.24709,24,0.06877,0.06539,0.11167,0.05920,0.02520,2.48634,1163.15875
1995-01-22,0.06603,0.06927,0.01522,9.61129,533.84684,200.13306,308.56601,24,0.05644,0.08276,0.11386,0.06323,0.04567,2.62377,1347.63444
1995-01-23,0.07055,0.04197,0.01082,8.06473,499.44276,201.33831,303.73484,24,0.08342,0.07669,0.09343,0.01613,0.04854,3.55283,1180.42550
1995-01-24,0.06289,0.02678,0.00482,8.14185,537.53679,205.55068,301.64697,24,0.09510,0.07279,0.05774,0.00179,0.02541,4.04438,1177.89589
1995-01-25,0.04897,0.02830,0.00420,8.00748,478.54405,207.28725,300.97254,24,0.03592,0.05341,0.04499,0.00000,0.00900,3.67131,1115.13430
1995-01-26,0.19260,0.01500,0.00360,9.32904,521.00378,208.22453,304.35697,24,0.11829,0.32316,0.04319,0.00000,0.01799,3.46655,1211.61177
1995-01-27,0.00581,0.00449,0.00224,9.94415,464.67538,214.57934,306.30707,24,0.02116,0.00240,0.02338,0.00000,0.01257,3.52448,1098.15700
1995-01-28,0.02789,0.00571,0.00135,10.29722,405.15408,214.87967,308.93382,24,0.01175,0.00450,0.00179,0.00000,0.00179,3.66744,1012.22381
1995-01-29,0.12250,0.02085,0.00254,10.70700,381.36020,213.49066,313.54410,24,0.15958,0.02593,0.03235,0.00360,0.01616,3.37108,1015.00965
1995-01-30,0.10559,0.02664,0.00195,10.84094,414.98287,208.06705,316.81705,24,0.16902,0.07424,0.03950,0.00900,0.00538,3.07805,1121.36440
1995-01-31,0.75831,0.01482,0.00082,10.19254,464.35561,206.64366,317.53133,24,0.37476,0.66690,0.02873,0.00357,0.00179,2.94776,1213.37199
1995-02-01,0.37827,0.01056,0.00105,10.20171,419.00625,215.31001,315.57396,24,0.55738,0.09760,0.01258,0.00000,0.00000,4.20330,1121.18096
1995-02-02,0.30452,0.02843,0.00596,11.56328,401.55152,197.91266,324.88931,24,0.59344,0.45939,0.03070,0.00721,0.01091,3.88198,1093.28204
1995-02-03,0.27104,0.04933,0.01663,11.86154,407.05505,213.47385,320.95783,24,0.10780,0.07671,0.11735,0.00739,0.06474,2.77656,1138.25096
1995-02-04,0.23992,0.02861,0.00974,12.30270,368.23835,216.80348,325.42563,24,0.37123,0.26069,0.08712,0.01480,0.03850,2.67452,1009.30344
1995-02-05,0.45596,0.04443,0.00739,13.40419,316.47829,170.28723,344.82739,24,0.37090,0.44706,0.00899,0.01442,0.00000,3.21855,787.49228
1995-02-06,0.25521,0.13022,0.03279,13.97061,386.11457,192.41946,341.13951,24,0.43357,0.32197,0.28950,0.13640,0.12508,1.97963,939.24950
1995-02-07,0.12797,0.06570,0.01099,11.98911,515.45331,219.46696,323.04908,24,0.10361,0.10356,0.21110,0.02509,0.07594,2.01534,1353.04523
1995-02-08,0.08957,0.05127,0.00449,11.77173,464.60060,218.73315,325.28035,24,0.10938,0.05614,0.06462,0.01256,0.01074,3.15387,1173.00006
1995-02-09,0.26628,0.06051,0.00857,13.58143,470.73275,198.19610,343.94223,24,0.08800,0.20345,0.13332,0.07934,0.04023,2.77975,1274.62985
1995-02-10,0.24860,0.11770,0.02359,15.36275,426.71995,201.29198,351.67661,24,0.12901,0.17854,0.10880,0.16194,0.05143,2.22710,1210.88981
1995-02-11,0.32195,0.27851,0.06216,16.61771,388.51772,181.03001,364.81894,24,0.40136,0.30275,0.34275,0.26456,0.19998,1.99815,1031.76604
1995-02-12,0.25947,0.41035,0.14982,17.52717,364.65582,187.49449,362.61286,24,0.34989,0.35446,0.51069,0.43438,0.23857,1.52746,941.86164
1995-02-13,0.22171,0.34254,0.13623,18.19073,380.71503,199.31898,367.92888,24,0.41507,0.23701,0.60767,0.33960,0.45229,1.20043,864.82301
1995-02-14,0.18915,0.17175,0.05529,18.64954,350.90702,202.79992,368.31296,24,0.16346,0.17634,0.45853,0.20821,0.26121,1.02798,838.88444
1995-02-15,0.43182,0.30339,0.12740,18.09530,374.09730,183.65484,371.26233,24,0.21923,0.39647,0.13578,0.27537,0.04191,1.27828,793.25030
1995-02-16,0.31421,0.35448,0.13248,14.95653,429.86345,154.50885,351.78840,24,0.60162,0.49497,0.65625,0.69363,0.40363,1.71474,853.35024
1995-02-17,0.10280,0.11240,0.03616,12.41490,511.46154,220.21700,330.09648,24,0.16425,0.14025,0.32220,0.10036,0.19717,2.09317,1345.29547
1995-02-18,0.37371,0.28180,0.07074,14.11193,490.01441,216.14212,350.58541,24,0.07151,0.17454,0.10975,0.10214,0.03620,2.55681,1212.85534
1995-02-19,0.34232,0.47489,0.12294,16.42096,376.10662,183.72592,359.21649,24,0.58811,0.41085,0.68407,0.62185,0.37667,1.97119,852.38926
1995-02-20,0.20405,0.23649,0.09950,15.79893,402.62250,209.88854,351.25710,24,0.37768,0.19364,0.64638,0.19897,0.40850,1.24234,1014.22642
1995-02-21,0.16510,0.21002,0.08538,15.73179,439.38808,214.89775,350.36116,24,0.27249,0.20997,0.42259,0.23213,0.29871,1.76717,1195.52162
1995-02-22,0.23844,0.24869,0.06640,15.47920,407.94043,203.99313,356.35432,24,0.31132,0.34447,0.49928,0.32056,0.32680,1.81822,1044.04213
1995-02-23,0.57221,0.56039,0.17838,16.83345,401.76817,167.09429,373.87044,24,0.47857,0.59926,0.39455,0.48598,0.19878,2.16859,780.00385
1995-02-24,0.34469,0.42459,0.14871,15.52223,466.95783,186.99684,354.78644,24,0.73323,0.44926,0.85307,0.64218,0.52246,1.47544,995.69875
1995-02-25,0.06034,0.08343,0.02568,11.73735,510.19267,244.95736,321.50511,24,0.15107,0.05549,0.34020,0.05910,0.15589,2.80694,1208.30362
1995-02-26,0.09075,0.03585,0.00266,12.03214,494.90401,243.45148,327.33811,24,0.06341,0.06442,0.04410,0.02609,0.00000,3.10047,1254.01361
1995-02-27,0.54787,0.07404,0.01393,13.75508,425.50371,186.57057,354.22745,24,0.76649,0.69011,0.04987,0.05197,0.00185,3.00175,990.47146
1995-02-28,0.34400,0.37463,0.05039,16.48038,432.26874,201.83784,362.99267,24,0.49920,0.43978,0.26111,0.39633,0.10590,2.65158,1008.87216
1995-03-01,0.23920,0.38787,0.09625,17.68023,422.97959,207.58610,363.11537,24,0.34978,0.31793,0.75634,0.65602,0.30642,1.42879,1049.82161
1995-03-02,0.12629,0.16824,0.07299,16.16863,434.86690,234.03273,351.18794,24,0.28896,0.17594,0.50735,0.24302,0.37245,1.48559,1092.62055
1995-03-03,0.05005,0.02715,0.00866,14.51983,475.88067,251.68328,347.42502,24,0.02882,0.05282,0.03227,0.00894,0.01438,3.02446,1188.67047
1995-03-04,0.04518,0.03638,0.01167,14.20562,499.59154,248.84875,349.32141,24,0.08084,0.06328,0.07840,0.04656,0.04909,3.26448,1318.67051
1995-03-05,0.04171,0.01635,0.00837,13.04792,454.28567,258.09254,343.68745,24,0.03439,0.01570,0.04989,0.02808,0.04449,4.07221,1179.74841
1995-03-06,0.09024,0.00458,0.00214,14.30231,418.48641,257.24898,354.09907,24,0.03786,0.01861,0.02208,0.00186,0.01487,3.76849,1023.86668
1995-03-07,0.37495,0.01716,0.00068,15.68024,512.12491,227.93303,367.74963,24,0.24580,0.40741,0.01663,0.05946,0.00735,4.29422,1081.69668
1995-03-08,0.24249,0.02067,0.00997,15.74096,562.74382,244.71213,360.18901,24,0.32341,0.33292,0.03040,0.00179,0.01787,3.48345,1111.32771
1995-03-09,0.35052,0.00623,0.00458,15.04073,562.23332,238.90006,366.54612,24,0.21656,0.26984,0.04326,0.01083,0.03968,2.83656,1200.07543
1995-03-10,0.43873,0.00022,0.00000,14.51653,532.26070,231.29046,364.57520,24,0.23000,0.30941,0.00000,0.00000,0.00000,4.30785,1131.20005
1995-03-11,0.53912,0.03347,0.00097,15.64286,434.38260,195.31955,369.61221,24,0.51846,0.62580,0.00000,0.00181,0.00000,4.15504,982.77540
1995-03-12,0.24483,0.05175,0.00224,14.81353,596.92340,249.09949,356.47395,24,0.22764,0.33215,0.15303,0.02338,0.00179,2.76321,1369.07846
1995-03-13,0.25134,0.01482,0.00015,10.98102,558.36214,273.42197,330.74541,24,0.38687,0.21121,0.05010,0.00000,0.00000,4.87206,1365.74781
1995-03-14,0.18741,0.00430,0.00276,11.66296,525.03208,277.65088,335.15013,24,0.53616,0.07944,0.00179,0.00374,0.00179,5.53044,1324.33094
1995-03-15,0.04619,0.02315,0.01065,12.77217,541.67210,275.78372,343.62998,24,0.09111,0.05544,0.03878,0.02991,0.02032,4.38750,1389.35522
1995-03-16,0.23534,0.02500,0.01174,14.27451,567.29070,273.34010,357.76677,24,0.05788,0.10759,0.10391,0.02619,0.06483,4.06365,1507.50652
1995-03-17,0.41459,0.00791,0.00202,16.43844,577.26075,261.54383,372.85407,24,0.20735,0.49466,0.01112,0.02618,0.00933,3.67266,1474.83748
1995-03-18,0.50532,0.00144,0.00039,16.36696,636.80584,262.10081,368.28566,24,0.44050,0.48191,0.00536,0.00000,0.00000,3.64780,1703.54176
1995-03-19,0.42439,0.00074,0.00000,16.36776,613.37687,267.95390,368.02348,24,0.88441,0.48302,0.00000,0.00000,0.00000,4.25059,1701.11576
1995-03-20,0.26511,0.01646,0.01416,16.32467,656.50457,273.39101,370.93160,24,0.22804,0.32613,0.00179,0.00000,0.00000,4.08214,1830.39082
1995-03-21,0.29992,0.00535,0.00077,17.34593,667.29402,268.20892,377.71977,24,0.18850,0.33598,0.03713,0.00375,0.01300,3.64195,1770.04141
1995-03-22,0.05822,0.00052,0.00000,17.24401,624.36327,274.97837,376.16319,24,0.09275,0.05835,0.00179,0.00000,0.00000,4.08055,1787.93421
1995-03-23,0.12327,0.00061,0.00023,16.79677,627.28705,278.13115,372.49901,24,0.02467,0.13868,0.00179,0.00187,0.00000,3.70033,1759.51311
1995-03-24,0.13758,0.00674,0.00358,18.19388,684.86053,270.86489,384.26330,24,0.12651,0.07278,0.00732,0.00561,0.00375,4.75012,1844.17344
1995-03-25,0.22236,0.07213,0.04275,19.72473,625.99665,249.42139,394.74407,24,0.14639,0.19158,0.13047,0.07435,0.08211,3.92565,1510.32659
1995-03-26,0.66779,0.11763,0.02612,19.86608,641.99008,250.54771,395.55918,24,0.35371,0.51530,0.17807,0.11172,0.15759,2.69687,1407.72180
1995-03-27,0.65296,0.13466,0.01606,19.42716,598.96360,218.18191,393.32661,24,0.81128,0.79092,0.29988,0.13555,0.06635,3.17480,1325.68325
1995-03-28,0.26683,0.31999,0.06714,19.30017,596.45452,240.75494,389.12785,24,0.36343,0.24524,0.32671,0.28274,0.11999,2.65138,1328.44044
1995-03-29,0.28512,0.45512,0.09279,20.38759,672.12540,241.09478,395.63669,24,0.25664,0.26157,0.65154,0.44103,0.22382,2.13963,1499.23583
1995-03-30,0.34246,0.53727,0.12726,20.97048,628.82437,233.94834,402.20274,24,0.41126,0.35175,0.77551,0.44151,0.31914,1.88992,1194.14225
1995-03-31,0.30189,0.53853,0.20272,19.98674,641.45878,231.80706,396.44729,24,0.43997,0.38009,0.78039,0.48395,0.34087,1.99397,1365.58478
1995-10-01,0.50851,0.82162,0.17591,24.62515,309.40606,199.74655,419.44144,24,0.72049,0.52662,0.93701,0.90133,0.48991,1.06007,705.44607
1995-10-02,0.59105,0.81591,0.14939,24.82316,324.89969,204.16775,420.87060,24,0.58240,0.64700,0.97256,0.95359,0.45922,1.28499,816.28618
1995-10-03,0.57803,0.78995,0.17634,24.68597,307.94562,187.52313,421.59453,24,0.64759,0.61102,0.83671,0.91668,0.46756,1.26443,709.30504
1995-10-04,0.46296,0.84438,0.17019,24.58899,316.55286,194.74524,419.98893,24,0.58712,0.49357,0.88834,0.95181,0.35666,1.34474,739.49093
1995-10-05,0.56381,0.91782,0.21921,24.36121,329.22144,189.50936,420.90017,24,0.52986,0.60201,0.90853,0.96848,0.52535,1.25787,768.15392
1995-10-06,0.68194,0.93054,0.28518,24.44635,321.11176,172.55951,421.43793,24,0.60022,0.62913,0.97266,0.99640,0.59357,0.83826,670.86726
1995-10-07,0.80061,0.89917,0.29581,24.18853,329.87276,153.81282,421.80893,24,0.81384,0.74356,0.98558,0.97765,0.71221,1.10325,664.16557
1995-10-08,0.83257,0.85575,0.31998,23.88604,330.78240,133.97875,421.78138,24,0.74800,0.80103,0.93989,0.94839,0.46085,1.04643,660.78483
1995-10-09,0.68648,0.65179,0.17500,23.91957,322.87462,166.94544,417.80503,24,0.77886,0.68467,0.88951,0.78804,0.61134,0.97411,724.59846
1995-10-10,0.49740,0.72904,0.11619,24.01651,344.40501,200.30238,416.11051,24,0.62821,0.33092,0.50607,0.87494,0.20100,1.24484,839.72696
1995-10-11,0.46252,0.82854,0.10913,23.91033,322.15584,188.36186,416.11107,24,0.40919,0.37778,0.87257,0.93674,0.34204,1.36197,783.48221
1995-10-12,0.50907,0.82377,0.12605,24.06680,349.53336,191.73963,416.61811,24,0.49364,0.44124,0.82785,0.91629,0.34097,1.48442,809.60400
1995-10-13,0.40342,0.67463,0.11190,23.98527,335.23241,190.79648,414.51709,24,0.51728,0.37006,0.88655,0.88151,0.43102,1.38295,780.76114
1995-10-14,0.23772,0.57570,0.06687,24.10831,342.15621,208.48131,411.84928,24,0.39913,0.20395,0.64734,0.87837,0.29220,1.42024,843.08696
1995-10-15,0.40798,0.46945,0.07339,24.01366,337.49328,211.79429,408.79315,24,0.36927,0.38787,0.68903,0.74612,0.29253,1.30805,846.88974
1995-10-16,0.52117,0.61855,0.06664,23.92449,338.29816,207.22712,412.01837,24,0.49852,0.50667,0.65791,0.65252,0.30533,1.54123,851.01266
1995-10-17,0.62621,0.83661,0.14679,24.05373,326.65044,192.06333,417.39665,24,0.41563,0.43380,0.74751,0.95928,0.23734,1.42944,786.69509
1995-10-18,0.83655,0.98378,0.41548,23.54381,317.91275,125.85172,421.86170,24,0.84352,0.82285,0.99449,0.99260,0.70103,1.17219,562.77839
1995-10-19,0.74470,0.95431,0.35884,23.64519,312.82786,134.14549,417.76227,24,0.84948,0.71565,0.98706,0.97961,0.69458,0.96214,587.88119
1995-10-20,0.78708,0.95241,0.26308,23.53102,279.56735,144.42800,416.51872,24,0.89482,0.80490,0.96501,0.99821,0.59895,1.13965,571.05108
1995-10-21,0.79554,0.87764,0.22030,23.53909,273.41044,137.64987,416.51072,24,0.87959,0.81112,0.97650,0.99459,0.54882,1.13464,637.74545
1995-10-22,0.63828,0.80544,0.17036,23.43103,278.54947,162.09724,410.20019,24,0.78222,0.78339,0.89535,0.95040,0.42920,1.15178,613.24150
1995-10-23,0.40180,0.54768,0.11744,22.90584,366.70529,198.30264,397.28827,24,0.57023,0.42924,0.78556,0.82210,0.43696,1.27358,812.66696
1995-10-24,0.22774,0.37420,0.11768,21.84004,397.95318,211.16410,385.80679,24,0.43029,0.28313,0.45343,0.38488,0.28322,1.75682,836.31744
1995-10-25,0.19871,0.43598,0.12575,21.43890,335.99701,211.51911,383.32582,24,0.28030,0.17117,0.54218,0.44547,0.27852,1.84487,793.50727
1995-10-26,0.15946,0.41245,0.08957,21.41565,369.07821,207.12023,381.98915,24,0.32606,0.20505,0.61653,0.55524,0.31934,1.80642,826.14477
1995-10-27,0.12829,0.23199,0.05604,21.45864,390.33778,217.61930,376.19599,24,0.26117,0.10577,0.57955,0.41479,0.25052,2.06406,874.95565
1995-10-28,0.22633,0.08303,0.03547,21.53258,335.55291,222.21331,377.29909,24,0.19073,0.04622,0.25178,0.05734,0.14534,1.83852,748.02683
1995-10-29,0.74302,0.24640,0.04328,21.70605,314.12306,196.89414,390.34973,24,0.46844,0.60219,0.23426,0.20661,0.14466,1.50682,800.69986
1995-10-30,0.87665,0.33001,0.07610,21.94653,274.35133,147.93483,403.38551,24,0.75570,0.83960,0.48451,0.39068,0.18300,1.99191,702.51859
1995-10-31,0.84253,0.38590,0.11141,21.81256,278.56647,105.57186,407.07434,24,0.92126,0.84626,0.39364,0.38657,0.16007,1.62573,594.99049
1995-11-01,0.77331,0.52333,0.18760,22.05795,274.73209,107.86921,406.99246,24,0.78167,0.83606,0.53836,0.49893,0.22041,1.29525,621.30268
1995-11-02,0.41228,0.51477,0.17409,21.49669,350.81298,149.99147,398.92111,24,0.60432,0.50286,0.52604,0.62626,0.20369,0.94354,770.14936
1995-11-03,0.22274,0.47859,0.13785,20.26818,362.90546,187.74456,382.75967,24,0.40638,0.23099,0.65143,0.58758,0.35343,1.78938,776.21342
1995-11-04,0.19801,0.38109,0.09821,19.83088,368.54725,194.58998,376.14389,24,0.31319,0.17681,0.46442,0.43234,0.30110,1.93005,851.27482
1995-11-05,0.18479,0.35115,0.07832,20.03427,363.59753,195.11320,379.96532,24,0.25447,0.14993,0.48019,0.44344,0.24020,2.00007,887.65686
1995-11-06,0.17022,0.31110,0.06700,20.21360,356.63295,194.72717,381.23167,24,0.21121,0.12456,0.46060,0.39425,0.16610,2.17759,906.26754
1995-11-07,0.52740,0.13868,0.05754,20.88858,325.93226,200.29932,384.67210,24,0.32763,0.48651,0.35286,0.16702,0.17470,2.19440,787.55346
1995-11-08,0.81907,0.22340,0.07849,21.66758,327.10463,188.63618,401.93338,24,0.72514,0.57933,0.23705,0.11937,0.14580,1.98735,759.25913
1995-11-09,0.99363,0.55782,0.24358,22.31366,533.03606,79.82015,420.37648,24,0.98977,0.98971,0.45187,0.50908,0.22178,2.12329,711.95560
1995-11-10,0.97592,0.76258,0.40078,22.06568,464.42779,53.09439,417.91028,24,0.99259,0.99864,0.67537,0.79706,0.44979,1.28961,682.23657
1995-11-11,0.69832,0.82395,0.37970,21.66033,320.53968,108.36778,408.69508,24,0.88466,0.78752,0.86871,0.88087,0.58533,1.14718,527.60032
1995-11-12,0.40029,0.64046,0.23083,20.45548,409.66111,151.07934,384.73083,24,0.60994,0.53776,0.69771,0.80213,0.44556,1.58169,780.51482
1995-11-13,0.25774,0.49577,0.13282,19.90339,408.77648,169.44967,373.54515,24,0.49032,0.37235,0.79460,0.62763,0.39843,1.73358,900.70648
1995-11-14,0.16964,0.40007,0.11933,20.28192,374.52765,194.17081,368.50240,24,0.35138,0.12823,0.58308,0.54211,0.32261,1.49615,814.00208
1995-11-15,0.35460,0.44514,0.13811,20.82709,313.97429,189.31285,378.66858,24,0.38725,0.21549,0.56086,0.46804,0.33902,1.27277,719.83133
1995-11-16,0.51625,0.61676,0.15000,20.99692,348.68448,152.19413,391.65143,24,0.63722,0.47289,0.78910,0.72560,0.50713,1.18837,774.10999
1995-11-17,0.67209,0.48120,0.09006,21.00382,329.55166,130.29545,394.00008,24,0.60136,0.60228,0.64722,0.62438,0.18894,1.79826,710.67879
1995-11-18,0.80860,0.49686,0.20729,20.62658,299.15043,78.61705,399.22640,24,0.79708,0.83485,0.53505,0.53233,0.26630,1.89902,518.33149
1995-11-19,0.61700,0.70605,0.20714,20.57500,308.12378,100.08202,396.39080,24,0.85804,0.67120,0.58558,0.70389,0.30490,1.38051,594.07027
1995-11-20,0.39838,0.66267,0.15994,19.91542,341.73507,142.34688,385.54826,24,0.50737,0.50646,0.82036,0.84680,0.39780,1.19853,740.15506
1995-11-21,0.26887,0.53053,0.12737,18.99274,385.39297,166.05245,371.62980,24,0.43146,0.32201,0.68364,0.74271,0.31984,1.23013,877.89560
1995-11-22,0.17700,0.25726,0.09408,17.67754,402.83286,184.79733,353.78066,24,0.26177,0.10330,0.56515,0.45616,0.28884,1.72765,978.19957
1995-11-23,0.81493,0.15528,0.05828,18.28671,343.14408,183.89177,363.11989,24,0.59968,0.76294,0.35846,0.15204,0.27018,1.96222,818.90362
1995-11-24,0.99260,0.20154,0.03861,19.50919,316.41075,93.92192,392.01546,24,0.98337,0.97810,0.15663,0.07946,0.10848,2.14062,563.54695
1995-11-25,0.68935,0.47719,0.19364,18.74599,430.26114,62.73905,382.98035,24,1.00000,0.99946,0.31250,0.55910,0.08738,1.77574,671.82526
1995-11-26,0.26484,0.53288,0.12278,17.00772,421.94530,169.23714,353.12820,24,0.33488,0.32580,0.62282,0.62205,0.30152,1.76352,813.39348
1995-11-27,0.18436,0.31169,0.08751,15.56426,449.65619,176.99265,337.26745,24,0.37476,0.18821,0.62841,0.40865,0.29463,2.47959,953.89780
1995-11-28,0.12735,0.26215,0.07954,14.65291,432.37878,183.33971,329.45898,24,0.25112,0.12358,0.36919,0.35053,0.24803,2.45555,969.74613
1995-11-29,0.11893,0.18401,0.05856,14.97001,420.86160,181.68556,330.88433,24,0.22130,0.16213,0.37611,0.21749,0.20701,2.80000,971.61918
1995-11-30,0.10448,0.17597,0.05384,15.10031,362.84934,184.54123,333.72672,24,0.16979,0.06739,0.26722,0.26772,0.13475,2.20151,880.25191
1995-12-01,0.19098,0.20025,0.05583,15.44107,360.63542,176.21466,343.63431,24,0.30821,0.12018,0.35736,0.18655,0.23485,1.89336,916.25717
1995-12-02,0.17899,0.17405,0.05072,14.79890,456.32128,179.23698,337.00252,24,0.24046,0.09665,0.33808,0.20247,0.15008,2.20814,1078.08568
1995-12-03,0.14646,0.19313,0.05208,13.55890,420.18039,180.08815,328.28839,24,0.29518,0.12195,0.29132,0.20691,0.14733,2.94747,974.93725
1995-12-04,0.12865,0.25824,0.05027,13.81379,394.16984,179.10460,328.58070,24,0.21722,0.11924,0.34162,0.30311,0.14970,2.54729,924.19865
1995-12-05,0.15832,0.28543,0.06669,14.59119,389.59058,174.32297,334.98202,24,0.25696,0.18051,0.48928,0.33970,0.17815,2.11426,934.22448
1995-12-06,0.17260,0.31077,0.04841,15.21863,396.20548,171.45932,340.94795,24,0.30736,0.16167,0.50624,0.32018,0.25220,1.94132,952.32519
1995-12-07,0.18079,0.27341,0.05558,15.75602,384.68631,166.64794,343.90427,24,0.33059,0.22085,0.52205,0.28625,0.13599,2.09674,976.91129
1995-12-08,0.19335,0.26007,0.07654,15.72821,371.74379,173.43092,344.67740,24,0.26935,0.10494,0.41711,0.21340,0.23330,2.06345,934.29851
1995-12-09,0.29075,0.29620,0.06363,15.68413,402.90192,157.36580,352.90481,24,0.30941,0.31588,0.53329,0.28582,0.20715,1.86880,1048.55629
1995-12-10,0.17946,0.21138,0.04947,15.17713,413.97810,162.68762,343.10750,24,0.32370,0.22763,0.42240,0.26618,0.19050,2.08437,1099.86580
1995-12-11,0.11326,0.15493,0.03855,15.44031,363.07305,174.44243,337.76764,24,0.17602,0.11938,0.24054,0.08616,0.11361,2.02319,906.73740
1995-12-12,0.11342,0.16584,0.03904,15.59732,339.59427,173.18012,340.81348,24,0.20687,0.10859,0.27426,0.14027,0.12711,1.99798,887.74816
1995-12-13,0.11488,0.17081,0.03898,15.54490,352.44111,174.08499,337.43690,24,0.15713,0.09890,0.24919,0.15826,0.11751,1.93143,853.90438
1995-12-14,0.10834,0.19364,0.05790,14.07482,362.41581,175.69965,329.19500,24,0.25587,0.10699,0.34146,0.24562,0.16486,1.92765,881.36829
1995-12-15,0.07708,0.11457,0.03162,13.52039,344.25324,176.14209,327.06812,24,0.12574,0.06608,0.24885,0.15002,0.12560,2.82353,863.43269
1995-12-16,0.09379,0.10856,0.02107,14.13419,341.23617,174.49565,329.77835,24,0.12790,0.06467,0.15190,0.08798,0.07477,2.45519,847.56379
1995-12-17,0.12597,0.13255,0.04101,14.10885,374.48484,173.97647,328.27825,24,0.18322,0.11854,0.16217,0.14747,0.09759,2.27171,933.78848
1995-12-18,0.15480,0.13996,0.03942,13.89668,366.00833,170.03013,333.93516,24,0.15890,0.11095,0.20556,0.11314,0.10862,2.36030,894.61601
1995-12-19,0.17105,0.16667,0.04586,13.62782,360.69843,167.02049,332.93473,24,0.28912,0.12882,0.27786,0.14934,0.17166,2.17023,852.80272
1995-12-20,0.16843,0.18348,0.05630,14.03121,369.07085,170.12815,333.34718,24,0.22808,0.15037,0.24972,0.14020,0.11613,2.39334,897.11052
1995-12-21,0.16209,0.20140,0.05633,14.50552,344.21848,168.55696,334.97164,24,0.32448,0.15890,0.32172,0.22545,0.16468,2.04111,875.56125
1995-12-22,0.13687,0.17820,0.04483,15.17259,298.18654,172.68549,338.25106,24,0.30270,0.10650,0.29784,0.15433,0.14994,2.00430,741.05520
1995-12-23,0.18215,0.18416,0.05086,15.89476,285.84902,167.43261,348.37713,24,0.25929,0.18321,0.23130,0.18854,0.12348,1.95066,718.64624
1995-12-24,0.17865,0.20231,0.07547,16.17145,316.69529,163.18909,348.72276,24,0.27656,0.15450,0.22558,0.24381,0.12088,1.82092,736.73908
1995-12-25,0.29934,0.18261,0.06394,16.07367,348.17401,154.34122,348.39945,24,0.36815,0.29082,0.41292,0.19227,0.28587,1.37461,703.14338
1995-12-26,0.06792,0.11128,0.03490,14.98529,350.49040,176.15165,334.32912,24,0.23725,0.04470,0.19765,0.07324,0.08844,1.94561,696.13721
1995-12-27,0.06809,0.05041,0.01801,14.08832,396.44457,179.64105,324.18709,24,0.05776,0.06015,0.13711,0.13052,0.07043,2.06632,861.08140
1995-12-28,0.04496,0.02763,0.01262,13.37370,366.04558,182.05098,322.39405,24,0.06335,0.02717,0.07868,0.07349,0.07141,2.14940,864.20323
1995-12-29,0.06270,0.04674,0.02573,13.43428,389.41282,182.30577,322.79889,24,0.10415,0.03188,0.05985,0.03290,0.03262,2.33676,922.89515
1995-12-30,0.47381,0.06616,0.02867,13.66314,373.50798,182.42530,324.93635,24,0.12825,0.45461,0.17640,0.08758,0.11412,2.36116,913.19563
1995-12-31,0.47306,0.07287,0.02597,14.16211,362.84314,177.29452,332.26104,24,0.59330,0.49453,0.16922,0.06414,0.09936,1.90265,938.63271
1996-01-01,0.27602,0.17251,0.04581,14.93340,360.62955,167.80970,342.80413,24,0.46703,0.24866,0.29093,0.14915,0.17880,1.90156,906.78143
1996-01-02,0.31775,0.10544,0.03161,14.94450,338.58671,168.22943,341.88255,24,0.41393,0.22823,0.33822,0.15709,0.13268,1.73792,856.61464
1996-01-03,0.14161,0.07431,0.02179,14.98478,301.71102,176.21737,339.54118,24,0.14562,0.08400,0.12153,0.05048,0.05529,1.83663,777.35759
1996-01-04,0.30730,0.23316,0.02711,15.04596,336.60858,154.33693,351.35090,24,0.45239,0.32837,0.16211,0.14553,0.13101,2.00200,814.79132
1996-01-05,0.20689,0.20685,0.00984,14.84955,350.55119,161.31874,342.67433,24,0.20527,0.29608,0.35234,0.37590,0.03298,1.68230,843.58663
1996-01-06,0.20627,0.14189,0.02319,13.98707,436.49666,169.42055,337.35288,24,0.23865,0.20725,0.26470,0.12580,0.07079,1.85291,1063.22631
1996-01-07,0.10032,0.06909,0.01296,13.71428,405.45795,177.72713,331.45626,24,0.15185,0.09567,0.18406,0.07497,0.04920,1.91089,994.01925
1996-01-08,0.11738,0.03811,0.01363,13.94220,395.80236,182.31456,328.68760,24,0.07926,0.15198,0.07036,0.03247,0.03251,2.31489,965.15713
1996-01-09,0.09209,0.04989,0.01834,13.25638,424.91250,185.67995,327.93006,24,0.09292,0.06399,0.06928,0.01829,0.05664,2.62011,1044.01124
1996-01-10,0.26866,0.07964,0.01571,13.27971,439.74204,179.87065,333.35553,24,0.14537,0.09136,0.10879,0.06302,0.04197,2.39936,1132.91559
1996-01-11,0.33638,0.32879,0.02599,14.49981,425.13339,151.05761,352.79002,24,0.47962,0.32090,0.24388,0.30196,0.05453,2.64564,1084.11752
1996-01-12,0.23730,0.32225,0.06978,14.23415,381.74812,168.92627,338.01704,24,0.37566,0.24158,0.59467,0.37524,0.15949,1.69209,951.60357
1996-01-13,0.11792,0.17037,0.04207,12.15640,460.65781,183.97819,322.79065,24,0.23290,0.12433,0.38781,0.21841,0.16998,2.13827,1129.15050
1996-01-14,0.11169,0.10142,0.02106,11.97586,393.53454,187.02971,323.37342,24,0.14544,0.09501,0.13855,0.10169,0.05952,2.53083,994.21413
1996-01-15,0.32685,0.11094,0.01006,13.61349,330.60686,176.83357,341.81647,24,0.18095,0.35113,0.16693,0.07882,0.03423,2.73582,769.07505
1996-01-16,0.38536,0.19998,0.04964,15.12915,285.27474,159.94671,353.98398,24,0.33169,0.37527,0.11941,0.10578,0.02762,2.75359,651.26121
1996-01-17,0.42573,0.50788,0.07624,15.29602,372.35186,145.88216,353.34294,24,0.47452,0.54492,0.53228,0.65232,0.25656,1.40574,780.61350
1996-01-18,0.37705,0.25033,0.04436,12.92868,468.94115,177.45411,333.28118,24,0.51344,0.38676,0.51378,0.33465,0.22912,1.30369,1042.88553
1996-01-19,0.39608,0.17274,0.01026,11.79071,439.79802,163.34315,332.82669,24,0.42761,0.40057,0.27898,0.13659,0.03420,2.39076,956.82024
1996-01-20,0.25964,0.17347,0.01064,11.55213,513.49907,178.53075,322.78851,24,0.44929,0.43964,0.34421,0.14034,0.01977,2.22605,1159.11466
1996-01-21,0.14809,0.12671,0.01880,11.58125,445.46641,187.76586,318.30799,24,0.17385,0.22341,0.22555,0.10282,0.04320,2.30036,1005.20169
1996-01-22,0.13466,0.11718,0.02096,11.14268,469.67757,191.95149,316.57036,24,0.14499,0.16503,0.15616,0.09508,0.06109,2.54114,1020.54603
1996-01-23,0.10735,0.10767,0.01409,11.84909,412.37355,197.68483,317.95912,24,0.07744,0.08623,0.11852,0.06644,0.01615,2.48013,915.99557
1996-01-24,0.20273,0.15397,0.01920,12.86055,398.61384,193.59739,324.63016,24,0.16006,0.33189,0.23548,0.18526,0.05389,2.66737,1004.72921
1996-01-25,0.15258,0.12973,0.02546,12.02733,382.34683,194.25109,322.39696,24,0.18080,0.20587,0.18671,0.14882,0.06275,2.58364,902.28191
1996-01-26,0.14450,0.13140,0.01560,12.28108,392.71555,191.07083,327.37494,24,0.11155,0.16251,0.21219,0.13629,0.05416,2.83385,912.53608
1996-01-27,0.16072,0.10391,0.01737,12.68994,474.06448,194.58006,323.41135,24,0.20774,0.21405,0.15452,0.10047,0.02158,2.66321,1047.06082
1996-01-28,0.10490,0.07900,0.01064,12.61141,419.35706,207.61010,320.32326,24,0.06734,0.07452,0.12228,0.05390,0.03957,2.21174,940.47063
1996-01-29,0.13808,0.12172,0.01403,12.13878,395.70177,202.71781,319.78847,24,0.16694,0.16432,0.14582,0.10081,0.01801,2.62579,874.82021
1996-01-30,0.06417,0.09851,0.02192,10.95533,401.10400,211.91096,308.18284,24,0.11898,0.07010,0.20336,0.09515,0.05763,2.90314,900.10948
1996-01-31,0.04106,0.04002,0.01124,11.22795,386.79239,214.66820,305.93541,24,0.07240,0.05821,0.11674,0.03409,0.05765,2.94068,860.17095
1996-02-01,0.02914,0.02071,0.00732,12.33506,351.64398,216.76163,312.79122,24,0.02798,0.03781,0.02877,0.01264,0.01803,3.08378,884.92756
1996-02-02,0.02547,0.02375,0.00973,13.09970,349.05921,219.05834,320.17241,24,0.03314,0.00439,0.05636,0.00179,0.04200,2.74771,969.56646
1996-02-03,0.06042,0.01805,0.00768,13.47394,374.50176,212.76424,327.06143,24,0.07848,0.06124,0.08918,0.00537,0.04578,2.62628,1044.37911
1996-02-04,0.02328,0.00531,0.00501,13.71397,371.74076,221.41212,323.59426,24,0.04215,0.02875,0.01980,0.00000,0.01980,2.50519,935.94222
1996-02-05,0.03267,0.01074,0.00397,13.80000,354.82584,219.72195,326.57476,24,0.02141,0.01752,0.02151,0.01250,0.01794,2.52964,917.77968
1996-02-06,0.07073,0.00467,0.00192,13.50191,401.88991,215.41305,330.72118,24,0.05419,0.08358,0.01454,0.00179,0.00918,2.52276,1153.27127
1996-02-07,0.03053,0.00633,0.00208,13.69152,409.15457,219.30094,331.17101,24,0.03032,0.03097,0.02932,0.00000,0.02218,2.64106,1214.52504
1996-02-08,0.11986,0.00625,0.00131,13.75874,424.02242,219.36331,332.67597,24,0.02005,0.03088,0.00918,0.00000,0.00739,2.48866,1203.24334
1996-02-09,0.14458,0.00145,0.00046,13.99232,418.45168,220.04996,332.51210,24,0.21826,0.14855,0.00894,0.00000,0.00000,3.01586,1219.98840
1996-02-10,0.15650,0.00293,0.00247,14.30923,396.31402,216.65333,342.39183,24,0.15048,0.12680,0.00929,0.00000,0.00929,3.49178,1194.33228
1996-02-11,0.29004,0.00212,0.00000,14.79664,420.60145,204.14754,352.07223,24,0.23375,0.24616,0.00000,0.00000,0.00000,3.04338,1100.87999
1996-02-12,0.08109,0.02143,0.00052,14.44514,494.76288,210.63088,339.75579,24,0.19579,0.08654,0.01464,0.01984,0.00000,2.75335,1029.76791
1996-02-13,0.03230,0.01918,0.00375,13.23135,518.74659,230.11786,324.65964,24,0.05033,0.02947,0.02713,0.02891,0.01261,2.70272,1126.60228
1996-02-14,0.02664,0.01850,0.00538,13.10515,457.25913,230.35709,325.68020,24,0.03669,0.05029,0.03780,0.00359,0.01616,3.03238,1096.83676
1996-02-15,0.01625,0.02266,0.00665,13.02393,442.81772,234.92833,325.21816,24,0.03053,0.03360,0.04849,0.00539,0.01976,2.98353,1096.55332
1996-02-16,0.02837,0.01105,0.00328,13.35537,460.69683,234.58520,328.47436,24,0.01883,0.03034,0.03043,0.00536,0.02504,2.99645,1057.49200
1996-02-17,0.05445,0.02347,0.00082,12.86708,470.48928,236.20814,324.60141,24,0.02823,0.04865,0.02877,0.01786,0.00536,3.18434,1127.80194
1996-02-18,0.08013,0.02239,0.00045,12.75029,433.45273,231.09012,325.13640,24,0.07560,0.10171,0.04128,0.00716,0.00180,3.39706,1105.41327
1996-02-19,0.08416,0.01989,0.00201,13.10318,398.42485,232.45901,328.58719,24,0.13345,0.14287,0.02864,0.00893,0.00000,3.25434,1044.92838
1996-02-20,0.30297,0.06489,0.02061,15.54919,465.70753,220.59429,351.41605,24,0.07512,0.29558,0.03945,0.02192,0.01801,2.77096,1184.04925
1996-02-21,0.48631,0.37872,0.12767,16.37239,471.91810,171.88304,367.03965,24,0.45768,0.56462,0.25604,0.45325,0.11627,2.18928,956.91359
1996-02-22,0.44333,0.64567,0.26010,17.77963,449.20112,184.55410,375.26597,24,0.45965,0.41275,0.64430,0.67248,0.32304,1.45943,969.74424
1996-02-23,0.47334,0.68026,0.29776,18.17394,377.33190,160.76540,378.35033,24,0.56467,0.51299,0.86429,0.78141,0.63014,1.59842,747.94080
1996-02-24,0.27358,0.45690,0.16365,19.08073,393.06056,196.38359,373.83774,24,0.63631,0.33524,0.88539,0.60350,0.68973,1.14563,856.32783
1996-02-25,0.48621,0.49903,0.16445,19.56014,463.23021,214.20445,380.65985,24,0.24704,0.40134,0.54354,0.56474,0.33087,1.47304,940.64494
1996-02-26,0.50598,0.41024,0.15936,19.16786,364.66197,183.67105,383.08864,24,0.80525,0.54590,0.78697,0.52967,0.53059,1.73458,754.97676
1996-02-27,0.25946,0.38182,0.11814,18.79177,509.50670,200.83107,370.84669,24,0.51020,0.37011,0.72227,0.57981,0.49712,1.40384,954.65294
1996-02-28,0.09393,0.17859,0.03313,15.79601,465.40845,240.22948,345.45912,24,0.20345,0.11487,0.47221,0.23349,0.14800,2.77047,1064.35367
1996-02-29,0.09299,0.09542,0.01722,15.36469,458.62449,247.64967,341.30235,24,0.14044,0.07532,0.18741,0.12568,0.06604,1.94787,1114.60491
1996-03-01,0.01257,0.01897,0.00431,14.99872,432.59306,257.56263,336.06640,24,0.04063,0.00711,0.12212,0.00180,0.03828,3.18729,972.02035
1996-03-02,0.30043,0.00030,0.00022,15.84931,409.42571,259.20326,344.37622,24,0.01768,0.09642,0.00357,0.00000,0.00357,3.14147,1028.53605
1996-03-03,0.46235,0.00070,0.00054,16.03780,435.30863,245.72673,352.45553,24,0.40198,0.41353,0.00000,0.00000,0.00000,3.03634,1160.95994
1996-03-04,0.30902,0.00396,0.00248,16.18872,447.26492,245.28834,353.81358,24,0.34338,0.44839,0.01123,0.00000,0.01123,3.18017,1138.69556
1996-03-05,0.16156,0.00454,0.00331,16.12383,459.43339,247.38355,358.18749,24,0.12940,0.14998,0.02401,0.00000,0.02034,3.36188,1221.94271
1996-03-06,0.14890,0.00551,0.00265,16.92803,488.92045,238.68336,364.34119,24,0.06540,0.16170,0.02009,0.00000,0.00908,3.23333,1317.33103
1996-03-07,0.14742,0.01371,0.00046,17.37764,537.36076,235.41804,365.84109,24,0.10543,0.17889,0.00181,0.01442,0.00000,2.26285,1392.95804
1996-03-08,0.15266,0.07033,0.02106,18.04763,558.13451,244.12755,365.50439,24,0.05507,0.13153,0.05666,0.06440,0.01474,2.64295,1394.11611
1996-03-09,0.13382,0.09136,0.03395,19.02698,504.05723,246.88754,368.74806,24,0.14534,0.14307,0.12377,0.06210,0.08258,1.90065,1114.55296
1996-03-10,0.16128,0.11448,0.03871,19.21275,518.26025,241.39526,374.96532,24,0.19627,0.17089,0.28576,0.10761,0.14813,1.77210,1289.19517
1996-03-11,0.21602,0.18254,0.04549,19.75818,559.48316,232.10414,382.53628,24,0.26134,0.21533,0.20604,0.15129,0.11864,2.06948,1317.12619
1996-03-12,0.27003,0.40255,0.09252,20.30279,600.69736,227.37665,386.96106,24,0.23930,0.22794,0.54432,0.26966,0.18842,2.00869,1254.40691
1996-03-13,0.25366,0.42482,0.12924,20.32093,716.93993,226.26231,387.60876,24,0.36644,0.24946,0.69737,0.33571,0.26744,1.86589,1342.67595
1996-03-14,0.25932,0.48753,0.11481,19.88508,711.98050,233.90053,388.68437,24,0.29658,0.25114,0.55332,0.36458,0.26130,2.45904,1402.10227
1996-03-15,0.32854,0.52120,0.16380,20.32919,671.96418,232.06622,391.26713,24,0.49877,0.32244,0.76214,0.40460,0.32257,2.48446,1228.77453
1996-03-16,0.26744,0.45364,0.15129,20.39510,659.58001,240.60880,391.47137,24,0.43714,0.27969,0.75003,0.29466,0.46329,2.21363,1217.14502
1996-03-17,0.51340,0.28963,0.11231,19.97234,609.26389,251.97856,393.89122,24,0.53924,0.34463,0.65885,0.20755,0.38289,2.66283,1216.11987
1996-03-18,0.65889,0.08275,0.03508,18.82003,577.05109,261.57289,379.31256,24,0.76624,0.59361,0.45791,0.04204,0.31693,3.71604,1203.97846
1996-03-19,0.80373,0.01140,0.00926,18.52327,570.78453,261.24822,381.63708,24,0.66629,0.77597,0.02197,0.00749,0.02010,4.11108,1343.26000
1996-03-20,0.19915,0.01343,0.01105,18.82036,600.52500,265.01797,381.24804,24,0.60730,0.15096,0.04242,0.00000,0.03500,3.43988,1449.20654
1996-03-21,0.17457,0.07138,0.02552,19.06648,575.54258,269.07762,380.94378,24,0.05463,0.08650,0.13360,0.02056,0.10934,3.49515,1376.40925
1996-03-22,0.37719,0.20710,0.09497,20.06778,567.67104,256.88709,390.13574,24,0.37502,0.26348,0.29661,0.15612,0.15734,2.41052,1342.63532
1996-03-23,0.28598,0.32814,0.14469,20.37953,570.85380,238.76074,388.75973,24,0.37756,0.27970,0.48614,0.30163,0.37550,1.83878,1161.41270
1996-03-24,0.39976,0.42916,0.12600,18.41541,609.67159,242.14976,382.01592,24,0.46855,0.46506,0.45942,0.39693,0.25622,3.30917,1329.13096
1996-03-25,0.38777,0.61075,0.18800,19.14203,676.69687,232.99205,389.63120,24,0.36797,0.38558,0.77358,0.50466,0.43815,2.68889,1391.75623
1996-03-26,0.70854,0.78499,0.31227,20.46682,611.59647,168.30543,407.40455,24,0.51328,0.72424,0.93854,0.66442,0.57365,2.12141,1007.89923
1996-03-27,0.48734,0.64843,0.31405,20.90320,538.24556,193.99833,399.53987,24,0.74887,0.57558,0.90854,0.64006,0.56590,1.80093,968.46825
1996-03-28,0.54862,0.74874,0.30080,21.71990,508.27842,198.06057,410.20436,24,0.67091,0.54432,0.90677,0.73270,0.61646,1.59064,896.51331
1996-03-29,0.60425,0.81609,0.42342,22.64327,569.27140,182.23139,418.83522,24,0.76427,0.56803,0.88163,0.71557,0.73842,1.52282,835.93389
1996-03-30,0.52678,0.79961,0.28772,23.00565,618.65389,202.84442,416.68244,24,0.80281,0.54536,0.94005,0.72329,0.58670,1.79285,886.69047
1996-03-31,0.47948,0.72095,0.27003,20.66979,694.13092,219.49521,406.32973,24,0.70932,0.41844,0.96029,0.67970,0.53510,2.22458,1184.15046
1996-10-01,0.33807,0.66284,0.08917,25.36971,315.14705,219.39468,424.98334,24,0.29737,0.22162,0.65095,0.79311,0.36071,1.26127,800.60678
1996-10-02,0.78036,0.86819,0.24552,24.86136,337.29535,189.54123,428.19275,24,0.46391,0.66943,0.70462,0.97419,0.21331,1.25592,756.45842
1996-10-03,0.91718,0.87497,0.29662,24.43020,335.19198,109.62945,428.29185,24,0.94026,0.86942,0.95002,0.99081,0.69342,1.07118,611.37766
1996-10-04,0.89043,0.91411,0.25724,24.71385,341.30677,132.50208,427.71702,24,0.91381,0.88403,0.82124,0.97809,0.30951,1.14554,594.85102
1996-10-05,0.95488,0.96082,0.39799,24.71331,405.57793,124.09993,429.14567,24,0.97380,0.98984,0.94511,1.00000,0.48580,1.13430,633.11987
1996-10-06,0.92725,0.84035,0.36153,23.81904,417.88029,120.33913,420.50102,24,0.94366,0.92555,0.99097,0.98366,0.59827,1.12157,698.68324
1996-10-07,0.54040,0.48864,0.18039,22.60932,415.60769,193.07575,398.00462,24,0.81237,0.66894,0.68614,0.58563,0.42493,1.74637,886.99160
1996-10-08,0.24777,0.32068,0.05754,21.56177,443.56592,217.87798,387.60516,24,0.43155,0.33286,0.56704,0.40701,0.28959,1.92718,1043.16006
1996-10-09,0.21076,0.23517,0.03386,20.94542,470.61243,226.59989,383.04848,24,0.29572,0.22752,0.42254,0.23594,0.18323,2.11282,1173.87057
1996-10-10,0.19694,0.21279,0.01841,20.91011,434.03763,216.77476,382.57227,24,0.31179,0.27797,0.36313,0.21779,0.11541,2.11900,1156.08720
1996-10-11,0.13073,0.12246,0.02794,20.97022,434.13116,223.18017,378.90756,24,0.23421,0.22427,0.24939,0.13290,0.07459,2.31766,1095.51392
1996-10-12,0.12075,0.13283,0.04209,21.63045,393.65931,228.07142,384.13993,24,0.16476,0.16785,0.17491,0.14122,0.10592,2.32843,965.86298
1996-10-13,0.13437,0.16377,0.05422,22.03984,374.47934,229.95043,388.10177,24,0.25259,0.13727,0.26568,0.28822,0.22189,2.13681,929.14636
1996-10-14,0.11636,0.16955,0.04147,21.82638,365.67434,223.97709,388.11351,24,0.20332,0.14018,0.25246,0.31395,0.17019,1.97992,878.98491
1996-10-15,0.17202,0.20011,0.03941,22.00396,362.54863,220.08706,389.64163,24,0.25597,0.16674,0.24232,0.17891,0.14771,1.90233,928.41392
1996-10-16,0.27899,0.21983,0.02726,22.04799,368.46681,216.10891,391.86601,24,0.16611,0.21111,0.28367,0.37140,0.17221,1.88648,915.55729
1996-10-17,0.27343,0.15160,0.03905,21.89673,357.03828,190.48087,391.64284,24,0.56517,0.38264,0.27472,0.10754,0.09302,1.83662,851.55848
1996-10-18,0.18767,0.16031,0.04626,21.67101,388.37871,220.15286,386.16429,24,0.31551,0.20892,0.32417,0.18467,0.20699,2.12606,909.61120
1996-10-19,0.17058,0.14708,0.03815,21.53461,398.45168,220.19453,386.14292,24,0.27531,0.18425,0.30924,0.15976,0.17775,2.03370,965.05691
1996-10-20,0.12652,0.14071,0.03082,21.71577,392.98031,220.05591,386.79902,24,0.20444,0.17216,0.27753,0.11289,0.15001,2.41516,1000.89998
1996-10-21,0.11163,0.12467,0.02608,21.50254,400.68950,217.11820,385.49550,24,0.13519,0.21192,0.27435,0.12622,0.09145,2.04177,996.75806
1996-10-22,0.14492,0.11498,0.02620,21.24748,415.01104,218.03830,384.65008,24,0.22329,0.15734,0.28459,0.08023,0.13690,2.08106,1057.62792
1996-10-23,0.14086,0.12487,0.03062,21.30599,414.85760,216.47216,386.40343,24,0.15114,0.11378,0.22551,0.07283,0.10000,2.39589,1069.73614
1996-10-24,0.15494,0.17943,0.03388,21.70563,413.37212,213.85758,391.35199,24,0.17764,0.17496,0.26076,0.12830,0.12479,2.26268,1066.07918
1996-10-25,0.21506,0.23091,0.02786,22.20002,389.54083,208.23840,397.43891,24,0.15572,0.17148,0.28817,0.21586,0.09810,2.16231,1014.81057
1996-10-26,0.62411,0.46705,0.10530,22.57736,408.78009,185.84189,410.84572,24,0.44509,0.56617,0.40728,0.40277,0.11332,1.90456,892.53795
1996-10-27,0.97105,0.67073,0.21312,22.63366,488.38700,81.10987,419.80176,24,0.91642,0.94983,0.55376,0.67662,0.19790,1.69755,731.36869
1996-10-28,0.99950,0.66848,0.34489,22.23529,606.83551,32.15179,420.80940,24,0.99951,0.99972,0.64918,0.68374,0.32547,0.91714,633.24812
1996-10-29,0.96587,0.77115,0.38281,21.83241,534.02805,55.01316,417.89029,24,0.99949,0.99939,0.76422,0.85206,0.47001,1.13256,743.95533
1996-10-30,0.58189,0.62915,0.26778,21.65573,352.71968,126.13849,405.29711,24,0.87263,0.75856,0.71258,0.76298,0.41328,1.69330,658.87237
1996-10-31,0.25792,0.51458,0.17189,21.48701,373.40024,183.90920,384.49755,24,0.58107,0.32342,0.80250,0.70103,0.49137,1.53348,769.38666
1996-11-01,0.36147,0.37520,0.07317,21.16539,414.84292,199.26519,378.85762,24,0.38215,0.35849,0.44966,0.59636,0.33764,1.51270,917.30711
1996-11-02,0.31831,0.38297,0.05734,21.51131,387.31458,193.26957,388.24503,24,0.48624,0.28640,0.37845,0.50600,0.09453,2.00288,866.81103
1996-11-03,0.43995,0.38070,0.07133,22.26627,348.28730,192.28198,394.78752,24,0.33584,0.29546,0.49049,0.50108,0.18118,1.84491,811.68299
1996-11-04,0.51727,0.41629,0.10877,22.77962,279.34426,165.74676,402.03114,24,0.59119,0.58382,0.35490,0.38243,0.15813,1.63472,696.58074
1996-11-05,0.55094,0.55879,0.12478,22.50312,273.33861,169.44365,403.28448,24,0.47022,0.37866,0.59945,0.62336,0.34536,1.23412,681.32531
1996-11-06,0.61369,0.67584,0.21352,22.62647,273.00342,153.46513,403.95348,24,0.76777,0.66201,0.71551,0.71338,0.26362,1.71701,594.63386
1996-11-07,0.44308,0.63591,0.21780,22.21279,267.56207,152.16129,400.05480,24,0.69604,0.49927,0.77838,0.76361,0.48473,1.41817,650.18376
1996-11-08,0.23147,0.42024,0.10332,21.64030,340.42010,174.47231,388.50714,24,0.57061,0.32090,0.68306,0.68120,0.38173,1.53971,768.68814
1996-11-09,0.10792,0.15226,0.04224,19.95584,365.42582,192.96989,372.90246,24,0.23811,0.11454,0.36776,0.15398,0.21577,1.79279,899.12309
1996-11-10,0.11891,0.16369,0.01903,18.19429,454.63034,194.13328,360.03556,24,0.16692,0.13032,0.20759,0.17996,0.08389,2.34044,1116.88404
1996-11-11,0.11954,0.11701,0.03120,17.12909,521.06438,198.25045,352.24257,24,0.19683,0.11016,0.23092,0.11376,0.07467,2.47650,1152.74221
1996-11-12,0.12695,0.14957,0.04794,16.95978,505.29212,197.40696,351.46233,24,0.25844,0.08810,0.22955,0.13042,0.13187,3.33248,1093.90477
1996-11-13,0.12409,0.16769,0.05310,17.01934,480.26727,194.26353,350.76464,24,0.26438,0.11824,0.31101,0.23207,0.19887,3.04207,1072.94759
1996-11-14,0.11481,0.14116,0.04630,17.66533,424.64936,192.17204,356.02113,24,0.21249,0.12633,0.27818,0.12824,0.16208,2.84590,995.98968
1996-11-15,0.14048,0.14903,0.05158,18.15511,450.19635,189.65718,358.96035,24,0.25004,0.13032,0.27182,0.15272,0.18262,2.25072,1084.72469
1996-11-16,0.17400,0.15571,0.04685,17.24480,486.53700,190.52553,354.85951,24,0.33772,0.13209,0.29351,0.12059,0.16347,2.75932,1111.18836
1996-11-17,0.14539,0.16255,0.05391,16.76131,499.15398,191.33136,350.23800,24,0.29153,0.13059,0.32947,0.16451,0.19670,3.00742,1181.95750
1996-11-18,0.21703,0.14252,0.04174,17.01842,430.59180,189.85048,350.10374,24,0.22311,0.11717,0.27777,0.17221,0.15295,2.80053,1035.09912
1996-11-19,0.24029,0.14060,0.04304,17.64430,375.84722,187.89314,353.10405,24,0.39771,0.23185,0.34635,0.11820,0.17930,2.65802,975.39455
1996-11-20,0.38170,0.08753,0.03210,18.08955,324.36128,191.93445,354.18477,24,0.51341,0.42126,0.27776,0.06926,0.14791,2.15898,886.29208
1996-11-21,0.48954,0.13242,0.02701,17.58467,390.07931,188.14703,351.82124,24,0.39216,0.46190,0.17654,0.13789,0.08978,2.06442,965.69433
1996-11-22,0.53164,0.19050,0.03326,16.81558,449.32578,179.79633,348.38409,24,0.57660,0.68237,0.35007,0.14624,0.08709,2.45481,1069.93304
1996-11-23,0.22937,0.18406,0.05266,16.11965,439.43703,186.36674,341.29476,24,0.42409,0.37876,0.34918,0.23188,0.14273,2.27554,1045.87573
1996-11-24,0.09791,0.14594,0.04655,15.31661,420.38780,186.49496,337.99498,24,0.22156,0.10196,0.31054,0.12999,0.18310,2.60759,1097.85828
1996-11-25,0.08822,0.12216,0.04965,15.16110,392.26332,187.40428,335.68432,24,0.21248,0.06624,0.22875,0.08624,0.14958,2.45619,1000.30047
1996-11-26,0.06991,0.08672,0.03285,15.31399,368.94152,186.30950,334.61169,24,0.15366,0.11067,0.21327,0.12931,0.16140,2.09806,907.92948
1996-11-27,0.04154,0.04598,0.01878,15.53278,346.05019,190.35086,332.77295,24,0.08977,0.02407,0.05261,0.01434,0.03472,2.20418,837.00667
1996-11-28,0.24324,0.07447,0.02550,15.49265,348.30935,187.33522,334.08333,24,0.12979,0.13861,0.13751,0.10083,0.07298,1.97569,853.97870
1996-11-29,0.33184,0.03243,0.01389,15.16308,375.79676,184.43829,334.13516,24,0.12265,0.21513,0.08633,0.02524,0.05405,2.14655,889.60357
1996-11-30,0.51424,0.08162,0.01024,15.68981,344.72315,180.11501,342.82133,24,0.55850,0.54713,0.04916,0.02193,0.03460,2.46247,825.83856
1996-12-01,0.78413,0.12742,0.00701,16.61430,298.08769,169.29666,353.80723,24,0.46636,0.65859,0.13351,0.07070,0.01826,2.30371,744.01184
1996-12-02,0.83767,0.17854,0.02392,17.74863,291.53350,162.99619,365.26707,24,0.95554,0.88291,0.23507,0.12007,0.07160,1.76609,756.89245
1996-12-03,0.56985,0.27398,0.06915,18.27911,254.33888,135.79052,371.79111,24,0.57458,0.76115,0.22666,0.25399,0.04431,2.23301,628.60353
1996-12-04,0.56886,0.21474,0.07358,17.52740,293.61729,150.37759,368.70880,24,0.51826,0.47911,0.46655,0.19652,0.20882,2.01815,716.26007
1996-12-05,0.38003,0.13744,0.05456,16.44231,298.34326,155.04900,364.94524,24,0.48164,0.37303,0.24565,0.10929,0.11767,2.57481,670.46775
1996-12-06,0.26501,0.06752,0.03388,15.46063,317.69223,166.15290,350.38568,24,0.31323,0.35027,0.14212,0.06266,0.09195,3.08615,683.62665
1996-12-07,0.13159,0.08756,0.03754,14.40650,369.30449,181.22411,335.93059,24,0.33170,0.08189,0.12935,0.03855,0.10768,2.94997,772.20605
1996-12-08,0.30473,0.10614,0.02876,13.53655,383.70937,183.72632,323.43949,24,0.18786,0.12594,0.17131,0.10725,0.10079,3.36002,805.85776
1996-12-09,0.15880,0.06919,0.01897,12.94137,359.74967,183.28033,315.62210,24,0.69015,0.11508,0.16878,0.06861,0.08732,3.11203,774.22275
1996-12-10,0.10595,0.04703,0.01938,13.00699,329.74737,186.53564,314.77505,24,0.20881,0.12193,0.05942,0.01081,0.03430,2.84137,756.65939
1996-12-11,0.06069,0.07818,0.03050,13.54987,328.46033,184.46622,319.89960,24,0.11325,0.02246,0.11857,0.06929,0.07349,2.84065,794.05225
1996-12-12,0.07878,0.07965,0.02505,13.85581,329.21491,179.69006,323.26297,24,0.16311,0.09778,0.18576,0.09973,0.10812,2.27720,823.94865
1996-12-13,0.04196,0.05904,0.01925,13.76477,335.57024,181.91552,323.77727,24,0.10266,0.01727,0.11844,0.07112,0.06433,2.24374,805.42054
1996-12-14,0.10908,0.11461,0.02681,13.68414,349.40385,177.43474,326.09551,24,0.09915,0.06297,0.12711,0.08538,0.04968,2.36134,844.10017
1996-12-15,0.10397,0.15089,0.02769,13.04520,364.34459,176.53533,321.08920,24,0.17937,0.11993,0.31400,0.11152,0.10774,2.29228,909.96983
1996-12-16,0.05334,0.07276,0.01956,12.30750,382.87859,179.95653,316.39220,24,0.10298,0.07905,0.18406,0.08799,0.06326,2.61330,922.18516
1996-12-17,0.04714,0.03264,0.02247,13.00284,368.91998,185.11322,319.68608,24,0.06268,0.00365,0.09255,0.00909,0.07110,2.67190,884.10110
1996-12-18,0.22312,0.03615,0.02095,13.28324,359.64750,181.06334,325.31740,24,0.31126,0.35551,0.13011,0.04056,0.09723,2.51705,899.70592
1996-12-19,0.13108,0.02878,0.01399,14.00843,308.57747,182.34149,329.68709,24,0.08907,0.26646,0.07195,0.01310,0.06072,2.19292,851.69933
1996-12-20,0.04667,0.01807,0.00991,14.12383,290.15965,181.55581,332.63021,24,0.07978,0.01939,0.05903,0.00934,0.04229,2.22309,821.32733
1996-12-21,0.11822,0.01730,0.00511,14.43073,329.87858,174.45414,338.40656,24,0.15430,0.09275,0.05466,0.00362,0.02909,2.34287,929.70102
1996-12-22,0.09006,0.02523,0.00154,13.77394,392.36241,174.47073,333.95807,24,0.15042,0.09983,0.03673,0.00000,0.00930,2.60051,1122.86845
1996-12-23,0.09014,0.04116,0.00353,13.72534,408.27712,174.73253,332.43531,24,0.11434,0.08368,0.05833,0.00916,0.00904,2.47978,1023.08805
1996-12-24,0.16593,0.02628,0.00368,13.55309,404.03617,175.49476,329.65687,24,0.14430,0.36873,0.06912,0.00730,0.01080,2.52364,1012.99651
1996-12-25,0.13293,0.04237,0.01235,13.89925,341.51587,180.47564,331.78068,24,0.06931,0.21602,0.03097,0.00731,0.02173,2.56777,894.10899
1996-12-26,0.14663,0.06534,0.01618,14.06817,339.45910,175.88276,336.78368,24,0.19513,0.17942,0.10662,0.02012,0.05521,2.31928,937.25567
1996-12-27,0.64197,0.06980,0.01816,14.23821,349.01827,172.57206,336.52167,24,0.48693,0.66358,0.12499,0.04170,0.06009,2.10946,952.31331
1996-12-28,0.31802,0.06490,0.01549,13.56382,418.40856,174.68962,327.28585,24,0.48554,0.51626,0.10648,0.05436,0.03075,2.19294,1081.83557
1996-12-29,0.05490,0.03481,0.00996,12.78718,444.37918,185.27677,319.69293,24,0.19850,0.04144,0.08646,0.02184,0.04691,2.66137,1054.80876
1996-12-30,0.07577,0.03708,0.01698,13.29205,395.31667,185.09879,323.59200,24,0.07200,0.02350,0.07827,0.02726,0.04944,2.69540,975.83339
1996-12-31,0.18405,0.02881,0.01739,13.70642,326.90540,185.16885,326.02367,24,0.16077,0.23293,0.06541,0.00737,0.06363,2.47535,828.01153
1997-01-01,0.10783,0.07173,0.02017,14.09425,329.48404,184.38186,329.04898,24,0.27876,0.14633,0.13589,0.04213,0.05062,2.48530,851.94760
1997-01-02,0.26523,0.13894,0.02432,13.92598,384.48284,180.67518,332.58561,24,0.12098,0.08919,0.23892,0.06151,0.08887,1.98392,1001.99281
1997-01-03,0.26761,0.09304,0.01680,13.14427,414.70676,175.44279,328.98275,24,0.52252,0.42790,0.23964,0.07004,0.07013,2.27835,1140.17921
1997-01-04,0.08984,0.06358,0.01606,12.53500,430.56546,183.76270,323.74351,24,0.14232,0.08130,0.12926,0.02507,0.04000,3.27098,1170.21860
1997-01-05,0.65261,0.04480,0.01277,12.20554,440.44033,175.16895,327.14470,24,0.16690,0.63714,0.12298,0.01795,0.07079,2.70618,1219.93171
1997-01-06,0.58522,0.05305,0.01275,11.88723,446.33632,175.84248,324.93966,24,0.59155,0.46941,0.08288,0.04299,0.03079,2.88779,1260.31836
1997-01-07,0.59967,0.04405,0.01285,12.26236,445.83438,178.43119,323.96504,24,0.66298,0.74452,0.11530,0.03407,0.05058,2.88477,1232.60958
1997-01-08,0.65605,0.01557,0.00544,12.38824,422.69041,188.34037,325.24698,24,0.56555,0.62889,0.04000,0.00000,0.02744,2.79579,1085.96796
1997-01-09,0.77900,0.00854,0.00329,12.97795,353.52124,147.60031,335.14325,24,0.88665,0.87076,0.02517,0.00181,0.01080,2.92397,793.12543
1997-01-10,0.25507,0.01047,0.00464,12.93607,357.23400,191.46305,321.21518,24,0.55984,0.49764,0.02511,0.00361,0.01616,2.32140,849.37201
1997-01-11,0.11813,0.01968,0.00695,12.30273,327.83533,190.42408,322.64949,24,0.15571,0.05240,0.02693,0.00180,0.02155,2.53715,791.58727
1997-01-12,0.32829,0.01606,0.00149,12.09830,287.44029,145.09686,329.31908,24,0.42703,0.64115,0.03591,0.00360,0.00359,2.55845,680.89956
1997-01-13,0.10619,0.01121,0.00060,10.96385,339.43679,193.85011,313.64443,24,0.05822,0.03545,0.01431,0.00895,0.00358,2.60788,852.36996
1997-01-14,0.11887,0.02193,0.00232,11.11546,388.58924,193.10765,317.97303,24,0.28609,0.12221,0.02335,0.01077,0.00179,3.04148,1082.17050
1997-01-15,0.25765,0.05503,0.01046,12.06988,323.05727,168.59084,338.56361,24,0.25006,0.24846,0.05392,0.00359,0.01619,3.01089,799.19907
1997-01-16,0.22752,0.24474,0.01399,13.28959,334.14529,166.85604,340.08211,24,0.32509,0.32566,0.26445,0.26641,0.06324,2.46508,811.28207
1997-01-17,0.09751,0.13847,0.00669,12.14128,447.22777,186.40321,318.94206,24,0.19427,0.10571,0.28061,0.23635,0.01077,1.80471,1016.25029
1997-01-18,0.05446,0.04080,0.00746,10.39789,459.08058,200.18301,307.65089,24,0.17961,0.05542,0.06837,0.03953,0.01633,2.57780,1114.51739
1997-01-19,0.06884,0.01494,0.00533,10.54783,370.21461,201.20542,309.48937,24,0.03728,0.02683,0.03768,0.00536,0.01267,2.99473,971.36301
1997-01-20,0.51430,0.04021,0.01163,11.91826,412.71868,176.54689,333.68407,24,0.30176,0.49566,0.03494,0.00000,0.03314,3.01684,899.80714
1997-01-21,0.59179,0.38232,0.04586,13.55450,350.49504,113.99964,349.87200,24,0.73014,0.70197,0.23967,0.31666,0.06040,2.60095,746.68312
1997-01-22,0.25416,0.39389,0.09326,11.57671,527.87234,171.95943,320.36949,24,0.52756,0.38520,0.69588,0.61742,0.29942,1.31271,899.05678
1997-01-23,0.14649,0.11956,0.01764,9.11394,593.55553,193.91745,302.74029,24,0.12905,0.19719,0.28588,0.10250,0.05787,3.16270,1312.57097
1997-01-24,0.18030,0.09097,0.00968,9.33260,499.44648,191.07395,309.88740,24,0.10630,0.21661,0.09729,0.08249,0.01622,3.09832,1180.65881
1997-01-25,0.13693,0.09026,0.01395,9.21442,513.19596,196.00091,304.88018,24,0.11262,0.13248,0.13471,0.11841,0.03417,2.96256,1150.30154
1997-01-26,0.10298,0.07225,0.01759,9.28494,469.31027,199.05476,302.21345,24,0.10910,0.16826,0.10075,0.05739,0.04506,2.91453,1115.72814
1997-01-27,0.03014,0.02372,0.00549,10.19010,396.01838,212.16483,305.88261,24,0.05856,0.03050,0.08825,0.00721,0.03074,2.77574,957.02414
1997-01-28,0.05934,0.05073,0.00614,11.40336,365.39434,208.92594,315.63399,24,0.04773,0.02740,0.05033,0.01439,0.01974,2.69911,937.50045
1997-01-29,0.09129,0.07076,0.00759,11.94359,376.23149,204.73741,316.05903,24,0.08143,0.09604,0.11155,0.03588,0.01985,2.33425,954.10893
1997-01-30,0.13173,0.09084,0.01012,11.92964,420.71019,204.49242,321.28453,24,0.11109,0.13068,0.09528,0.06635,0.02340,2.41139,1058.52003
1997-01-31,0.20494,0.24300,0.02476,13.06811,449.92808,194.38437,334.93208,24,0.13075,0.19529,0.29671,0.27263,0.04685,2.07020,1186.43633
1997-02-01,0.44171,0.49006,0.19397,14.28678,350.23700,146.32557,351.40782,24,0.36594,0.51195,0.49960,0.53246,0.17544,2.54656,812.59626
1997-02-02,0.21637,0.27187,0.10838,12.79196,389.86348,194.97858,330.10843,24,0.56326,0.19197,0.61296,0.43064,0.49723,1.62567,984.39939
1997-02-03,0.52306,0.28751,0.04851,14.13676,395.72398,168.92725,355.07172,24,0.31156,0.36842,0.12903,0.20011,0.04496,2.20792,927.69851
1997-02-04,0.63174,0.71706,0.20362,15.77547,327.91452,129.63407,367.45377,24,0.69918,0.69545,0.62770,0.77017,0.23256,1.89768,684.90323
1997-02-05,0.44773,0.59661,0.20796,15.45239,315.01845,167.81479,352.43169,24,0.72737,0.50868,0.87487,0.81639,0.66758,1.01890,730.41109
1997-02-06,0.27526,0.38742,0.10621,13.82240,401.23973,180.23690,337.88036,24,0.46298,0.31599,0.63674,0.57970,0.42680,1.28725,1010.27271
1997-02-07,0.15595,0.18599,0.03649,9.98432,535.58289,209.83735,310.22315,24,0.25735,0.17540,0.44387,0.23659,0.16298,1.92392,1270.30574
1997-02-08,0.12148,0.09684,0.01789,8.32311,599.37694,216.84062,303.91708,24,0.12519,0.12003,0.14073,0.09864,0.03238,3.98580,1466.45692
1997-02-09,0.11421,0.06019,0.00775,10.43653,501.12054,220.35712,315.99025,24,0.08085,0.07382,0.09001,0.06089,0.04884,4.15794,1191.31851
1997-02-10,0.35692,0.29277,0.01971,12.93117,367.18092,171.04957,346.10764,24,0.26694,0.45383,0.19258,0.20703,0.00539,4.06930,867.33069
1997-02-11,0.33418,0.32591,0.03036,14.23433,381.82025,185.85197,348.14829,24,0.35581,0.42991,0.54910,0.33917,0.10785,2.49819,873.50872
1997-02-12,0.19802,0.12462,0.02283,11.72575,519.41737,206.05373,327.24623,24,0.26319,0.22255,0.30592,0.13346,0.08809,2.69078,1224.78103
1997-02-13,0.12411,0.06561,0.00706,10.85724,470.44302,219.70007,317.93782,24,0.11800,0.10841,0.10511,0.03956,0.00901,3.82432,1160.18597
1997-02-14,0.10617,0.05285,0.00535,12.07873,426.81340,221.28264,323.59849,24,0.08561,0.11356,0.07742,0.03592,0.02526,3.74836,1084.57734
1997-02-15,0.04832,0.03730,0.01272,14.14900,469.97912,228.49802,333.43428,24,0.04677,0.03935,0.05185,0.03217,0.00895,3.13741,1097.92982
1997-02-16,0.14296,0.10104,0.02439,16.00589,514.06153,225.95412,345.76441,24,0.14207,0.06047,0.10890,0.06753,0.03995,2.35862,1126.14386
1997-02-17,0.21695,0.29732,0.07049,15.64439,468.38685,205.38633,352.92584,24,0.34030,0.26034,0.33305,0.29890,0.13561,2.48208,1022.48768
1997-02-18,0.12453,0.17504,0.06968,14.27116,422.82722,220.74715,345.56236,24,0.31030,0.13567,0.54568,0.18303,0.35342,2.41476,1034.86999
1997-02-19,0.34615,0.14271,0.05669,15.39383,419.19085,214.95017,355.29581,24,0.22254,0.24255,0.30423,0.09649,0.20909,2.61480,1062.12926
1997-02-20,0.33251,0.39622,0.07949,16.38799,388.50963,181.23191,357.03213,24,0.46990,0.44120,0.47637,0.57028,0.16072,1.68638,840.79299
1997-02-21,0.15654,0.21620,0.05671,14.44908,480.25046,220.42310,342.22353,24,0.33602,0.15130,0.60024,0.26756,0.26039,1.94924,1211.65955
1997-02-22,0.17294,0.08288,0.00598,12.79622,498.57689,216.48023,337.17805,24,0.19726,0.20140,0.14855,0.09409,0.04884,3.26714,1314.81940
1997-02-23,0.12440,0.05273,0.00524,12.44854,587.47245,226.27951,328.28797,24,0.13620,0.17482,0.11708,0.10894,0.01853,2.72915,1644.41593
1997-02-24,0.06126,0.00924,0.00332,11.76406,568.81361,244.67717,323.99649,24,0.01750,0.03618,0.01649,0.00180,0.00737,3.00372,1503.38699
1997-02-25,0.09902,0.00442,0.00084,13.16776,514.49106,241.41239,336.64189,24,0.01635,0.03451,0.01261,0.00179,0.00725,3.68168,1373.68244
1997-02-26,0.24400,0.05260,0.01490,14.89006,480.29884,233.11650,352.48066,24,0.09146,0.11864,0.00544,0.00903,0.00184,3.83674,1223.61009
1997-02-27,0.27321,0.25462,0.05931,17.13902,421.17931,205.47654,361.87592,24,0.39072,0.37558,0.34176,0.27071,0.11438,2.45252,937.57976
1997-02-28,0.24880,0.32038,0.08031,17.46786,421.57517,214.43511,362.10756,24,0.37386,0.30188,0.50927,0.50502,0.30713,1.57396,997.20924
1997-03-01,0.17157,0.13108,0.03543,16.67765,475.28485,230.53081,358.57034,24,0.17818,0.19302,0.35041,0.16857,0.18712,2.58431,1229.85083
1997-03-02,0.19637,0.07826,0.01935,16.74474,498.92470,231.18752,361.92222,24,0.17782,0.19070,0.18448,0.10424,0.06838,2.21786,1326.44980
1997-03-03,0.11670,0.05775,0.03315,17.63305,459.00400,238.33595,359.53181,24,0.18644,0.13641,0.15814,0.02201,0.10746,2.21256,1259.83691
1997-03-04,0.08566,0.02304,0.00904,17.67923,470.66665,242.43849,357.48624,24,0.03474,0.09865,0.07710,0.01478,0.05560,1.73717,1207.75023
1997-03-05,0.07454,0.00999,0.00230,15.90604,473.12956,255.36570,348.96042,24,0.18492,0.13497,0.03448,0.00544,0.01466,2.66960,1231.62958
1997-03-06,0.26605,0.00412,0.00106,16.19091,471.03134,252.84448,354.79146,24,0.04629,0.11898,0.00915,0.00000,0.00737,2.78564,1252.28817
1997-03-07,0.10312,0.00387,0.00030,16.54591,490.06787,246.37044,362.59442,24,0.13605,0.08226,0.01607,0.00000,0.00179,3.08060,1319.85786
1997-03-08,0.09689,0.00217,0.00015,16.80137,503.32096,250.66407,362.28647,24,0.06968,0.09575,0.00179,0.00000,0.00000,2.91948,1409.44365
1997-03-09,0.21732,0.01266,0.00687,17.36415,519.01424,248.04143,364.22911,24,0.21063,0.16577,0.01437,0.00181,0.00186,3.57577,1439.45952
1997-03-10,0.15269,0.07143,0.03377,18.70597,542.68491,249.17299,370.67082,24,0.16170,0.15158,0.05149,0.00374,0.03881,2.92659,1382.78447
1997-03-11,0.12335,0.11557,0.05709,18.67019,538.66133,249.24987,372.10640,24,0.30148,0.16863,0.32644,0.02425,0.18677,2.60533,1342.54798
1997-03-12,0.15130,0.13344,0.05216,18.72244,577.14565,249.94704,376.74467,24,0.16268,0.13086,0.23332,0.08951,0.15905,2.26084,1353.32504
1997-03-13,0.38004,0.30258,0.09886,19.99093,579.22837,246.83235,386.54179,24,0.30284,0.25001,0.43687,0.16026,0.24353,2.36724,1272.45050
1997-03-14,0.42453,0.54568,0.14693,20.35029,557.30078,224.77865,395.22658,24,0.59706,0.40199,0.80084,0.49845,0.49031,1.92971,1122.04539
1997-03-15,0.30707,0.53613,0.16252,20.82074,552.76591,220.10376,396.02652,24,0.42425,0.29512,0.82284,0.59209,0.47796,2.05501,1154.40824
1997-03-16,0.34624,0.49361,0.19780,20.45517,562.84085,222.34896,392.28815,24,0.33873,0.29481,0.73232,0.46762,0.43507,1.99368,1228.41988
1997-03-17,0.34595,0.49707,0.19636,19.61602,641.64100,233.39995,387.02462,24,0.42152,0.30104,0.72375,0.50013,0.47643,2.19225,1348.42429
1997-03-18,0.32610,0.35434,0.08797,19.25465,554.15875,234.71084,383.95220,24,0.49425,0.37110,0.64731,0.39187,0.38929,3.32146,1233.14655
1997-03-19,0.57495,0.40866,0.10318,19.31773,740.71623,237.13741,390.36389,24,0.54828,0.55014,0.47305,0.31823,0.25942,3.55040,1608.64494
1997-03-20,0.70502,0.51601,0.20207,20.26775,763.63807,191.34216,401.84731,24,0.68240,0.88665,0.71557,0.33283,0.28503,3.03822,1303.20273
1997-03-21,0.48538,0.55765,0.23577,19.78176,682.94342,211.82896,396.76980,24,0.60264,0.51853,0.52239,0.44861,0.23820,3.49207,1273.22385
1997-03-22,0.57640,0.48667,0.15569,19.15015,545.25026,224.22330,392.01735,24,0.61682,0.62082,0.67613,0.40706,0.42013,2.51774,1071.02456
1997-03-23,0.48046,0.54943,0.17412,18.55015,533.28989,222.58871,385.64505,24,0.51897,0.49364,0.56053,0.46472,0.28341,2.43915,1084.85702
1997-03-24,0.82132,0.54819,0.12336,18.97578,499.56640,217.33365,390.24606,24,0.69113,0.69771,0.84580,0.55365,0.48767,2.10595,1063.05843
1997-03-25,0.57907,0.44496,0.13162,19.14557,424.48992,193.81672,380.09348,24,0.88093,0.61178,0.68372,0.54675,0.40351,2.67912,937.45210
1997-03-26,0.41736,0.26678,0.06601,18.77263,488.50110,252.28755,373.44796,24,0.62440,0.56007,0.75581,0.33632,0.42320,1.93707,1092.45871
1997-03-27,0.29844,0.15987,0.03750,19.25043,486.82765,256.54718,374.33043,24,0.45566,0.34125,0.37593,0.16148,0.17873,2.14468,1214.67693
1997-03-28,0.21894,0.19280,0.03068,19.69181,523.22824,253.06815,381.23568,24,0.28926,0.25819,0.34287,0.24263,0.13840,2.04611,1268.97770
1997-03-29,0.59333,0.45326,0.08778,20.22856,532.43687,235.15915,392.73434,24,0.32507,0.50639,0.44633,0.46381,0.17884,2.06005,1152.42574
1997-03-30,0.85943,0.59840,0.24533,19.36559,355.76252,134.20525,395.04960,24,0.95311,0.88806,0.86214,0.66834,0.43333,1.96192,641.60306
1997-03-31,0.53776,0.64588,0.10913,18.95282,403.45144,199.66042,385.30197,24,0.66998,0.57872,0.71072,0.79841,0.45907,1.66989,910.29323
1997-10-01,0.54253,0.89305,0.19459,22.85350,324.16375,167.43589,410.92164,24,0.70220,0.73973,0.90384,0.96086,0.69992,1.21856,705.90469
1997-10-02,0.27426,0.64192,0.12034,22.66960,353.94940,215.07687,400.45853,24,0.41815,0.31209,0.87542,0.98736,0.42814,1.29381,900.18221
1997-10-03,0.16386,0.33513,0.07918,22.38711,377.97867,226.78836,393.86400,24,0.50015,0.18556,0.65742,0.62581,0.40963,1.42016,911.12338
1997-10-04,0.07254,0.13753,0.02618,22.10520,422.82051,242.26208,384.52489,24,0.21158,0.11578,0.28279,0.32903,0.15490,1.92530,971.69573
1997-10-05,0.11814,0.09491,0.02238,22.37174,418.01303,245.96906,385.48450,24,0.15150,0.07542,0.17697,0.25779,0.08565,1.90013,946.17855
1997-10-06,0.30311,0.19202,0.03893,22.73005,400.57404,241.16988,392.71992,24,0.33465,0.30900,0.16976,0.21136,0.08603,2.23857,913.58271
1997-10-07,0.46563,0.38234,0.09949,23.16193,385.39457,223.46872,402.44289,24,0.49820,0.38424,0.34370,0.40300,0.13225,2.07047,887.64488
1997-10-08,0.52133,0.57845,0.15604,23.50740,373.31714,191.31188,408.98145,24,0.70679,0.66960,0.59172,0.64747,0.25107,1.70906,800.04884
1997-10-09,0.32865,0.60897,0.12222,23.09911,355.98455,195.63379,405.81671,24,0.34746,0.38105,0.70794,0.72254,0.32816,1.55640,803.64739
1997-10-10,0.19999,0.53803,0.06874,22.78513,376.48951,215.88907,400.06470,24,0.28811,0.26002,0.62476,0.65992,0.24335,1.65738,916.33385
1997-10-11,0.18650,0.35252,0.07799,22.69870,379.29887,218.76097,394.46082,24,0.39747,0.21089,0.68089,0.37737,0.33434,1.97833,932.17006
1997-10-12,0.22240,0.24397,0.03642,22.32358,379.59234,219.93815,393.63050,24,0.39648,0.27398,0.47587,0.38868,0.23247,1.69734,983.76098
1997-10-13,0.14943,0.29762,0.03859,22.19500,382.85043,218.97503,391.20384,24,0.30810,0.14004,0.37706,0.45361,0.16460,1.69485,984.31216
1997-10-14,0.16951,0.19146,0.03460,21.71041,433.98720,224.06809,383.87491,24,0.26673,0.16715,0.44328,0.21480,0.21899,1.84854,1038.32227
1997-10-15,0.40549,0.09069,0.01274,21.13724,446.94410,217.26112,379.91362,24,0.63163,0.50057,0.19922,0.10498,0.07854,2.27157,1085.13129
1997-10-16,0.08048,0.05835,0.01083,20.93111,454.39888,227.00221,376.93841,24,0.16551,0.13724,0.13983,0.08020,0.03432,2.22255,1028.24528
1997-10-17,0.06468,0.05849,0.01807,20.75966,462.09559,232.86002,375.40255,24,0.12516,0.07913,0.13529,0.08072,0.08783,2.30981,1039.98650
1997-10-18,0.17265,0.08399,0.01199,20.77842,490.57301,228.96238,374.27378,24,0.10553,0.11101,0.09039,0.09409,0.03984,2.26589,1108.47213
1997-10-19,0.08805,0.06137,0.01676,20.33402,515.03197,227.39732,372.87300,24,0.12502,0.15095,0.13630,0.07948,0.09486,2.45341,1209.50298
1997-10-20,0.18068,0.04891,0.01925,20.25643,489.43552,225.83905,375.02840,24,0.17049,0.11819,0.09687,0.02534,0.08607,2.63470,1208.29166
1997-10-21,0.28647,0.04157,0.01054,20.52159,462.86493,223.05782,377.46887,24,0.30844,0.25082,0.07279,0.03424,0.04219,2.59380,1185.24036
1997-10-22,0.23565,0.04183,0.00890,20.76277,451.50037,220.76830,376.76900,24,0.20251,0.17055,0.10250,0.01823,0.06769,2.58157,1139.37068
1997-10-23,0.55683,0.02787,0.00666,20.62390,444.56472,209.58491,382.96820,24,0.38502,0.52493,0.10580,0.01259,0.03066,2.35490,1061.52723
1997-10-24,0.27156,0.00707,0.00337,20.06175,405.39211,204.04277,375.30301,24,0.44819,0.34355,0.04753,0.00901,0.03116,2.51764,905.59273
1997-10-25,0.12969,0.04281,0.01784,19.33181,393.04311,214.54322,367.80704,24,0.14911,0.20844,0.01288,0.00360,0.00737,3.27804,837.33967
1997-10-26,0.22979,0.03384,0.01864,18.74916,420.44487,217.85787,360.41292,24,0.23144,0.24733,0.14411,0.02161,0.10770,2.63172,983.31204
1997-10-27,0.26465,0.02599,0.01696,18.30755,420.27517,223.65131,357.48149,24,0.09031,0.28807,0.06489,0.00000,0.06489,2.77369,1078.88821
1997-10-28,0.46004,0.02182,0.01272,18.56526,444.63084,216.80122,365.08794,24,0.40544,0.25376,0.09441,0.00919,0.09079,3.20662,1208.31437
1997-10-29,0.81647,0.01632,0.00359,19.61870,425.44210,195.49683,382.50744,24,0.44742,0.85347,0.03634,0.00361,0.02372,2.87797,1127.90229
1997-10-30,0.65336,0.02389,0.00280,20.03370,368.14443,166.92417,383.15498,24,0.93687,0.75403,0.04268,0.03697,0.01287,2.86296,904.86689
1997-10-31,0.35220,0.02036,0.00487,19.79254,402.81689,204.77244,373.80760,24,0.54080,0.45263,0.03422,0.00909,0.01799,1.97608,995.98374
1997-11-01,0.16107,0.03194,0.01008,19.25261,420.51609,212.20262,364.03414,24,0.15000,0.12762,0.06128,0.01798,0.03056,2.60637,1048.33483
1997-11-02,0.09388,0.04953,0.01735,18.72133,435.99494,214.63635,358.76298,24,0.13060,0.04321,0.07819,0.02726,0.05838,2.55862,1037.25501
1997-11-03,0.35294,0.03177,0.01808,18.65325,432.83989,212.08823,359.69949,24,0.38037,0.30353,0.13916,0.01455,0.10665,2.75330,1016.01059
1997-11-04,0.44352,0.02337,0.01465,19.11526,397.14595,211.12999,365.83141,24,0.48445,0.40493,0.04768,0.00180,0.04584,2.64808,983.30003
1997-11-05,0.26442,0.03772,0.01730,19.93446,352.08074,207.58586,374.71316,24,0.29011,0.40157,0.10330,0.00181,0.08679,3.22571,993.41886
1997-11-06,0.08871,0.07168,0.02111,20.25985,356.47035,205.63572,378.00253,24,0.10599,0.07723,0.15512,0.03348,0.10702,2.50797,1006.43606
1997-11-07,0.16102,0.17319,0.03079,20.38971,364.23001,197.92494,383.19051,24,0.18139,0.20513,0.19849,0.13032,0.08119,1.86561,1012.02944
1997-11-08,0.18484,0.32278,0.03342,20.37345,370.52067,182.02244,384.40918,24,0.19815,0.21714,0.41052,0.35150,0.10146,1.87582,1035.55405
1997-11-09,0.31580,0.36600,0.05171,20.30073,356.93380,177.55878,384.48813,24,0.33570,0.24488,0.62050,0.45199,0.22321,2.01328,993.74294
1997-11-10,0.34812,0.44992,0.06282,20.48830,336.06344,169.53166,387.63820,24,0.54009,0.33902,0.52050,0.38919,0.21406,1.68873,849.69711
1997-11-11,0.37458,0.64568,0.11290,20.63978,344.53883,154.17787,388.64304,24,0.38367,0.51094,0.63326,0.74308,0.14609,1.72986,795.14507
1997-11-12,0.36923,0.45329,0.12256,20.10044,365.80151,167.86559,379.96544,24,0.35024,0.33183,0.77045,0.56815,0.34650,1.31786,869.99201
1997-11-13,0.52097,0.34021,0.07053,19.77977,341.71267,168.19908,378.82358,24,0.55205,0.58105,0.53694,0.32673,0.29841,1.75252,911.12054
1997-11-14,0.36051,0.14774,0.02384,18.93947,385.00817,182.75028,366.75321,24,0.47239,0.35431,0.40148,0.15551,0.12791,1.47286,969.19718
1997-11-15,0.34213,0.06314,0.01245,17.81020,460.76372,187.42463,357.64014,24,0.29162,0.30478,0.21108,0.02550,0.08691,2.07527,1097.02571
1997-11-16,0.87649,0.03039,0.00381,16.95051,496.03281,184.82785,355.46696,24,0.77094,0.78818,0.05595,0.00721,0.00358,2.48931,1192.23436
1997-11-17,0.64232,0.03625,0.01353,16.37605,491.75204,176.67903,349.51341,24,0.97627,0.88991,0.02916,0.01094,0.02008,2.97600,1184.13627
1997-11-18,0.40775,0.05090,0.02112,16.65865,429.61234,185.81801,352.06725,24,0.49326,0.42203,0.10759,0.02189,0.07880,2.96857,1077.16947
1997-11-19,0.69494,0.04221,0.01672,17.87155,402.65894,155.18070,368.24043,24,0.62762,0.72019,0.13211,0.00722,0.10323,2.91768,976.10987
1997-11-20,0.39968,0.15467,0.03392,18.48446,384.07076,160.88544,370.85404,24,0.79896,0.66764,0.13135,0.06634,0.06422,2.54263,938.85395
1997-11-21,0.09955,0.12351,0.04211,18.36565,441.25891,184.29163,358.93358,24,0.23412,0.21957,0.29816,0.11749,0.15282,2.03181,1039.91637
1997-11-22,0.15082,0.07366,0.02457,17.34523,395.04278,190.45964,349.03921,24,0.15729,0.04960,0.23344,0.10253,0.14532,1.88698,948.71969
1997-11-23,0.09414,0.03533,0.01256,16.86293,355.69529,189.78029,347.01112,24,0.28097,0.12470,0.09816,0.04151,0.06765,2.41369,925.08730
1997-11-24,0.11625,0.06435,0.01661,17.86453,369.18368,184.58997,362.31256,24,0.06123,0.04674,0.04315,0.00722,0.03241,2.53403,986.90424
1997-11-25,0.25073,0.17063,0.02711,19.18724,357.48182,171.50018,370.05589,24,0.21525,0.46249,0.20801,0.13888,0.07976,2.20600,918.68813
1997-11-26,0.27578,0.33697,0.03240,19.61849,321.38070,165.31778,379.37512,24,0.29983,0.38286,0.31315,0.16300,0.09190,1.87193,832.19242
1997-11-27,0.23213,0.27269,0.02580,19.41385,379.91455,157.01759,376.60448,24,0.29204,0.41767,0.60438,0.43188,0.10313,2.03251,959.74692
1997-11-28,0.30564,0.07487,0.01679,17.19460,452.06198,180.18064,355.21292,24,0.23452,0.41490,0.14955,0.07451,0.03423,1.90960,990.28611
1997-11-29,0.55282,0.02023,0.00683,15.87458,377.37213,179.62165,343.50653,24,0.43527,0.57043,0.07924,0.03063,0.05048,2.65287,832.00273
1997-11-30,0.55473,0.00292,0.00022,15.82179,348.89406,181.46234,352.47559,24,0.51620,0.28803,0.00537,0.00000,0.00000,3.57406,735.48819
1997-12-01,0.75960,0.03836,0.00257,17.32089,281.61013,142.70893,368.60774,24,0.84246,0.90793,0.00357,0.01081,0.00000,2.98146,604.03984
1997-12-02,0.34578,0.10586,0.01189,17.19018,395.18273,162.96379,363.46000,24,0.40835,0.30551,0.11188,0.15897,0.00733,1.90472,851.47665
1997-12-03,0.50631,0.04781,0.00826,16.16822,401.97521,174.84870,351.43353,24,0.24184,0.17605,0.14479,0.05262,0.03791,1.88091,957.60744
1997-12-04,0.27021,0.03960,0.01175,16.07347,372.39601,174.26888,345.93778,24,0.25600,0.41143,0.05062,0.03465,0.01988,2.31005,902.56212
1997-12-05,0.05372,0.03176,0.01527,16.02248,328.31082,182.97289,337.13428,24,0.10744,0.02081,0.09708,0.02163,0.08449,2.18181,794.44895
1997-12-06,0.37302,0.02195,0.00608,15.98725,326.03767,182.34254,337.63177,24,0.23952,0.33385,0.04136,0.01981,0.02344,2.03856,763.46956
1997-12-07,0.64959,0.02538,0.00285,15.98275,306.88776,174.78214,346.08640,24,0.38681,0.58408,0.02689,0.01440,0.01081,2.06535,788.23757
1997-12-08,0.70070,0.03165,0.00285,16.36844,318.88255,167.11631,355.86860,24,0.82108,0.65195,0.03594,0.02875,0.00541,2.31237,854.35717
1997-12-09,0.98715,0.02188,0.00218,17.01672,271.49200,86.49365,384.95190,24,0.97395,0.98226,0.02512,0.00000,0.00361,2.48646,504.07139
1997-12-10,0.89495,0.48450,0.13081,17.16398,334.19702,49.50146,386.44629,24,0.99111,0.99344,0.10029,0.34228,0.02347,3.18149,587.19493
1997-12-11,0.46296,0.68188,0.17659,16.06340,399.67273,139.25996,356.72266,24,0.66425,0.58789,0.92607,0.93183,0.52490,1.06896,773.32021
1997-12-12,0.50639,0.29157,0.06704,15.01344,442.30719,153.00124,342.95688,24,0.46499,0.39462,0.85981,0.47469,0.31632,1.84197,1015.32056
1997-12-13,0.77902,0.13067,0.02211,15.64371,345.13891,149.34583,347.20575,24,0.75464,0.87367,0.20198,0.07394,0.07001,1.81749,808.59105
1997-12-14,0.71444,0.45336,0.07336,15.88300,284.05875,95.76046,367.99480,24,0.78340,0.72662,0.12834,0.47577,0.03273,2.00005,650.19038
1997-12-15,0.28104,0.47028,0.12531,15.20711,343.05573,139.18859,345.55770,24,0.63488,0.41515,0.88855,0.78754,0.44375,1.18327,719.69987
1997-12-16,0.08678,0.12784,0.04063,13.95924,360.84146,179.11418,321.38417,24,0.18707,0.08651,0.35139,0.24569,0.16581,1.39073,784.31899
1997-12-17,0.37262,0.05328,0.01688,14.16026,348.92412,149.44583,338.34303,24,0.32011,0.43979,0.13430,0.05189,0.08217,1.76742,707.37670
1997-12-18,0.09042,0.05572,0.01581,14.18795,339.42309,173.98736,325.58365,24,0.30547,0.03889,0.08552,0.13880,0.03254,2.19173,717.73527
1997-12-19,0.16521,0.22290,0.02591,13.58475,342.29954,179.33123,323.14074,24,0.37540,0.20786,0.06164,0.12036,0.05070,1.69786,711.09177
1997-12-20,0.30614,0.35136,0.04072,13.10204,407.11873,171.45372,323.64506,24,0.25538,0.41718,0.54049,0.49578,0.08681,1.88930,892.15701
1997-12-21,0.30194,0.22943,0.03757,12.77940,444.70329,171.29383,321.18022,24,0.38143,0.24635,0.40589,0.52356,0.10646,1.91429,896.93083
1997-12-22,0.13089,0.06693,0.01765,11.94447,381.41053,182.56653,308.59087,24,0.32983,0.11794,0.25318,0.10845,0.09428,2.09312,796.24691
1997-12-23,0.12732,0.11060,0.03041,12.30621,327.07581,183.06768,310.81348,24,0.19620,0.04403,0.11589,0.13186,0.06374,1.96600,726.59765
1997-12-24,0.10251,0.13225,0.03655,12.52900,338.06796,179.33999,311.88728,24,0.18717,0.14676,0.26581,0.24550,0.11072,1.71931,765.06811
1997-12-25,0.06460,0.05598,0.02332,12.34573,360.76883,183.52996,308.93314,24,0.10249,0.04235,0.09433,0.04185,0.04513,1.86904,816.90263
1997-12-26,0.06459,0.04026,0.02474,12.83397,345.29777,185.31749,310.05150,24,0.24124,0.04757,0.07287,0.02906,0.06749,1.90427,755.10435
1997-12-27,0.16541,0.05638,0.02716,12.85009,331.92533,183.38244,317.29262,24,0.15117,0.06527,0.13881,0.13560,0.12231,1.80202,811.57681
1997-12-28,0.28087,0.03849,0.00866,13.53068,271.17866,143.98601,335.25439,24,0.50539,0.42197,0.04008,0.03646,0.02370,2.54292,648.13444
1997-12-29,0.26130,0.09118,0.02503,13.78738,277.24476,175.53771,333.01884,24,0.30181,0.23613,0.15157,0.09710,0.07611,1.75199,690.87896
1997-12-30,0.48331,0.07897,0.00740,14.60145,259.20070,157.42758,343.95378,24,0.49183,0.65557,0.09883,0.05207,0.02883,2.01979,620.74962
1997-12-31,0.39005,0.16772,0.02555,14.80243,339.58507,156.10867,346.99601,24,0.29562,0.42665,0.20615,0.25682,0.05020,1.97159,724.33796
1998-01-01,0.42461,0.12163,0.03048,13.11584,440.19949,169.74998,325.93589,24,0.38129,0.38668,0.25060,0.15450,0.12602,2.38583,860.59453
1998-01-02,0.13595,0.06745,0.01720,11.67728,378.08672,184.81828,308.83536,24,0.55667,0.09244,0.13364,0.05945,0.07242,2.06073,777.78648
1998-01-03,0.03269,0.04922,0.01289,11.48963,365.74788,190.15227,303.04504,24,0.06285,0.03802,0.10994,0.08490,0.04169,2.16820,752.04509
1998-01-04,0.62377,0.01529,0.00798,12.23229,333.79750,191.46001,310.51972,24,0.06699,0.41712,0.03426,0.00375,0.03069,1.74901,701.85002
1998-01-05,0.46721,0.13166,0.01868,12.37982,321.97004,179.34777,318.14625,24,0.71427,0.57320,0.02531,0.00365,0.02165,1.78366,722.62700
1998-01-06,0.13143,0.17486,0.02125,12.05449,354.16006,178.09586,315.77579,24,0.28550,0.21520,0.41585,0.23042,0.07874,1.93083,890.46989
1998-01-07,0.28686,0.06249,0.01809,11.87648,332.38435,184.45002,314.11856,24,0.20672,0.13340,0.13372,0.09018,0.06715,1.79217,817.08501
1998-01-08,0.39141,0.04797,0.01166,11.85701,328.53855,189.70862,314.04346,24,0.34135,0.32946,0.02335,0.01623,0.01618,1.70001,785.65101
1998-01-09,0.20892,0.08069,0.01667,12.01957,352.08735,187.08514,317.04392,24,0.34451,0.08612,0.13161,0.13061,0.05405,2.27193,797.77486
1998-01-10,0.40204,0.08415,0.01643,11.84949,344.71896,185.72579,316.58429,24,0.48373,0.23018,0.10069,0.08634,0.03414,2.29626,780.62919
1998-01-11,0.30855,0.04134,0.00771,11.76776,320.91606,186.16001,311.39898,24,0.52125,0.63379,0.06294,0.00541,0.03062,2.11235,770.62505
1998-01-12,0.16640,0.17463,0.03277,12.09092,345.90031,181.71419,323.50609,24,0.06513,0.21899,0.13540,0.15705,0.01627,1.91212,934.58755
1998-01-13,0.34250,0.26891,0.06479,14.35793,302.99770,163.71660,345.52852,24,0.21846,0.27002,0.36513,0.20644,0.17938,1.71939,796.42586
1998-01-14,0.50538,0.37475,0.10548,14.31024,294.94742,158.88409,341.96304,24,0.58617,0.57557,0.46281,0.66320,0.17704,1.06883,760.16477
1998-01-15,0.41279,0.23423,0.06647,13.01698,354.69694,176.75666,331.29133,24,0.60725,0.40553,0.44883,0.26255,0.24717,1.35412,997.05691
1998-01-16,0.26213,0.24096,0.06313,14.44889,360.09184,180.00041,340.29009,24,0.41268,0.24834,0.22038,0.18579,0.10369,1.83314,925.49920
1998-01-17,0.42383,0.31555,0.07279,14.96137,308.67533,174.84037,350.85810,24,0.32525,0.43265,0.48035,0.34472,0.21616,1.34082,817.78182
1998-01-18,0.68361,0.50046,0.12368,15.14456,241.80516,89.49584,371.73320,24,0.76247,0.73243,0.50570,0.43259,0.15814,1.81247,509.34309
1998-01-19,0.40173,0.35214,0.08924,13.55408,335.79515,146.93044,343.57408,24,0.58611,0.60004,0.70475,0.45665,0.27540,1.44071,821.09720
1998-01-20,0.38422,0.11371,0.03337,12.64055,337.10472,174.62450,337.11724,24,0.30557,0.20363,0.30678,0.09912,0.15020,1.96452,823.11173
1998-01-21,0.66609,0.35908,0.06308,13.04142,296.89254,99.15476,354.29088,24,0.70576,0.70990,0.17088,0.21984,0.05217,2.70847,602.15606
1998-01-22,0.30406,0.28131,0.11081,12.60929,362.81288,167.09611,327.73352,24,0.67445,0.37214,0.64484,0.34057,0.41408,1.23918,745.83844
1998-01-23,0.17886,0.04730,0.01083,11.53446,381.67539,203.28980,309.44021,24,0.12129,0.05463,0.18157,0.07856,0.05834,1.84321,877.28737
1998-01-24,0.35271,0.01447,0.00180,12.14671,373.66178,205.27376,314.00744,24,0.26125,0.39086,0.01967,0.00360,0.00536,2.26259,875.69114
1998-01-25,0.41565,0.01323,0.00196,12.46701,325.94674,198.34865,325.56089,24,0.14617,0.25586,0.01990,0.01087,0.01082,2.91531,791.38028
1998-01-26,0.45369,0.02286,0.00262,13.16149,307.94595,168.94789,343.16123,24,0.66664,0.34859,0.01622,0.00907,0.00365,2.65211,705.68429
1998-01-27,0.34551,0.01339,0.00105,14.12298,294.77034,196.08182,341.37843,24,0.25943,0.14537,0.06005,0.00181,0.01080,2.52227,720.48172
1998-01-28,0.38819,0.00784,0.00023,15.14074,225.46182,135.98469,349.44076,24,0.66140,0.55700,0.00000,0.02013,0.00000,3.21295,460.24720
1998-01-29,0.20221,0.05758,0.00301,15.36270,291.77160,190.83839,348.89481,24,0.12649,0.13920,0.02025,0.01443,0.00360,1.75329,716.89778
1998-01-30,0.20448,0.26503,0.02683,15.79943,338.31333,177.09921,350.94129,24,0.18338,0.35370,0.30442,0.49152,0.05669,1.57820,855.41458
1998-01-31,0.16239,0.21780,0.03191,15.24995,394.19275,193.05516,340.37842,24,0.19880,0.22020,0.41766,0.43005,0.09862,1.36694,919.00558
1998-02-01,0.22122,0.08292,0.01007,14.86826,392.21779,194.97550,337.85484,24,0.13450,0.19399,0.19639,0.08118,0.03964,1.96916,962.95216
1998-02-02,0.16342,0.04367,0.00384,14.79083,365.59857,202.42179,336.42439,24,0.19346,0.24941,0.06138,0.01796,0.01995,2.00883,944.56761
1998-02-03,0.14464,0.06227,0.01006,15.31348,377.81435,205.19727,344.42995,24,0.35014,0.07575,0.05559,0.01262,0.00894,2.17224,982.06803
1998-02-04,0.20952,0.22803,0.02129,15.73380,377.91634,195.59391,350.06794,24,0.11470,0.33041,0.17921,0.19980,0.03963,1.90090,945.46375
1998-02-05,0.21896,0.10776,0.02788,12.30339,485.96267,214.09926,322.68579,24,0.15198,0.06239,0.38782,0.12752,0.11878,1.60414,1133.52866
1998-02-06,0.75898,0.01682,0.00240,9.94251,526.34137,214.61910,319.48683,24,0.49735,0.89509,0.03973,0.00360,0.00000,3.55760,1361.99990
1998-02-07,0.60848,0.02336,0.00368,11.36213,376.56726,117.25009,346.49191,24,0.86987,0.71769,0.01616,0.00902,0.00361,4.24873,807.82209
1998-02-08,0.06731,0.02424,0.00805,11.91878,484.87449,212.16028,318.98541,24,0.14682,0.10632,0.07036,0.02581,0.02703,2.73965,1227.92035
1998-02-09,0.02471,0.00457,0.00366,11.24055,530.18703,228.06834,313.13176,24,0.03725,0.00989,0.02348,0.00000,0.01973,3.02735,1291.97886
1998-02-10,0.00995,0.00060,0.00015,11.99064,431.30330,232.67751,314.62893,24,0.01460,0.00641,0.00000,0.00000,0.00000,3.64649,1036.93524
1998-02-11,0.02119,0.00605,0.00292,12.89524,361.18223,234.18646,318.85765,24,0.05104,0.05366,0.00179,0.00000,0.00179,3.06428,926.06752
1998-02-12,0.03639,0.00740,0.00313,13.50126,416.44986,231.62898,326.45605,24,0.02779,0.00383,0.03655,0.00000,0.03298,2.81323,1150.86818
1998-02-13,0.29005,0.00578,0.00344,14.11129,404.42827,227.77186,332.69758,24,0.25560,0.33626,0.04577,0.00000,0.02945,2.75752,1138.12690
1998-02-14,0.23290,0.00940,0.00307,14.75851,416.53858,225.23603,341.82148,24,0.17058,0.12725,0.01842,0.00000,0.01662,2.53410,1171.67976
1998-02-15,0.67812,0.04922,0.00846,15.80172,466.34920,213.36612,351.17794,24,0.39356,0.83444,0.03794,0.00000,0.00742,2.05036,1272.99043
1998-02-16,0.44485,0.09131,0.00905,17.19381,455.06760,204.75762,362.58448,24,0.62302,0.57723,0.12019,0.06242,0.01267,1.83250,1060.07774
1998-02-17,0.61340,0.20748,0.04974,18.59220,428.98603,200.65993,374.50345,24,0.45640,0.50718,0.22867,0.16052,0.07308,1.73196,938.65946
1998-02-18,0.54939,0.47568,0.15838,18.97941,429.37422,178.07709,380.17666,24,0.51666,0.57014,0.38984,0.57255,0.18303,1.34194,900.72178
1998-02-19,0.48441,0.54861,0.17246,17.42238,468.33157,166.88068,375.85547,24,0.67054,0.55065,0.69277,0.56817,0.41676,1.30304,1021.18456
1998-02-20,0.38013,0.47755,0.13399,16.70208,399.72476,181.06731,366.59835,24,0.54884,0.45803,0.66799,0.65448,0.33104,2.15110,986.25709
1998-02-21,0.30131,0.19878,0.05649,15.66110,395.53486,178.19605,358.85961,24,0.40769,0.39912,0.52800,0.22839,0.36763,1.74148,1017.47816
1998-02-22,0.35659,0.04403,0.02560,15.24458,431.88279,213.18886,358.48290,24,0.22123,0.22418,0.22931,0.00187,0.14608,1.84168,1172.14000
1998-02-23,0.41307,0.03098,0.00211,15.91156,399.91593,189.86783,367.75897,24,0.49966,0.40076,0.02565,0.01654,0.00364,3.06357,932.24547
1998-02-24,0.27328,0.06191,0.01144,17.11485,409.05532,219.50647,369.60228,24,0.33285,0.28833,0.07154,0.05597,0.01089,2.31608,1066.99474
1998-02-25,0.41915,0.28615,0.04394,18.49252,373.47866,192.79417,386.67471,24,0.27850,0.47057,0.14669,0.15985,0.06873,2.66610,906.52314
1998-02-26,0.52509,0.70945,0.16337,19.90990,405.60405,159.65096,393.79547,24,0.48044,0.60234,0.80453,0.86153,0.32025,1.60091,828.80824
1998-02-27,0.29509,0.38664,0.11035,17.60366,413.04100,195.14809,371.26877,24,0.49560,0.42822,0.76271,0.45658,0.33736,1.62534,972.24695
1998-02-28,0.22718,0.10134,0.03351,15.63683,504.65022,236.45995,351.22685,24,0.24122,0.10662,0.42446,0.06243,0.24683,2.29205,1186.27974
1998-03-01,0.19497,0.00973,0.00015,14.02532,537.17828,244.78591,340.09182,24,0.31655,0.26863,0.04193,0.00187,0.00000,3.35521,1235.02524
1998-03-02,0.09171,0.01360,0.00030,13.52132,543.35481,254.27989,330.71754,24,0.10550,0.11613,0.02948,0.01498,0.00000,3.25952,1275.88005
1998-03-03,0.02402,0.00174,0.00000,13.00578,531.98523,263.13525,328.87944,24,0.00373,0.06385,0.00739,0.00000,0.00000,3.78033,1231.32295
1998-03-04,0.06062,0.00397,0.00000,14.38526,478.73802,257.58194,342.08171,24,0.01907,0.05226,0.00540,0.00000,0.00000,3.60363,1214.97804
1998-03-05,0.16861,0.01276,0.00090,16.11662,462.19922,243.87765,359.37948,24,0.10809,0.17569,0.00893,0.01308,0.00000,3.13118,1180.95148
1998-03-06,0.40865,0.03070,0.00459,17.11497,520.69753,235.94872,372.76620,24,0.13471,0.31157,0.00536,0.00000,0.00179,2.21633,1143.73542
1998-03-07,0.50732,0.49780,0.11341,17.96445,533.79115,148.09810,380.67406,24,0.57570,0.66245,0.30063,0.73091,0.07757,2.54560,1000.94556
1998-03-08,0.11230,0.15076,0.05839,13.40137,536.35802,250.10688,333.51621,24,0.34086,0.10667,0.57520,0.16819,0.26587,2.62459,1199.60119
1998-03-09,0.07101,0.01905,0.00325,12.82872,608.09232,259.07011,331.52202,24,0.10656,0.06064,0.05549,0.02430,0.01677,3.31924,1570.91030
1998-03-10,0.06563,0.02466,0.00421,14.38502,568.45036,257.97178,343.06446,24,0.07753,0.07669,0.02184,0.00745,0.00914,3.47446,1497.09459
1998-03-11,0.19927,0.22550,0.05444,17.28593,508.37517,244.75276,365.75301,24,0.14345,0.24829,0.15581,0.06708,0.05340,2.89165,1289.22212
1998-03-12,0.43904,0.20519,0.09461,18.05247,448.88730,237.50484,378.93135,24,0.37864,0.24219,0.55987,0.24293,0.38121,2.10783,1138.19450
1998-03-13,0.48394,0.30476,0.07394,18.46709,458.49210,210.20964,386.43879,24,0.60602,0.43730,0.23858,0.22360,0.10376,2.69417,1001.53481
1998-03-14,0.30099,0.40301,0.09259,18.69854,464.88889,210.15408,374.99944,24,0.55243,0.56074,0.79244,0.58912,0.30230,1.83670,1013.90416
1998-03-15,0.16355,0.05255,0.02169,14.68866,593.56015,270.51798,342.27704,24,0.16578,0.11173,0.28695,0.01104,0.17628,2.66612,1522.79765
1998-03-16,0.33428,0.00209,0.00022,14.09050,538.48748,280.20272,337.78617,24,0.16905,0.27531,0.00536,0.00000,0.00179,3.97641,1342.08085
1998-03-17,0.61994,0.00022,0.00007,14.90932,501.89813,267.86453,355.60346,24,0.81813,0.52529,0.00179,0.00000,0.00000,4.64528,1105.42186
1998-03-18,0.53024,0.00308,0.00007,16.26639,485.22483,260.94940,363.44790,24,0.59648,0.42327,0.00000,0.00000,0.00000,5.29045,1131.02082
1998-03-19,0.21269,0.00752,0.00030,17.02189,558.47840,257.69384,367.09869,24,0.49889,0.11568,0.01080,0.00543,0.00000,4.01327,1437.43555
1998-03-20,0.17692,0.01979,0.00069,17.01264,632.23891,258.70585,366.62401,24,0.09021,0.20383,0.02542,0.03731,0.00359,3.09160,1620.58769
1998-03-21,0.38481,0.08476,0.01617,18.83974,588.02151,240.77439,381.36413,24,0.37758,0.25486,0.03134,0.03714,0.00000,2.86011,1448.96489
1998-03-22,0.48908,0.46182,0.18295,20.86953,625.17108,229.46459,394.82568,24,0.48572,0.38844,0.47218,0.23847,0.12606,2.09728,1327.00343
1998-03-23,0.63849,0.69078,0.28031,20.30447,547.93076,184.68566,402.06231,24,0.72504,0.61016,0.86316,0.60624,0.54784,1.78247,883.02294
1998-03-24,0.76661,0.74168,0.27472,19.28831,510.92438,159.76595,396.51172,24,0.67244,0.68563,0.84469,0.69665,0.40161,1.77350,764.78119
1998-03-25,0.52769,0.65328,0.20681,18.98349,413.44800,175.96145,381.73304,24,0.88910,0.74282,0.86921,0.83261,0.56722,1.71216,792.47298
1998-03-26,0.14926,0.18635,0.06997,16.86462,476.23273,266.28043,354.48278,24,0.32851,0.16305,0.61441,0.20053,0.47950,1.56077,1227.42462
1998-03-27,0.06843,0.01263,0.00453,16.58531,487.76765,274.37993,352.42477,24,0.07630,0.12345,0.02018,0.01093,0.00928,3.12928,1241.22288
1998-03-28,0.11781,0.01139,0.00272,17.36671,484.75108,275.05127,359.51802,24,0.03301,0.15532,0.01449,0.00186,0.01449,2.77905,1298.92266
1998-03-29,0.63971,0.08271,0.02392,18.02890,467.16147,252.27887,376.65360,24,0.11774,0.32625,0.06584,0.06963,0.00915,3.17738,1151.40021
1998-03-30,0.80919,0.51680,0.18999,18.37517,344.54807,150.04599,388.86047,24,0.94271,0.81823,0.19603,0.44454,0.10959,2.61314,662.51398
1998-03-31,0.34222,0.35115,0.08852,17.92928,460.95879,207.35474,370.13969,24,0.75406,0.49824,0.78037,0.69905,0.53700,1.89355,891.82907
1998-10-01,0.63921,0.58630,0.07469,24.53239,338.05573,210.64893,421.12816,24,0.66576,0.32678,0.73655,0.90519,0.29975,1.49506,810.53329
1998-10-02,0.70315,0.60442,0.06780,24.48679,326.12524,197.10453,421.42115,24,0.90754,0.69210,0.66861,0.83476,0.24818,1.69317,767.69056
1998-10-03,0.71262,0.77749,0.11925,24.46532,328.17009,192.99124,421.50223,24,0.57249,0.60936,0.81117,0.94335,0.24325,1.69242,736.08495
1998-10-04,0.37638,0.49787,0.06491,24.16286,344.70140,201.65234,419.35305,24,0.70222,0.45416,0.79782,0.87037,0.30406,1.52890,824.60424
1998-10-05,0.13746,0.31522,0.03068,24.41358,372.96387,226.28407,416.19533,24,0.34889,0.13399,0.45368,0.42957,0.17647,1.96090,894.02603
1998-10-06,0.09272,0.26370,0.02905,24.79782,382.53307,230.04717,415.38190,24,0.17365,0.12351,0.41045,0.38850,0.10784,1.94403,930.64656
1998-10-07,0.21760,0.35938,0.03585,24.88065,364.92657,225.86147,417.72806,24,0.23129,0.19415,0.49580,0.28388,0.14726,1.87392,894.32197
1998-10-08,0.28327,0.43061,0.06074,25.09548,375.05452,223.48403,420.01879,24,0.27881,0.24769,0.49849,0.45754,0.15044,1.59754,928.39654
1998-10-09,0.32411,0.51126,0.06489,25.12154,341.53177,207.25437,423.17057,24,0.29513,0.35264,0.66050,0.79021,0.13266,1.97719,871.60033
1998-10-10,0.41310,0.56725,0.09749,24.98681,343.39271,198.28737,424.25886,24,0.38838,0.43359,0.56072,0.74061,0.17860,1.55995,840.91596
1998-10-11,0.32974,0.61807,0.08021,25.23265,354.30690,205.22658,425.20226,24,0.31681,0.23700,0.66873,0.75026,0.25940,1.67305,914.36048
1998-10-12,0.49491,0.64756,0.08858,25.20528,335.75779,195.01751,425.12498,24,0.47033,0.56188,0.70241,0.84218,0.25305,1.50167,806.84507
1998-10-13,0.42148,0.67973,0.13770,25.01826,367.26824,187.93871,423.84847,24,0.44713,0.46148,0.70483,0.92879,0.31608,1.42212,875.52385
1998-10-14,0.47315,0.80461,0.21414,24.61646,375.56100,181.76921,422.61893,24,0.46744,0.45311,0.79543,0.97842,0.40616,1.20421,890.48259
1998-10-15,0.78208,0.88409,0.29152,24.34805,348.19519,139.27814,424.41470,24,0.62498,0.65934,0.86425,0.99254,0.37190,0.94451,721.47861
1998-10-16,0.83380,0.96615,0.28446,24.42884,353.93630,133.67280,426.36300,24,0.85214,0.85845,0.97657,0.98544,0.51377,1.19969,630.64072
1998-10-17,0.74620,0.94975,0.20083,24.94918,358.71753,166.97464,428.84658,24,0.72434,0.52820,0.91098,0.99635,0.46461,1.14873,731.63038
1998-10-18,0.85907,0.96490,0.36383,25.18905,367.31126,143.98582,431.32124,24,0.86224,0.87109,0.97231,1.00000,0.63599,1.06060,690.56646
1998-10-19,0.92387,0.96129,0.44115,25.20066,380.51285,128.49161,432.69380,24,0.88008,0.89590,0.99073,0.99276,0.76243,1.12416,602.74232
1998-10-20,0.95371,0.95866,0.46555,24.45492,457.64273,98.78444,429.80775,24,0.96754,0.96013,0.97981,0.98362,0.62702,1.04457,607.97155
1998-10-21,0.64598,0.91410,0.27351,23.61211,501.80526,137.58176,419.27215,24,0.84853,0.65243,0.94236,0.94135,0.49843,1.58156,834.64164
1998-10-22,0.43225,0.93102,0.12046,23.57319,443.64172,162.37452,413.72769,24,0.53136,0.51944,0.97115,0.98923,0.37329,1.63791,845.37677
1998-10-23,0.31277,0.73548,0.09365,23.37176,396.33478,178.82836,406.66251,24,0.49279,0.43580,0.96034,0.89091,0.29540,1.72019,817.35784
1998-10-24,0.21381,0.57652,0.09031,23.07117,372.50861,196.16478,404.41518,24,0.39886,0.22445,0.89076,0.68329,0.36461,2.14393,873.11361
1998-10-25,0.23619,0.62860,0.06629,23.43160,364.00478,192.61727,408.00369,24,0.36893,0.28418,0.76417,0.65764,0.25286,1.97536,873.78052
1998-10-26,0.17001,0.50863,0.06180,23.49437,371.71254,192.39086,404.64900,24,0.25996,0.19679,0.76702,0.73468,0.26701,1.70786,869.50600
1998-10-27,0.17581,0.45110,0.06622,22.98058,418.45968,201.43032,396.41682,24,0.33944,0.24669,0.66163,0.38226,0.18294,1.58349,946.92738
1998-10-28,0.18719,0.34067,0.06060,21.98453,397.60591,211.07258,385.27938,24,0.26817,0.11480,0.51017,0.48935,0.26448,1.71105,917.60934
1998-10-29,0.69373,0.36256,0.07027,22.14646,329.16129,178.69046,398.48840,24,0.60243,0.47838,0.49132,0.40376,0.23514,1.98369,837.03582
1998-10-30,0.79074,0.52142,0.09461,22.16864,256.40998,111.95882,409.79601,24,0.85282,0.87849,0.44834,0.65774,0.20413,1.46376,538.59187
1998-10-31,0.53580,0.46651,0.08169,22.39573,298.92086,150.22064,406.37812,24,0.58776,0.59022,0.51119,0.51184,0.17223,1.46561,639.09580
1998-11-01,0.32367,0.24925,0.05000,22.43832,334.24277,163.98475,395.86175,24,0.59727,0.51025,0.33790,0.39542,0.15440,1.85396,688.07191
1998-11-02,0.14004,0.21121,0.05404,21.97720,372.75758,203.84356,385.29267,24,0.29806,0.17325,0.31642,0.32704,0.17363,1.51457,824.30089
1998-11-03,0.07287,0.19829,0.04941,21.49439,364.93537,207.88792,377.58290,24,0.18492,0.06573,0.32701,0.32972,0.16502,1.84607,851.32497
1998-11-04,0.08048,0.19444,0.03606,21.09357,365.06594,206.43844,377.11892,24,0.19473,0.06509,0.36042,0.35704,0.19704,2.09114,877.31766
1998-11-05,0.12843,0.11851,0.02703,20.74198,350.93533,207.63391,373.86565,24,0.15465,0.27994,0.22600,0.15089,0.09556,1.82720,882.24710
1998-11-06,0.06967,0.07154,0.02896,20.22320,347.24968,206.38137,372.55251,24,0.16117,0.05190,0.21092,0.13692,0.13817,2.24064,927.70988
1998-11-07,0.12064,0.09735,0.04019,19.81689,374.79115,201.11697,371.79313,24,0.24608,0.11985,0.18815,0.06247,0.13230,2.26451,969.19063
1998-11-08,0.14823,0.11021,0.03915,19.78419,405.15038,196.34679,371.39758,24,0.27319,0.19679,0.34471,0.15866,0.22336,2.47412,1032.62285
1998-11-09,0.33752,0.07925,0.01676,20.16797,378.59778,185.91471,380.27475,24,0.47817,0.38562,0.16207,0.07736,0.08614,2.43826,950.28825
1998-11-10,0.31596,0.20324,0.01417,20.51378,377.08809,175.47810,388.37957,24,0.32988,0.24673,0.28831,0.26855,0.03506,2.32445,933.96049
1998-11-11,0.21801,0.24717,0.02514,20.30073,373.45029,166.34284,383.52382,24,0.38807,0.33773,0.35455,0.42039,0.13433,2.44503,858.56009
1998-11-12,0.12445,0.10693,0.02441,19.94666,361.28960,197.18623,369.69399,24,0.14319,0.06063,0.17050,0.17610,0.04546,2.17937,819.64548
1998-11-13,0.15782,0.05588,0.02185,19.38062,334.06906,200.64405,363.65681,24,0.19367,0.03468,0.17919,0.02222,0.13059,2.24991,765.33506
1998-11-14,0.34743,0.04491,0.01692,19.43816,318.13845,196.87806,369.59136,24,0.28043,0.13767,0.11253,0.00932,0.07523,2.18705,765.74311
1998-11-15,0.50945,0.12414,0.01737,20.25402,320.90996,173.68297,388.11466,24,0.55145,0.44220,0.16318,0.10649,0.07177,2.22799,753.58796
1998-11-16,0.58214,0.25436,0.03506,21.17808,281.73863,157.78619,396.76231,24,0.74347,0.74614,0.29845,0.26536,0.11413,2.11342,741.21846
1998-11-17,0.23562,0.24352,0.03668,21.37003,301.63192,170.14309,396.27456,24,0.37420,0.33810,0.37947,0.27965,0.15128,1.92073,770.63291
1998-11-18,0.15308,0.20250,0.02466,21.39527,304.95647,174.56220,392.66458,24,0.23489,0.14893,0.35293,0.24756,0.11443,1.76624,779.86601
1998-11-19,0.40725,0.07662,0.00737,21.31127,340.47846,186.22367,385.37726,24,0.21602,0.37879,0.21435,0.12773,0.05507,1.64856,820.29848
1998-11-20,0.84229,0.07309,0.03225,21.65367,297.13530,136.35333,399.48245,24,0.64444,0.89162,0.05857,0.04832,0.03624,2.10986,695.00943
1998-11-21,0.92705,0.22111,0.06040,22.62276,291.56867,102.13848,412.89896,24,0.91903,0.86676,0.17987,0.22853,0.11279,2.30205,648.84650
1998-11-22,0.90876,0.53798,0.26127,21.69998,394.27663,61.36600,413.80816,24,0.99966,0.98812,0.34678,0.50686,0.20265,1.68630,501.71587
1998-11-23,0.60106,0.62896,0.24711,21.29071,432.73619,95.94635,403.31738,24,0.68345,0.70187,0.62891,0.75307,0.33228,1.28693,675.37643
1998-11-24,0.41332,0.60099,0.19497,20.93709,372.66416,142.59558,389.80581,24,0.45711,0.43622,0.59977,0.59147,0.31135,1.25907,706.19023
1998-11-25,0.22344,0.43858,0.11528,19.34530,352.11791,164.98313,367.31440,24,0.40113,0.26959,0.61112,0.51333,0.28484,1.91450,690.73297
1998-11-26,0.15282,0.27394,0.08380,17.80105,347.60460,179.09482,350.01817,24,0.29491,0.18025,0.41663,0.35245,0.24603,2.06803,732.38989
1998-11-27,0.12819,0.14601,0.07195,18.24495,340.87426,188.75164,347.95519,24,0.20261,0.15791,0.30542,0.18630,0.19225,2.14132,785.58693
1998-11-28,0.13002,0.17049,0.07623,18.43483,333.37339,188.54776,350.41663,24,0.23452,0.11317,0.25723,0.16823,0.19465,2.03567,742.15007
1998-11-29,0.09221,0.23501,0.07570,18.33243,358.57869,184.22598,348.62142,24,0.23853,0.06033,0.44371,0.35277,0.26166,2.12870,813.31670
1998-11-30,0.10914,0.24192,0.07619,17.54886,366.96710,186.37232,347.92359,24,0.24745,0.05687,0.35855,0.24091,0.22339,2.36765,826.88450
1998-12-01,0.09916,0.20103,0.05972,17.32113,368.28352,179.60854,347.11639,24,0.28449,0.12352,0.48994,0.26024,0.24858,2.03576,822.31587
1998-12-02,0.06713,0.10293,0.03306,17.16486,349.10741,182.45838,341.63920,24,0.13939,0.05233,0.21976,0.12645,0.09019,2.12384,805.83403
1998-12-03,0.03779,0.05417,0.03483,16.76235,322.16009,188.15887,335.14254,24,0.11503,0.00656,0.15766,0.05786,0.08700,1.91352,694.24498
1998-12-04,0.07040,0.12424,0.04554,16.24178,338.45528,187.09646,334.94759,24,0.19496,0.01502,0.20751,0.05118,0.15931,2.64803,680.82666
1998-12-05,0.07380,0.15223,0.03701,16.15705,343.08193,182.57815,336.80669,24,0.18701,0.07005,0.29936,0.21030,0.10610,2.62726,778.52676
1998-12-06,0.08484,0.12111,0.04408,16.47200,341.00038,183.80721,340.38876,24,0.13333,0.02189,0.27492,0.15033,0.12397,2.64795,817.95032
1998-12-07,0.32874,0.13824,0.05167,16.69962,348.30036,180.37467,345.10672,24,0.30979,0.26260,0.29237,0.13005,0.17018,2.47630,842.58088
1998-12-08,0.33310,0.15568,0.05295,16.45570,398.27003,173.48889,351.30888,24,0.58907,0.30388,0.32562,0.19551,0.17925,2.31764,968.21256
1998-12-09,0.28734,0.08255,0.03210,16.17283,445.42481,163.09617,354.98323,24,0.49456,0.31069,0.24514,0.08415,0.11205,2.33355,1141.16343
1998-12-10,0.26925,0.10828,0.04527,16.04304,476.14578,156.06378,354.52802,24,0.32771,0.30959,0.22300,0.11623,0.12117,2.57157,1151.88918
1998-12-11,0.19903,0.06878,0.03132,15.58429,513.02989,167.44487,345.87620,24,0.32409,0.22898,0.16468,0.03650,0.09886,2.73432,1188.57914
1998-12-12,0.15070,0.04890,0.01506,15.60470,504.11731,170.46539,344.02649,24,0.23589,0.17159,0.12045,0.03475,0.08066,2.72396,1157.22759
1998-12-13,0.04945,0.02995,0.01991,15.55591,418.60966,181.62192,335.24204,24,0.12306,0.01245,0.09720,0.00927,0.06429,2.59673,971.66546
1998-12-14,0.20799,0.01712,0.01571,15.65589,278.72499,183.60764,334.53639,24,0.13328,0.06573,0.09388,0.00562,0.09388,3.05244,633.69300
1998-12-15,0.27044,0.01324,0.01202,15.45193,246.97563,182.71955,334.39889,24,0.17858,0.18467,0.04781,0.00000,0.04781,2.42434,648.96520
1998-12-16,0.24675,0.01446,0.01325,15.15285,278.53351,181.46595,332.00808,24,0.44613,0.37810,0.05509,0.00000,0.04770,2.58820,717.04482
1998-12-17,0.02106,0.01242,0.00934,14.40941,335.01269,183.46405,325.31382,24,0.06871,0.01225,0.04403,0.00000,0.03681,2.80692,814.54695
1998-12-18,0.02908,0.01491,0.00565,14.11891,416.50128,182.59054,325.41270,24,0.05080,0.02252,0.02930,0.00748,0.02570,2.73783,951.93185
1998-12-19,0.02084,0.01996,0.00728,14.31951,400.49316,183.19445,324.25658,24,0.07066,0.01706,0.04600,0.01685,0.02555,2.77766,898.79933
1998-12-20,0.00804,0.01043,0.00693,14.13761,309.17494,186.02561,319.92501,24,0.03966,0.00010,0.04406,0.00000,0.02159,2.58740,672.35134
1998-12-21,0.00641,0.01243,0.01183,13.82092,270.78029,186.14577,319.22418,24,0.00897,0.00154,0.01098,0.00179,0.01098,2.75625,638.64881
1998-12-22,0.01005,0.01167,0.00859,13.64769,309.62718,186.08404,320.03896,24,0.03907,0.00018,0.04396,0.00000,0.04396,2.54765,789.35705
1998-12-23,0.01021,0.01097,0.00925,13.49300,360.37758,185.91823,318.98368,24,0.03224,0.00279,0.03645,0.00361,0.03645,2.80764,881.26943
1998-12-24,0.01002,0.01718,0.01230,13.43510,372.05519,186.55975,318.47881,24,0.03995,0.00142,0.02376,0.00903,0.02376,2.82267,870.38442
1998-12-25,0.00944,0.01606,0.01290,13.62271,376.46130,186.89641,318.43773,24,0.03452,0.00229,0.05477,0.00902,0.05477,2.80502,820.47255
1998-12-26,0.01074,0.00980,0.00836,13.62445,349.91072,187.16470,318.78238,24,0.04092,0.00008,0.03471,0.00000,0.03471,2.62722,708.37467
1998-12-27,0.00922,0.01061,0.00626,13.45466,337.04285,187.41903,318.60576,24,0.01124,0.00127,0.03892,0.00744,0.02021,2.74194,694.86382
1998-12-28,0.06194,0.01555,0.00880,13.04837,352.80935,187.12512,318.38328,24,0.02542,0.03340,0.04246,0.01480,0.03311,2.64793,787.37348
1998-12-29,0.05009,0.01564,0.01164,12.99349,354.30394,187.70144,317.75736,24,0.16618,0.02207,0.03660,0.00365,0.03473,2.59417,809.40608
1998-12-30,0.03534,0.02419,0.01162,12.67988,365.09564,186.65925,318.49681,24,0.07739,0.01840,0.04626,0.01088,0.03886,2.59903,906.94873
1998-12-31,0.02003,0.02785,0.00926,13.16112,388.09629,186.07922,317.08337,24,0.04776,0.02597,0.07500,0.01269,0.03868,2.53173,976.28271
1999-01-01,0.03538,0.02601,0.01036,13.06137,429.97130,186.87407,315.16835,24,0.04751,0.04375,0.07842,0.01998,0.05106,2.25743,969.05843
1999-01-02,0.01103,0.02331,0.01149,12.62981,399.50592,190.09308,312.83441,24,0.03710,0.00250,0.06410,0.00749,0.02536,2.69204,846.62170
1999-01-03,0.01236,0.01201,0.00882,12.83640,290.91261,192.00503,314.60337,24,0.02216,0.00090,0.05163,0.00374,0.05163,2.83825,669.01443
1999-01-04,0.12554,0.04368,0.00926,13.19274,315.78687,191.46030,320.30333,24,0.02026,0.02753,0.05161,0.00935,0.04412,2.60505,816.00008
1999-01-05,0.44366,0.06501,0.00946,13.08135,361.82435,188.65715,323.02503,24,0.51563,0.41327,0.11711,0.03353,0.03686,2.68462,941.90195
1999-01-06,0.75600,0.04504,0.00853,13.53904,340.42874,175.75053,330.89793,24,0.58661,0.59809,0.12659,0.09862,0.03323,2.94362,924.06859
1999-01-07,0.86990,0.01955,0.00337,13.95651,322.71691,158.92236,337.75313,24,0.87968,0.90901,0.04435,0.01496,0.02018,2.96537,838.88589
1999-01-08,0.20192,0.01903,0.00342,13.24177,406.63675,185.56362,327.25310,24,0.55806,0.29404,0.05521,0.00543,0.03113,2.59615,1021.36717
1999-01-09,0.19173,0.03844,0.00496,12.94327,399.78557,176.09738,329.94818,24,0.13973,0.16448,0.04884,0.02929,0.01082,2.52264,817.16606
1999-01-10,0.09853,0.08836,0.00832,12.06831,491.11118,174.96776,317.38271,24,0.15961,0.18032,0.07475,0.14543,0.00536,2.19877,959.84220
1999-01-11,0.05623,0.02999,0.01311,10.88015,435.47769,197.20578,301.66891,24,0.07066,0.02905,0.07915,0.09543,0.05034,2.43964,906.58552
1999-01-12,0.03117,0.00549,0.00273,11.30141,352.27312,198.57992,305.74142,24,0.10857,0.02651,0.00536,0.00375,0.00179,2.35364,795.57411
1999-01-13,0.00454,0.00643,0.00436,11.70292,366.33440,199.75270,310.62622,24,0.01288,0.00006,0.02939,0.00000,0.02939,2.52110,842.41948
1999-01-14,0.02036,0.00294,0.00127,11.71931,411.18621,201.28222,307.85425,24,0.00906,0.00713,0.01457,0.00000,0.00899,2.82893,889.25927
1999-01-15,0.02151,0.00354,0.00107,12.10525,387.32049,201.27340,309.20387,24,0.13453,0.01648,0.00187,0.00000,0.00187,3.05524,843.07537
1999-01-16,0.01455,0.00323,0.00203,12.33971,376.24004,203.44726,310.18830,24,0.03147,0.01246,0.01443,0.00000,0.00722,2.83991,812.66334
1999-01-17,0.01491,0.00853,0.00318,12.10029,389.65714,202.83408,310.41683,24,0.02961,0.01043,0.00913,0.00180,0.00733,2.48672,819.55266
1999-01-18,0.02267,0.01004,0.00540,11.85600,372.31002,204.52483,308.82121,24,0.04220,0.03572,0.01808,0.00375,0.01446,2.38410,793.29394
1999-01-19,0.01182,0.01743,0.00658,11.80911,372.06055,204.79697,308.71216,24,0.01996,0.00629,0.02154,0.00902,0.01434,2.41057,802.47192
1999-01-20,0.01039,0.00750,0.00404,12.44921,332.62840,205.45250,312.11235,24,0.02660,0.00330,0.03419,0.00000,0.02159,2.30295,737.40025
1999-01-21,0.00768,0.00396,0.00232,12.78082,300.13622,205.48157,315.89352,24,0.02129,0.00669,0.00360,0.00000,0.00180,2.38877,716.87154
1999-01-22,0.01025,0.00651,0.00276,12.49628,305.20125,207.38446,315.12662,24,0.01933,0.00395,0.01255,0.00361,0.01255,2.43510,735.65393
1999-01-23,0.03802,0.01050,0.00464,13.00958,287.19429,209.46157,316.74369,24,0.02525,0.00327,0.02698,0.00180,0.01617,2.66826,739.33322
1999-01-24,0.12973,0.00464,0.00254,13.39734,293.56817,208.29504,325.36807,24,0.12051,0.11895,0.01618,0.00181,0.01077,2.76081,800.26312
1999-01-25,0.11878,0.02004,0.00037,14.24143,355.00383,205.07691,333.31020,24,0.11081,0.06316,0.00718,0.00180,0.00180,2.95997,909.56448
1999-01-26,0.22903,0.04219,0.00089,12.47854,519.98111,202.92507,323.08990,24,0.17297,0.24709,0.06865,0.01622,0.00179,2.83461,1155.09964
1999-01-27,0.11540,0.02913,0.00322,12.62015,411.36808,208.83174,317.08601,24,0.08179,0.10632,0.08094,0.00541,0.00899,3.40074,936.34271
1999-01-28,0.09260,0.00635,0.00381,14.14265,315.61428,212.46624,322.57749,24,0.09260,0.17199,0.00896,0.00542,0.00538,2.61097,824.08823
1999-01-29,0.06818,0.00673,0.00313,14.31714,343.29433,212.33644,326.90536,24,0.02438,0.02224,0.01634,0.00000,0.01634,2.76609,943.45196
1999-01-30,0.07368,0.01517,0.00090,13.36300,396.96897,210.97311,323.45231,24,0.09313,0.09087,0.00719,0.00000,0.00179,2.66283,925.26788
1999-01-31,0.07103,0.00555,0.00172,11.42927,392.97164,218.09499,310.74172,24,0.05129,0.03108,0.02521,0.00000,0.00716,3.57701,895.33712
1999-02-01,0.06001,0.00397,0.00314,11.36603,369.79147,222.36846,307.74551,24,0.03641,0.01441,0.01615,0.00361,0.01256,3.39126,841.57405
1999-02-02,0.20443,0.00037,0.00037,12.58184,305.10243,222.36113,316.14220,24,0.09846,0.16551,0.00179,0.00000,0.00179,3.60196,723.80896
1999-02-03,0.27576,0.00097,0.00097,13.77681,268.10770,207.08681,333.37205,24,0.41191,0.22783,0.00360,0.00000,0.00360,3.51886,640.47425
1999-02-04,0.12329,0.00239,0.00224,15.08991,279.68412,213.64937,335.70446,24,0.38706,0.12201,0.01077,0.00000,0.01077,3.06849,639.86438
1999-02-05,0.04180,0.00537,0.00284,15.07620,335.80335,213.58190,335.16050,24,0.05017,0.09955,0.01077,0.00000,0.01077,2.87863,728.12817
1999-02-06,0.04114,0.02093,0.00480,13.99370,407.80978,221.52188,327.48778,24,0.01045,0.01805,0.00716,0.00716,0.00179,2.51036,818.73786
1999-02-07,0.01393,0.00742,0.00479,13.49055,365.21326,226.54536,321.90463,24,0.07371,0.00874,0.03773,0.00000,0.02876,3.26815,821.04242
1999-02-08,0.06338,0.00127,0.00127,14.77106,302.22789,227.49253,329.42981,24,0.02083,0.03639,0.00898,0.00000,0.00898,3.47751,761.63373
1999-02-09,0.51260,0.00222,0.00222,15.80004,292.05992,222.71029,346.60361,24,0.14759,0.43124,0.01839,0.00000,0.01839,2.83861,777.70704
1999-02-10,0.41525,0.00045,0.00045,16.47225,251.79078,171.56643,355.59091,24,0.81295,0.68421,0.00000,0.00000,0.00000,3.62046,604.39178
1999-02-11,0.01005,0.00202,0.00202,15.79602,304.62799,227.49420,342.89220,24,0.05762,0.00451,0.00718,0.00000,0.00718,2.79010,757.30157
1999-02-12,0.00799,0.00284,0.00284,16.05561,335.51709,228.26884,348.28281,24,0.01025,0.00491,0.00897,0.00000,0.00897,3.10100,824.60859
1999-02-13,0.00597,0.00291,0.00179,16.25526,364.79323,229.40272,347.73856,24,0.00973,0.00096,0.00898,0.00000,0.00718,2.95259,928.74559
1999-02-14,0.02035,0.01089,0.00052,16.42072,374.33680,230.64352,345.69098,24,0.00526,0.00838,0.00000,0.00357,0.00000,2.81557,991.93764
1999-02-15,0.01105,0.00825,0.00180,15.72383,360.48006,233.58913,340.07556,24,0.01831,0.01435,0.03784,0.00000,0.00717,2.48650,970.51381
1999-02-16,0.03247,0.00366,0.00195,15.60264,350.33646,238.21537,338.40642,24,0.01548,0.00625,0.01253,0.00000,0.00896,2.78521,924.09508
1999-02-17,0.02875,0.01121,0.00229,15.78075,361.95217,239.07160,339.69356,24,0.00522,0.04683,0.00000,0.00000,0.00000,2.89344,943.92409
1999-02-18,0.03825,0.01282,0.00207,15.56204,374.12815,235.55189,340.59066,24,0.04612,0.04632,0.03997,0.00357,0.01661,2.77516,982.26513
1999-02-19,0.15772,0.01460,0.00060,15.76474,387.92709,234.66023,345.21356,24,0.03844,0.05475,0.00714,0.00179,0.00000,2.66235,1044.49149
1999-02-20,0.69516,0.01381,0.00052,16.02391,429.93531,225.34394,351.73101,24,0.60303,0.79187,0.01429,0.00000,0.00536,2.67747,1249.23584
1999-02-21,0.34684,0.00794,0.00092,14.90352,406.55080,233.63762,344.91011,24,0.73123,0.49213,0.02688,0.00000,0.00000,2.80503,1095.53754
1999-02-22,0.02621,0.00537,0.00433,14.94153,421.55749,243.74869,342.58119,24,0.04252,0.00457,0.01288,0.00000,0.00931,3.38312,1158.68618
1999-02-23,0.04078,0.01844,0.01429,15.35485,417.38798,243.42686,343.36337,24,0.08441,0.01564,0.06658,0.00560,0.06480,2.42484,1115.95496
1999-02-24,0.06838,0.01723,0.00894,16.26572,427.77385,241.95460,352.67160,24,0.08240,0.02959,0.04043,0.02047,0.02963,3.15624,1114.03224
1999-02-25,0.12069,0.01187,0.00546,17.77232,420.37078,239.32312,363.52203,24,0.06907,0.09668,0.01997,0.00000,0.01104,2.69537,1087.96344
1999-02-26,0.07120,0.00685,0.00310,18.46099,443.26764,240.77852,370.67392,24,0.05975,0.07142,0.01988,0.00179,0.00916,2.72415,1136.04865
1999-02-27,0.01481,0.00377,0.00091,16.69489,484.75609,245.31233,362.94632,24,0.00599,0.02280,0.01446,0.00000,0.01089,3.25029,1198.91553
1999-02-28,0.01737,0.00007,0.00000,13.75431,471.00489,254.48162,344.41036,24,0.00847,0.00733,0.00000,0.00000,0.00000,4.76260,1099.49486
1999-03-01,0.04652,0.00007,0.00000,13.18463,528.27177,249.83381,345.74159,24,0.00812,0.06824,0.00000,0.00000,0.00000,5.60273,1316.34980
1999-03-02,0.00854,0.00000,0.00000,12.76351,524.84942,259.91237,332.76669,24,0.01417,0.02117,0.00000,0.00000,0.00000,5.68641,1364.05283
1999-03-03,0.00175,0.00000,0.00000,12.91138,473.47463,264.47274,332.59936,24,0.00473,0.00000,0.00000,0.00000,0.00000,5.69512,1212.34329
1999-03-04,0.00092,0.00045,0.00045,14.12354,424.09333,266.05339,337.10124,24,0.00655,0.00000,0.00538,0.00000,0.00538,4.96814,1137.44689
1999-03-05,0.00358,0.00193,0.00178,15.84588,483.61659,263.77452,347.08021,24,0.00000,0.00208,0.00000,0.00000,0.00000,4.08183,1342.05186
1999-03-06,0.01620,0.01776,0.01352,17.34126,489.59904,261.70620,357.23308,24,0.00658,0.00608,0.05205,0.00187,0.04084,3.21957,1379.55683
1999-03-07,0.06870,0.02213,0.00892,18.24206,493.48341,251.91890,366.48918,24,0.02557,0.07485,0.02220,0.03732,0.01861,3.41981,1393.59239
1999-03-08,0.05923,0.03969,0.03115,18.24845,502.50330,257.02049,367.52169,24,0.06471,0.05480,0.07775,0.01496,0.06514,3.60199,1298.97868
1999-03-09,0.01853,0.04931,0.03094,18.65374,557.94075,264.31227,368.19767,24,0.05002,0.00348,0.15812,0.02422,0.13789,3.56193,1241.67191
1999-03-10,0.03591,0.08418,0.04323,18.41539,565.84527,263.12554,370.98212,24,0.03704,0.01523,0.15654,0.08778,0.10070,3.38712,1361.54370
1999-03-11,0.07657,0.10228,0.06034,18.70563,583.05726,261.12946,374.36545,24,0.11562,0.03625,0.22452,0.08768,0.20771,3.80711,1309.15686
1999-03-12,0.13569,0.14277,0.03974,18.69003,612.43996,241.94128,380.33753,24,0.18002,0.23833,0.33575,0.14892,0.15711,4.79116,1169.54666
1999-03-13,0.17068,0.26156,0.04818,17.50205,632.34857,239.24302,378.41505,24,0.15589,0.23686,0.28126,0.32357,0.17346,4.30297,1333.11650
1999-03-14,0.07717,0.12394,0.02445,13.79984,544.57992,253.52550,355.65875,24,0.22650,0.16294,0.42401,0.18091,0.16812,5.61909,1340.13529
1999-03-15,0.01142,0.00611,0.00339,13.01198,571.81379,283.00647,338.53432,24,0.00021,0.00729,0.00561,0.00934,0.00000,5.05639,1569.30459
1999-03-16,0.04155,0.03276,0.01491,15.27770,621.26203,279.55417,349.60030,24,0.02842,0.01511,0.07030,0.03166,0.05912,5.24256,1615.04938
1999-03-17,0.12780,0.17718,0.06526,18.51736,655.78065,263.56388,369.96918,24,0.16991,0.09848,0.15019,0.04471,0.04398,4.46621,1537.09587
1999-03-18,0.21295,0.37057,0.10852,20.20401,593.93754,242.37318,391.29131,24,0.37129,0.21381,0.60033,0.27463,0.31883,3.38698,1205.84337
1999-03-19,0.11512,0.17758,0.06385,17.63546,615.80752,257.14283,371.95578,24,0.34342,0.15664,0.61010,0.15976,0.35243,3.18774,1625.84275
1999-03-20,0.00654,0.01713,0.01527,13.55578,591.07411,288.30415,341.80886,24,0.07482,0.00100,0.14422,0.00000,0.12755,4.71853,1569.51365
1999-03-21,0.00706,0.02397,0.00077,12.88812,574.19998,291.09921,340.03670,24,0.02405,0.00651,0.03730,0.04863,0.00369,6.26600,1582.42859
1999-03-22,0.01060,0.02660,0.00454,13.84037,619.68272,289.87069,347.15033,24,0.02368,0.00741,0.05960,0.02617,0.01293,6.05674,1747.66987
1999-03-23,0.03351,0.04052,0.00838,15.30549,607.01949,283.47475,358.65365,24,0.05013,0.02942,0.08339,0.02796,0.04983,6.13016,1593.50988
1999-03-24,0.08897,0.17872,0.03492,17.18183,694.11518,275.76686,371.31365,24,0.03764,0.08442,0.13756,0.10448,0.01481,5.36268,1723.69725
1999-03-25,0.23486,0.39365,0.07959,19.43603,758.94427,260.50826,385.51258,24,0.36349,0.16948,0.57516,0.28740,0.26638,4.66415,1532.96467
1999-03-26,0.51185,0.73396,0.24613,21.23406,667.52947,212.27231,406.47896,24,0.58168,0.42722,0.88082,0.50790,0.34582,2.67943,1166.99389
1999-03-27,0.35820,0.66880,0.24777,20.12550,665.05743,217.13530,391.71161,24,0.57534,0.41868,0.88117,0.61025,0.46451,1.91144,1250.92321
1999-03-28,0.18871,0.39366,0.08366,18.97373,542.53312,252.64832,376.85758,24,0.43431,0.23516,0.84353,0.38755,0.50488,2.24107,1136.76614
1999-03-29,0.10941,0.19897,0.03140,19.76208,546.45086,269.42625,379.27451,24,0.14692,0.15108,0.51205,0.26965,0.15661,2.54233,1267.96619
1999-03-30,0.20633,0.15042,0.02822,20.34663,589.19517,260.29963,390.54522,24,0.18477,0.18988,0.28788,0.05221,0.19116,2.78219,1400.37897
1999-03-31,0.29376,0.29220,0.02717,21.37369,604.90732,242.86497,401.70815,24,0.31597,0.29972,0.32338,0.26395,0.04815,3.12406,1329.31648
1999-10-01,0.53327,0.70066,0.10360,24.06449,344.14087,206.74051,417.29316,24,0.71438,0.43304,0.82461,0.94231,0.35901,1.59774,861.06992
1999-10-02,0.31807,0.62362,0.07601,24.01903,347.46583,215.86954,414.42970,24,0.49335,0.34332,0.78251,0.87046,0.29552,1.45679,852.96843
1999-10-03,0.48160,0.62227,0.09214,23.91903,355.57481,219.56962,415.59808,24,0.41412,0.25499,0.61340,0.74312,0.23363,1.34107,912.38722
1999-10-04,0.73230,0.91121,0.19650,23.99031,356.52329,188.92427,419.35511,24,0.61044,0.67435,0.79354,1.00000,0.38743,1.08798,836.96794
1999-10-05,0.68903,0.93270,0.26138,23.69570,364.62996,169.83971,419.28147,24,0.72611,0.59135,0.96842,0.95909,0.39589,1.27747,739.30681
1999-10-06,0.78925,0.92609,0.20528,23.83481,361.33216,168.46816,419.60897,24,0.74009,0.71661,0.93937,0.88856,0.43474,1.28050,691.03357
1999-10-07,0.73269,0.94592,0.30404,24.07350,385.07721,159.12200,422.00980,24,0.84019,0.72088,0.98163,0.98346,0.51846,1.13132,733.94945
1999-10-08,0.64537,0.93923,0.30384,24.30667,381.21139,154.87702,422.64712,24,0.82660,0.71266,0.99631,0.99440,0.62107,1.20363,747.05320
1999-10-09,0.61011,0.71233,0.19768,23.97652,375.67922,170.27892,414.38540,24,0.63422,0.62139,0.88983,0.86318,0.40817,1.18525,788.23966
1999-10-10,0.34582,0.41171,0.09954,23.52457,369.77129,204.68652,403.78110,24,0.56631,0.36756,0.68078,0.51306,0.34374,1.41323,956.27861
1999-10-11,0.31650,0.30836,0.06794,23.08130,379.37990,212.81868,401.13271,24,0.44398,0.34910,0.39127,0.29141,0.18728,2.17715,985.65410
1999-10-12,0.42952,0.42052,0.07589,22.93660,395.25986,202.53836,403.43151,24,0.37645,0.53726,0.35542,0.39618,0.13824,1.94262,972.54599
1999-10-13,0.66363,0.66285,0.12366,23.30515,346.16738,168.21899,411.15698,24,0.57898,0.63970,0.56724,0.71023,0.16423,1.68948,861.07346
1999-10-14,0.64434,0.68422,0.12304,23.60485,296.40599,160.93855,413.94873,24,0.70140,0.68434,0.81360,0.92690,0.32100,1.13099,689.23923
1999-10-15,0.45012,0.40743,0.07919,23.85359,341.12158,202.51858,411.22124,24,0.52894,0.27034,0.64851,0.63060,0.35209,1.30988,820.50151
1999-10-16,0.87656,0.37807,0.08198,23.91442,326.73988,165.96746,419.20302,24,0.67644,0.81098,0.28841,0.53567,0.14509,1.57202,781.33359
1999-10-17,0.98943,0.53855,0.26963,23.39654,399.33718,78.89864,423.25513,24,0.99268,0.97786,0.32828,0.56334,0.18194,1.08624,622.57228
1999-10-18,0.98233,0.77057,0.39852,23.07600,509.78386,68.46327,423.58772,24,0.96240,0.98622,0.60232,0.78588,0.39730,1.08842,588.38613
1999-10-19,0.89587,0.83670,0.42606,23.48950,441.54452,93.91517,423.45559,24,0.99011,0.92645,0.75225,0.88655,0.47487,0.95501,671.59429
1999-10-20,0.77155,0.88637,0.33749,23.29617,252.55263,112.89265,419.64469,24,0.89121,0.85228,0.78706,0.95833,0.36602,1.16506,497.64504
1999-10-21,0.64677,0.86773,0.21391,23.12741,277.70203,136.03908,415.46435,24,0.75591,0.72043,0.94271,0.90316,0.58958,0.99107,603.44047
1999-10-22,0.64061,0.76531,0.17515,23.22214,296.25465,153.47432,411.42672,24,0.63359,0.70142,0.86122,0.94913,0.38420,1.08762,717.36951
1999-10-23,0.41929,0.60100,0.17744,23.43729,299.56414,171.73024,406.83020,24,0.56030,0.43185,0.69039,0.81697,0.38136,1.04853,740.65924
1999-10-24,0.32011,0.45614,0.09961,23.34134,326.96872,197.19859,399.98238,24,0.56166,0.29777,0.70577,0.82935,0.39248,1.30930,803.57716
1999-10-25,0.19330,0.18621,0.05042,22.57300,379.01792,214.97552,385.26110,24,0.42359,0.23276,0.46887,0.28105,0.21622,1.54035,809.41230
1999-10-26,0.26393,0.07848,0.03979,22.17219,383.45328,223.24417,378.95597,24,0.27996,0.13195,0.14269,0.08659,0.13716,1.87959,773.23640
1999-10-27,0.65191,0.15285,0.03413,23.05661,340.80397,198.62522,395.50557,24,0.57004,0.52842,0.10511,0.05385,0.08455,1.91041,721.11841
1999-10-28,0.76119,0.46421,0.14105,23.39186,429.33961,151.78234,411.81649,24,0.71087,0.69074,0.26289,0.44046,0.14921,1.54263,803.78629
1999-10-29,0.95058,0.80293,0.18187,23.53881,462.28617,130.86536,415.87337,24,0.96284,0.90448,0.64782,0.88637,0.25848,1.47491,810.96129
1999-10-30,0.87919,0.85728,0.16508,23.02011,430.42255,139.05897,412.57509,24,0.96999,0.89013,0.94359,0.92471,0.40981,1.31729,757.31785
1999-10-31,0.53811,0.76701,0.10099,23.23328,359.52230,142.38034,409.05843,24,0.73421,0.64441,0.78451,0.87982,0.27310,1.61834,738.55066
1999-11-01,0.36913,0.76979,0.11888,23.36749,305.33272,165.00815,406.80827,24,0.41160,0.37471,0.70396,0.92821,0.18569,1.38007,783.63545
1999-11-02,0.41926,0.82609,0.18818,22.75562,300.72002,167.13773,405.41917,24,0.51623,0.49759,0.80235,0.94111,0.37101,1.20684,718.26424
1999-11-03,0.30216,0.73878,0.16512,22.47305,321.46036,169.21070,400.24482,24,0.35695,0.32684,0.81283,0.98182,0.45416,1.19305,782.62859
1999-11-04,0.19146,0.63563,0.11903,22.24449,327.85200,179.51996,393.49600,24,0.29880,0.25527,0.84855,0.90393,0.41791,1.39667,770.10804
1999-11-05,0.10883,0.34379,0.06581,21.70495,394.02846,193.93671,380.70324,24,0.24775,0.13612,0.70416,0.62835,0.31842,1.33122,876.22185
1999-11-06,0.08907,0.20649,0.05032,21.10863,406.90581,205.46364,370.64724,24,0.17125,0.07189,0.27021,0.32992,0.16835,1.84264,886.96230
1999-11-07,0.10401,0.22956,0.05736,20.48845,421.93600,204.09767,367.81500,24,0.19318,0.14566,0.35648,0.39674,0.19070,2.14042,932.02486
1999-11-08,0.08828,0.18048,0.05483,19.90709,432.47550,203.11464,363.26533,24,0.23820,0.09677,0.33080,0.31161,0.21223,2.17393,1004.71337
1999-11-09,0.11999,0.17974,0.04855,18.59768,466.31222,203.37409,357.97565,24,0.22725,0.08624,0.30215,0.21742,0.19053,2.20619,1017.07077
1999-11-10,0.06765,0.13074,0.04191,17.49883,434.30969,205.96794,348.14487,24,0.15043,0.05073,0.24888,0.12797,0.12493,3.06984,980.90302
1999-11-11,0.07893,0.17631,0.05051,17.38058,423.37951,204.56813,345.62089,24,0.17675,0.06194,0.23910,0.23030,0.17581,2.71416,959.61980
1999-11-12,0.06562,0.17024,0.04830,17.28071,407.20752,204.15216,343.11749,24,0.17044,0.04474,0.37184,0.21828,0.14430,2.39251,925.06029
1999-11-13,0.07370,0.11698,0.05785,17.20410,427.26152,202.83744,343.16100,24,0.14522,0.03913,0.26420,0.17215,0.16090,2.44890,955.20929
1999-11-14,0.09234,0.12796,0.07795,16.98627,411.67928,201.74404,344.58515,24,0.23441,0.03795,0.26403,0.07420,0.21689,2.46745,953.14304
1999-11-15,0.10376,0.14077,0.08367,17.04291,398.33890,199.66655,347.51511,24,0.33627,0.04114,0.38101,0.09080,0.31720,2.65240,1015.22352
1999-11-16,0.13565,0.16683,0.06847,17.55347,407.85113,192.23020,355.10295,24,0.29753,0.11945,0.36028,0.11453,0.24404,2.35139,1139.31901
1999-11-17,0.17766,0.19073,0.05759,18.07500,379.46202,181.77583,360.60459,24,0.27470,0.21271,0.43466,0.13239,0.20930,2.38399,1121.02955
1999-11-18,0.20153,0.15659,0.03820,17.65105,403.51923,178.63400,358.63357,24,0.27718,0.23390,0.30850,0.15000,0.14861,1.91864,1128.75896
1999-11-19,0.24238,0.14742,0.02894,17.05892,493.94703,175.16498,356.25936,24,0.28873,0.24018,0.28507,0.11893,0.09187,2.66295,1280.42946
1999-11-20,0.40067,0.12200,0.03129,15.73525,580.59939,175.75857,350.95185,24,0.29621,0.40983,0.22723,0.08817,0.10930,3.02256,1448.56014
1999-11-21,0.41554,0.08186,0.03253,15.40114,602.82812,179.41039,343.51906,24,0.35703,0.25437,0.22225,0.06485,0.08783,3.91264,1410.24285
1999-11-22,0.41156,0.03011,0.01935,15.89016,439.64980,193.58780,339.17314,24,0.62384,0.36313,0.11716,0.03289,0.11537,3.20669,970.68434
1999-11-23,0.59748,0.03170,0.01454,16.04063,377.25804,188.93620,342.26126,24,0.71824,0.82629,0.08263,0.04635,0.04760,2.65836,851.14808
1999-11-24,0.19835,0.04224,0.03408,16.00163,356.37668,192.07131,340.03053,24,0.59329,0.20217,0.10430,0.00919,0.08396,2.24638,839.93253
1999-11-25,0.04610,0.06767,0.03755,16.24227,333.11756,192.71924,341.04832,24,0.19230,0.00694,0.17406,0.03812,0.17033,2.46674,831.30928
1999-11-26,0.15366,0.12779,0.03611,16.35073,374.71500,186.68721,346.90386,24,0.16059,0.06465,0.20884,0.07612,0.11944,2.58600,961.37164
1999-11-27,0.10422,0.12238,0.03084,16.20796,412.08644,184.65352,341.68423,24,0.17007,0.10668,0.26441,0.11454,0.10961,2.49343,1028.39080
1999-11-28,0.07674,0.07627,0.03215,16.28520,411.11226,188.81413,338.63222,24,0.17637,0.05055,0.17066,0.04944,0.12524,2.36393,981.92834
1999-11-29,0.04389,0.06602,0.03396,16.15256,399.14114,187.07009,339.39763,24,0.13392,0.05354,0.21296,0.10494,0.13630,2.31671,984.32135
1999-11-30,0.04775,0.09670,0.02999,16.39385,355.71131,187.94907,343.21546,24,0.11579,0.01665,0.12362,0.07045,0.10489,2.58572,939.63999
1999-12-01,0.07754,0.09589,0.03505,16.39262,362.77156,182.61670,345.38141,24,0.17947,0.08228,0.28108,0.08348,0.13057,2.59265,1057.16506
1999-12-02,0.10622,0.08401,0.04740,15.98088,384.98048,179.30596,347.10662,24,0.19751,0.09373,0.24029,0.08170,0.16789,2.41731,1081.59843
1999-12-03,0.06813,0.05323,0.04518,15.68486,377.87782,181.48836,341.59033,24,0.19548,0.06369,0.20453,0.02404,0.16424,2.41264,1080.08229
1999-12-04,0.04402,0.02937,0.02200,15.55849,383.59855,183.84441,337.99598,24,0.07149,0.05332,0.07915,0.00181,0.07180,2.76205,1085.64623
1999-12-05,0.03699,0.03439,0.02006,15.45081,410.25541,182.98363,336.75491,24,0.06059,0.04193,0.09708,0.00187,0.07721,2.71387,1097.76614
1999-12-06,0.02676,0.02949,0.01754,15.16675,394.16606,184.92940,333.36357,24,0.06515,0.02035,0.07530,0.00360,0.05350,2.69054,1067.14686
1999-12-07,0.07453,0.02660,0.01501,15.14305,352.40698,183.95163,337.72406,24,0.09205,0.02901,0.05311,0.00721,0.04954,2.67218,1022.22224
1999-12-08,0.31894,0.03053,0.00478,15.77221,311.53495,149.20349,361.74700,24,0.22667,0.28751,0.05340,0.02431,0.02568,2.63995,882.75881
1999-12-09,0.52107,0.21788,0.07878,17.02199,305.75996,116.75778,373.41874,24,0.47855,0.54872,0.07423,0.21677,0.01652,2.33359,729.54054
1999-12-10,0.46103,0.31795,0.05827,17.52102,322.98802,127.85833,373.48814,24,0.53663,0.50730,0.34124,0.35121,0.13625,1.91799,709.86018
1999-12-11,0.32509,0.33576,0.08352,16.97873,358.91688,137.28814,362.91614,24,0.44460,0.35643,0.34339,0.38814,0.05719,2.32513,747.79849
1999-12-12,0.23365,0.23375,0.07704,16.71820,356.88384,167.63500,349.30735,24,0.32232,0.25534,0.33855,0.35384,0.20692,2.02775,848.72368
1999-12-13,0.14092,0.12982,0.04817,15.96393,374.66483,175.13057,340.60836,24,0.21999,0.28057,0.27183,0.11189,0.13829,2.45010,922.48477
1999-12-14,0.06508,0.08214,0.04159,14.79592,367.94948,181.74106,329.02537,24,0.15430,0.02655,0.21542,0.03109,0.12368,2.48890,858.16903
1999-12-15,0.04495,0.06889,0.02625,13.78042,366.07310,183.04901,321.67964,24,0.15724,0.03099,0.18189,0.05109,0.15115,2.70174,887.31641
1999-12-16,0.02284,0.04296,0.01455,13.55954,405.05893,183.80762,317.93436,24,0.03553,0.04233,0.12067,0.04685,0.01628,3.16232,914.19967
1999-12-17,0.01690,0.02591,0.02524,14.20761,341.97859,185.76786,320.75342,24,0.04307,0.00120,0.08409,0.00000,0.08231,3.41020,756.42000
1999-12-18,0.03319,0.03161,0.03094,14.78686,253.97597,185.60334,323.30709,24,0.05598,0.00004,0.06642,0.00000,0.06642,2.24514,630.23817
1999-12-19,0.03296,0.02906,0.02809,14.70486,258.22027,184.31845,323.57342,24,0.14157,0.00177,0.11419,0.00000,0.11419,2.13031,738.78838
1999-12-20,0.04214,0.03200,0.01733,13.93207,293.59106,183.52941,323.04075,24,0.11940,0.01174,0.06243,0.01625,0.06065,1.98022,864.41361
1999-12-21,0.07588,0.05439,0.03097,13.85342,334.91635,179.17925,325.34226,24,0.12746,0.03304,0.16414,0.01438,0.12104,2.32809,987.75541
1999-12-22,0.08672,0.04675,0.02968,13.64444,337.45496,177.67348,327.37922,24,0.15283,0.04887,0.13243,0.01281,0.11450,2.52457,971.41697
1999-12-23,0.12388,0.06953,0.03239,13.82501,385.28359,173.72706,333.25064,24,0.15996,0.10376,0.14555,0.00185,0.12184,2.65115,1075.72020
1999-12-24,0.24890,0.13496,0.03296,14.09557,432.84786,161.41255,342.74632,24,0.27557,0.23922,0.21458,0.04039,0.12914,2.80478,1155.91314
1999-12-25,0.27153,0.13016,0.01982,13.75655,415.62939,156.84103,343.62544,24,0.33455,0.25292,0.24208,0.10252,0.08238,2.69153,1133.52276
1999-12-26,0.28364,0.12992,0.01258,13.59343,392.85129,161.57021,341.86625,24,0.30288,0.22001,0.17530,0.11491,0.06252,2.70686,1103.35819
1999-12-27,0.33717,0.11550,0.02157,13.78608,400.15025,160.53535,341.86735,24,0.28254,0.40025,0.18636,0.07923,0.04973,2.49906,1101.75191
1999-12-28,0.12107,0.07210,0.02017,13.72191,400.61526,168.94251,331.46974,24,0.29364,0.16647,0.25544,0.05718,0.10142,2.44475,1068.08446
1999-12-29,0.08560,0.03624,0.01517,13.17906,397.75997,181.73427,324.06331,24,0.04128,0.04771,0.05408,0.02222,0.00543,2.62376,989.81913
1999-12-30,0.11930,0.04753,0.01627,12.74665,428.44964,176.04015,325.58198,24,0.07149,0.11369,0.06996,0.02764,0.06077,2.61758,1095.07787
1999-12-31,0.05149,0.02135,0.01264,12.73207,464.23560,183.88109,317.69054,24,0.11999,0.06047,0.07446,0.01094,0.03310,2.59901,1066.27348
2000-01-01,0.01525,0.01604,0.01402,12.65476,396.01023,189.89304,313.16700,24,0.06125,0.00189,0.06995,0.00000,0.06995,2.32693,884.93631
2000-01-02,0.01706,0.01768,0.01716,12.77767,348.93192,191.11392,313.29921,24,0.06058,0.00081,0.05881,0.00000,0.05703,2.44932,775.72699
2000-01-03,0.02093,0.01615,0.01345,12.48438,345.41197,191.76150,312.63500,24,0.09439,0.00051,0.06420,0.00179,0.05884,2.36713,751.22044
2000-01-04,0.01953,0.01395,0.01067,12.08773,349.48886,192.18187,310.64977,24,0.07812,0.00216,0.03259,0.00359,0.03081,2.42551,769.07989
2000-01-05,0.27425,0.01577,0.01214,12.10237,347.04337,192.20896,309.23354,24,0.08450,0.24539,0.06184,0.00000,0.05827,2.22172,757.17600
2000-01-06,0.21493,0.01685,0.01000,11.57932,365.25169,193.03606,310.19536,24,0.32156,0.21433,0.04770,0.00000,0.04770,2.46573,774.71753
2000-01-07,0.09274,0.01529,0.00464,11.02052,380.63534,191.76213,305.01179,24,0.18522,0.12688,0.01444,0.04031,0.00897,2.36746,837.73929
2000-01-08,0.09210,0.03869,0.01291,11.09333,351.35110,192.47909,307.84464,24,0.07919,0.06064,0.04923,0.02163,0.02880,2.31407,794.01120
2000-01-09,0.12006,0.05030,0.01234,11.38941,353.45868,187.47427,314.12625,24,0.24746,0.11915,0.11679,0.05277,0.06617,2.33667,883.29876
2000-01-10,0.08312,0.05185,0.00655,12.20325,331.16059,187.42740,319.18380,24,0.14358,0.04195,0.06125,0.03438,0.02337,2.51478,842.32878
2000-01-11,0.06032,0.05302,0.00516,13.25395,282.97435,189.64307,323.63565,24,0.06975,0.04673,0.07933,0.02875,0.02542,2.35865,715.15306
2000-01-12,0.05668,0.04952,0.00600,13.91964,273.24436,190.48974,326.40256,24,0.07769,0.05724,0.06121,0.02512,0.01107,2.14501,745.29423
2000-01-13,0.10004,0.05651,0.01744,14.76335,249.33973,180.30969,333.02221,24,0.12317,0.13905,0.06726,0.01430,0.02778,1.79680,662.84659
2000-01-14,0.09944,0.14560,0.04184,15.70913,280.14614,181.24104,340.68150,24,0.14102,0.11288,0.15964,0.11153,0.07692,1.88229,663.17912
2000-01-15,0.18089,0.12577,0.05983,15.31255,284.31840,191.20470,340.51736,24,0.24506,0.04624,0.40780,0.20298,0.25250,1.40353,781.28958
2000-01-16,0.14294,0.08558,0.01902,14.83835,300.91645,174.53300,346.19356,24,0.27561,0.17521,0.13847,0.10131,0.07913,2.28561,718.28418
2000-01-17,0.04382,0.06647,0.01493,11.76793,459.06970,197.59754,313.96114,24,0.08223,0.04045,0.12635,0.06484,0.03054,2.08634,979.68622
2000-01-18,0.01612,0.02692,0.00683,9.81655,380.84114,205.38786,302.40458,24,0.04744,0.00931,0.07736,0.02345,0.03246,3.34074,799.07712
2000-01-19,0.05339,0.03296,0.00519,11.28646,365.94627,201.43145,314.12094,24,0.02541,0.01801,0.02877,0.01077,0.01263,3.06924,864.24800
2000-01-20,0.11820,0.15580,0.01862,13.10064,440.94220,187.81352,325.20952,24,0.08951,0.16049,0.08843,0.08977,0.02720,2.92465,1110.81194
2000-01-21,0.23518,0.37901,0.06851,14.94292,413.47930,179.96271,341.92406,24,0.18743,0.22093,0.46524,0.37113,0.13526,2.25728,987.47763
2000-01-22,0.28000,0.43674,0.11844,15.74619,359.18965,168.47783,349.73462,24,0.45735,0.34362,0.65691,0.53577,0.37839,2.19289,792.29710
2000-01-23,0.41696,0.65480,0.14043,16.04820,362.14469,152.30607,359.80987,24,0.42730,0.52438,0.62555,0.69094,0.29196,2.03696,793.18128
2000-01-24,0.24855,0.39254,0.09443,15.45738,344.60933,165.57722,345.97719,24,0.53945,0.35373,0.82871,0.64687,0.49381,1.32777,775.15690
2000-01-25,0.07330,0.07220,0.02705,13.82912,448.06580,197.85069,324.17850,24,0.17017,0.08339,0.22711,0.13175,0.11525,1.89555,1043.37359
2000-01-26,0.00997,0.00384,0.00204,12.86170,403.71487,211.24629,314.64069,24,0.05415,0.00302,0.01260,0.00000,0.00182,2.94671,961.55086
2000-01-27,0.04522,0.00398,0.00114,13.16381,321.75562,211.81191,319.48736,24,0.00492,0.00372,0.00180,0.00180,0.00180,3.12079,876.36364
2000-01-28,0.15918,0.02325,0.00367,13.96873,357.64446,198.75339,333.64625,24,0.06374,0.09305,0.01455,0.00360,0.01276,2.92576,912.32097
2000-01-29,0.31171,0.27392,0.07561,13.97267,413.43701,171.62252,337.31757,24,0.37754,0.36761,0.07400,0.35103,0.01466,2.19168,882.73040
2000-01-30,0.17783,0.18780,0.06614,12.51425,453.58290,195.85422,323.88156,24,0.32445,0.23571,0.52440,0.27417,0.29967,2.27143,1087.64838
2000-01-31,0.08384,0.04849,0.00778,12.60617,461.38990,203.77793,322.00921,24,0.09123,0.11118,0.11801,0.02737,0.02170,2.53075,1185.65050
2000-02-01,0.12047,0.02239,0.00949,12.93037,441.89524,208.98582,325.54973,24,0.06201,0.05883,0.05284,0.00000,0.03492,2.82911,1128.86049
2000-02-02,0.38348,0.19690,0.02885,14.56517,421.96013,166.75874,346.68626,24,0.44426,0.36191,0.10584,0.08742,0.07879,2.52941,832.09337
2000-02-03,0.42436,0.55807,0.06058,16.21274,375.64019,161.57300,361.18214,24,0.53820,0.48070,0.63107,0.61039,0.09824,1.83736,831.94002
2000-02-04,0.33340,0.50726,0.09730,16.58185,349.75949,168.08530,358.43041,24,0.51462,0.43052,0.84119,0.66451,0.33343,1.54771,851.37184
2000-02-05,0.50440,0.46491,0.07481,16.72101,360.24457,167.18884,365.56030,24,0.55257,0.56445,0.57601,0.50368,0.18867,1.48993,760.03058
2000-02-06,0.51154,0.39989,0.08379,16.46961,351.17806,141.81393,365.15239,24,0.59983,0.52137,0.43506,0.46558,0.15936,1.81974,704.21693
2000-02-07,0.44417,0.44952,0.08614,16.34858,322.45203,136.74513,358.93105,24,0.68689,0.56111,0.57969,0.49194,0.22826,1.59490,673.98442
2000-02-08,0.20309,0.24664,0.07993,15.10313,393.15303,194.77820,339.52920,24,0.47723,0.23075,0.66884,0.43458,0.38394,1.22047,884.12386
2000-02-09,0.20755,0.14202,0.01391,13.68947,431.48069,202.00350,337.52846,24,0.15031,0.18185,0.12004,0.10221,0.03092,2.00152,1080.41490
2000-02-10,0.15339,0.16984,0.03148,13.47889,404.62442,196.00217,335.76649,24,0.32933,0.25444,0.33061,0.25266,0.11132,2.11837,1081.46403
2000-02-11,0.32698,0.05697,0.00668,13.44130,412.15964,220.96150,341.99110,24,0.05279,0.08620,0.13002,0.09617,0.05267,2.31865,1034.62578
2000-02-12,0.40622,0.15841,0.00590,14.40370,277.84150,135.88450,360.00541,24,0.68957,0.56259,0.09298,0.14642,0.00184,3.02762,621.69098
2000-02-13,0.26473,0.06633,0.00255,14.92112,358.74566,186.61151,351.93050,24,0.27576,0.32872,0.26589,0.07213,0.01464,2.89910,719.58471
2000-02-14,0.32621,0.01256,0.00364,14.10606,398.28381,164.28606,347.50925,24,0.36023,0.43217,0.01079,0.00000,0.00181,2.58051,711.34377
2000-02-15,0.02409,0.01839,0.00673,11.35649,479.20845,235.33310,312.89894,24,0.09561,0.01539,0.05976,0.02542,0.03992,3.77546,945.47801
2000-02-16,0.05057,0.00254,0.00142,11.36417,380.58705,242.90410,308.12191,24,0.01175,0.07422,0.01079,0.00000,0.00720,3.65894,839.66574
2000-02-17,0.14968,0.02823,0.00092,13.02856,420.88984,235.47482,329.00732,24,0.03020,0.03388,0.00357,0.02979,0.00000,3.08752,1073.01070
2000-02-18,0.34196,0.11962,0.02384,13.12301,433.41550,170.13697,342.29578,24,0.48196,0.46592,0.20386,0.15078,0.02219,3.03096,1012.84064
2000-02-19,0.15772,0.03749,0.02408,10.51347,490.17864,228.74773,318.69869,24,0.29547,0.11248,0.23389,0.00183,0.14563,2.45741,1256.25291
2000-02-20,0.29611,0.00022,0.00000,10.04703,536.05173,230.68976,324.37301,24,0.07864,0.12923,0.00000,0.00000,0.00000,4.17106,1462.99386
2000-02-21,0.45578,0.00061,0.00008,11.33737,380.94158,174.03869,341.23942,24,0.46739,0.60983,0.00000,0.00000,0.00000,4.80158,939.57975
2000-02-22,0.22829,0.00179,0.00022,12.12489,421.73858,209.88744,334.50797,24,0.26856,0.28823,0.00185,0.00000,0.00000,3.58572,942.17159
2000-02-23,0.21744,0.00209,0.00037,11.97542,471.30236,230.45538,335.39997,24,0.09629,0.14223,0.00357,0.00000,0.00179,3.29032,1237.75601
2000-02-24,0.51605,0.00067,0.00022,11.24086,431.72439,204.87499,350.73733,24,0.42659,0.38415,0.00179,0.00000,0.00000,4.35646,1073.15752
2000-02-25,0.60323,0.00105,0.00052,10.51966,394.33604,159.62771,351.60640,24,0.65414,0.59550,0.00358,0.00000,0.00358,5.39865,836.70491
2000-02-26,0.33341,0.00083,0.00000,8.96987,500.83831,193.48480,333.02215,24,0.56445,0.32396,0.00361,0.00000,0.00000,6.09583,1354.20061
2000-02-27,0.05148,0.00007,0.00000,9.14524,574.97036,250.33265,316.66296,24,0.09016,0.06444,0.00000,0.00000,0.00000,5.19766,1574.46958
2000-02-28,0.09633,0.00124,0.00124,10.83341,590.43051,244.39629,325.51999,24,0.02591,0.09170,0.00000,0.00000,0.00000,4.87276,1671.59915
2000-02-29,0.14297,0.01145,0.00471,12.40093,587.36537,239.98193,334.26824,24,0.06191,0.13454,0.02967,0.01117,0.02967,4.21431,1712.68299
2000-03-01,0.18643,0.06013,0.02573,14.81726,548.58448,224.17937,349.12452,24,0.14863,0.26357,0.05194,0.00928,0.02777,3.19337,1359.52486
2000-03-02,0.38388,0.34221,0.13927,17.29829,477.82007,197.22250,367.55234,24,0.36041,0.39532,0.41469,0.33036,0.17756,2.52588,946.56099
2000-03-03,0.28911,0.35127,0.12394,18.37262,481.67658,214.62319,370.37173,24,0.37266,0.22498,0.46347,0.41634,0.32523,1.46223,970.74006
2000-03-04,0.31760,0.55807,0.17749,18.91574,461.30723,206.84305,375.49639,24,0.46964,0.40962,0.67319,0.58943,0.42621,1.46295,957.87812
2000-03-05,0.37548,0.45364,0.16884,19.60430,446.60522,211.22834,375.73735,24,0.53285,0.34405,0.89631,0.57553,0.57048,1.54755,910.16475
2000-03-06,0.29030,0.39600,0.14537,19.76764,449.46859,211.46887,375.94069,24,0.65362,0.39397,0.63587,0.41087,0.48357,1.48061,985.70807
2000-03-07,0.21480,0.23801,0.10555,18.94233,463.77858,235.87764,370.91117,24,0.45170,0.15902,0.68175,0.24312,0.51672,1.56378,1060.68511
2000-03-08,0.39691,0.33696,0.12498,18.49696,501.77687,207.30783,375.31605,24,0.43958,0.39686,0.36776,0.42629,0.17995,2.15456,1014.07358
2000-03-09,0.28739,0.42390,0.14592,15.64979,534.63558,210.04452,362.03681,24,0.49255,0.35065,0.70978,0.49934,0.35244,1.93364,1230.00688
2000-03-10,0.13961,0.19721,0.06307,15.13660,549.65474,251.43685,345.72681,24,0.38144,0.11407,0.53096,0.19959,0.37969,3.06416,1407.57091
2000-03-11,0.13891,0.24057,0.04823,16.79400,603.09822,255.04019,352.68466,24,0.17740,0.11232,0.35083,0.07430,0.14384,2.63781,1379.01052
2000-03-12,0.38962,0.60350,0.14660,18.74479,639.22939,220.63813,380.16803,24,0.48107,0.32496,0.67044,0.48103,0.26742,2.61750,1117.19177
2000-03-13,0.48738,0.71835,0.22956,19.41637,593.36775,187.46645,389.98221,24,0.59703,0.53314,0.91371,0.65110,0.38289,2.03372,990.63404
2000-03-14,0.46522,0.69891,0.20404,19.56962,502.31399,196.98882,390.08028,24,0.57319,0.52124,0.84005,0.71285,0.29856,1.93901,964.92400
2000-03-15,0.32146,0.52142,0.15940,18.60428,499.61920,214.52953,377.55099,24,0.51184,0.33274,0.89617,0.66431,0.53904,1.46720,1049.01194
2000-03-16,0.14288,0.23841,0.06403,15.37138,541.83950,248.35049,353.83935,24,0.28821,0.16726,0.58642,0.23669,0.34562,2.48472,1394.10979
2000-03-17,0.07427,0.06129,0.02732,15.04520,613.85364,270.35222,342.09743,24,0.14071,0.08201,0.26815,0.04363,0.14650,3.67310,1602.45551
2000-03-18,0.05775,0.02537,0.00298,17.13800,527.56982,274.31543,350.85946,24,0.02969,0.03444,0.08831,0.00000,0.03494,3.40102,1175.37491
2000-03-19,0.12431,0.08875,0.02155,18.70506,518.74348,259.48394,368.93428,24,0.16725,0.17998,0.09377,0.06847,0.00000,2.92489,1162.05098
2000-03-20,0.09022,0.12248,0.03237,17.15216,538.49654,265.08964,362.86814,24,0.23951,0.11618,0.36493,0.15546,0.18363,2.58292,1478.60055
2000-03-21,0.01374,0.03298,0.02228,14.83511,529.12299,285.82012,343.99423,24,0.07428,0.00989,0.12295,0.04633,0.11750,3.69302,1423.11339
2000-03-22,0.03493,0.00350,0.00280,14.15260,493.66228,291.09446,342.70087,24,0.00431,0.02981,0.03630,0.00000,0.03069,4.14949,1265.58550
2000-03-23,0.14084,0.00120,0.00082,15.46759,485.74815,270.24689,362.12174,24,0.13193,0.15967,0.00000,0.00000,0.00000,4.92798,1121.94463
2000-03-24,0.06090,0.00030,0.00030,15.87061,527.13414,278.47323,361.78907,24,0.12381,0.09537,0.00730,0.00000,0.00730,5.09858,1232.05549
2000-03-25,0.16181,0.00008,0.00008,14.48851,621.86182,289.97590,355.01784,24,0.04376,0.01239,0.00187,0.00000,0.00187,6.06895,1591.41076
2000-03-26,0.59413,0.00000,0.00000,14.49324,558.41739,265.21497,362.51223,24,0.61429,0.60483,0.00000,0.00000,0.00000,6.54601,1505.19084
2000-03-27,0.45163,0.00000,0.00000,15.46881,578.25875,271.30142,365.59827,24,0.60907,0.50708,0.00000,0.00000,0.00000,5.74678,1628.38235
2000-03-28,0.29458,0.00061,0.00046,17.21782,557.30648,276.84710,371.99572,24,0.32589,0.16380,0.00000,0.00000,0.00000,4.95271,1618.89429
2000-03-29,0.31160,0.00282,0.00053,17.90844,580.29194,251.85289,377.73954,24,0.34280,0.35946,0.00000,0.00186,0.00000,3.79013,1486.74550
2000-03-30,0.25446,0.06211,0.01481,19.58207,626.03632,273.69235,379.53870,24,0.39276,0.22372,0.01833,0.00374,0.01465,2.62290,1367.26514
2000-03-31,0.24971,0.20337,0.02385,20.61526,618.35294,264.61285,388.69676,24,0.33365,0.30106,0.21775,0.14402,0.08971,2.51391,1207.03374
2000-10-01,0.88296,0.68357,0.20584,23.74705,405.78490,111.63995,422.94536,24,0.80200,0.87476,0.69215,0.90508,0.29878,1.13924,606.74918
2000-10-02,0.82814,0.68408,0.19210,23.49254,407.50155,121.35171,421.34676,24,0.89047,0.86170,0.47935,0.68011,0.25052,1.29275,679.96656
2000-10-03,0.56032,0.84470,0.18909,23.87086,345.78078,176.14673,419.20245,24,0.62361,0.57369,0.72199,0.92410,0.22486,1.41756,719.29224
2000-10-04,0.61276,0.88375,0.15164,24.18797,303.20675,185.00132,419.36382,24,0.66039,0.67584,0.85890,0.96846,0.42855,1.30601,673.48106
2000-10-05,0.64217,0.87037,0.18203,24.29443,298.34898,176.30212,419.44802,24,0.78300,0.77382,0.98022,0.97203,0.36396,1.20753,630.45382
2000-10-06,0.42043,0.78680,0.13089,24.33721,344.05991,194.42097,418.40190,24,0.44503,0.49152,0.94855,0.99450,0.25637,1.36951,848.50699
2000-10-07,0.73084,0.86122,0.16390,24.29148,316.18865,185.06657,419.78414,24,0.58494,0.60884,0.89421,0.97613,0.22400,1.48545,698.33456
2000-10-08,0.52088,0.84796,0.22658,24.33942,340.89616,176.77541,421.32517,24,0.74199,0.51412,0.91412,0.99628,0.50046,1.25032,727.48975
2000-10-09,0.42561,0.79684,0.18498,24.38947,332.65099,181.72877,418.33780,24,0.53397,0.55879,0.85199,0.94772,0.46997,1.40683,729.03345
2000-10-10,0.32174,0.82065,0.13523,24.27370,330.00528,194.64451,417.47655,24,0.30391,0.26572,0.91228,0.99442,0.40226,1.33722,756.57884
2000-10-11,0.30873,0.60014,0.09400,24.46257,331.23059,199.86925,416.15731,24,0.43838,0.30559,0.79086,0.93957,0.34271,1.10701,776.58904
2000-10-12,0.27176,0.56245,0.06593,24.41216,352.91854,211.40327,414.30737,24,0.35865,0.22514,0.69473,0.71141,0.21282,1.56453,873.45691
2000-10-13,0.26466,0.52169,0.04725,24.27188,369.57796,210.48842,410.73095,24,0.47895,0.20940,0.62044,0.69962,0.23463,1.57909,863.18846
2000-10-14,0.26739,0.32077,0.04183,23.70821,377.06333,218.94780,405.00558,24,0.33160,0.20996,0.40417,0.51365,0.12542,1.95656,922.86600
2000-10-15,0.45959,0.28326,0.04939,24.10290,353.45953,212.09125,410.72555,24,0.43786,0.38281,0.35728,0.47581,0.11861,1.92938,896.71797
2000-10-16,0.71506,0.48714,0.12050,24.07528,363.99158,189.83861,415.74455,24,0.50119,0.53920,0.42811,0.53157,0.15328,1.76141,884.45541
2000-10-17,0.75409,0.72536,0.23848,23.85808,316.95193,150.11677,420.55527,24,0.79329,0.69438,0.59562,0.81459,0.30367,1.67454,702.22557
2000-10-18,0.54970,0.72284,0.18626,23.79705,311.69116,164.64282,415.89137,24,0.74037,0.51202,0.87330,0.90358,0.56947,1.41966,736.87010
2000-10-19,0.39049,0.65195,0.09250,23.75448,339.12026,190.10383,411.75043,24,0.55478,0.37501,0.78996,0.83378,0.38514,1.26359,832.48412
2000-10-20,0.47453,0.58559,0.05834,23.53893,344.24439,189.37060,410.09483,24,0.37077,0.48844,0.62016,0.87166,0.25137,1.59905,835.56208
2000-10-21,0.26841,0.55305,0.07120,23.46689,351.03386,186.03730,404.49344,24,0.32596,0.34207,0.57468,0.79083,0.17363,1.37501,835.43267
2000-10-22,0.30684,0.48545,0.08127,22.91067,352.63355,193.67511,399.54906,24,0.47106,0.32897,0.51724,0.58466,0.23744,1.51250,829.72066
2000-10-23,0.27749,0.52164,0.10018,22.89784,369.82678,191.52426,398.02263,24,0.45962,0.29016,0.63972,0.60699,0.30987,1.84393,908.49806
2000-10-24,0.18243,0.31562,0.05883,22.55465,383.18516,201.75040,391.19878,24,0.50757,0.25640,0.75282,0.48107,0.39463,1.62282,893.64796
2000-10-25,0.18331,0.11639,0.01712,22.19986,398.72124,213.21026,386.56663,24,0.24632,0.17017,0.24455,0.09010,0.10276,1.91709,925.60990
2000-10-26,0.63446,0.15470,0.04200,21.99358,406.41644,181.93192,398.44593,24,0.43771,0.45585,0.22559,0.10384,0.06049,2.10601,915.26014
2000-10-27,0.94614,0.45053,0.15607,21.95495,534.76847,88.83741,412.79480,24,0.91194,0.89853,0.25122,0.52804,0.11551,1.55119,791.82299
2000-10-28,0.85582,0.60768,0.21698,20.43816,644.13985,70.66586,406.98313,24,0.99814,0.96058,0.53132,0.62367,0.27941,1.21405,857.97097
2000-10-29,0.39926,0.54742,0.08970,19.62159,381.03131,157.05958,388.62679,24,0.56377,0.49488,0.58906,0.62210,0.22602,2.21272,686.16094
2000-10-30,0.25252,0.44444,0.09275,20.36611,365.27877,188.68434,381.23610,24,0.42497,0.32232,0.69390,0.59501,0.30625,1.63879,802.73277
2000-10-31,0.17562,0.31624,0.07142,20.82260,366.65574,200.06897,378.61620,24,0.37610,0.23146,0.57824,0.41758,0.27873,1.64519,905.92678
2000-11-01,0.14434,0.24433,0.05165,21.16255,316.30924,203.01131,381.24236,24,0.26948,0.09658,0.36034,0.37337,0.20992,1.73866,831.07228
2000-11-02,0.17545,0.21395,0.04262,21.05058,302.03733,199.28318,383.70344,24,0.29530,0.14475,0.36076,0.21665,0.20279,1.68753,833.14056
2000-11-03,0.16539,0.27403,0.05574,21.22021,321.92594,192.99289,388.71435,24,0.30952,0.14135,0.42106,0.31963,0.22661,1.38080,865.29793
2000-11-04,0.14592,0.28981,0.04765,20.87026,344.24913,196.55704,385.53498,24,0.22624,0.14306,0.39967,0.39095,0.18579,1.39182,884.31616
2000-11-05,0.20561,0.32961,0.05608,20.56192,363.08744,187.82626,382.07888,24,0.34020,0.18508,0.45371,0.42975,0.19318,1.80943,911.69756
2000-11-06,0.19796,0.28646,0.04669,19.95489,378.65356,184.35106,378.42611,24,0.40133,0.26690,0.49347,0.36545,0.22647,1.95647,936.03814
2000-11-07,0.13716,0.16728,0.03884,19.60346,433.18760,189.47067,369.50753,24,0.23420,0.18827,0.39273,0.21909,0.17913,2.05491,1049.33079
2000-11-08,0.10703,0.11371,0.04848,18.71647,453.38497,201.28841,362.93150,24,0.26680,0.08892,0.22197,0.09734,0.15656,2.14137,1051.97321
2000-11-09,0.18227,0.16344,0.06624,18.65899,445.99237,198.85719,363.59966,24,0.28588,0.18332,0.28881,0.19986,0.23033,2.80704,1014.28175
2000-11-10,0.16840,0.15719,0.05151,19.01520,437.02465,191.57674,366.94535,24,0.26492,0.14306,0.33531,0.16670,0.21047,2.71094,1035.46897
2000-11-11,0.20442,0.18743,0.05739,18.99147,476.79499,184.66978,369.32396,24,0.33157,0.20333,0.26693,0.13178,0.15286,2.30600,1177.42279
2000-11-12,0.24106,0.17179,0.04472,18.66383,430.85471,177.80375,368.40113,24,0.25384,0.25375,0.30819,0.20346,0.15460,2.62044,985.54096
2000-11-13,0.29490,0.16813,0.04307,18.40293,435.48325,177.06331,365.78812,24,0.48831,0.28224,0.24896,0.14224,0.12743,2.35292,1099.06354
2000-11-14,0.20961,0.16620,0.04935,17.95202,512.65325,181.51882,361.14095,24,0.29881,0.25766,0.35231,0.15282,0.17581,2.64975,1326.92657
2000-11-15,0.13355,0.09003,0.02991,17.68258,554.74361,185.41159,355.05043,24,0.22695,0.17684,0.24592,0.12414,0.15007,2.62796,1251.32652
2000-11-16,0.05715,0.03885,0.02582,17.62317,459.52152,197.67288,352.15039,24,0.12843,0.01763,0.08574,0.01275,0.08574,2.45667,1020.69910
2000-11-17,0.08420,0.04328,0.02102,17.35050,449.96484,189.26257,355.89644,24,0.19141,0.08796,0.11562,0.02383,0.07719,2.94360,1148.48104
2000-11-18,0.10084,0.06328,0.01051,17.44547,473.37717,190.25081,355.70190,24,0.09826,0.08531,0.10581,0.03977,0.06579,2.95792,1186.41213
2000-11-19,0.15776,0.13659,0.02450,17.90731,491.77877,180.50463,357.46836,24,0.17855,0.19702,0.16446,0.12600,0.02707,2.94888,1238.53117
2000-11-20,0.19512,0.16663,0.04473,18.17171,431.08237,173.69239,358.45603,24,0.23333,0.23077,0.19414,0.15316,0.09638,2.29733,993.07917
2000-11-21,0.10431,0.12044,0.01883,18.22937,395.94893,182.44415,354.96657,24,0.20107,0.10687,0.21255,0.17329,0.07484,2.11804,929.59843
2000-11-22,0.08146,0.08824,0.02793,18.13141,370.61598,185.23540,351.74893,24,0.20530,0.10608,0.18403,0.14899,0.08665,2.10363,870.83813
2000-11-23,0.10536,0.05806,0.01428,17.95498,359.98026,189.10599,352.77895,24,0.20142,0.05659,0.11382,0.02755,0.05128,2.15657,869.49153
2000-11-24,0.33736,0.08397,0.00812,17.65771,452.04073,179.98500,356.52976,24,0.25906,0.30511,0.10397,0.08393,0.01448,2.19470,1134.73424
2000-11-25,0.34809,0.08681,0.01508,17.11963,465.66522,176.40266,351.54641,24,0.45498,0.44060,0.17612,0.05054,0.02349,2.21206,1079.53844
2000-11-26,0.22978,0.04604,0.02011,16.71493,459.13179,187.92930,342.99534,24,0.22887,0.07823,0.12729,0.04338,0.06941,2.57576,1096.07410
2000-11-27,0.70633,0.04359,0.01922,16.91302,374.52540,184.65218,348.54405,24,0.57242,0.62995,0.08167,0.02905,0.07262,2.84996,938.18079
2000-11-28,0.79138,0.12531,0.03692,17.03488,332.68237,136.64957,376.81473,24,0.75387,0.64541,0.09683,0.04231,0.04532,2.51908,784.85344
2000-11-29,0.46848,0.25704,0.08628,17.33569,309.50652,127.18631,366.30726,24,0.75776,0.59095,0.16591,0.27834,0.04987,2.14309,638.36063
2000-11-30,0.32462,0.23537,0.09316,17.20887,344.06509,151.51573,360.81994,24,0.51928,0.33230,0.51756,0.32461,0.35269,1.58864,799.60470
2000-12-01,0.18380,0.06883,0.02519,15.50992,364.27696,153.60599,343.98883,24,0.35755,0.25978,0.16032,0.06120,0.10227,2.28852,840.82355
2000-12-02,0.05278,0.03978,0.01538,12.53842,459.24725,187.30833,317.90669,24,0.09367,0.04332,0.11268,0.03957,0.06943,3.33476,986.84353
2000-12-03,0.01340,0.01264,0.01241,12.24048,390.48600,194.33510,309.92561,24,0.03679,0.00039,0.04044,0.00000,0.04044,4.53034,785.56134
2000-12-04,0.04472,0.05094,0.02465,13.13825,386.63718,190.94080,316.16660,24,0.13521,0.00988,0.05350,0.04611,0.04792,2.99972,810.47552
2000-12-05,0.07684,0.09149,0.02612,13.10871,410.00132,185.24509,321.82137,24,0.15270,0.06891,0.15518,0.09799,0.10151,2.91193,995.97339
2000-12-06,0.07866,0.07342,0.02025,13.46137,419.20428,181.14059,324.42230,24,0.18260,0.08384,0.17332,0.07131,0.06212,2.83893,1065.69074
2000-12-07,0.04889,0.04504,0.02759,13.68236,409.89753,184.72513,325.01756,24,0.12035,0.02237,0.12141,0.02372,0.08287,2.82491,1007.22154
2000-12-08,0.04491,0.05300,0.02535,13.46740,403.42681,184.59684,324.28878,24,0.14016,0.03365,0.14266,0.02367,0.10630,2.43852,1019.80311
2000-12-09,0.05835,0.04351,0.01164,13.27094,396.01295,181.51117,322.58743,24,0.08007,0.06304,0.08731,0.03992,0.05129,2.72876,1005.64093
2000-12-10,0.06495,0.04735,0.01026,12.85874,401.68539,181.61957,320.91444,24,0.08762,0.04786,0.08136,0.02892,0.02909,2.85806,1032.76253
2000-12-11,0.07707,0.06479,0.01742,13.10774,387.03953,179.80547,323.38661,24,0.11519,0.05131,0.09216,0.03963,0.04709,2.99753,1026.95334
2000-12-12,0.05115,0.06058,0.02493,13.28784,395.74812,178.32352,322.57674,24,0.10095,0.06915,0.16255,0.02350,0.10864,2.59699,976.92396
2000-12-13,0.03746,0.03517,0.01990,12.53909,423.46548,184.91819,318.07231,24,0.05824,0.01804,0.06231,0.00719,0.04749,2.72147,971.69381
2000-12-14,0.03943,0.02990,0.01838,12.82185,426.34846,182.90046,319.00190,24,0.13440,0.01968,0.06960,0.01652,0.05696,3.07865,1019.19816
2000-12-15,0.03371,0.03309,0.02226,13.21220,425.30190,182.57356,320.72379,24,0.08006,0.03472,0.06772,0.01639,0.05695,2.95090,1052.68967
2000-12-16,0.04615,0.02754,0.02639,13.27527,375.43865,183.45188,322.83992,24,0.03746,0.07820,0.07545,0.00000,0.07184,2.73584,907.57534
2000-12-17,0.04814,0.03955,0.03722,13.65590,322.21380,184.13484,323.80184,24,0.14549,0.00017,0.13048,0.00000,0.13048,2.56652,807.37810
2000-12-18,0.21345,0.04971,0.03319,13.78652,347.70215,183.31529,325.45462,24,0.16479,0.23137,0.12107,0.02179,0.11738,2.25275,906.57151
2000-12-19,0.27586,0.06097,0.02275,13.85489,325.56753,179.77427,326.79877,24,0.34032,0.20757,0.12408,0.04682,0.09504,2.18651,898.09447
2000-12-20,0.11225,0.02271,0.00954,13.85487,357.60582,181.67568,322.24114,24,0.19780,0.20377,0.09079,0.01442,0.04950,2.19841,951.19526
2000-12-21,0.05771,0.01924,0.01229,13.99406,354.30119,184.41678,320.91689,24,0.18736,0.11302,0.06401,0.00181,0.05682,2.70652,844.89861
2000-12-22,0.03814,0.02335,0.02228,14.43015,327.53362,186.41465,321.88650,24,0.12096,0.00039,0.02742,0.00000,0.02742,2.28993,766.78140
2000-12-23,0.06591,0.05642,0.04309,14.40751,306.26102,185.26134,326.76291,24,0.18049,0.00168,0.13786,0.00363,0.13599,2.27541,771.56868
2000-12-24,0.08998,0.09076,0.04299,14.00402,331.56427,181.24602,327.85291,24,0.27762,0.04277,0.26324,0.05759,0.16861,2.28320,890.43760
2000-12-25,0.06663,0.04296,0.02722,13.54349,371.23913,182.48270,325.92834,24,0.12709,0.04510,0.13799,0.01621,0.08446,2.79195,1028.26763
2000-12-26,0.07847,0.05031,0.03183,13.61013,391.51787,181.98283,328.55402,24,0.17789,0.04020,0.16372,0.00365,0.14891,2.64305,1080.15155
2000-12-27,0.06422,0.03289,0.01690,13.81982,375.45574,182.40331,327.96130,24,0.13387,0.02003,0.12313,0.00554,0.06591,2.62708,1095.27439
2000-12-28,0.05139,0.02280,0.01010,13.65178,362.94000,183.33136,324.61046,24,0.10435,0.03858,0.07538,0.00187,0.03478,2.33119,1097.13077
2000-12-29,0.05216,0.01753,0.00399,12.69218,432.68584,182.86939,322.43575,24,0.09529,0.05896,0.04759,0.00185,0.02026,2.50352,1125.04609
2000-12-30,0.02008,0.00998,0.00302,12.64205,421.72215,186.80687,318.82257,24,0.06109,0.02345,0.04315,0.00539,0.01259,2.82805,1020.63174
2000-12-31,0.04222,0.01481,0.01316,13.08022,359.78142,187.90539,322.03815,24,0.04371,0.02964,0.03663,0.00000,0.03663,2.62370,919.02700
2001-01-01,0.32217,0.03943,0.01543,13.96493,367.61002,161.23725,340.99542,24,0.25814,0.26685,0.08250,0.02899,0.06431,2.73451,877.32362
2001-01-02,0.28471,0.04265,0.00512,14.95449,350.98152,166.13395,350.17841,24,0.35115,0.16863,0.09908,0.02159,0.02758,2.57786,759.23865
2001-01-03,0.10900,0.08495,0.01083,14.72696,424.62946,176.86724,337.42482,24,0.23956,0.08826,0.05824,0.04719,0.01461,2.55722,862.16057
2001-01-04,0.12303,0.14137,0.01776,12.73909,489.22243,177.62195,321.38194,24,0.14905,0.18614,0.19905,0.15394,0.05230,1.93440,986.29073
2001-01-05,0.11121,0.11982,0.02162,10.29225,526.17625,181.47763,306.37787,24,0.14645,0.19794,0.30644,0.12181,0.10508,2.65824,1113.38689
2001-01-06,0.12780,0.02391,0.00938,10.11207,435.63746,192.66764,300.45035,24,0.21433,0.05014,0.06110,0.01807,0.03602,2.45013,918.55860
2001-01-07,0.21077,0.03424,0.01076,10.52551,384.96861,192.89734,301.96934,24,0.18001,0.21145,0.06190,0.01440,0.04752,2.25600,886.32038
2001-01-08,0.07766,0.04219,0.00742,10.57825,364.19519,192.32466,304.20105,24,0.20084,0.04422,0.07237,0.03056,0.02714,2.48578,900.53394
2001-01-09,0.19130,0.03647,0.00435,11.23290,335.43331,177.86679,318.52859,24,0.19346,0.20286,0.07000,0.01794,0.03596,2.64134,861.89804
2001-01-10,0.15104,0.04009,0.00225,10.08332,410.85865,186.87593,310.16287,24,0.21638,0.09267,0.06668,0.02755,0.00540,2.58016,982.61553
2001-01-11,0.48958,0.04705,0.00982,8.72054,456.69473,192.02468,299.83276,24,0.24185,0.32144,0.07024,0.02154,0.02155,2.86847,1044.72053
2001-01-12,0.26369,0.01984,0.00450,9.34854,391.74659,196.65587,299.32232,24,0.41012,0.43316,0.05212,0.01080,0.02702,3.20476,909.95463
2001-01-13,0.06859,0.02579,0.00452,10.18628,337.71905,198.11194,306.64345,24,0.10797,0.08805,0.01617,0.00720,0.00897,2.92179,833.98163
2001-01-14,0.03986,0.02741,0.00292,10.65925,365.43671,196.57511,305.74631,24,0.04148,0.03456,0.03592,0.00179,0.01257,2.53401,874.25637
2001-01-15,0.00907,0.00875,0.00336,10.54627,388.91396,204.27575,302.46867,24,0.03394,0.00408,0.04856,0.00000,0.01076,2.71088,885.84914
2001-01-16,0.01777,0.00987,0.00658,11.24160,368.13269,204.40092,307.10330,24,0.04443,0.03319,0.01255,0.00000,0.01076,3.18859,865.91916
2001-01-17,0.01234,0.00787,0.00398,11.32484,386.99903,204.60014,308.98183,24,0.02773,0.00860,0.03768,0.00541,0.02873,2.87501,889.04400
2001-01-18,0.00706,0.00442,0.00233,10.69208,371.60455,206.94549,305.77060,24,0.01470,0.00175,0.01084,0.00000,0.00905,3.06489,870.25049
2001-01-19,0.00971,0.00360,0.00210,11.07123,352.25217,207.94297,306.69649,24,0.01845,0.00528,0.00898,0.00181,0.00898,3.53859,835.30862
2001-01-20,0.01316,0.00204,0.00107,11.65460,322.58572,208.31394,310.41635,24,0.01863,0.00162,0.00359,0.00000,0.00180,3.06683,821.12502
2001-01-21,0.06985,0.01745,0.00367,11.67219,310.81650,206.91552,310.20876,24,0.09288,0.11468,0.00358,0.00000,0.00000,2.79620,860.03309
2001-01-22,0.12682,0.01600,0.00667,12.00561,297.24312,205.41369,319.41641,24,0.05304,0.03456,0.06905,0.00179,0.03672,2.91885,827.41187
2001-01-23,0.21714,0.06309,0.01230,13.86778,335.76250,180.07657,333.86768,24,0.50435,0.26243,0.03250,0.01972,0.01107,3.02428,700.28330
2001-01-24,0.12181,0.08911,0.02989,11.68740,457.70526,199.64653,317.79513,24,0.14225,0.06789,0.13138,0.08715,0.04660,2.17847,1190.92154
2001-01-25,0.19241,0.05946,0.01297,8.45592,473.26385,200.09864,302.69148,24,0.22361,0.19325,0.16638,0.04490,0.08862,3.49273,1206.62374
2001-01-26,0.09080,0.04581,0.00457,8.92101,443.38029,201.25352,305.22381,24,0.09462,0.11503,0.07001,0.03056,0.01618,4.04695,1104.15635
2001-01-27,0.36277,0.04119,0.00382,9.87210,426.57809,207.14133,308.90680,24,0.07691,0.22544,0.05030,0.03065,0.01258,3.32899,1095.68193
2001-01-28,0.39359,0.02358,0.00068,10.83808,416.14370,205.44637,313.42785,24,0.62139,0.44102,0.05749,0.01803,0.00180,2.98673,1081.67688
2001-01-29,0.07461,0.01201,0.00744,11.97229,354.83635,213.91207,318.07534,24,0.20736,0.03926,0.00909,0.00000,0.00548,3.10700,972.13994
2001-01-30,0.17365,0.03806,0.01243,13.35836,353.88349,210.91918,327.99112,24,0.11734,0.23153,0.04936,0.01084,0.03321,2.59400,979.37625
2001-01-31,0.13189,0.09066,0.03824,15.07829,329.78222,205.21643,337.80819,24,0.22613,0.06764,0.20706,0.04929,0.15131,1.72367,893.47328
2001-02-01,0.13522,0.09697,0.03651,16.20932,324.10437,199.70179,342.33442,24,0.19789,0.15705,0.13798,0.03950,0.06780,1.42468,849.00140
2001-02-02,0.07787,0.06721,0.01802,15.66093,316.46942,207.53152,338.74159,24,0.15085,0.08394,0.10145,0.05404,0.04403,1.52178,787.06042
2001-02-03,0.10684,0.04803,0.02327,13.07857,298.23629,214.55744,325.00027,24,0.15432,0.22572,0.12151,0.06672,0.09828,2.29006,739.93069
2001-02-04,0.02227,0.02218,0.00673,11.31314,304.26206,221.94787,313.97231,24,0.07727,0.03066,0.06989,0.00719,0.03584,3.15124,811.80510
2001-02-05,0.07443,0.00911,0.00433,11.60654,288.22328,215.46412,326.55105,24,0.03954,0.06356,0.02328,0.00899,0.01433,4.44443,819.40018
2001-02-06,0.06619,0.00836,0.00326,13.30009,319.80335,209.65792,335.75878,24,0.09903,0.09135,0.01440,0.00179,0.00718,3.13800,849.30107
2001-02-07,0.04625,0.01319,0.00076,11.82377,405.20729,220.81794,318.56270,24,0.04137,0.04452,0.00915,0.00000,0.00558,2.38578,993.24360
2001-02-08,0.09374,0.01995,0.00000,10.74410,437.47849,221.72718,316.90837,24,0.05080,0.06852,0.01792,0.00361,0.00000,3.58214,1111.88649
2001-02-09,0.07764,0.03311,0.00077,11.26825,477.03185,216.43550,320.66236,24,0.09686,0.09158,0.03600,0.03515,0.00000,3.66524,1210.59538
2001-02-10,0.07799,0.03130,0.00418,11.53253,483.04919,222.32705,324.13063,24,0.06295,0.05928,0.05998,0.00903,0.02391,3.80130,1257.96157
2001-02-11,0.14675,0.06524,0.00914,12.93422,486.80157,217.40348,331.23384,24,0.08971,0.08711,0.06727,0.08517,0.01260,2.92059,1336.93105
2001-02-12,0.15567,0.07343,0.02242,13.79686,412.78700,220.99302,330.80174,24,0.38717,0.20895,0.16870,0.05419,0.08863,2.49236,1122.24909
2001-02-13,0.08025,0.03904,0.00375,13.33457,416.95530,227.09711,325.58725,24,0.07910,0.07459,0.07368,0.00714,0.01622,2.73537,1068.44419
2001-02-14,0.48974,0.00999,0.00104,14.06851,359.93391,229.51202,332.20812,24,0.27418,0.54250,0.04122,0.00179,0.00537,3.11980,958.26803
2001-02-15,0.22553,0.00045,0.00045,14.79524,336.87596,230.28288,337.59090,24,0.50930,0.38750,0.00360,0.00000,0.00360,2.79561,892.92818
2001-02-16,0.18243,0.00423,0.00100,15.32282,358.61153,215.56788,345.99756,24,0.15117,0.23227,0.00370,0.00000,0.00370,3.22837,1018.25055
2001-02-17,0.08283,0.01243,0.00551,16.26849,390.14449,226.48283,351.42551,24,0.10339,0.04422,0.03291,0.00180,0.02204,2.32648,1067.14458
2001-02-18,0.13748,0.01807,0.00617,16.83969,418.15837,214.64969,359.58023,24,0.12524,0.21004,0.02931,0.00536,0.01490,2.46541,1130.79969
2001-02-19,0.17313,0.14930,0.02624,17.24397,448.09063,217.50848,360.40037,24,0.16580,0.18490,0.10310,0.21123,0.04995,2.22628,1123.05029
2001-02-20,0.15131,0.19464,0.03898,16.33538,475.71172,220.12608,354.24187,24,0.25391,0.16396,0.35109,0.23439,0.15534,1.77223,1192.88765
2001-02-21,0.26938,0.27486,0.05186,16.71847,450.14780,206.72630,361.79665,24,0.19121,0.32138,0.34622,0.23697,0.15636,2.03006,1226.37679
2001-02-22,0.39972,0.53199,0.10723,16.93013,410.51254,174.60542,371.94352,24,0.44260,0.53326,0.65849,0.65872,0.26949,1.67830,876.16517
2001-02-23,0.23289,0.13386,0.03750,16.56414,465.66511,214.65007,356.37939,24,0.25101,0.29027,0.40777,0.08344,0.18929,1.83838,1105.81997
2001-02-24,0.22289,0.21136,0.04197,17.39688,510.32653,213.22456,361.38003,24,0.19000,0.23534,0.10685,0.12225,0.04242,2.33899,1088.80367
2001-02-25,0.44696,0.65018,0.16816,19.01967,557.08329,187.99352,381.08551,24,0.46399,0.41150,0.74485,0.64550,0.29990,2.09306,932.42094
2001-02-26,0.49545,0.70713,0.21392,19.51569,494.16751,173.32031,385.65730,24,0.64173,0.59691,0.92186,0.74053,0.36528,2.02009,858.58252
2001-02-27,0.49658,0.57701,0.17368,18.32701,411.79170,181.15586,380.16249,24,0.62214,0.53309,0.85787,0.64970,0.52966,1.72476,853.66293
2001-02-28,0.50952,0.35076,0.10041,18.32865,410.90143,215.64679,372.75419,24,0.51623,0.54806,0.77251,0.58668,0.43333,1.77089,974.20650
2001-03-01,0.59080,0.18994,0.05917,18.22777,419.68378,230.02937,373.06252,24,0.51290,0.55359,0.48385,0.36948,0.32579,1.84275,1053.32187
2001-03-02,0.24814,0.08626,0.02652,17.18246,485.95027,240.92932,363.36002,24,0.57119,0.23205,0.23700,0.16618,0.12466,1.83733,1220.76136
2001-03-03,0.33159,0.01440,0.00642,13.66965,447.49270,258.22420,335.20702,24,0.23404,0.47706,0.04349,0.02178,0.03447,4.13729,1067.03531
2001-03-04,0.29551,0.00082,0.00030,12.89828,455.62461,259.38288,334.33341,24,0.07913,0.23264,0.00716,0.00000,0.00357,4.78401,1054.81542
2001-03-05,0.29927,0.02405,0.00867,14.51571,466.79542,211.66472,352.82850,24,0.31477,0.60624,0.00000,0.00000,0.00000,4.08703,1022.84402
2001-03-06,0.10503,0.08132,0.01514,15.01015,541.93151,242.92808,348.57350,24,0.11931,0.15672,0.16099,0.15029,0.06722,2.67125,1263.94114
2001-03-07,0.05543,0.02204,0.01245,13.83394,583.39879,262.85697,337.27825,24,0.17460,0.05337,0.08627,0.01276,0.06222,2.92733,1465.27551
2001-03-08,0.05921,0.00512,0.00030,13.74151,533.85056,266.10251,337.74703,24,0.02197,0.06869,0.00926,0.00375,0.00186,3.98216,1396.68105
2001-03-09,0.17976,0.00135,0.00008,15.06066,523.79958,250.85495,350.73945,24,0.10080,0.32926,0.00720,0.00000,0.00000,3.82538,1423.85307
2001-03-10,0.09367,0.00381,0.00015,14.29699,588.10264,264.61068,343.78440,24,0.16728,0.10935,0.00370,0.01871,0.00370,3.45060,1720.83438
2001-03-11,0.03499,0.00113,0.00015,13.79173,582.96813,268.62542,339.73987,24,0.01493,0.03972,0.00179,0.00000,0.00000,4.26170,1576.33770
2001-03-12,0.03783,0.00421,0.00139,14.24354,553.79782,272.42776,341.23784,24,0.02006,0.06648,0.02013,0.00000,0.00371,4.61848,1583.23170
2001-03-13,0.05436,0.02277,0.01362,14.96085,569.07992,269.61657,348.53248,24,0.04895,0.05119,0.01669,0.00374,0.01669,3.94276,1653.95555
2001-03-14,0.08253,0.04518,0.02024,16.16324,566.95057,257.87365,361.13027,24,0.13660,0.13261,0.11993,0.01863,0.09208,3.81922,1566.26572
2001-03-15,0.08207,0.02728,0.01432,17.02836,581.95512,263.61143,363.95229,24,0.09946,0.20278,0.06440,0.03731,0.06254,3.56662,1532.54109
2001-03-16,0.04309,0.01631,0.00375,16.40592,634.10057,265.24005,362.32429,24,0.01055,0.07567,0.03717,0.00000,0.02035,3.69835,1580.13359
2001-03-17,0.06393,0.02919,0.00608,16.16894,640.48796,271.44030,364.26202,24,0.01860,0.05560,0.04613,0.02800,0.01638,3.95012,1612.95754
2001-03-18,0.07116,0.07649,0.01387,15.97596,600.54138,268.91877,365.61567,24,0.14011,0.10820,0.16903,0.12120,0.07212,4.23709,1497.14324
2001-03-19,0.05497,0.03887,0.01584,15.78143,652.56902,279.58602,355.48461,24,0.01301,0.04922,0.07818,0.07106,0.04084,4.42460,1943.37213
2001-03-20,0.09650,0.02269,0.01858,15.73475,568.70059,281.52257,356.62583,24,0.29937,0.12909,0.12614,0.00187,0.11680,4.90412,1470.07437
2001-03-21,0.08417,0.00813,0.00355,17.92797,555.98367,277.75040,372.32456,24,0.06141,0.02355,0.02211,0.00000,0.02025,4.50364,1391.39795
2001-03-22,0.40467,0.05710,0.01182,19.57005,554.73221,259.67072,391.60107,24,0.05608,0.10420,0.12666,0.04841,0.04465,3.54416,1312.51694
2001-03-23,0.57374,0.17036,0.02868,20.11181,512.91408,228.00471,394.35333,24,0.75331,0.62820,0.15960,0.25345,0.05006,2.95044,1144.48144
2001-03-24,0.22666,0.26191,0.05455,18.94222,660.87513,253.85094,382.61168,24,0.37376,0.24347,0.39082,0.34007,0.11493,2.65759,1455.93458
2001-03-25,0.20099,0.28401,0.05113,18.18504,643.89129,263.05358,376.10515,24,0.41416,0.16065,0.50115,0.21464,0.15638,3.08994,1443.41510
2001-03-26,0.22999,0.31912,0.07567,18.30596,628.84799,246.37099,382.52141,24,0.26680,0.27990,0.59761,0.34855,0.23621,3.58133,1327.74025
2001-03-27,0.24082,0.35090,0.07219,19.37120,684.77943,245.64076,385.94960,24,0.23935,0.28571,0.66149,0.29510,0.33572,3.45785,1575.94116
2001-03-28,0.49348,0.40958,0.08039,20.77609,640.83938,243.60624,396.22142,24,0.36154,0.43756,0.60714,0.31277,0.24279,2.77052,1312.13872
2001-03-29,0.40078,0.55822,0.12749,21.78022,604.71206,231.47512,404.12849,24,0.54506,0.39345,0.86583,0.50287,0.36961,1.91411,1173.32938
2001-03-30,0.70094,0.63366,0.16067,21.71551,562.97225,221.85213,407.78373,24,0.46438,0.55774,0.84627,0.52965,0.41801,2.01950,1083.09124
2001-03-31,0.57154,0.57731,0.13168,21.31497,485.64474,209.76827,400.60587,24,0.64737,0.52705,0.76792,0.65912,0.41489,1.91993,996.47929
2001-10-01,0.89200,0.87428,0.30311,24.60738,322.87478,131.09124,426.25129,24,0.95953,0.87438,0.86213,0.98542,0.41752,1.18650,612.38043
2001-10-02,0.94483,0.95736,0.28808,24.35827,318.84540,152.26635,426.70234,24,0.89762,0.92426,0.92923,0.97577,0.49704,1.05879,633.26167
2001-10-03,0.98521,0.91735,0.37908,24.17040,292.93517,121.29796,427.24907,24,0.98068,0.98366,0.98889,0.98335,0.59524,1.11107,514.99291
2001-10-04,0.93313,0.93530,0.27988,24.25221,328.58302,126.62051,425.64724,24,0.98614,0.89186,0.89500,1.00000,0.56629,1.00979,567.25715
2001-10-05,0.92278,0.94382,0.26890,24.44662,376.98900,145.73337,423.08902,24,0.91443,0.89826,0.98718,0.95904,0.44588,1.16790,675.41793
2001-10-06,0.82893,0.87244,0.22266,24.40112,357.94391,165.85140,421.99013,24,0.88794,0.75536,0.96732,0.93394,0.51192,1.04749,766.52582
2001-10-07,0.57460,0.89428,0.18287,24.70596,328.82104,185.48486,423.25151,24,0.75730,0.61356,0.99258,0.95752,0.50146,1.21967,726.05029
2001-10-08,0.53115,0.78672,0.09990,24.72575,323.18101,194.52581,423.28970,24,0.43651,0.37786,0.81992,0.94978,0.28027,1.38343,777.26400
2001-10-09,0.85127,0.88262,0.22646,24.61331,317.22261,167.37480,426.53564,24,0.65760,0.76902,0.92110,0.95551,0.42174,1.24420,719.58398
2001-10-10,0.93454,0.97192,0.32998,24.01163,286.18936,118.33524,426.33242,24,0.98909,0.96784,0.98926,0.97793,0.66067,1.04429,508.53867
2001-10-11,0.70992,0.90199,0.18338,24.21617,326.57834,170.18259,418.92496,24,0.87176,0.75289,0.98516,0.99259,0.52919,1.18794,707.73990
2001-10-12,0.54904,0.81343,0.12396,24.37776,325.52792,192.74518,418.30049,24,0.61366,0.63960,0.88591,0.97434,0.34247,1.30952,791.14980
2001-10-13,0.73711,0.82758,0.20172,24.31243,323.79307,175.78533,419.35583,24,0.54912,0.71724,0.86408,0.95472,0.38800,1.17952,803.57991
2001-10-14,0.64768,0.94254,0.25120,23.90590,315.43483,172.16764,419.04755,24,0.84297,0.71646,0.95115,0.98748,0.46700,1.33032,680.15311
2001-10-15,0.56257,0.81594,0.17668,24.26765,318.27208,182.20650,416.11225,24,0.55686,0.56945,0.91467,0.96480,0.51677,1.12011,770.79325
2001-10-16,0.42801,0.76964,0.13581,24.13192,314.01563,188.49501,414.54190,24,0.44481,0.36537,0.82551,0.86292,0.52010,1.20884,765.72866
2001-10-17,0.64619,0.85706,0.15410,23.85984,299.45068,172.65519,416.06639,24,0.55600,0.59445,0.85678,0.92720,0.41260,1.46268,728.72418
2001-10-18,0.78565,0.89346,0.35782,23.13334,311.48665,125.54381,416.84293,24,0.83609,0.79333,0.87734,0.92260,0.44507,1.17609,584.88296
2001-10-19,0.42636,0.81877,0.21058,22.84682,327.14848,164.28653,405.22686,24,0.75274,0.55086,0.97845,0.97627,0.68676,1.00175,727.09784
2001-10-20,0.20530,0.49550,0.10675,22.32687,363.11422,198.69915,394.10493,24,0.34412,0.24510,0.70198,0.75308,0.43517,1.28224,844.96731
2001-10-21,0.16087,0.27763,0.05717,22.41396,363.25160,210.61584,391.82866,24,0.30348,0.15239,0.46148,0.46978,0.25178,2.00983,883.89355
2001-10-22,0.09701,0.17253,0.05595,22.70153,368.33985,218.94846,392.49437,24,0.21860,0.08400,0.34991,0.41055,0.23493,1.77852,872.67208
2001-10-23,0.07597,0.12540,0.02730,22.83663,381.22547,222.92867,391.15444,24,0.16528,0.05331,0.26031,0.18259,0.17293,2.02771,855.55226
2001-10-24,0.10012,0.13791,0.02618,22.48764,371.57887,218.52887,390.06508,24,0.20548,0.07889,0.19043,0.21378,0.09165,1.84220,845.81478
2001-10-25,0.11602,0.16372,0.02828,22.02772,373.87365,217.22936,387.83790,24,0.17643,0.06450,0.23445,0.26526,0.12858,2.24909,877.22398
2001-10-26,0.26388,0.18604,0.02853,22.09410,403.21555,210.60164,391.64534,24,0.16266,0.16706,0.24394,0.26303,0.07708,2.18817,974.01697
2001-10-27,0.64875,0.38392,0.11793,22.28948,379.05621,132.32944,408.31731,24,0.55843,0.63514,0.24269,0.41679,0.08666,1.91326,768.74430
2001-10-28,0.59452,0.59127,0.20315,22.74233,348.57005,136.56029,411.45406,24,0.63316,0.58993,0.48364,0.69017,0.20889,1.21790,694.98836
2001-10-29,0.58025,0.59278,0.16920,22.60456,357.66597,148.00623,410.93190,24,0.57037,0.51699,0.62644,0.67831,0.34408,1.23165,748.27743
2001-10-30,0.75195,0.83924,0.29255,22.85926,344.13352,120.96311,414.72399,24,0.68448,0.77225,0.62987,0.92772,0.27349,1.24442,640.27019
2001-10-31,0.73410,0.90351,0.35281,22.49050,314.90276,115.84015,412.90319,24,0.87355,0.77126,0.90772,0.97974,0.48929,1.11651,588.83418
2001-11-01,0.65187,0.85983,0.25877,22.37506,293.06298,137.78908,404.89848,24,0.82955,0.78259,0.94458,0.99626,0.60732,0.96162,610.75517
2001-11-02,0.38450,0.69858,0.10605,22.32982,322.04070,177.07624,396.92125,24,0.58274,0.41272,0.87164,0.91421,0.47027,0.99712,777.56169
2001-11-03,0.47800,0.64313,0.10228,22.26947,304.55616,179.20714,394.73056,24,0.55628,0.49674,0.73794,0.73091,0.29471,1.43200,744.64612
2001-11-04,0.47343,0.56074,0.12820,22.09397,328.75519,173.15000,393.84900,24,0.54629,0.47937,0.71150,0.76001,0.37653,1.32774,771.92561
2001-11-05,0.35024,0.38269,0.11966,21.74899,347.73601,184.19386,387.79750,24,0.60696,0.32121,0.69279,0.57425,0.42114,1.63835,819.37568
2001-11-06,0.67219,0.22680,0.07323,21.70740,358.93477,184.77298,395.53698,24,0.55348,0.47037,0.43335,0.28452,0.27730,1.68180,819.10240
2001-11-07,0.89841,0.28491,0.06968,21.27646,283.72306,105.74444,403.57369,24,0.94720,0.90133,0.24437,0.34888,0.09576,2.28054,627.09147
2001-11-08,0.74327,0.38934,0.11045,20.81599,293.06671,108.26329,397.13812,24,0.91516,0.79534,0.50915,0.60739,0.30355,1.66874,641.39912
2001-11-09,0.64863,0.28071,0.06039,20.85393,335.38322,156.95949,387.83127,24,0.73908,0.48694,0.37540,0.40332,0.16929,1.70872,726.88720
2001-11-10,0.93121,0.26518,0.03584,21.07358,326.33219,129.96391,396.47907,24,0.91817,0.88459,0.30359,0.28887,0.10369,1.62728,724.62494
2001-11-11,0.95970,0.35979,0.11236,21.03040,329.47355,84.14144,404.54728,24,0.96060,0.95422,0.30081,0.46166,0.10229,1.51896,612.08933
2001-11-12,0.89636,0.56630,0.12838,21.27937,296.48011,91.53399,403.36354,24,0.97057,0.90677,0.38849,0.56573,0.09797,1.10871,600.08525
2001-11-13,0.45030,0.45242,0.07744,21.30498,304.67862,134.33127,393.12629,24,0.79182,0.52925,0.46770,0.50349,0.22082,1.07971,711.83459
2001-11-14,0.12726,0.27695,0.06659,20.64779,342.85756,187.93652,374.77220,24,0.33258,0.09813,0.55932,0.46282,0.24242,1.29709,809.01220
2001-11-15,0.15155,0.31650,0.06799,19.82977,323.06089,189.87937,371.21128,24,0.24513,0.12524,0.24872,0.30894,0.18235,1.83400,834.07198
2001-11-16,0.19095,0.39353,0.07804,19.40449,355.53629,174.59505,371.39978,24,0.24339,0.24107,0.51267,0.52159,0.27110,1.91378,935.13114
2001-11-17,0.20169,0.31874,0.10857,19.18220,370.30439,176.77422,367.96744,24,0.39179,0.17164,0.63162,0.27890,0.36904,1.74985,946.21722
2001-11-18,0.23123,0.22941,0.08484,19.34819,336.99631,174.32894,369.36969,24,0.31134,0.20161,0.44462,0.27812,0.33968,2.06073,851.05178
2001-11-19,0.25168,0.30510,0.08779,19.47079,337.48267,174.31428,370.82733,24,0.48513,0.24539,0.54282,0.42859,0.31426,1.83376,882.63889
2001-11-20,0.20748,0.40824,0.11788,19.37665,339.78299,175.21538,372.48931,24,0.45299,0.16655,0.56870,0.42737,0.38409,1.43850,866.20182
2001-11-21,0.25112,0.50638,0.11150,19.40513,331.38674,165.50750,372.69243,24,0.51325,0.22627,0.70580,0.59601,0.41720,1.85371,845.85903
2001-11-22,0.31011,0.42257,0.10296,19.16729,333.22828,159.17841,372.60166,24,0.50812,0.27873,0.79751,0.61221,0.42931,1.90750,853.96362
2001-11-23,0.28721,0.41382,0.07819,18.85632,349.25430,159.13565,371.78706,24,0.47089,0.26035,0.57634,0.53606,0.26626,1.92619,884.44185
2001-11-24,0.16504,0.28661,0.06455,18.55349,373.42199,169.86407,361.26793,24,0.46415,0.23348,0.59002,0.45323,0.28080,1.84261,900.62407
2001-11-25,0.07058,0.10142,0.04586,17.87489,389.98940,189.74427,348.56154,24,0.18457,0.02391,0.24081,0.09105,0.14297,1.75860,869.76917
2001-11-26,0.10336,0.18599,0.05505,17.94847,345.46889,187.23225,351.45986,24,0.27291,0.02997,0.31432,0.21022,0.21490,2.02912,817.84622
2001-11-27,0.14009,0.19267,0.05433,17.64470,346.51707,180.03670,355.76053,24,0.33524,0.08428,0.36592,0.28403,0.24530,1.86068,885.21492
2001-11-28,0.19651,0.18887,0.03734,16.82266,384.79711,174.29669,353.54457,24,0.33038,0.13623,0.45689,0.27567,0.18335,2.07368,992.41621
2001-11-29,0.11465,0.09041,0.01754,16.06536,450.89750,175.26877,345.55892,24,0.29751,0.12625,0.22687,0.10685,0.08419,2.40164,1022.17023
2001-11-30,0.15729,0.06692,0.02434,14.86038,515.39416,183.78495,335.74035,24,0.11338,0.05193,0.12132,0.04863,0.07448,2.64313,1136.72074
2001-12-01,0.10370,0.08067,0.04025,14.41236,440.81560,186.68354,330.37335,24,0.14715,0.05321,0.15826,0.03821,0.12410,2.53063,992.61654
2001-12-02,0.14822,0.12840,0.05475,14.39591,433.04604,181.83482,333.62587,24,0.28323,0.08986,0.26421,0.13472,0.16652,2.73744,1039.69061
2001-12-03,0.16042,0.10841,0.05206,14.92232,424.16042,176.57429,338.19410,24,0.32890,0.11985,0.33831,0.07453,0.22957,2.61309,1030.59838
2001-12-04,0.22869,0.16265,0.05599,15.09029,414.34572,174.70908,343.05698,24,0.29224,0.12571,0.28568,0.17610,0.15978,2.44127,1048.93983
2001-12-05,0.27796,0.21108,0.08124,15.65442,402.30504,165.57880,348.18639,24,0.51566,0.22786,0.45327,0.18471,0.28110,2.27211,999.67984
2001-12-06,0.20312,0.21642,0.06656,15.90073,395.51059,166.86045,344.67697,24,0.36253,0.16916,0.40221,0.18448,0.22196,2.21956,968.00217
2001-12-07,0.20804,0.16749,0.05044,15.27980,415.77558,168.80821,341.85361,24,0.32389,0.20897,0.37245,0.14741,0.18141,2.38367,1057.70600
2001-12-08,0.20386,0.22207,0.07502,15.09672,388.70617,164.34318,341.59493,24,0.44402,0.20539,0.34796,0.22879,0.20890,2.35043,1010.91234
2001-12-09,0.14785,0.19579,0.08074,15.23671,359.01056,168.78548,336.72550,24,0.26682,0.16750,0.29706,0.24068,0.19456,2.06406,823.09181
2001-12-10,0.07972,0.06631,0.03490,14.58885,374.80625,178.84436,328.54334,24,0.20923,0.06132,0.21775,0.05808,0.17110,1.77808,878.26937
2001-12-11,0.03420,0.02111,0.00544,14.44751,395.20657,183.13494,323.37119,24,0.09519,0.02037,0.05599,0.01633,0.02910,2.33381,886.34231
2001-12-12,0.02575,0.01561,0.00512,14.22125,342.56686,184.34796,321.40135,24,0.08945,0.01707,0.01798,0.01442,0.00721,2.32042,798.55232
2001-12-13,0.04134,0.01703,0.01216,14.35808,354.36454,185.49269,320.94696,24,0.07107,0.00543,0.01259,0.00900,0.00545,2.35113,808.24188
2001-12-14,0.19603,0.02988,0.02545,14.28393,311.39938,185.24402,324.04886,24,0.17617,0.08543,0.08625,0.00358,0.08625,2.34845,748.68678
2001-12-15,0.12074,0.04745,0.03257,14.45858,304.88347,181.60116,328.47700,24,0.28765,0.03346,0.05882,0.03090,0.04582,2.51600,740.37839
2001-12-16,0.20031,0.06067,0.02686,14.34356,346.39088,180.56969,327.34633,24,0.21706,0.14936,0.15802,0.06212,0.12894,2.72091,852.12614
2001-12-17,0.04821,0.04924,0.02295,14.45462,357.75085,181.98287,324.53526,24,0.18413,0.03956,0.11790,0.05272,0.06746,2.12976,827.60219
2001-12-18,0.05150,0.03458,0.02516,14.32778,349.16477,183.23458,322.43789,24,0.16602,0.00800,0.09484,0.00722,0.08227,2.21732,769.57170
2001-12-19,0.48014,0.02471,0.02178,14.10763,326.23175,182.06571,321.62653,24,0.22243,0.58004,0.12282,0.00000,0.12095,1.93616,738.12242
2001-12-20,0.86036,0.01575,0.01188,14.55326,323.68447,173.14700,328.76066,24,0.67588,0.70877,0.05115,0.00000,0.04575,2.19807,718.87767
2001-12-21,0.94867,0.00614,0.00508,14.63304,304.86579,155.84639,334.53700,24,0.97546,0.98937,0.04084,0.00180,0.03904,2.26007,616.38624
2001-12-22,0.46959,0.00750,0.00673,14.18587,287.51734,161.83194,327.87676,24,0.85362,0.50101,0.00719,0.00000,0.00719,2.35952,604.03562
2001-12-23,0.43455,0.02794,0.01860,13.73327,281.93501,178.09713,322.64533,24,0.44331,0.24290,0.06662,0.00373,0.06104,2.18577,656.75819
2001-12-24,0.67516,0.08793,0.02305,13.15559,304.50408,160.89174,330.24226,24,0.76605,0.85092,0.06787,0.02591,0.05684,2.51245,709.33263
2001-12-25,0.16892,0.15631,0.02828,13.08309,361.91691,177.40957,324.30935,24,0.41687,0.21732,0.21183,0.19629,0.09914,2.80688,925.22098
2001-12-26,0.11256,0.12770,0.01829,13.43007,362.37211,179.59701,323.95167,24,0.14927,0.09999,0.20545,0.16700,0.07428,2.48197,928.24223
2001-12-27,0.05823,0.07321,0.03217,13.57158,361.23805,183.36398,322.71391,24,0.15887,0.05150,0.19393,0.11294,0.12570,2.80337,964.94136
2001-12-28,0.06737,0.04249,0.01426,13.49669,370.70770,183.98161,320.71112,24,0.13839,0.04685,0.10806,0.05910,0.07168,2.22194,939.62999
2001-12-29,0.15861,0.02002,0.01090,13.07246,373.28274,186.27791,317.28702,24,0.14619,0.03824,0.05290,0.00541,0.04015,2.34418,904.96070
2001-12-30,0.59723,0.02613,0.00682,12.59187,414.60973,184.34405,318.92891,24,0.26927,0.55987,0.04549,0.02357,0.03106,2.55542,960.53520
2001-12-31,0.65772,0.02744,0.00795,12.24771,424.04097,178.74891,317.52177,24,0.72900,0.63680,0.04317,0.02181,0.01797,2.71639,952.44059
2002-01-01,0.33457,0.00899,0.00555,12.15111,356.07970,180.73162,314.11928,24,0.51233,0.61562,0.04507,0.00000,0.02881,2.93025,756.17559
2002-01-02,0.01535,0.00877,0.00763,12.47261,325.69959,191.92660,311.04003,24,0.06929,0.00623,0.01818,0.00550,0.01638,2.81556,731.31928
2002-01-03,0.07137,0.01483,0.01302,12.98640,326.21838,191.69350,315.20556,24,0.05446,0.00072,0.03847,0.00000,0.03668,2.43073,824.96901
2002-01-04,0.58116,0.02327,0.00790,13.14800,315.12666,183.21965,324.30542,24,0.32002,0.62871,0.05340,0.00000,0.04608,2.45862,925.75338
2002-01-05,0.18887,0.02417,0.01644,13.00239,321.33018,187.27207,323.20311,24,0.30010,0.11124,0.08167,0.00186,0.01844,2.43173,942.25477
2002-01-06,0.31123,0.01235,0.01053,12.88316,328.87893,190.98782,323.64359,24,0.19089,0.03565,0.06082,0.00550,0.05902,2.77964,930.62926
2002-01-07,0.52421,0.00237,0.00185,13.58975,272.20333,146.74823,339.20904,24,0.64691,0.66793,0.00740,0.00000,0.00740,2.90011,680.09440
2002-01-08,0.47289,0.00679,0.00123,14.08398,296.45832,162.69762,340.31757,24,0.62535,0.48539,0.00000,0.00000,0.00000,2.44146,771.82361
2002-01-09,0.11513,0.05413,0.01878,13.94463,365.37293,185.07883,328.90159,24,0.15701,0.10732,0.06797,0.02743,0.03692,2.13428,1013.29299
2002-01-10,0.05793,0.02511,0.01207,13.02292,410.58437,187.98340,320.41959,24,0.14171,0.08266,0.10480,0.01642,0.06816,2.37558,1007.77054
2002-01-11,0.04609,0.04321,0.01189,12.89747,401.15117,194.24698,315.96747,24,0.10424,0.02770,0.03641,0.04195,0.02705,2.90283,1017.04411
2002-01-12,0.06309,0.02384,0.00526,12.46064,391.45827,191.83904,316.80343,24,0.07973,0.09072,0.07209,0.01628,0.02345,2.61463,1043.11094
2002-01-13,0.00834,0.00762,0.00418,12.46674,340.55918,198.48289,315.32763,24,0.02342,0.00104,0.01622,0.00000,0.01622,2.65858,888.02547
2002-01-14,0.05355,0.02054,0.00941,12.94519,358.21493,195.35674,323.59115,24,0.08680,0.01290,0.02168,0.00917,0.01453,2.87902,952.30885
2002-01-15,0.16736,0.04621,0.01883,14.23363,360.44788,179.02339,337.54108,24,0.10855,0.12428,0.08016,0.02025,0.04598,2.47783,1005.84641
2002-01-16,0.22862,0.09030,0.04808,15.32474,317.57464,185.19850,341.28357,24,0.34416,0.19882,0.16416,0.05912,0.14620,2.13136,809.22658
2002-01-17,0.24993,0.25815,0.08479,16.41218,298.75192,173.19866,349.12776,24,0.37274,0.28257,0.37704,0.19948,0.22053,1.39294,688.34317
2002-01-18,0.27241,0.37850,0.12765,16.77928,312.61575,169.37231,348.18393,24,0.46374,0.34251,0.51199,0.42665,0.30625,1.19123,723.40449
2002-01-19,0.21778,0.36297,0.12363,16.37727,300.88380,178.59403,343.41820,24,0.43873,0.24420,0.54675,0.37520,0.36236,1.27580,715.61811
2002-01-20,0.23414,0.25865,0.08874,16.64377,284.81790,184.21508,342.50006,24,0.44654,0.20650,0.58738,0.32161,0.31926,1.46676,693.51260
2002-01-21,0.20364,0.19874,0.08871,16.27504,310.74983,186.51577,345.80901,24,0.41348,0.15248,0.42708,0.34230,0.30441,1.48303,739.46779
2002-01-22,0.28909,0.05343,0.00968,16.27943,317.25093,173.60509,353.89903,24,0.23972,0.23355,0.08694,0.08189,0.03251,2.04738,737.88088
2002-01-23,0.50045,0.37948,0.08365,16.80169,346.53413,131.48530,369.31440,24,0.50837,0.53467,0.10302,0.31394,0.03072,1.74663,677.26001
2002-01-24,0.26307,0.43793,0.11028,14.26453,393.91419,169.18227,342.23305,24,0.42820,0.27702,0.74610,0.56305,0.35083,1.58915,892.23018
2002-01-25,0.14937,0.14807,0.03562,12.06606,424.28978,187.44943,319.97210,24,0.39418,0.16704,0.45796,0.17714,0.20485,1.80510,1020.04011
2002-01-26,0.11913,0.06425,0.00857,10.64971,450.10896,199.51178,311.02707,24,0.11205,0.12861,0.12228,0.03412,0.02345,2.85082,1140.30079
2002-01-27,0.17935,0.03602,0.00321,11.68707,383.66105,203.15863,322.59282,24,0.10835,0.14541,0.06461,0.01430,0.01620,3.54111,913.34049
2002-01-28,0.64443,0.22128,0.03658,13.60340,286.08686,110.27581,360.13607,24,0.49489,0.72200,0.04472,0.08940,0.00358,3.37487,526.50354
2002-01-29,0.51921,0.14018,0.01151,14.55139,306.47467,150.58186,356.79676,24,0.48515,0.37642,0.42518,0.18640,0.03669,1.64770,687.22900
2002-01-30,0.33037,0.09649,0.02073,13.81446,390.28065,144.07384,340.15866,24,0.52222,0.48608,0.10780,0.15677,0.01264,2.35697,814.60914
2002-01-31,0.08117,0.08849,0.02014,11.95899,486.27083,206.77705,314.42608,24,0.15112,0.09034,0.19796,0.07759,0.08193,1.94606,1118.96138
2002-02-01,0.10351,0.03479,0.00285,11.45286,493.01724,211.53951,311.47343,24,0.06465,0.08915,0.08095,0.02693,0.01621,2.83097,1095.61458
2002-02-02,0.20360,0.02880,0.00180,11.10544,464.75278,215.67335,311.63765,24,0.18027,0.09282,0.03782,0.01440,0.00721,3.16277,1053.95837
2002-02-03,0.10905,0.05283,0.00128,11.41953,476.99734,210.87108,315.66680,24,0.13524,0.11604,0.04673,0.03602,0.00540,2.99482,1175.71609
2002-02-04,0.08232,0.05988,0.01185,10.74475,491.59426,212.12751,313.03542,24,0.14893,0.09758,0.13912,0.04130,0.02550,3.22940,1196.06739
2002-02-05,0.05197,0.02084,0.00225,11.39717,418.14690,222.12707,311.11245,24,0.05347,0.03166,0.04860,0.00000,0.01440,3.35001,1025.59519
2002-02-06,0.05317,0.02116,0.00299,12.16871,344.62718,217.04521,322.82197,24,0.04753,0.08023,0.03406,0.00541,0.01435,3.24864,927.22357
2002-02-07,0.14389,0.02412,0.00257,14.62470,307.40337,215.17362,342.28818,24,0.07352,0.05709,0.04308,0.00357,0.01261,2.49422,800.08936
2002-02-08,0.30136,0.03060,0.01183,15.80810,352.17347,191.20267,355.54423,24,0.23899,0.20549,0.03476,0.00714,0.02221,3.10766,748.50308
2002-02-09,0.06476,0.06747,0.01760,16.07859,348.85217,218.64908,346.95481,24,0.20222,0.06131,0.11497,0.02509,0.08629,2.05801,839.81163
2002-02-10,0.23639,0.04338,0.00157,16.24656,364.03912,215.69635,349.93503,24,0.07197,0.54580,0.12026,0.01074,0.00360,2.44801,914.61405
2002-02-11,0.20331,0.01331,0.00135,16.21053,311.41833,226.11487,347.09020,24,0.13467,0.04169,0.05745,0.00902,0.01083,2.34052,828.37112
2002-02-12,0.90093,0.00127,0.00000,16.36122,321.63385,185.34104,360.28652,24,0.57251,0.90722,0.00714,0.00000,0.00000,2.90276,759.25188
2002-02-13,0.66428,0.01389,0.00201,15.24339,407.97771,198.42372,347.37658,24,0.93307,0.87590,0.00714,0.00357,0.00000,2.85510,807.98197
2002-02-14,0.12317,0.02921,0.00382,13.46053,405.23271,227.11311,325.91324,24,0.27459,0.22233,0.08265,0.00716,0.01798,3.14930,835.13434
2002-02-15,0.01697,0.01401,0.00225,13.34970,396.10935,237.33543,321.97168,24,0.01189,0.03409,0.05942,0.00359,0.01798,3.16775,899.80770
2002-02-16,0.02630,0.00557,0.00085,13.82554,398.41679,238.18324,327.64462,24,0.01838,0.00583,0.01620,0.00000,0.00360,3.59254,979.11162
2002-02-17,0.02745,0.00507,0.00170,14.78933,391.20176,235.65804,336.38995,24,0.01202,0.02502,0.01102,0.00000,0.00562,3.15842,1051.70239
2002-02-18,0.10678,0.00483,0.00055,15.29023,404.70955,236.90487,342.23388,24,0.03532,0.07019,0.02004,0.00000,0.00562,2.91029,1074.01171
2002-02-19,0.05558,0.00758,0.00022,15.17771,413.27329,233.76500,342.11520,24,0.03809,0.03757,0.01260,0.00361,0.00357,3.27827,1095.09612
2002-02-20,0.07039,0.01561,0.00038,14.67705,457.89727,229.83250,343.75491,24,0.06907,0.09386,0.00722,0.01623,0.00000,2.87563,1283.36226
2002-02-21,0.13343,0.02544,0.00418,15.59621,500.76855,222.11460,353.29607,24,0.08875,0.14757,0.01252,0.00357,0.00179,3.43589,1389.34283
2002-02-22,0.08798,0.04132,0.01355,16.56209,444.35738,228.49590,355.13261,24,0.05533,0.10228,0.09332,0.03144,0.03230,2.87313,1166.03711
2002-02-23,0.08468,0.03897,0.02829,15.99745,425.02904,235.41083,351.85245,24,0.19187,0.07613,0.12568,0.00932,0.11673,2.43612,1218.51488
2002-02-24,0.07905,0.01298,0.00084,16.50540,424.66961,239.21431,356.60818,24,0.03069,0.05074,0.02892,0.00000,0.00372,2.95659,1138.98325
2002-02-25,0.24460,0.01149,0.00321,17.24676,418.82695,223.69502,366.45803,24,0.09779,0.25423,0.01798,0.00000,0.00000,2.77683,1055.67243
2002-02-26,0.12332,0.01762,0.00330,16.59058,496.79939,234.04137,360.76196,24,0.09876,0.06649,0.03611,0.01441,0.01614,2.33713,1149.42662
2002-02-27,0.10829,0.01603,0.00031,14.33847,516.19119,244.38845,342.58959,24,0.09212,0.04567,0.03665,0.01677,0.00181,2.72116,1285.17754
2002-02-28,0.13205,0.00538,0.00000,14.05959,546.71181,242.31132,341.91932,24,0.30757,0.11938,0.01072,0.00000,0.00000,3.06706,1455.67834
2002-03-01,0.17808,0.01025,0.00023,14.99332,525.67765,243.67311,346.66312,24,0.04161,0.09362,0.00716,0.00000,0.00000,3.65421,1430.48465
2002-03-02,0.11777,0.02103,0.00632,16.42812,468.12254,242.02007,355.51993,24,0.05384,0.09783,0.04010,0.02051,0.02034,3.05000,1267.97495
2002-03-03,0.20837,0.03421,0.00269,17.42277,437.92736,232.27699,369.74915,24,0.26067,0.22687,0.02572,0.00904,0.00742,3.27835,1083.08851
2002-03-04,0.19556,0.16314,0.01226,17.49880,489.62412,223.01746,367.84840,24,0.26694,0.28650,0.20765,0.23322,0.02038,2.47907,1193.79318
2002-03-05,0.20166,0.07583,0.00970,15.17017,524.67836,252.74458,345.08695,24,0.17634,0.21479,0.34372,0.06734,0.04980,2.22914,1336.93076
2002-03-06,0.10463,0.03517,0.00393,13.99554,543.57844,259.17506,340.55736,24,0.12726,0.16279,0.04621,0.07096,0.00364,3.42310,1391.23742
2002-03-07,0.08427,0.03740,0.00609,13.80929,570.43408,258.97721,338.69878,24,0.09609,0.06440,0.08193,0.01870,0.03714,3.36814,1469.80039
2002-03-08,0.14268,0.04558,0.00222,14.73423,584.22360,256.81672,348.52443,24,0.14871,0.09755,0.06468,0.03174,0.01280,3.73692,1531.60448
2002-03-09,0.20297,0.06723,0.00045,17.36355,528.10324,246.90207,370.29589,24,0.18085,0.18757,0.05186,0.12727,0.00000,3.62089,1288.12092
2002-03-10,0.23553,0.08132,0.01313,19.53377,475.50351,236.21170,381.60551,24,0.19961,0.26255,0.10204,0.04064,0.00181,2.66827,1139.41553
2002-03-11,0.24869,0.24530,0.06244,20.73232,467.56521,228.62540,387.33233,24,0.27820,0.31063,0.27247,0.15216,0.10318,1.69601,1096.42186
2002-03-12,0.47862,0.18496,0.04896,18.65751,484.92760,236.46791,377.14478,24,0.31999,0.37236,0.56733,0.27824,0.32114,1.83115,1179.78193
2002-03-13,0.48804,0.04562,0.00788,16.97533,503.62388,255.33655,362.71206,24,0.54620,0.44472,0.14722,0.07470,0.05934,2.36181,1328.08400
2002-03-14,0.54660,0.00664,0.00121,16.39733,519.95153,260.40457,361.01003,24,0.43405,0.52436,0.02356,0.00179,0.00732,3.64949,1318.85465
2002-03-15,0.44599,0.00317,0.00052,15.66201,603.55666,265.55277,365.29763,24,0.35885,0.57501,0.01078,0.00561,0.00364,3.69028,1439.88292
2002-03-16,0.09940,0.00328,0.00030,16.44648,590.84372,255.33407,367.76485,24,0.09733,0.14910,0.01452,0.00000,0.00357,4.51618,1512.18240
2002-03-17,0.06118,0.00358,0.00207,16.45573,603.25515,267.81821,361.09763,24,0.05513,0.06025,0.01829,0.00000,0.01287,3.93956,1617.63990
2002-03-18,0.05206,0.00122,0.00062,15.75748,593.12864,276.68548,354.13308,24,0.02078,0.03961,0.00735,0.00000,0.00370,4.27423,1669.82549
2002-03-19,0.04784,0.00000,0.00000,16.00370,583.31610,280.40300,356.80607,24,0.04165,0.04187,0.00000,0.00000,0.00000,4.31616,1590.10377
2002-03-20,0.07933,0.00030,0.00000,17.29092,584.56460,279.53729,365.31718,24,0.00977,0.05482,0.00000,0.00000,0.00000,3.95997,1569.08116
2002-03-21,0.11640,0.00129,0.00000,17.77834,639.76246,273.46257,369.31866,24,0.04799,0.05054,0.00542,0.00000,0.00000,3.51099,1545.61189
2002-03-22,0.22364,0.02209,0.00139,18.37056,643.48426,265.84843,373.91989,24,0.22529,0.13154,0.01845,0.00000,0.00000,4.33518,1346.41397
2002-03-23,0.32247,0.36359,0.04057,19.47506,632.52256,253.09020,387.47452,24,0.29113,0.28564,0.29853,0.25857,0.03144,3.58057,1258.47104
2002-03-24,0.48614,0.70538,0.19093,20.83750,660.10195,218.82360,402.22320,24,0.49784,0.41376,0.81852,0.55706,0.26343,2.80439,1100.98375
2002-03-25,0.46527,0.72736,0.22201,21.04585,595.95692,198.66247,403.62597,24,0.64328,0.49669,0.96701,0.67480,0.56674,2.18435,948.41603
2002-03-26,0.55263,0.79994,0.26433,21.22379,553.56234,190.60169,407.54837,24,0.74118,0.56275,1.00000,0.68557,0.43947,2.39313,925.25700
2002-03-27,0.50433,0.74794,0.23247,21.24807,476.94261,183.44763,406.56252,24,0.64344,0.54992,0.96322,0.77316,0.52222,2.10051,896.08782
2002-03-28,0.42611,0.62868,0.16409,21.27172,463.96605,215.72834,402.08527,24,0.60219,0.45240,0.90620,0.70118,0.54001,1.64575,921.68951
2002-03-29,0.48506,0.53145,0.14555,20.82024,430.90301,207.20195,397.44700,24,0.59662,0.63740,0.82599,0.65095,0.37057,1.73133,917.19135
2002-03-30,0.35546,0.28939,0.06336,19.87953,445.02287,246.30920,384.72021,24,0.25094,0.34710,0.65618,0.37852,0.35423,2.25640,1032.53898
2002-03-31,0.31969,0.24287,0.03603,20.28998,449.91663,248.98693,384.97428,24,0.37435,0.34915,0.43266,0.24230,0.12473,2.35403,1079.72725
2002-10-01,0.76272,0.84624,0.22946,24.93069,369.26734,190.92826,423.29346,24,0.85998,0.70231,0.96162,0.94792,0.56111,1.18086,811.41964
2002-10-02,0.70636,0.83195,0.17918,24.90802,337.78364,197.46789,422.31029,24,0.88837,0.66117,0.95761,0.97589,0.56282,1.36178,736.85281
2002-10-03,0.54626,0.75019,0.17434,24.50163,338.44531,187.15673,417.37531,24,0.77201,0.63201,0.93264,0.83977,0.56186,1.31907,771.04420
2002-10-04,0.37970,0.70894,0.10955,24.41639,347.95115,205.27245,415.82680,24,0.43724,0.33183,0.77614,0.83313,0.36003,1.53864,820.18732
2002-10-05,0.29293,0.59101,0.07481,24.28128,338.21466,206.24883,415.43618,24,0.28918,0.28911,0.84986,0.83043,0.35094,1.63808,805.42314
2002-10-06,0.32448,0.52207,0.08811,24.59057,341.27592,218.58036,415.20592,24,0.25669,0.23084,0.60450,0.78947,0.18732,1.72807,864.11531
2002-10-07,0.30526,0.59210,0.09295,24.13501,333.43301,214.42410,415.84028,24,0.27766,0.24939,0.60145,0.83215,0.38199,1.54091,851.36670
2002-10-08,0.41900,0.63701,0.10913,23.77094,347.91694,207.41839,413.14478,24,0.17495,0.25239,0.63602,0.83500,0.23747,1.71731,892.23968
2002-10-09,0.38661,0.65906,0.10273,23.23652,333.53322,194.41987,410.57605,24,0.51730,0.46651,0.73983,0.78870,0.38030,1.89999,827.90944
2002-10-10,0.31816,0.61169,0.10461,23.26579,363.36760,209.56419,407.46452,24,0.43279,0.34025,0.69474,0.76510,0.38120,1.67252,873.23825
2002-10-11,0.33367,0.64825,0.07784,23.00860,371.54376,208.57571,406.32402,24,0.37891,0.33219,0.74985,0.86563,0.30238,1.85991,901.46073
2002-10-12,0.48202,0.65889,0.07992,23.11285,333.23640,201.86486,405.91551,24,0.50834,0.34597,0.83025,0.91074,0.31488,1.47224,835.00771
2002-10-13,0.69559,0.59396,0.11316,23.25003,378.40279,165.67947,412.79698,24,0.62962,0.64061,0.64581,0.87315,0.30700,1.47298,827.94292
2002-10-14,0.73830,0.71344,0.21719,22.75073,416.52288,110.13108,416.26679,24,0.81545,0.74504,0.56158,0.77624,0.23286,1.44987,670.68140
2002-10-15,0.61098,0.69581,0.22456,22.89912,392.02314,122.97758,415.85955,24,0.69453,0.69207,0.67534,0.79474,0.37269,1.23894,726.64914
2002-10-16,0.45992,0.68455,0.18340,22.85734,327.56102,163.61158,409.75775,24,0.44549,0.52065,0.68882,0.79644,0.34383,1.07658,705.69557
2002-10-17,0.53014,0.63967,0.09946,23.21724,327.49436,189.60074,409.65129,24,0.48626,0.33666,0.85327,0.76572,0.35069,1.37424,754.14872
2002-10-18,0.91761,0.77065,0.23903,22.82967,313.17037,113.24730,416.78299,24,0.88943,0.91458,0.66722,0.90914,0.24219,1.55549,502.48325
2002-10-19,0.83799,0.87652,0.36082,23.09213,299.37628,120.64763,417.43385,24,0.93059,0.86820,0.93721,0.97652,0.60835,1.10381,584.64103
2002-10-20,0.51579,0.79001,0.26476,22.83560,317.38540,155.44779,404.24776,24,0.87017,0.67563,0.91352,0.90951,0.64793,1.04800,670.42231
2002-10-21,0.43049,0.54314,0.14396,22.03775,368.00906,199.10364,390.42035,24,0.56123,0.48397,0.77476,0.75388,0.51639,1.33534,834.06185
2002-10-22,0.61407,0.37231,0.06958,21.15094,433.65558,201.46857,385.28436,24,0.60737,0.64816,0.69891,0.41330,0.26599,1.91876,1072.19975
2002-10-23,0.57849,0.27147,0.04650,20.89768,410.45692,205.60719,381.80560,24,0.62651,0.50996,0.32974,0.30856,0.16529,2.13434,999.07434
2002-10-24,0.66040,0.30488,0.04893,21.00585,375.21111,196.75812,387.51374,24,0.58918,0.57238,0.32303,0.36447,0.15790,2.45180,911.59502
2002-10-25,0.45473,0.29476,0.06283,21.25321,390.33450,192.09863,387.92977,24,0.71408,0.48047,0.41846,0.37874,0.17375,2.29237,898.03093
2002-10-26,0.22827,0.27144,0.04260,21.00993,418.18319,210.80358,378.17069,24,0.47638,0.35062,0.40019,0.32538,0.14474,1.88483,924.75765
2002-10-27,0.21564,0.29434,0.04214,19.95922,439.00203,213.95171,369.87630,24,0.29626,0.26893,0.38553,0.27067,0.11895,2.27472,928.15454
2002-10-28,0.27054,0.21873,0.03216,18.97433,495.93823,207.52670,368.76669,24,0.21017,0.38723,0.39973,0.23491,0.13596,2.72969,1132.48946
2002-10-29,0.16754,0.15351,0.02532,17.88487,602.43925,209.16026,362.92587,24,0.20437,0.20293,0.29719,0.08529,0.08541,2.84886,1329.97308
2002-10-30,0.15612,0.13900,0.04046,17.81387,566.43239,207.47095,359.81537,24,0.24451,0.15409,0.26643,0.08746,0.12219,3.70596,1313.21969
2002-10-31,0.39199,0.11341,0.04194,18.26043,530.71178,207.99855,362.12369,24,0.25929,0.33942,0.24999,0.10243,0.14634,3.31693,1232.01026
2002-11-01,0.63025,0.06508,0.03282,19.12454,467.52024,193.79170,374.69622,24,0.78851,0.68717,0.19757,0.06163,0.13605,3.03153,1127.40861
2002-11-02,0.70717,0.13214,0.03251,20.10679,341.08512,174.09370,385.59413,24,0.73774,0.63881,0.13483,0.06112,0.10181,2.49851,837.52835
2002-11-03,0.48704,0.32742,0.06048,20.47888,326.49572,169.99207,389.36958,24,0.71091,0.52949,0.35377,0.35474,0.09554,1.73490,863.45655
2002-11-04,0.33252,0.46979,0.10209,20.49480,336.60817,179.06647,388.99852,24,0.47331,0.31147,0.55347,0.57064,0.33168,1.74001,909.40080
2002-11-05,0.28737,0.58182,0.09916,20.50135,333.34904,178.32466,385.94882,24,0.34053,0.27607,0.57763,0.69398,0.28641,1.31000,873.95872
2002-11-06,0.34987,0.36037,0.07677,20.62399,349.79910,184.98458,382.78696,24,0.42815,0.28257,0.74040,0.54250,0.37226,1.25599,865.32360
2002-11-07,0.68402,0.11654,0.02861,20.15336,345.42423,172.93234,384.10746,24,0.56189,0.67067,0.31522,0.14906,0.12904,1.42455,852.33467
2002-11-08,0.53601,0.07303,0.02091,19.78903,337.61078,189.49005,378.37226,24,0.57283,0.36459,0.18610,0.05045,0.08528,2.65558,801.06081
2002-11-09,0.38904,0.09822,0.03213,19.98648,342.87731,197.06167,380.08194,24,0.77284,0.25543,0.18228,0.05381,0.07409,2.53230,855.15173
2002-11-10,0.78228,0.10419,0.02951,20.19879,333.78307,184.62264,390.21710,24,0.70107,0.52358,0.21501,0.07776,0.11998,2.32330,835.93275
2002-11-11,0.98951,0.25316,0.06627,20.98908,347.24288,81.64188,409.17062,24,0.94946,0.99464,0.23300,0.20076,0.08095,2.71769,514.62015
2002-11-12,0.98363,0.58743,0.33287,20.78833,520.95291,37.26011,411.00360,24,0.99990,0.99996,0.42974,0.54324,0.16454,1.47228,605.44689
2002-11-13,0.74857,0.78854,0.31754,20.00256,425.22412,85.76673,403.43416,24,0.94957,0.90676,0.85775,0.89227,0.44786,1.27538,624.57673
2002-11-14,0.23372,0.43722,0.10999,18.70099,447.99911,172.40179,364.09243,24,0.36666,0.39330,0.64118,0.68388,0.28965,1.65580,914.85262
2002-11-15,0.14592,0.20895,0.06904,17.35924,487.36440,190.13492,347.58188,24,0.30728,0.17830,0.44600,0.38897,0.26970,2.04819,1072.35890
2002-11-16,0.22866,0.18772,0.05571,17.57138,417.33181,198.71826,347.54942,24,0.20462,0.21518,0.23789,0.22585,0.17727,2.36567,930.16822
2002-11-17,0.15543,0.20845,0.06814,17.82931,425.91912,190.13651,355.89108,24,0.26415,0.12080,0.38114,0.23295,0.20732,2.28559,982.04872
2002-11-18,0.23411,0.22774,0.05848,17.51397,460.08594,183.09920,359.18805,24,0.40005,0.18531,0.39099,0.23031,0.23626,2.22377,1073.98022
2002-11-19,0.22956,0.21734,0.04778,16.85299,484.01776,173.88263,358.51635,24,0.30849,0.22819,0.38878,0.26748,0.16490,2.75901,1135.87497
2002-11-20,0.21662,0.17727,0.05121,16.61712,523.26299,175.19591,352.44191,24,0.40967,0.29120,0.31215,0.21270,0.12841,2.93742,1263.27167
2002-11-21,0.11908,0.08020,0.04146,16.72136,464.49061,193.44691,345.60596,24,0.17139,0.02885,0.18031,0.06027,0.13687,2.76005,1005.80972
2002-11-22,0.13518,0.16232,0.03934,16.90890,376.61742,190.87797,349.67877,24,0.21238,0.03165,0.26889,0.12174,0.19661,2.51112,870.46173
2002-11-23,0.33415,0.15583,0.02387,17.23632,369.07059,182.55039,357.43866,24,0.39227,0.29782,0.34841,0.06791,0.07910,2.50824,1018.40436
2002-11-24,0.71244,0.16611,0.01430,18.24420,323.07476,167.84577,371.96139,24,0.64333,0.64999,0.21298,0.05291,0.06981,2.36596,915.81621
2002-11-25,0.66661,0.32263,0.04819,19.15861,310.97807,153.62273,381.23382,24,0.86544,0.84927,0.17498,0.28902,0.03879,1.92530,811.78167
2002-11-26,0.42688,0.40402,0.15505,19.30904,299.95941,150.34506,379.80991,24,0.52805,0.44232,0.51607,0.39280,0.15608,1.75675,766.64752
2002-11-27,0.25559,0.35407,0.09757,19.02674,344.79746,167.05812,368.07540,24,0.43952,0.27982,0.45410,0.50658,0.25699,1.65831,863.12858
2002-11-28,0.35266,0.24431,0.04593,19.22392,332.74662,171.13902,372.29776,24,0.31985,0.25234,0.44603,0.39465,0.21428,1.56918,824.83042
2002-11-29,0.43866,0.28471,0.03983,19.20360,303.35024,142.59304,377.58090,24,0.47026,0.46243,0.17900,0.24165,0.02900,1.96217,723.09626
2002-11-30,0.48403,0.38875,0.09415,18.97304,307.18083,158.54685,371.97640,24,0.55306,0.62346,0.50244,0.48894,0.15094,1.96371,743.85987
2002-12-01,0.26158,0.30087,0.09109,17.67601,359.84444,167.21209,357.93529,24,0.35457,0.38288,0.52755,0.35421,0.15007,1.88621,900.66734
2002-12-02,0.11900,0.21215,0.07720,16.64047,382.63784,177.54471,345.53837,24,0.23643,0.16619,0.35603,0.20194,0.18388,2.15437,930.82815
2002-12-03,0.20003,0.18084,0.06321,16.51100,371.86010,182.22990,345.18807,24,0.19940,0.14504,0.28369,0.16361,0.19876,2.44581,854.64484
2002-12-04,0.23737,0.26208,0.07350,16.30723,416.55438,175.77325,348.77413,24,0.27038,0.15142,0.43507,0.35059,0.22114,2.61679,980.14312
2002-12-05,0.45004,0.18107,0.05412,15.77312,406.14710,172.89674,343.14892,24,0.56926,0.49645,0.42553,0.18263,0.19924,2.39468,991.00842
2002-12-06,0.62042,0.12726,0.04061,15.41759,380.65483,171.66499,339.04345,24,0.61110,0.63878,0.31096,0.11539,0.16809,2.42305,929.36746
2002-12-07,0.54899,0.11012,0.04057,15.20923,374.52867,177.44952,335.21838,24,0.75721,0.53277,0.19526,0.08103,0.13018,2.64683,859.42171
2002-12-08,0.58558,0.08549,0.03755,15.33462,344.90257,177.24107,334.76522,24,0.65643,0.58108,0.24591,0.09225,0.15138,2.25204,783.22815
2002-12-09,0.53178,0.11067,0.04846,14.94460,367.70470,179.45625,335.63416,24,0.54608,0.63445,0.18584,0.06705,0.12600,2.65325,883.44985
2002-12-10,0.18951,0.13518,0.04047,14.48345,399.34454,177.26515,333.43889,24,0.44113,0.19232,0.36284,0.13496,0.16541,2.49946,997.86835
2002-12-11,0.21711,0.10157,0.03994,14.63500,342.15253,183.38201,332.07335,24,0.30809,0.26106,0.15036,0.04591,0.10043,2.94733,834.36967
2002-12-12,0.10962,0.13036,0.05116,14.85723,353.44341,177.52568,337.55665,24,0.31488,0.05791,0.33536,0.09932,0.18732,2.55630,950.54133
2002-12-13,0.08114,0.09351,0.04223,15.06190,350.25327,180.03501,338.08422,24,0.21219,0.05274,0.25810,0.04434,0.18918,2.29233,964.00217
2002-12-14,0.12107,0.13319,0.03049,15.13220,360.44840,174.72700,342.22711,24,0.18894,0.12249,0.22005,0.12069,0.09608,2.50787,1029.95848
2002-12-15,0.17554,0.13539,0.03196,15.20181,363.14206,167.99877,346.84871,24,0.24776,0.13988,0.23107,0.14707,0.13843,2.12755,1032.89970
2002-12-16,0.21003,0.12480,0.02585,14.99691,405.95749,161.48543,347.67183,24,0.33072,0.23932,0.23585,0.07607,0.13093,2.39669,1126.86356
2002-12-17,0.30144,0.17840,0.02738,15.03245,419.18325,153.29810,352.79813,24,0.33051,0.31835,0.26288,0.13813,0.08780,2.45035,1138.09154
2002-12-18,0.22917,0.23032,0.03759,15.78917,387.09948,151.44561,350.83572,24,0.33395,0.30495,0.30035,0.23776,0.11340,2.17083,989.92678
2002-12-19,0.16105,0.23655,0.06857,16.65625,342.35824,159.54871,348.33957,24,0.22554,0.16371,0.30438,0.24137,0.08947,1.66193,798.30392
2002-12-20,0.31178,0.36286,0.10337,17.27930,317.36074,158.05463,355.07098,24,0.25145,0.24648,0.38823,0.40045,0.18352,1.50690,717.08876
2002-12-21,0.33456,0.39025,0.15719,16.93565,299.31491,153.59836,353.60526,24,0.54040,0.31280,0.64774,0.43233,0.40896,1.20414,813.20953
2002-12-22,0.18703,0.19474,0.08164,15.42157,378.54546,164.19482,339.60005,24,0.44338,0.22250,0.48294,0.30363,0.34492,1.52237,980.56398
2002-12-23,0.10799,0.07945,0.03201,13.85301,415.38889,177.46280,328.08468,24,0.26096,0.11277,0.20296,0.09581,0.11595,2.11195,1055.54550
2002-12-24,0.25062,0.10125,0.02875,13.93022,396.57755,173.50549,330.39271,24,0.36036,0.26773,0.16420,0.06343,0.09336,2.10986,1006.18606
2002-12-25,0.26279,0.16316,0.03626,14.09678,367.26517,158.84443,340.38412,24,0.43233,0.35401,0.28293,0.16645,0.14235,2.12565,966.49639
2002-12-26,0.14346,0.17037,0.02398,14.06006,364.79849,164.28204,335.02403,24,0.17445,0.21534,0.24993,0.23265,0.07041,2.02824,854.50832
2002-12-27,0.22237,0.18915,0.02180,13.55357,461.58669,163.07289,333.37506,24,0.25708,0.26006,0.28043,0.18664,0.05574,2.03768,1000.37181
2002-12-28,0.19330,0.15958,0.03186,12.39118,492.54724,168.06908,324.91141,24,0.28260,0.32050,0.26005,0.18536,0.10856,2.54588,1122.39943
2002-12-29,0.13807,0.11552,0.02232,11.93150,526.59617,173.96656,316.97648,24,0.20778,0.14733,0.14209,0.11659,0.04336,2.77919,1191.04024
2002-12-30,0.09755,0.10684,0.02993,11.33492,456.03382,176.65333,310.22387,24,0.20738,0.16287,0.19451,0.13474,0.09934,2.35440,1021.09295
2002-12-31,0.16582,0.04347,0.02423,11.85691,356.87305,187.06041,311.40807,24,0.16297,0.07591,0.12347,0.01801,0.04874,2.42180,837.46275
2003-01-01,0.30143,0.09953,0.03991,13.21351,341.61767,145.22364,331.82503,24,0.42123,0.47130,0.09382,0.04519,0.07001,2.63281,741.47514
2003-01-02,0.01500,0.02475,0.01458,13.11350,353.38315,189.08142,315.07367,24,0.06288,0.00159,0.17794,0.01106,0.10858,2.02195,744.86339
2003-01-03,0.03073,0.02265,0.00722,13.32476,282.99322,191.25481,318.14820,24,0.06332,0.00061,0.03875,0.00180,0.02939,2.34784,623.83677
2003-01-04,0.11561,0.09312,0.01188,13.08214,413.39649,182.22073,326.83449,24,0.16823,0.07325,0.11917,0.01477,0.05486,2.61337,883.62170
2003-01-05,0.08287,0.13515,0.01582,11.96937,435.60147,178.76831,316.34255,24,0.15903,0.13847,0.28987,0.23317,0.02730,2.91570,921.68205
2003-01-06,0.03228,0.05146,0.01869,12.31598,362.43788,189.85858,313.32827,24,0.08333,0.02870,0.09351,0.06531,0.05581,2.20877,771.21524
2003-01-07,0.20103,0.10548,0.01319,12.64819,355.11030,188.99405,315.21086,24,0.16525,0.03836,0.06738,0.03126,0.03476,1.81059,760.15369
2003-01-08,0.29686,0.25411,0.03384,11.77800,400.09172,181.18001,313.89220,24,0.41883,0.25643,0.29000,0.27620,0.04151,1.78406,852.78770
2003-01-09,0.54770,0.14484,0.02617,11.55657,381.97486,183.27392,307.68925,24,0.70018,0.58332,0.36765,0.16979,0.11896,1.88892,775.75614
2003-01-10,0.53378,0.08841,0.02001,11.63364,337.41313,191.33575,305.67831,24,0.55218,0.37392,0.09219,0.06507,0.04673,1.44173,698.64062
2003-01-11,0.58815,0.08180,0.02730,11.61033,345.90302,190.64696,310.29234,24,0.60764,0.36098,0.13859,0.11063,0.08297,1.88567,748.88317
2003-01-12,0.62087,0.08368,0.02624,11.70579,337.89571,184.35954,310.91915,24,0.91983,0.64130,0.08314,0.03778,0.03963,2.13712,760.48753
2003-01-13,0.72654,0.05817,0.01477,11.44134,318.48408,186.28208,309.74265,24,0.70477,0.69513,0.13114,0.05212,0.06128,2.02503,683.11356
2003-01-14,0.34513,0.04827,0.01260,11.97638,346.89429,190.53167,307.58567,24,0.61701,0.43963,0.09510,0.04311,0.04675,1.90829,695.54466
2003-01-15,0.04145,0.01492,0.00949,11.85918,308.35892,203.65706,303.19449,24,0.19800,0.00318,0.04780,0.00180,0.02552,1.70693,656.51114
2003-01-16,0.06052,0.01997,0.01848,12.25855,277.84624,204.33376,305.91874,24,0.10855,0.03190,0.05295,0.00000,0.05295,1.84644,640.15637
2003-01-17,0.03988,0.01997,0.01967,12.49552,266.70111,204.85712,307.85965,24,0.10121,0.00145,0.06405,0.00000,0.06226,1.90020,682.38782
2003-01-18,0.07411,0.01781,0.01729,12.06950,272.20246,205.36198,307.64133,24,0.12415,0.11519,0.05304,0.00000,0.05304,2.24427,681.81702
2003-01-19,0.02189,0.01817,0.01691,12.13160,277.28662,206.89304,308.03299,24,0.07145,0.00036,0.05847,0.00000,0.05668,2.23093,656.30699
2003-01-20,0.01411,0.02329,0.01274,11.28015,301.61907,207.26257,304.04401,24,0.03535,0.00163,0.04209,0.00181,0.04031,2.50053,710.57963
2003-01-21,0.03627,0.05462,0.01699,10.02997,329.22305,206.17333,302.80561,24,0.05715,0.02055,0.06687,0.05785,0.04173,2.42032,760.26460
2003-01-22,0.09272,0.06147,0.01357,9.63065,352.52485,205.75059,302.16668,24,0.06504,0.22095,0.07729,0.07043,0.03240,2.61751,797.34463
2003-01-23,0.08316,0.06746,0.00421,10.00046,341.23881,202.00163,308.59531,24,0.04550,0.07920,0.07541,0.16836,0.01617,2.63035,877.58958
2003-01-24,0.17371,0.19346,0.03288,11.19001,318.32200,191.21888,322.07639,24,0.19606,0.14669,0.18017,0.20290,0.02377,2.24562,872.61133
2003-01-25,0.18616,0.17721,0.07049,12.17712,310.95845,188.44634,323.90841,24,0.34296,0.18835,0.38850,0.20327,0.18796,1.51340,889.73760
2003-01-26,0.22666,0.12080,0.02932,12.31570,334.70974,196.22481,325.04880,24,0.23161,0.20730,0.22459,0.09921,0.09885,1.87536,941.99064
2003-01-27,0.16561,0.07532,0.01677,12.49127,325.81669,197.66255,325.95758,24,0.15562,0.11998,0.13510,0.04494,0.05068,2.06402,913.72355
2003-01-28,0.08384,0.04057,0.02069,13.18593,300.06246,203.83412,330.43128,24,0.08923,0.04434,0.09225,0.00912,0.04011,2.08918,874.71997
2003-01-29,0.47536,0.12530,0.05550,14.38492,278.66796,174.72410,345.60859,24,0.23305,0.46431,0.12341,0.05857,0.10188,1.91037,714.17796
2003-01-30,0.56615,0.35933,0.07553,14.95736,315.74475,156.04211,358.55383,24,0.69051,0.68073,0.31447,0.41320,0.19964,1.89480,761.23115
2003-01-31,0.43162,0.32681,0.07161,15.53039,328.49065,164.95037,358.22815,24,0.63369,0.55072,0.60966,0.52919,0.27729,1.63013,797.00912
2003-02-01,0.20321,0.10510,0.02132,14.92537,322.64168,166.00504,353.56142,24,0.20657,0.35509,0.21839,0.17539,0.04523,1.89811,755.96039
2003-02-02,0.13363,0.02573,0.00601,15.24099,358.20574,207.55220,346.14590,24,0.05249,0.12282,0.03603,0.00720,0.02349,1.94679,731.31415
2003-02-03,0.18105,0.08274,0.00954,15.33128,347.63847,210.72220,342.91700,24,0.21547,0.15142,0.07810,0.04326,0.02733,1.67357,751.42304
2003-02-04,0.68651,0.06093,0.00957,15.53885,360.13962,179.25865,358.57310,24,0.43892,0.60012,0.12386,0.09710,0.05750,2.03721,734.02885
2003-02-05,0.60051,0.10626,0.01246,15.64958,330.37631,152.52709,358.11849,24,0.81919,0.86377,0.06266,0.01079,0.01967,2.63545,677.07477
2003-02-06,0.15156,0.18104,0.03612,15.30645,357.34332,196.40853,344.01398,24,0.18798,0.20504,0.27226,0.46423,0.14584,1.92427,919.81104
2003-02-07,0.16542,0.11942,0.02575,15.09270,407.15637,198.31203,342.40410,24,0.18289,0.22998,0.23186,0.14204,0.09081,1.71390,1050.17320
2003-02-08,0.22208,0.10114,0.01814,15.28403,439.02191,197.08832,346.82432,24,0.11723,0.21718,0.11719,0.06821,0.03601,2.11435,1129.62926
2003-02-09,0.27018,0.19654,0.03520,15.94785,381.87936,200.79894,350.33428,24,0.36282,0.22478,0.15651,0.26358,0.07739,2.58724,958.29411
2003-02-10,0.15628,0.18845,0.04076,16.16515,349.00294,206.95264,350.94425,24,0.21562,0.14923,0.37306,0.34968,0.20361,2.20186,949.64591
2003-02-11,0.24981,0.07766,0.01551,16.23171,356.13482,209.92923,353.23373,24,0.13166,0.18322,0.11728,0.14128,0.03600,1.93053,990.37368
2003-02-12,0.38471,0.28034,0.03094,16.66494,329.24636,186.96694,359.94241,24,0.46969,0.35382,0.17311,0.30857,0.04701,2.03775,812.62550
2003-02-13,0.33127,0.46204,0.08686,16.63825,379.49997,180.68598,360.80093,24,0.42128,0.37003,0.57898,0.65222,0.17198,1.61432,909.84705
2003-02-14,0.32010,0.31805,0.08928,15.52133,407.37324,186.21319,348.80090,24,0.55538,0.31878,0.63356,0.40704,0.35529,1.58751,938.72144
2003-02-15,0.39063,0.09903,0.02484,14.04305,460.89976,214.06543,336.88311,24,0.53815,0.47740,0.38067,0.05711,0.17209,1.76832,1174.62233
2003-02-16,0.05775,0.02185,0.00407,13.62522,457.83343,225.78141,331.60459,24,0.06872,0.06611,0.05776,0.00000,0.02535,2.80495,1207.98456
2003-02-17,0.20506,0.01029,0.00045,14.17791,429.57311,231.34934,336.67422,24,0.08389,0.04892,0.02346,0.00180,0.00000,2.79554,1172.32049
2003-02-18,0.09667,0.00357,0.00169,15.34893,384.38724,232.43061,344.77996,24,0.15146,0.01554,0.01453,0.00557,0.00366,2.60801,1030.32898
2003-02-19,0.34859,0.05966,0.02305,15.82763,377.05293,224.11533,360.41136,24,0.09746,0.14056,0.01107,0.00186,0.00928,2.79050,950.36377
2003-02-20,0.16681,0.12045,0.02182,16.65337,411.10005,212.19294,357.99814,24,0.21428,0.32869,0.28712,0.21351,0.11871,2.69053,1003.02500
2003-02-21,0.07832,0.03673,0.00239,15.27505,487.88928,226.58446,344.80899,24,0.09966,0.13243,0.06473,0.07526,0.01254,2.50092,1227.88557
2003-02-22,0.04054,0.02266,0.00135,12.64476,517.96727,242.21700,324.98446,24,0.04241,0.07508,0.09350,0.00555,0.00722,2.51362,1272.90862
2003-02-23,0.04003,0.00269,0.00007,12.80378,481.22939,245.07070,329.33297,24,0.01285,0.02121,0.00000,0.00000,0.00000,3.64638,1213.59564
2003-02-24,0.10269,0.02177,0.00253,14.51156,481.54726,237.07556,343.43926,24,0.06925,0.08691,0.01077,0.00936,0.00000,3.72489,1220.13667
2003-02-25,0.19222,0.16251,0.04065,16.26511,479.86262,219.20006,355.02232,24,0.13018,0.21205,0.11590,0.17437,0.04243,3.06778,1177.52356
2003-02-26,0.21457,0.20833,0.04903,17.18287,459.69685,218.76138,359.52030,24,0.35052,0.26467,0.45556,0.16410,0.18506,1.91856,1089.65591
2003-02-27,0.23544,0.22721,0.05447,17.88469,458.76943,217.50045,364.05196,24,0.34946,0.26566,0.36125,0.26239,0.15753,1.90380,1100.56001
2003-02-28,0.16111,0.09124,0.03533,17.87939,445.52446,227.71493,364.10730,24,0.27389,0.21727,0.26083,0.07174,0.18567,1.89842,1058.26643
2003-03-01,0.25030,0.05798,0.00213,18.35073,457.37122,224.98885,373.38194,24,0.10944,0.30771,0.09026,0.05301,0.01836,2.05879,1110.20995
2003-03-02,0.14069,0.08148,0.00811,19.27275,455.21499,225.56236,377.44850,24,0.16197,0.15653,0.07207,0.05402,0.00179,2.40654,1025.67061
2003-03-03,0.17267,0.14616,0.03406,20.05485,521.64515,227.03835,383.23075,24,0.11462,0.15906,0.19147,0.14465,0.04427,2.00183,1137.70345
2003-03-04,0.15538,0.17763,0.06429,16.11849,701.46897,235.87786,367.58483,24,0.30142,0.14093,0.24701,0.13639,0.16600,2.84725,1350.99927
2003-03-05,0.04110,0.06622,0.02206,10.18135,476.16691,260.60447,318.95016,24,0.17491,0.05397,0.27564,0.10363,0.12690,8.19584,931.08470
2003-03-06,0.01112,0.00329,0.00046,9.90844,529.72723,270.73498,312.80532,24,0.01888,0.00780,0.00362,0.00000,0.00183,5.04144,1199.64965
2003-03-07,0.04172,0.00618,0.00075,10.66007,588.51617,267.05132,317.94787,24,0.02095,0.04366,0.00895,0.00000,0.00179,4.96822,1349.46908
2003-03-08,0.03175,0.00477,0.00119,11.13819,621.01501,268.28218,321.46238,24,0.03026,0.03991,0.02146,0.00000,0.00893,5.22190,1636.62191
2003-03-09,0.08193,0.01016,0.00139,11.81310,566.92161,268.52215,329.16014,24,0.02516,0.02964,0.01266,0.00932,0.00362,4.31105,1511.48048
2003-03-10,0.06171,0.00402,0.00069,13.58720,542.73858,268.12782,340.86117,24,0.06119,0.03478,0.01280,0.00000,0.00738,4.14341,1388.09558
2003-03-11,0.40707,0.10275,0.00869,16.80943,470.66414,217.35225,367.18707,24,0.23155,0.50042,0.00908,0.10872,0.00000,3.85848,1082.00866
2003-03-12,0.71404,0.30121,0.06115,17.31116,442.03567,172.36938,376.81814,24,0.58437,0.60598,0.33265,0.27407,0.10601,2.37495,929.04288
2003-03-13,0.64799,0.50446,0.05904,17.55903,437.12800,193.52021,375.93412,24,0.80330,0.73243,0.46196,0.66247,0.15994,1.84315,930.11209
2003-03-14,0.58826,0.66181,0.11988,18.75716,395.85799,207.32569,382.73122,24,0.42059,0.63668,0.74994,0.70701,0.14550,1.52931,783.36149
2003-03-15,0.76710,0.81578,0.14932,19.51972,374.94972,164.87147,393.96988,24,0.78296,0.69568,0.90298,0.85745,0.46120,1.67191,736.48175
2003-03-16,0.72890,0.76390,0.19059,19.94639,415.39357,191.37248,396.40817,24,0.80290,0.74420,0.86745,0.70048,0.52374,1.31198,791.10117
2003-03-17,0.90364,0.85458,0.26084,19.43149,336.32958,151.25561,398.87670,24,0.87156,0.90999,0.95960,0.90211,0.64256,1.36759,635.06546
2003-03-18,0.54407,0.69627,0.12624,19.42641,365.52729,187.63038,386.61673,24,0.92205,0.77743,0.93342,0.89512,0.53580,1.33359,745.87981
2003-03-19,0.34229,0.47433,0.09717,19.11036,430.78171,225.74278,378.37769,24,0.35369,0.34967,0.91259,0.66364,0.41639,1.48022,946.46072
2003-03-20,0.21426,0.31221,0.08445,18.65074,471.55326,237.21843,372.60383,24,0.29610,0.19885,0.64583,0.50671,0.36774,1.78705,1074.00607
2003-03-21,0.20631,0.14275,0.03325,18.60075,493.32428,243.87227,366.44197,24,0.27378,0.28433,0.25764,0.19325,0.11097,2.05495,1175.83783
2003-03-22,0.13247,0.06116,0.01680,18.64995,463.51761,263.42528,363.25494,24,0.18531,0.15487,0.17231,0.09003,0.09066,1.73362,1157.78273
2003-03-23,0.11331,0.03533,0.01181,18.43495,473.87578,275.17243,366.10798,24,0.13785,0.13335,0.08366,0.03359,0.04452,2.36754,1188.30440
2003-03-24,0.14250,0.03295,0.01354,19.13683,485.59986,268.50476,373.76804,24,0.07755,0.19796,0.06842,0.01872,0.06281,2.59033,1250.97433
2003-03-25,0.21619,0.08761,0.00953,19.83644,526.01226,260.88431,383.05737,24,0.17410,0.21628,0.16341,0.07649,0.06644,2.95424,1395.13491
2003-03-26,0.37072,0.21791,0.01614,20.47746,466.84750,249.56151,389.39515,24,0.34426,0.31657,0.13378,0.31884,0.01115,2.59182,1158.14054
2003-03-27,0.37083,0.28307,0.01841,20.54623,475.05499,248.99241,390.29460,24,0.24607,0.28891,0.40761,0.49024,0.13226,2.25073,1168.64880
2003-03-28,0.26890,0.16352,0.01416,20.23983,465.03398,255.62107,386.74238,24,0.39016,0.33066,0.34102,0.33127,0.09063,2.06541,1161.14310
2003-03-29,0.22407,0.16862,0.01701,20.40599,551.78023,259.35154,389.88374,24,0.10202,0.21219,0.25430,0.21894,0.07176,2.02943,1316.18122
2003-03-30,0.44633,0.62198,0.10949,20.82660,542.25241,219.20679,399.35849,24,0.43283,0.58803,0.49933,0.74998,0.11247,1.99505,1012.41324
2003-03-31,0.64020,0.83886,0.32126,21.39806,526.35683,173.49097,411.20887,24,0.68854,0.72425,0.85289,0.76079,0.44513,1.87919,857.87398
2003-10-01,0.68009,0.83273,0.14463,24.82057,357.55539,201.12652,425.36326,24,0.55968,0.49803,0.83683,0.92573,0.26801,1.57487,818.66689
2003-10-02,0.73976,0.86227,0.17326,24.37640,303.79506,170.95836,424.27430,24,0.86843,0.67734,0.96148,0.97589,0.50327,1.33163,668.74861
2003-10-03,0.59592,0.69770,0.12104,24.44971,329.71868,204.95963,421.55135,24,0.49837,0.41205,0.77301,0.88501,0.24752,1.11897,829.78894
2003-10-04,0.67509,0.58562,0.12033,24.54054,340.73949,199.04484,421.24385,24,0.57442,0.48746,0.65174,0.81498,0.30902,1.36277,823.38095
2003-10-05,0.88131,0.52277,0.11142,24.24626,371.56306,174.89122,421.97618,24,0.86623,0.83901,0.51831,0.76086,0.24372,1.28904,757.97256
2003-10-06,0.97818,0.42170,0.10017,24.26118,405.01873,145.31686,424.12125,24,0.93678,0.97093,0.49257,0.59958,0.15191,1.40195,723.13377
2003-10-07,0.99370,0.59149,0.28764,23.57003,412.10482,82.76820,424.50663,24,0.99008,0.98706,0.45717,0.61382,0.18032,1.31040,589.61929
2003-10-08,0.99450,0.76480,0.37560,23.49450,432.96763,66.42430,426.46297,24,0.99608,0.99842,0.63459,0.75131,0.31433,1.29177,527.75545
2003-10-09,0.99299,0.92950,0.56223,24.16741,520.14531,89.52614,429.89559,24,0.99143,0.98940,0.86102,0.94454,0.55998,0.96621,647.68880
2003-10-10,0.92987,0.83489,0.40765,23.56572,391.14023,92.96559,425.33957,24,0.99815,0.98542,0.94971,0.95321,0.63814,1.02060,646.73846
2003-10-11,0.75864,0.67604,0.19532,23.66103,300.61194,173.15840,412.24752,24,0.86435,0.73145,0.76026,0.81391,0.42458,1.22176,700.22799
2003-10-12,0.51122,0.42107,0.13085,23.41352,317.98363,204.34945,400.79053,24,0.63498,0.52725,0.71068,0.58010,0.33398,1.26902,840.81899
2003-10-13,0.48046,0.26938,0.06777,23.25292,376.53415,216.75858,396.79184,24,0.52382,0.28616,0.52904,0.28797,0.36988,1.99951,922.95770
2003-10-14,0.65392,0.20483,0.02929,22.85148,382.87434,216.04200,399.85509,24,0.40991,0.44267,0.18993,0.38118,0.07211,1.91455,910.17319
2003-10-15,0.71804,0.43279,0.09977,23.53947,307.98057,172.31234,411.57098,24,0.76312,0.64677,0.23738,0.44776,0.05911,2.28224,735.71104
2003-10-16,0.54651,0.54844,0.11940,23.97508,318.88766,191.57949,413.95783,24,0.64625,0.40733,0.73245,0.81721,0.30293,1.34294,792.15993
2003-10-17,0.68742,0.51486,0.09499,23.91687,336.76908,198.11023,413.20498,24,0.63268,0.44843,0.63547,0.66198,0.33494,1.61647,832.51100
2003-10-18,0.85003,0.72910,0.11763,23.78707,316.01616,167.48742,416.25865,24,0.74709,0.83894,0.72315,0.87197,0.24027,1.42476,726.32717
2003-10-19,0.46760,0.62694,0.08401,23.97893,333.19365,183.38181,413.82044,24,0.82085,0.53222,0.69375,0.87654,0.36523,1.44999,775.05926
2003-10-20,0.24205,0.59209,0.08260,23.92246,352.31388,197.69021,410.80160,24,0.23474,0.24847,0.62791,0.82266,0.21596,1.71329,874.21316
2003-10-21,0.32433,0.66225,0.09551,23.60603,332.59112,192.32023,409.09263,24,0.35883,0.32924,0.71114,0.83877,0.25966,1.71170,831.68169
2003-10-22,0.34378,0.63951,0.09078,23.44033,343.80338,193.24697,408.01864,24,0.39432,0.30750,0.79325,0.78585,0.33608,1.40974,841.98272
2003-10-23,0.46745,0.57976,0.06795,23.41075,315.32914,180.27518,410.61451,24,0.50481,0.45109,0.58799,0.73195,0.18777,1.82989,757.85814
2003-10-24,0.78662,0.60817,0.13851,23.16539,293.43785,149.82716,414.19719,24,0.72772,0.71804,0.64270,0.74760,0.23384,1.64363,647.24819
2003-10-25,0.83495,0.77143,0.21088,22.91215,337.54156,137.01486,414.75768,24,0.74176,0.76189,0.67734,0.86013,0.42537,1.46355,648.65314
2003-10-26,0.77540,0.78848,0.21152,23.09808,326.78567,126.64077,415.27821,24,0.85029,0.78882,0.87052,0.83812,0.59850,1.31833,599.47993
2003-10-27,0.62499,0.80045,0.22871,23.33493,320.65794,150.32829,413.17405,24,0.61071,0.59876,0.83579,0.87608,0.45959,1.32013,709.02866
2003-10-28,0.58076,0.78170,0.14182,23.45187,327.86804,165.72332,410.73291,24,0.80810,0.64989,0.91448,0.93545,0.52850,1.16605,719.94985
2003-10-29,0.25140,0.57805,0.08038,23.54944,353.27532,190.53279,404.24808,24,0.52946,0.28915,0.75045,0.76959,0.32906,1.26954,779.37972
2003-10-30,0.20609,0.47763,0.05905,23.12541,363.80821,193.42782,399.61020,24,0.34467,0.23104,0.54310,0.78334,0.23205,1.43419,858.08079
2003-10-31,0.25748,0.44387,0.07787,22.42918,350.73748,189.89075,394.82399,24,0.34090,0.24615,0.54942,0.76943,0.23043,1.43091,847.93627
2003-11-01,0.20734,0.41603,0.06485,21.82596,357.44972,190.01078,389.23383,24,0.41053,0.20978,0.57498,0.77281,0.26136,1.58417,888.58457
2003-11-02,0.17025,0.24673,0.04579,21.25348,374.66118,196.37430,383.70405,24,0.30288,0.13946,0.44378,0.49665,0.23650,1.62496,916.68865
2003-11-03,0.10846,0.17662,0.02542,21.11694,380.99164,199.24995,378.81465,24,0.27068,0.11659,0.26734,0.33601,0.10601,1.89172,902.98627
2003-11-04,0.09208,0.14019,0.03557,20.57932,393.28844,205.05497,371.48917,24,0.18276,0.09685,0.23675,0.17573,0.12773,2.17701,948.33430
2003-11-05,0.13880,0.21735,0.03692,20.15194,443.02767,195.80141,371.18864,24,0.26191,0.17637,0.35160,0.17585,0.15120,2.23619,1068.98685
2003-11-06,0.19852,0.21330,0.03388,19.78621,489.61699,185.49249,373.89368,24,0.20427,0.25977,0.38779,0.19827,0.13133,2.27027,1132.73038
2003-11-07,0.21793,0.17540,0.03841,18.94741,559.17091,182.63958,369.90717,24,0.45920,0.26523,0.36831,0.12794,0.12908,2.56842,1342.95162
2003-11-08,0.15878,0.15015,0.02727,18.83047,509.38955,188.86144,364.82291,24,0.26006,0.24921,0.21599,0.12740,0.08008,3.00501,1322.34035
2003-11-09,0.15693,0.14465,0.03959,18.53033,502.11450,193.92924,361.63387,24,0.31806,0.16965,0.23735,0.13800,0.14158,2.90467,1264.12634
2003-11-10,0.14800,0.14730,0.02979,18.27500,508.41159,192.58487,360.57656,24,0.23986,0.16769,0.23517,0.13276,0.13976,2.82855,1239.24697
2003-11-11,0.17994,0.10546,0.03527,18.12341,506.24285,189.98235,359.64244,24,0.27251,0.27848,0.21778,0.08468,0.10196,2.79644,1241.61551
2003-11-12,0.09538,0.07722,0.02760,18.29105,438.22231,194.57749,356.79607,24,0.23395,0.16370,0.20493,0.05264,0.12551,2.59569,1146.82503
2003-11-13,0.06865,0.07675,0.02928,18.32061,410.35195,197.08987,354.25191,24,0.17870,0.08910,0.16050,0.02710,0.09530,2.61999,1014.23148
2003-11-14,0.05425,0.08475,0.02269,17.83542,398.56531,200.96869,351.77701,24,0.12140,0.04452,0.22849,0.09496,0.12116,2.26430,948.82661
2003-11-15,0.05239,0.06999,0.02691,17.42730,403.56745,201.68850,347.60860,24,0.11126,0.02750,0.20431,0.03257,0.07101,2.45105,953.98237
2003-11-16,0.13051,0.10798,0.03795,16.91362,465.81405,190.74630,353.08515,24,0.21848,0.16166,0.22233,0.10797,0.10399,2.16020,1113.92746
2003-11-17,0.09564,0.07303,0.01993,16.59717,491.45431,186.23195,348.74342,24,0.23410,0.17639,0.18860,0.05755,0.10006,2.83380,1222.24819
2003-11-18,0.06702,0.07937,0.01364,16.90356,443.21959,192.98369,347.53321,24,0.08307,0.08170,0.09028,0.04512,0.05441,2.72990,1101.54727
2003-11-19,0.08990,0.09759,0.01284,17.12875,390.56063,189.72382,350.60071,24,0.11657,0.07695,0.23313,0.06655,0.05828,2.10422,1000.77456
2003-11-20,0.16009,0.11384,0.01209,17.17096,401.86636,185.28714,353.65545,24,0.20731,0.15396,0.15331,0.10778,0.01634,2.68919,1061.03867
2003-11-21,0.07619,0.08254,0.02530,15.60065,459.73519,186.98073,340.87549,24,0.22264,0.10128,0.12955,0.12130,0.05211,2.61436,1203.54110
2003-11-22,0.04797,0.05663,0.02253,15.04362,418.76616,196.35517,334.66787,24,0.09390,0.02785,0.11625,0.02346,0.10728,3.25482,963.86267
2003-11-23,0.09731,0.05265,0.02331,15.97120,403.61108,186.37190,343.66141,24,0.13325,0.12932,0.13051,0.02886,0.05476,3.24369,1080.54234
2003-11-24,0.20140,0.08297,0.03456,16.42233,421.57806,179.07815,352.33489,24,0.33652,0.35197,0.17351,0.03633,0.12639,2.57283,1161.94478
2003-11-25,0.15442,0.12458,0.03610,16.59799,433.30579,177.92501,354.11508,24,0.17990,0.15597,0.21175,0.07631,0.08941,2.22564,1103.29650
2003-11-26,0.12075,0.08944,0.02286,16.13390,425.61907,178.97440,346.65166,24,0.19623,0.14783,0.18172,0.05392,0.09985,2.44615,1146.67252
2003-11-27,0.10281,0.11411,0.02220,15.67147,448.38593,183.05505,340.80244,24,0.12927,0.13739,0.16056,0.05992,0.05709,2.42820,1157.98517
2003-11-28,0.21480,0.10961,0.02950,14.57313,466.03709,183.20166,335.19387,24,0.14328,0.12173,0.20781,0.06995,0.07773,2.59571,1201.74239
2003-11-29,0.16482,0.04110,0.01540,14.06676,458.79614,186.85583,329.96963,24,0.16452,0.28737,0.15865,0.03059,0.09223,3.00010,1128.62562
2003-11-30,0.19318,0.03463,0.01431,14.62377,436.86820,188.10949,331.66429,24,0.07523,0.06481,0.07484,0.00906,0.06941,2.77678,1114.77725
2003-12-01,0.12062,0.05683,0.02078,14.70578,417.88696,187.58190,330.12632,24,0.14114,0.10557,0.09658,0.00728,0.04160,2.51912,1030.64062
2003-12-02,0.06008,0.06362,0.01786,14.54719,403.95821,184.15282,330.37783,24,0.09125,0.05735,0.10901,0.04153,0.06033,2.70809,1022.04216
2003-12-03,0.07984,0.07230,0.01380,14.22016,400.07186,182.74417,330.74447,24,0.13507,0.06583,0.11620,0.03786,0.05863,2.66301,1022.69925
2003-12-04,0.10963,0.08656,0.01819,14.19928,398.79444,181.41372,331.83220,24,0.13631,0.09451,0.09923,0.02149,0.02548,2.74849,1065.39701
2003-12-05,0.11410,0.08421,0.02170,14.41827,388.07019,176.46292,335.01594,24,0.14378,0.10648,0.19545,0.05567,0.09461,2.82987,1034.55364
2003-12-06,0.13165,0.06280,0.01425,14.50892,409.65719,171.38679,337.82377,24,0.14387,0.15742,0.14134,0.02703,0.06202,2.67310,1089.67357
2003-12-07,0.08035,0.03690,0.01428,14.77774,431.45044,172.21503,335.60269,24,0.12995,0.16082,0.09290,0.01623,0.05503,2.65997,1141.57696
2003-12-08,0.09058,0.02442,0.01301,14.97038,390.97231,181.72588,338.60175,24,0.06351,0.04677,0.05159,0.00726,0.05159,2.72858,1058.60457
2003-12-09,0.16325,0.04125,0.01220,15.27941,391.99335,163.21389,349.35615,24,0.18498,0.20342,0.03865,0.00361,0.02206,2.94198,1089.82765
2003-12-10,0.06490,0.04092,0.01655,15.20656,381.89308,172.66693,342.11821,24,0.15474,0.07951,0.10996,0.00721,0.05497,2.53444,1050.32326
2003-12-11,0.11523,0.02120,0.01169,15.34871,379.96584,181.21229,334.33258,24,0.08703,0.03238,0.10820,0.00361,0.08288,2.50005,997.48344
2003-12-12,0.24811,0.00946,0.00900,14.99412,335.30318,182.96563,330.37974,24,0.22620,0.32430,0.02215,0.00000,0.01845,2.52101,863.53285
2003-12-13,0.37690,0.01298,0.01231,14.94401,296.30710,181.84156,329.65412,24,0.34503,0.47187,0.03136,0.00000,0.03136,2.36953,796.39451
2003-12-14,0.77718,0.00649,0.00574,14.62516,280.71921,180.82536,334.35253,24,0.58303,0.64827,0.04948,0.00000,0.04768,2.74031,822.15786
2003-12-15,0.77727,0.00414,0.00330,15.23240,273.07496,159.30159,351.06756,24,0.92961,0.86712,0.01281,0.00000,0.00914,3.05070,803.10636
2003-12-16,0.84819,0.03997,0.00185,16.37803,252.32952,100.23037,379.27698,24,0.62379,0.80880,0.01477,0.01310,0.00738,3.20358,564.83738
2003-12-17,0.71426,0.21410,0.04434,17.04116,320.42745,71.27932,376.79880,24,0.85611,0.82136,0.08579,0.14337,0.01122,2.35477,597.75178
2003-12-18,0.56728,0.36236,0.07762,17.52243,330.03234,112.40468,378.09138,24,0.67733,0.56592,0.39725,0.30068,0.11642,1.46759,666.01828
2003-12-19,0.54352,0.58803,0.17308,18.13139,305.71310,115.27050,381.88393,24,0.59303,0.55961,0.48884,0.57689,0.18724,1.79222,632.63225
2003-12-20,0.40241,0.66022,0.18867,17.87506,317.12389,130.42979,369.78457,24,0.58848,0.52155,0.69652,0.75601,0.36621,1.32130,685.73712
2003-12-21,0.20835,0.45994,0.10373,16.87888,359.25644,155.11491,349.82909,24,0.41642,0.28726,0.63621,0.69904,0.38032,1.32549,759.12463
2003-12-22,0.11907,0.20200,0.04477,15.73648,370.64190,170.71522,339.95030,24,0.23959,0.13112,0.46255,0.26213,0.21351,1.82183,848.60939
2003-12-23,0.08821,0.10466,0.02031,14.37492,369.63678,175.30381,334.43870,24,0.15501,0.10529,0.26389,0.10252,0.08970,2.47583,867.32478
2003-12-24,0.06326,0.06147,0.00901,12.96428,371.41951,178.47864,321.42924,24,0.11307,0.07917,0.11042,0.06530,0.03238,3.20927,811.25265
2003-12-25,0.04448,0.04863,0.01303,12.49644,395.16760,183.14814,312.35609,24,0.05709,0.05255,0.09576,0.03793,0.02180,2.95009,866.25788
2003-12-26,0.05110,0.02371,0.01177,11.97511,386.05476,185.52022,312.92023,24,0.11133,0.02253,0.05476,0.03448,0.04579,2.82667,800.80905
2003-12-27,0.40560,0.01088,0.00720,12.89457,304.74677,158.38685,337.15092,24,0.11377,0.38890,0.04209,0.00000,0.04025,3.45778,736.91627
2003-12-28,0.56499,0.28412,0.09120,14.07734,285.80780,106.81149,355.52773,24,0.67824,0.68314,0.02733,0.19769,0.01090,3.21713,542.43601
2003-12-29,0.20175,0.39780,0.08878,12.57073,439.67765,163.81339,321.17312,24,0.43350,0.33522,0.54792,0.65875,0.33413,1.85812,848.40532
2003-12-30,0.04881,0.09059,0.01734,12.53901,380.59463,186.24629,310.20114,24,0.14629,0.03889,0.29779,0.09281,0.06577,1.87692,772.04347
2003-12-31,0.26436,0.08101,0.02045,13.02226,361.14226,182.71994,316.86993,24,0.18556,0.21126,0.16778,0.04263,0.08981,1.92366,796.54689
2004-01-01,0.04560,0.06926,0.01941,12.79769,338.14556,185.76603,313.58918,24,0.13523,0.02201,0.09594,0.09771,0.04558,1.65156,776.17376
2004-01-02,0.23402,0.05333,0.01991,12.47216,334.10633,186.16599,310.99224,24,0.11915,0.13812,0.14474,0.04920,0.08428,1.83753,758.31035
2004-01-03,0.19449,0.06340,0.01448,12.02339,342.26694,184.63858,308.59407,24,0.55628,0.30741,0.06692,0.04690,0.03784,1.92136,765.06746
2004-01-04,0.20393,0.03729,0.01013,11.83678,342.11401,189.35200,304.23502,24,0.17023,0.20853,0.08448,0.06143,0.05045,2.10738,744.23646
2004-01-05,0.35179,0.01034,0.00599,12.31683,309.23219,192.16235,307.80707,24,0.38830,0.26693,0.02349,0.00359,0.01635,1.91671,696.72374
2004-01-06,0.21552,0.01755,0.00900,12.76454,297.09969,188.61269,314.87428,24,0.51187,0.16486,0.03120,0.01490,0.02932,1.95015,698.47199
2004-01-07,0.06813,0.04152,0.01111,13.59388,324.51719,189.21524,320.10373,24,0.16004,0.06985,0.06636,0.05970,0.04023,2.08449,766.17755
2004-01-08,0.12373,0.10242,0.01316,13.48501,390.70693,184.06042,324.19999,24,0.12016,0.13195,0.08133,0.02990,0.03302,2.25385,801.63447
2004-01-09,0.03740,0.05637,0.02098,12.35463,368.51704,191.60034,311.30416,24,0.09482,0.04500,0.13728,0.08924,0.05633,2.17780,733.28243
2004-01-10,0.02930,0.02034,0.01301,12.79254,324.20498,194.90601,311.86410,24,0.07764,0.03717,0.05616,0.02340,0.03600,1.78230,724.94214
2004-01-11,0.07185,0.01988,0.01665,13.26189,298.92896,195.44736,317.59948,24,0.06226,0.00046,0.04404,0.00180,0.04404,1.94074,727.86442
2004-01-12,0.06063,0.01775,0.01487,13.35202,325.25259,189.52257,323.09597,24,0.11459,0.07420,0.04776,0.02930,0.04776,2.42379,863.12544
2004-01-13,0.09752,0.06057,0.01438,13.29459,365.46223,188.80796,326.54069,24,0.09631,0.08298,0.05856,0.02017,0.05498,2.33437,951.75851
2004-01-14,0.15278,0.17317,0.02826,13.77214,418.65741,175.65782,333.92740,24,0.11984,0.17914,0.18684,0.21945,0.05830,2.19512,1061.31704
2004-01-15,0.16925,0.20601,0.06022,14.74342,357.21459,178.27272,337.10993,24,0.16793,0.16598,0.38611,0.26128,0.14706,1.86283,918.20436
2004-01-16,0.33721,0.16961,0.04309,14.80633,349.46565,175.69239,341.96002,24,0.28079,0.18445,0.28652,0.17697,0.16807,1.66659,901.45884
2004-01-17,0.33219,0.17122,0.02966,14.60436,355.68869,171.80774,342.96938,24,0.41219,0.58259,0.36731,0.23750,0.09424,1.76131,977.81211
2004-01-18,0.15379,0.12010,0.02670,14.74129,381.02456,185.45844,338.00972,24,0.20078,0.14801,0.23573,0.05906,0.06464,1.68283,999.22995
2004-01-19,0.30053,0.37511,0.07283,16.49832,370.08192,166.72857,354.91360,24,0.26464,0.29844,0.30585,0.50126,0.07722,1.72591,834.02962
2004-01-20,0.27054,0.40486,0.11013,16.06852,332.48506,167.43686,347.28938,24,0.60523,0.34587,0.66843,0.58706,0.37022,1.32328,782.52564
2004-01-21,0.19872,0.19895,0.04314,14.82993,371.82236,185.89313,336.69096,24,0.32590,0.16882,0.38421,0.22718,0.18075,1.30233,955.30327
2004-01-22,0.43168,0.19466,0.02973,15.18088,371.21335,179.37533,348.61489,24,0.26309,0.31010,0.27792,0.14179,0.11920,1.87083,946.89407
2004-01-23,0.86296,0.23347,0.02871,16.56859,326.74776,147.54022,367.07151,24,0.75516,0.91569,0.41698,0.28973,0.06720,1.95792,721.95244
2004-01-24,0.60830,0.38176,0.09182,16.15455,312.32457,144.99763,358.81052,24,0.82777,0.59734,0.20937,0.39985,0.07584,1.70380,577.93961
2004-01-25,0.46863,0.34267,0.09432,14.20187,437.81245,176.35427,337.09376,24,0.64600,0.36740,0.77563,0.70590,0.45953,1.42696,916.02303
2004-01-26,0.44606,0.13326,0.03117,12.10743,450.31705,161.60083,332.17839,24,0.42770,0.53916,0.22228,0.23979,0.14826,2.28570,1002.99706
2004-01-27,0.10826,0.08122,0.01011,10.87628,468.17908,192.99054,314.62976,24,0.27997,0.12185,0.19610,0.06096,0.04857,2.78367,1019.82775
2004-01-28,0.03836,0.04722,0.01215,10.27663,499.68207,210.39155,302.39380,24,0.04123,0.04233,0.07372,0.04131,0.01795,2.75559,1048.45067
2004-01-29,0.09667,0.01504,0.01017,10.36546,408.09650,216.41071,302.96897,24,0.05662,0.00651,0.04496,0.01081,0.03959,3.09218,905.80367
2004-01-30,0.07689,0.00985,0.00515,11.17341,350.59512,210.69126,315.29456,24,0.29373,0.02234,0.02509,0.00360,0.02151,3.27416,857.43728
2004-01-31,0.35045,0.00916,0.00068,12.66555,320.15172,208.19368,336.51613,24,0.12694,0.07520,0.01077,0.01077,0.00362,3.08160,825.93057
2004-02-01,0.35882,0.09596,0.00284,14.21873,292.58634,153.93304,356.72591,24,0.63802,0.43102,0.04710,0.07832,0.00720,3.76164,688.39841
2004-02-02,0.18811,0.09071,0.00798,13.82224,487.39874,192.18172,342.36355,24,0.13659,0.22025,0.20574,0.10273,0.02331,2.72844,1058.80085
2004-02-03,0.17782,0.08158,0.01044,10.21179,520.02380,199.92339,318.12039,24,0.30777,0.21449,0.12214,0.07518,0.03940,3.75162,1036.80521
2004-02-04,0.10421,0.04763,0.00530,9.26500,546.94245,210.45296,304.78047,24,0.10252,0.14085,0.12751,0.02682,0.02686,3.31176,1262.85582
2004-02-05,0.09988,0.03476,0.00599,9.59203,463.13100,216.59023,306.77023,24,0.06104,0.11619,0.08455,0.00179,0.03234,3.44834,1117.02478
2004-02-06,0.45494,0.03060,0.00217,10.84336,366.59277,154.41177,336.90813,24,0.33016,0.52002,0.03596,0.00360,0.01077,3.52428,895.22717
2004-02-07,0.20451,0.05229,0.00225,11.38852,501.87862,199.32202,324.38037,24,0.33072,0.28620,0.13733,0.05390,0.00538,3.15021,1187.44552
2004-02-08,0.01177,0.00255,0.00112,10.58165,503.05225,226.50407,311.68014,24,0.03766,0.01287,0.02156,0.00000,0.00896,3.67388,1174.45872
2004-02-09,0.00221,0.00278,0.00159,11.41904,411.10526,228.37946,315.81891,24,0.00255,0.00015,0.00180,0.00000,0.00180,3.36326,1045.34907
2004-02-10,0.00498,0.00380,0.00306,12.43972,393.69023,230.22389,320.21807,24,0.01141,0.00046,0.02193,0.00000,0.02015,2.96429,1053.98190
2004-02-11,0.01408,0.01074,0.00503,13.38335,380.53343,230.02531,325.71486,24,0.02318,0.00312,0.02022,0.00000,0.02022,2.93466,1095.45441
2004-02-12,0.01573,0.00687,0.00177,12.93824,414.52136,230.48326,324.05779,24,0.01631,0.01845,0.03269,0.00000,0.01289,2.85603,1083.09723
2004-02-13,0.00394,0.00208,0.00082,12.91579,388.63678,235.61579,323.66584,24,0.00421,0.00096,0.00000,0.00000,0.00000,3.48219,1115.68977
2004-02-14,0.04763,0.00180,0.00075,13.03848,452.42599,230.81071,329.07433,24,0.01441,0.02740,0.01081,0.00000,0.00902,3.70624,1324.35143
2004-02-15,0.11793,0.00526,0.00000,14.14957,477.58473,217.66188,338.32559,24,0.07825,0.11397,0.00541,0.00361,0.00000,3.20878,1410.75765
2004-02-16,0.05325,0.00833,0.00324,14.49619,482.03447,224.96398,334.51265,24,0.11801,0.10045,0.01618,0.00732,0.00000,3.14662,1388.32987
2004-02-17,0.05915,0.00297,0.00181,14.04415,383.07527,240.13602,327.14293,24,0.01603,0.00048,0.02026,0.00000,0.01277,3.12366,1062.99946
2004-02-18,0.16603,0.00180,0.00120,14.30059,386.90590,233.60318,330.93579,24,0.19079,0.36054,0.00000,0.00000,0.00000,3.21839,1046.92008
2004-02-19,0.13086,0.01947,0.00407,15.16805,480.20437,228.64744,341.49051,24,0.05642,0.06825,0.01450,0.00179,0.00734,3.43856,1191.04010
2004-02-20,0.24207,0.20141,0.03733,16.67149,467.19546,205.74823,356.37327,24,0.31556,0.28471,0.07836,0.23042,0.00719,2.72037,1014.61004
2004-02-21,0.15065,0.15488,0.05089,16.36804,423.44638,219.19066,349.35500,24,0.29094,0.13721,0.50409,0.17036,0.23201,2.20827,1078.41266
2004-02-22,0.15706,0.09024,0.01990,15.88556,465.41469,219.99542,346.21811,24,0.17767,0.20479,0.12766,0.06453,0.05880,2.03750,1209.46804
2004-02-23,0.11019,0.07412,0.02149,15.57971,482.14000,227.50690,341.45825,24,0.20841,0.13535,0.14772,0.09962,0.08128,2.26901,1372.16234
2004-02-24,0.10857,0.03098,0.01461,15.51726,469.97325,235.15814,343.73595,24,0.11843,0.09693,0.06247,0.01287,0.05170,2.60405,1354.17379
2004-02-25,0.08165,0.05478,0.01583,16.34377,455.60195,241.11202,348.83486,24,0.07549,0.08586,0.10083,0.05609,0.04754,2.28409,1272.35680
2004-02-26,0.23684,0.06584,0.02137,17.04349,454.05042,223.95111,361.29637,24,0.24179,0.35365,0.17430,0.05765,0.10186,2.24540,1318.06906
2004-02-27,0.18835,0.07090,0.02332,17.47885,473.03593,219.73262,364.36131,24,0.20550,0.22740,0.12863,0.03076,0.04441,2.14447,1332.44113
2004-02-28,0.28426,0.15750,0.04152,18.38714,546.21677,229.07078,362.75811,24,0.22258,0.22384,0.19442,0.05067,0.08836,2.45991,1259.79630
2004-02-29,0.17671,0.25327,0.07052,18.70412,566.07508,235.23731,367.38967,24,0.36107,0.22232,0.44147,0.24685,0.21077,1.86856,1128.10099
2004-03-01,0.11374,0.25323,0.08678,16.74965,601.33407,241.21755,355.96189,24,0.34244,0.12851,0.42971,0.26270,0.24599,2.57835,1432.77709
2004-03-02,0.07354,0.14002,0.04213,14.59732,493.95797,250.29786,342.58139,24,0.23463,0.07468,0.46836,0.19118,0.22763,3.96222,1240.04022
2004-03-03,0.06648,0.03129,0.01529,13.41944,495.44337,256.30770,334.87640,24,0.12833,0.04714,0.14892,0.02055,0.11422,3.29898,1323.52824
2004-03-04,0.08803,0.02906,0.00106,14.18226,515.17284,253.55824,341.10365,24,0.07139,0.07445,0.02945,0.04481,0.00000,4.17021,1376.90736
2004-03-05,0.10179,0.02791,0.00648,15.28025,483.97501,252.40240,343.99578,24,0.10323,0.08229,0.03476,0.02601,0.01291,3.79958,1308.63237
2004-03-06,0.59724,0.02532,0.01365,14.92408,467.74387,261.68048,350.60963,24,0.39421,0.62488,0.06520,0.00738,0.03832,3.76139,1243.44431
2004-03-07,0.74360,0.02821,0.00148,15.25948,397.66381,164.87764,372.22660,24,0.89256,0.87672,0.04662,0.09154,0.00935,4.96511,884.54659
2004-03-08,0.55212,0.00023,0.00000,15.68623,455.39742,219.95838,365.95319,24,0.54349,0.48960,0.00179,0.00000,0.00000,4.67117,1157.25216
2004-03-09,0.80415,0.00023,0.00000,16.52466,403.40002,238.12343,379.98631,24,0.46807,0.65489,0.00000,0.00000,0.00000,4.95669,994.42718
2004-03-10,0.56428,0.16144,0.08555,17.25813,339.08343,99.06993,375.31541,24,0.98125,0.86216,0.02802,0.11813,0.00000,4.47044,636.52095
2004-03-11,0.24317,0.12423,0.07503,17.04881,476.08351,244.20000,363.13331,24,0.53485,0.19464,0.51318,0.03629,0.44201,1.74134,1087.83011
2004-03-12,0.22570,0.02668,0.00045,17.88471,473.25869,246.76243,365.61629,24,0.29718,0.39989,0.06506,0.01609,0.00366,2.48823,1156.98501
2004-03-13,0.18838,0.02650,0.00605,18.75303,471.96630,251.08748,369.70062,24,0.12289,0.15787,0.03237,0.01609,0.01091,2.88023,1179.11890
2004-03-14,0.07069,0.01664,0.00571,18.89627,487.00967,257.97300,371.17518,24,0.11893,0.11251,0.08371,0.00536,0.03867,2.65616,1294.57716
2004-03-15,0.08489,0.01115,0.00980,19.20962,496.34387,266.89501,373.46730,24,0.03463,0.06069,0.03304,0.00000,0.02225,2.75648,1310.81710
2004-03-16,0.12690,0.03914,0.02851,19.46053,546.10646,252.44686,380.70496,24,0.05142,0.14586,0.05549,0.00728,0.04996,2.73875,1510.78432
2004-03-17,0.15353,0.08120,0.02938,20.73121,548.59107,249.21609,390.83670,24,0.17716,0.13348,0.20846,0.01666,0.16211,2.86984,1216.42199
2004-03-18,0.20517,0.28347,0.07625,21.20288,545.59019,247.55493,393.23625,24,0.22035,0.20132,0.31011,0.18974,0.15819,2.20864,1163.98456
2004-03-19,0.40623,0.54434,0.13017,21.77573,554.46557,212.62809,403.38256,24,0.47701,0.41183,0.65985,0.51738,0.38911,2.09266,1042.96175
2004-03-20,0.40649,0.63203,0.19954,21.46149,617.31015,200.99962,399.07555,24,0.56801,0.38924,0.87231,0.52453,0.45220,1.67937,980.12329
2004-03-21,0.41266,0.63547,0.16975,21.68612,624.38107,212.90964,400.19266,24,0.66610,0.39171,0.88368,0.50524,0.44460,1.86515,1047.77295
2004-03-22,0.37888,0.67309,0.16017,22.10510,639.93643,218.56620,403.87607,24,0.57765,0.38527,0.95655,0.51599,0.53031,1.96194,1036.13072
2004-03-23,0.32058,0.61675,0.15027,22.29530,660.21525,228.05411,403.31867,24,0.48469,0.37227,0.86700,0.47671,0.39032,2.08205,1028.69107
2004-03-24,0.25980,0.55460,0.12223,22.13581,686.46356,246.01870,398.69215,24,0.49563,0.27846,0.81191,0.39496,0.38340,1.95197,1067.54332
2004-03-25,0.22698,0.49552,0.12678,21.46496,703.89873,259.93291,392.98122,24,0.39139,0.18752,0.79464,0.35797,0.31345,2.49626,1157.64336
2004-03-26,0.17353,0.37778,0.10865,21.55542,649.59157,260.35742,391.62079,24,0.51297,0.17209,0.88095,0.28225,0.51551,2.56258,1149.85198
2004-03-27,0.18411,0.33669,0.10413,21.66697,595.86387,262.43704,394.32496,24,0.36590,0.17442,0.74213,0.27817,0.37276,2.24123,1080.69859
2004-03-28,0.23817,0.35777,0.10096,20.82469,660.47900,265.52851,393.10819,24,0.25602,0.12178,0.63218,0.27721,0.35862,3.34872,1251.88798
2004-03-29,0.40090,0.43985,0.13355,21.12469,652.75767,261.32790,395.49015,24,0.30252,0.45411,0.68851,0.27902,0.35724,2.94294,1200.16953
2004-03-30,0.56398,0.46584,0.13428,21.28479,585.68259,231.64644,403.98930,24,0.66591,0.62407,0.78715,0.38658,0.46508,2.68240,1076.42822
2004-03-31,0.52595,0.42389,0.11908,21.56305,483.80424,215.28243,399.74803,24,0.43470,0.59243,0.75610,0.54325,0.34900,2.43427,927.64355
2004-10-01,0.41026,0.54833,0.06260,24.49264,350.47825,209.30122,418.25094,24,0.38691,0.40098,0.71560,0.83273,0.18757,1.61572,882.44868
2004-10-02,0.56264,0.61080,0.07298,24.35913,409.21545,226.77439,417.58976,24,0.48947,0.42060,0.64347,0.80860,0.26529,1.80911,974.15771
2004-10-03,0.77756,0.83835,0.17705,23.99362,405.15789,182.48787,418.08896,24,0.73792,0.68497,0.68209,0.89053,0.17283,1.45333,789.57055
2004-10-04,0.87528,0.90234,0.32855,23.72359,478.39929,151.30865,423.13164,24,0.80389,0.71771,0.95236,0.97058,0.54168,1.32805,871.98695
2004-10-05,0.99264,0.93059,0.61637,23.82935,439.56765,62.86650,426.78802,24,0.98810,0.98668,0.88826,0.99088,0.69074,1.14041,534.21683
2004-10-06,0.99918,0.94220,0.53810,23.73787,494.12345,80.24917,426.73523,24,0.99211,0.99957,0.95633,0.96936,0.63188,0.92132,594.94843
2004-10-07,0.99992,0.85428,0.51864,23.20465,664.31763,47.21697,427.01912,24,0.99985,1.00000,0.87147,0.89916,0.58690,0.93366,733.46152
2004-10-08,0.92844,0.68385,0.33537,22.25210,432.14913,102.40169,417.87283,24,0.99928,0.97655,0.86668,0.83812,0.59032,1.26317,698.01475
2004-10-09,0.60888,0.62221,0.14236,22.41330,314.16663,186.40413,406.80363,24,0.90556,0.76485,0.58158,0.82453,0.35696,1.64798,721.66832
2004-10-10,0.35322,0.53308,0.06832,22.97637,329.33915,202.85109,405.45493,24,0.53567,0.41358,0.79681,0.87085,0.33165,1.56305,800.44543
2004-10-11,0.18936,0.47363,0.05306,23.54597,325.53010,211.85873,404.82519,24,0.30645,0.21371,0.69096,0.68798,0.22364,1.50180,808.47511
2004-10-12,0.39927,0.57291,0.08025,23.61296,343.68606,210.21472,406.11766,24,0.45457,0.35987,0.60574,0.70078,0.24248,1.23162,851.51122
2004-10-13,0.74550,0.73954,0.10092,23.42060,339.56864,190.91796,411.88192,24,0.54913,0.57490,0.81382,0.73603,0.31308,1.28534,873.81152
2004-10-14,0.87000,0.81728,0.25662,23.04639,315.59986,134.40325,415.11402,24,0.95145,0.81653,0.81724,0.94465,0.34381,1.14520,663.14954
2004-10-15,0.69253,0.84546,0.31801,22.64400,357.60417,118.82919,411.62955,24,0.85386,0.76457,0.84711,0.94557,0.56897,0.97368,639.12100
2004-10-16,0.44151,0.58896,0.17781,22.21929,378.24495,180.71355,398.27498,24,0.57571,0.54476,0.80187,0.89615,0.47351,1.02550,786.59860
2004-10-17,0.21829,0.43577,0.07242,21.75356,398.35864,210.68249,385.64879,24,0.33632,0.20169,0.54488,0.58701,0.27188,1.48400,894.96581
2004-10-18,0.15465,0.32520,0.05460,21.75598,389.22955,221.03662,384.02792,24,0.31015,0.13404,0.42187,0.45631,0.18511,1.86400,902.69466
2004-10-19,0.13721,0.32926,0.07659,21.76707,368.26400,216.28818,385.96957,24,0.23703,0.18024,0.61433,0.38129,0.19240,2.28579,902.63882
2004-10-20,0.10602,0.20382,0.06318,21.68288,360.24261,220.14600,384.63198,24,0.20358,0.14143,0.37592,0.36436,0.23763,1.87492,893.90682
2004-10-21,0.09454,0.17097,0.05415,21.62693,380.54839,219.04342,382.67283,24,0.20254,0.10069,0.33612,0.30950,0.23155,1.87142,925.88644
2004-10-22,0.11535,0.16140,0.04436,21.42967,381.43197,215.04070,381.44381,24,0.17428,0.16301,0.24993,0.17459,0.16442,2.20785,954.29321
2004-10-23,0.14636,0.19712,0.04768,21.10170,400.32196,205.54623,379.74576,24,0.20065,0.22934,0.36746,0.27737,0.19813,2.41497,980.91399
2004-10-24,0.13374,0.13731,0.05276,20.89555,385.43846,211.76751,377.29424,24,0.19262,0.15912,0.28947,0.16477,0.18388,2.17969,969.90576
2004-10-25,0.12120,0.14247,0.04759,20.82044,390.18590,212.22273,377.98258,24,0.23512,0.13543,0.30231,0.22304,0.20603,2.01054,954.42790
2004-10-26,0.13568,0.11982,0.04976,20.81662,379.37173,214.14080,376.71888,24,0.22623,0.08362,0.27505,0.26351,0.17473,2.08256,970.44478
2004-10-27,0.21360,0.13704,0.03830,20.59335,365.73786,211.77952,379.32220,24,0.24098,0.09055,0.26375,0.11316,0.17310,2.36784,985.49856
2004-10-28,0.21271,0.19694,0.04786,20.70811,373.46852,202.60928,381.01144,24,0.38224,0.15914,0.44327,0.27409,0.21772,2.07874,1009.63750
2004-10-29,0.41691,0.12687,0.02497,20.46041,378.43734,205.03177,378.90612,24,0.25159,0.15272,0.37285,0.15391,0.15455,1.90792,996.86774
2004-10-30,0.53483,0.06132,0.01334,20.15661,403.04353,184.69105,379.43125,24,0.80236,0.59810,0.20329,0.05302,0.06452,2.04697,937.65839
2004-10-31,0.16532,0.04365,0.01309,19.69048,432.68526,187.37928,368.92296,24,0.51706,0.22260,0.10012,0.01262,0.03647,2.66526,944.46729
2004-11-01,0.12239,0.04160,0.02055,18.13968,448.14671,215.18582,353.63675,24,0.19339,0.05258,0.11509,0.03878,0.07503,2.38601,1011.78938
2004-11-02,0.16902,0.04500,0.02115,17.60934,460.22591,215.35918,351.08856,24,0.28622,0.26071,0.10452,0.01297,0.09372,3.05856,1071.76017
2004-11-03,0.12068,0.04058,0.01911,17.80525,440.99299,212.56098,355.10534,24,0.14544,0.07765,0.11789,0.00927,0.09219,2.71339,1121.11424
2004-11-04,0.22562,0.04813,0.02970,18.21011,423.19833,207.48065,359.41455,24,0.24192,0.23655,0.13608,0.00180,0.10522,2.95264,1099.58173
2004-11-05,0.40292,0.05833,0.02088,18.40372,399.99607,204.78188,363.42998,24,0.26497,0.37267,0.12514,0.00000,0.10335,3.05653,1090.73844
2004-11-06,0.28537,0.09504,0.02901,18.42202,398.85251,199.50566,366.03884,24,0.56484,0.20408,0.15121,0.04028,0.10540,2.82184,1113.80195
2004-11-07,0.24849,0.10480,0.01756,17.86386,412.59499,190.59869,364.06950,24,0.33748,0.24469,0.20120,0.09461,0.12822,3.04721,1146.09410
2004-11-08,0.25741,0.06467,0.00685,18.05114,437.10271,196.43414,361.12297,24,0.52484,0.34044,0.10970,0.04211,0.03828,2.92938,1214.43292
2004-11-09,0.41936,0.06277,0.01089,17.89474,443.20292,195.00786,361.75891,24,0.29338,0.29799,0.09292,0.03637,0.02569,2.62116,1259.12925
2004-11-10,0.27830,0.07167,0.02115,17.35205,454.21105,184.91010,358.13522,24,0.67768,0.49402,0.14163,0.02372,0.06564,2.32634,1314.21052
2004-11-11,0.07796,0.06168,0.01907,16.56408,465.59500,202.05597,347.52626,24,0.17474,0.09636,0.16634,0.03291,0.08970,2.51628,1269.37721
2004-11-12,0.06332,0.06136,0.01328,16.75253,427.36968,201.13778,349.25596,24,0.13227,0.06458,0.16058,0.04404,0.08213,2.58126,1147.06717
2004-11-13,0.07279,0.04572,0.00468,16.37767,404.96569,198.36819,346.91356,24,0.08151,0.06673,0.09212,0.00901,0.03803,2.39376,1072.41323
2004-11-14,0.08644,0.04461,0.00287,16.40105,425.46966,196.22206,343.94774,24,0.14268,0.09360,0.07210,0.01979,0.00904,2.79884,1125.78868
2004-11-15,0.12317,0.04172,0.00325,16.40836,394.53074,192.21954,345.97148,24,0.14457,0.19885,0.06882,0.02165,0.01649,2.83735,1041.14204
2004-11-16,0.08472,0.02726,0.01202,16.56699,388.65456,193.24873,345.67574,24,0.12585,0.07845,0.05763,0.01808,0.00903,2.68494,1132.14744
2004-11-17,0.16034,0.02983,0.01931,16.78196,370.43840,192.84446,351.29706,24,0.10662,0.14067,0.08807,0.00546,0.08088,2.71712,1093.48000
2004-11-18,0.18076,0.04015,0.01864,17.31447,374.83400,184.50508,360.09887,24,0.17646,0.18075,0.08444,0.00542,0.07162,2.47721,1143.39769
2004-11-19,0.22511,0.10042,0.01831,17.79105,379.39452,167.77558,365.16508,24,0.33709,0.29165,0.14258,0.06496,0.06230,2.52452,1056.65612
2004-11-20,0.10399,0.08331,0.02642,18.02636,340.73505,181.61610,357.86354,24,0.23064,0.15817,0.22780,0.05459,0.08611,1.95447,942.03908
2004-11-21,0.30908,0.05223,0.01712,17.83808,341.00364,189.26328,356.64793,24,0.09885,0.20320,0.21331,0.05374,0.09384,1.77098,964.35495
2004-11-22,0.16438,0.04352,0.01287,17.77830,369.16930,177.71742,358.79322,24,0.33720,0.18253,0.08677,0.00546,0.03686,2.18517,1122.96634
2004-11-23,0.21123,0.11858,0.03116,17.63481,356.18564,165.49889,362.98014,24,0.21946,0.26203,0.14918,0.13424,0.05696,2.15048,1016.31040
2004-11-24,0.18528,0.18712,0.04064,18.13009,347.78111,170.42770,362.25472,24,0.33972,0.20632,0.27164,0.17433,0.17681,1.91929,946.30089
2004-11-25,0.07100,0.07696,0.02292,17.24223,390.25283,180.54658,352.83366,24,0.16654,0.09626,0.21722,0.09833,0.11571,1.90604,1005.98856
2004-11-26,0.04915,0.02968,0.02423,16.69860,386.72129,187.74298,345.79975,24,0.04734,0.03013,0.09067,0.00000,0.06649,2.20689,1010.86763
2004-11-27,0.06692,0.02153,0.02016,16.37203,345.41047,186.37876,346.24935,24,0.08671,0.03367,0.10489,0.00554,0.10116,2.84500,1009.83754
2004-11-28,0.09392,0.03509,0.02104,16.35883,353.77748,182.07446,347.86650,24,0.15891,0.09204,0.07176,0.00360,0.06997,2.80401,975.51676
2004-11-29,0.02430,0.03380,0.02449,15.73472,355.91605,188.47613,339.08376,24,0.11108,0.01881,0.13139,0.00555,0.09636,2.59772,1028.08882
2004-11-30,0.10793,0.03923,0.02655,15.49090,375.09370,187.30713,338.83898,24,0.10021,0.14018,0.09010,0.01122,0.08643,2.77796,1047.35682
2004-12-01,0.09068,0.03538,0.02413,15.50606,407.96939,182.69412,342.49609,24,0.09739,0.05321,0.13203,0.01114,0.12102,2.95235,1231.59865
2004-12-02,0.05919,0.02338,0.01270,15.25351,480.52488,178.19962,340.24015,24,0.17650,0.09087,0.10657,0.00363,0.08112,2.74671,1332.29131
2004-12-03,0.00993,0.00457,0.00420,15.05780,436.76225,188.31998,332.92352,24,0.03417,0.01571,0.02945,0.00000,0.02945,3.39694,1040.04380
2004-12-04,0.02328,0.01791,0.01020,15.03575,355.60876,187.40883,334.62535,24,0.02932,0.00117,0.01284,0.00000,0.00909,2.91772,860.94890
2004-12-05,0.08457,0.04688,0.01232,15.23236,386.60334,180.60385,343.37712,24,0.10007,0.05136,0.09526,0.00536,0.06578,2.53103,1095.34734
2004-12-06,0.22040,0.06760,0.01350,15.31392,409.45415,171.06798,351.28241,24,0.17533,0.19080,0.15442,0.02425,0.04603,2.82847,1194.09781
2004-12-07,0.17686,0.04846,0.01041,15.45509,402.54890,168.11273,354.80901,24,0.18346,0.17946,0.14541,0.03733,0.06267,3.05560,1227.30487
2004-12-08,0.20761,0.03044,0.01024,16.13946,360.24048,160.86959,358.22127,24,0.20471,0.19935,0.08019,0.00000,0.03662,2.95487,992.47404
2004-12-09,0.25090,0.05925,0.01263,16.17804,373.55616,160.09767,358.80978,24,0.21417,0.24740,0.13188,0.00547,0.04226,3.05873,1089.07780
2004-12-10,0.22992,0.05075,0.01953,16.36514,382.29943,154.00204,358.95412,24,0.32239,0.24623,0.14990,0.00361,0.05692,2.76877,1147.45837
2004-12-11,0.14287,0.03700,0.02205,16.55619,368.43694,166.08776,354.56944,24,0.18486,0.12131,0.12143,0.01648,0.10672,2.68769,1123.41488
2004-12-12,0.16705,0.03356,0.01632,16.51176,329.38986,173.27576,352.61421,24,0.16003,0.16257,0.10102,0.00539,0.09566,2.33712,985.30506
2004-12-13,0.18342,0.04220,0.00510,16.34249,379.22858,168.23641,356.41445,24,0.12388,0.12667,0.07850,0.00361,0.02927,2.55037,1118.83673
2004-12-14,0.24174,0.06214,0.00425,15.87711,399.34359,166.05053,356.44752,24,0.20242,0.17052,0.08039,0.04904,0.01999,2.49741,1149.30271
2004-12-15,0.14772,0.04845,0.00593,15.67920,401.03813,161.44295,351.47902,24,0.26495,0.16236,0.14991,0.02700,0.02702,2.76044,1131.17405
2004-12-16,0.12980,0.03907,0.01150,15.63103,391.09315,163.71985,346.13817,24,0.15277,0.21107,0.08674,0.01094,0.01665,2.72955,1115.87054
2004-12-17,0.03123,0.02036,0.01400,15.53760,351.65758,179.62495,339.31860,24,0.07026,0.01867,0.08369,0.01994,0.06348,2.48433,977.08770
2004-12-18,0.03594,0.03440,0.01922,15.39663,339.79764,181.13035,336.23963,24,0.05551,0.00634,0.07726,0.02172,0.07368,2.30286,945.85234
2004-12-19,0.22227,0.06085,0.02268,15.02619,400.19981,167.68062,346.47844,24,0.23910,0.19512,0.10435,0.01969,0.08611,2.19868,1145.12313
2004-12-20,0.41689,0.12756,0.02200,15.02060,434.88232,147.69109,357.67129,24,0.33274,0.38740,0.19356,0.04212,0.05119,2.72246,1150.02201
2004-12-21,0.34534,0.42635,0.05745,16.36606,397.40093,133.86646,359.38825,24,0.55452,0.51098,0.31291,0.50149,0.08328,2.83382,902.29163
2004-12-22,0.25358,0.43840,0.10107,16.52331,369.10885,148.18182,352.59692,24,0.39206,0.34965,0.65976,0.61416,0.25452,1.73095,822.81053
2004-12-23,0.22639,0.21321,0.04912,15.84307,388.23199,161.78063,347.13180,24,0.38905,0.21948,0.49329,0.35206,0.20648,1.66184,952.95418
2004-12-24,0.20578,0.14234,0.01261,15.63462,372.01532,161.03148,350.17804,24,0.22433,0.19344,0.20948,0.08916,0.07211,1.93931,867.23227
2004-12-25,0.21814,0.15905,0.01485,15.20608,410.49204,152.28856,349.95831,24,0.25428,0.29417,0.22796,0.13227,0.01613,2.27353,883.27816
2004-12-26,0.19134,0.11697,0.01476,12.02933,465.35859,178.87227,320.29003,24,0.12067,0.05869,0.27695,0.17540,0.07203,2.13683,999.99806
2004-12-27,0.24971,0.05575,0.01847,9.74112,469.06720,183.71516,302.45242,24,0.46133,0.39606,0.17662,0.06639,0.08856,3.05724,1055.54294
2004-12-28,0.11556,0.00606,0.00554,10.37209,368.39078,189.56800,303.09560,24,0.10552,0.03990,0.03702,0.00000,0.03702,3.30028,798.44262
2004-12-29,0.09908,0.00264,0.00234,11.04991,370.11422,188.42741,309.10246,24,0.29843,0.09328,0.00359,0.00000,0.00359,3.13097,831.70758
2004-12-30,0.29399,0.00956,0.00535,11.44898,364.89119,187.25931,312.75491,24,0.18167,0.28447,0.03127,0.01816,0.03127,2.75770,896.70076
2004-12-31,0.14302,0.01253,0.01043,12.14334,348.42513,183.84706,320.35989,24,0.36145,0.28816,0.02208,0.00181,0.02025,3.24934,916.52512
2005-01-01,0.08366,0.02210,0.01332,13.15097,319.25367,185.87798,326.62549,24,0.07330,0.00590,0.03678,0.00363,0.03678,2.70039,846.74883
2005-01-02,0.50581,0.02548,0.01138,14.51594,299.09044,175.44047,335.93526,24,0.62364,0.63184,0.03875,0.02757,0.03688,2.26163,809.95504
2005-01-03,0.54679,0.04620,0.00678,15.54874,304.68000,173.08037,347.20628,24,0.33440,0.31001,0.05088,0.07384,0.01469,2.08687,813.54864
2005-01-04,0.52990,0.08330,0.01613,15.80449,324.15937,148.30961,352.26153,24,0.68597,0.81267,0.03760,0.01434,0.00717,2.20753,748.77116
2005-01-05,0.04363,0.06273,0.01101,14.50667,368.32360,186.13046,329.01892,24,0.11213,0.04054,0.21951,0.09738,0.06663,1.99950,826.34936
2005-01-06,0.02906,0.03737,0.00830,13.43196,357.34461,191.06781,320.69941,24,0.06937,0.02155,0.06824,0.03247,0.01977,2.65061,835.59389
2005-01-07,0.06740,0.07228,0.01338,13.27491,361.37263,190.10339,322.35349,24,0.07955,0.03583,0.09953,0.04519,0.03419,2.97200,880.80963
2005-01-08,0.07069,0.05658,0.01076,12.96375,377.58949,185.91793,323.23377,24,0.12576,0.07182,0.12511,0.04688,0.06007,2.67198,913.74928
2005-01-09,0.11053,0.09807,0.01769,12.28597,405.54664,183.64232,323.41713,24,0.13552,0.14066,0.10885,0.02725,0.04013,2.90585,986.81010
2005-01-10,0.12157,0.14643,0.02579,12.26143,438.24698,183.67246,323.88894,24,0.15027,0.12069,0.26566,0.15269,0.08180,2.96656,1114.79542
2005-01-11,0.51760,0.41980,0.11101,13.79437,369.38380,136.05789,353.92094,24,0.37095,0.49224,0.21622,0.33273,0.05237,2.59592,775.70324
2005-01-12,0.27889,0.35920,0.05475,13.72312,387.53544,159.30773,337.44624,24,0.57343,0.34940,0.70801,0.53004,0.31384,1.39230,827.22711
2005-01-13,0.19620,0.08882,0.00422,12.33920,488.93550,175.54626,327.06152,24,0.16123,0.22509,0.26098,0.10873,0.02354,2.27104,1153.23239
2005-01-14,0.16667,0.04651,0.00370,12.05013,451.66845,183.91047,324.73076,24,0.12031,0.11064,0.06161,0.02158,0.00911,2.37277,1123.69668
2005-01-15,0.36576,0.05067,0.00641,12.25775,409.26067,180.59684,328.16174,24,0.34806,0.41550,0.11410,0.02883,0.02919,2.57238,1072.36417
2005-01-16,0.12388,0.02779,0.00357,12.87695,346.89342,194.49113,322.45308,24,0.30604,0.16981,0.05236,0.01624,0.01274,2.53870,950.71660
2005-01-17,0.16192,0.04598,0.01733,13.72567,320.18729,191.72145,329.05057,24,0.22257,0.10679,0.05436,0.02160,0.02384,2.31042,882.44562
2005-01-18,0.39928,0.05233,0.01137,14.51268,303.01258,162.00003,345.15219,24,0.33471,0.35732,0.08556,0.04555,0.04234,2.45988,795.32184
2005-01-19,0.24485,0.29531,0.03502,14.71074,366.83388,161.55159,342.38634,24,0.52177,0.32271,0.19585,0.39893,0.04898,2.25665,781.76038
2005-01-20,0.13073,0.16728,0.02323,11.84788,498.66308,194.14702,314.57373,24,0.12788,0.13616,0.49608,0.33191,0.11334,1.90263,1080.35198
2005-01-21,0.33102,0.03927,0.00864,10.48487,445.96422,200.28777,306.94562,24,0.16909,0.43966,0.16196,0.04125,0.06113,3.03628,1007.76999
2005-01-22,0.52519,0.00305,0.00253,11.57441,297.03924,168.87657,319.29313,24,0.59935,0.86171,0.01848,0.00000,0.01848,3.11869,649.22364
2005-01-23,0.44650,0.03640,0.01068,12.59024,313.99022,171.24088,335.27955,24,0.17264,0.49815,0.01083,0.00181,0.00903,2.48243,701.30600
2005-01-24,0.44919,0.14685,0.01859,13.05544,357.75739,167.59488,347.63241,24,0.53797,0.30708,0.11977,0.09044,0.02377,2.06624,844.44976
2005-01-25,0.22210,0.06676,0.00593,12.70158,472.34317,190.51022,328.47687,24,0.53493,0.27623,0.17287,0.07964,0.04329,1.82117,1076.10794
2005-01-26,0.14445,0.08765,0.00358,12.59947,402.03514,193.70839,328.64588,24,0.10605,0.15784,0.06649,0.04315,0.00719,2.60819,942.99068
2005-01-27,0.25391,0.10300,0.01293,13.37740,355.17711,193.63271,331.24880,24,0.16849,0.33044,0.17772,0.09320,0.02326,2.32540,888.71300
2005-01-28,0.89129,0.04997,0.00794,13.87267,362.19636,169.27633,352.62621,24,0.57639,0.81544,0.13821,0.08072,0.04319,2.14584,779.08361
2005-01-29,0.44084,0.05136,0.01048,14.55392,349.19077,167.35095,346.75019,24,0.87021,0.67736,0.08696,0.03998,0.01435,2.52668,770.56007
2005-01-30,0.28623,0.01743,0.00382,14.95197,338.75385,181.57908,343.20691,24,0.31081,0.36078,0.05923,0.00898,0.02520,2.04564,741.58117
2005-01-31,0.26412,0.00434,0.00075,15.18985,309.02455,188.85919,346.51421,24,0.10259,0.20044,0.00714,0.00000,0.00179,2.27222,651.15809
2005-02-01,0.46927,0.14206,0.02895,15.29695,394.90314,151.92407,355.91532,24,0.46027,0.49019,0.00179,0.06087,0.00000,2.55257,610.90701
2005-02-02,0.16943,0.16406,0.03927,13.43605,505.45167,195.33147,326.53103,24,0.33677,0.22607,0.33655,0.26782,0.20847,1.81562,903.87637
2005-02-03,0.06294,0.05843,0.01240,11.37980,474.39105,215.01920,305.95181,24,0.08847,0.14387,0.15868,0.05745,0.06311,2.47839,992.78208
2005-02-04,0.08368,0.02900,0.00907,11.72888,383.74469,222.11327,306.66169,24,0.09658,0.24430,0.07718,0.00359,0.03960,2.71377,855.75196
2005-02-05,0.03960,0.01315,0.00307,11.92008,359.10586,223.45684,313.96104,24,0.04659,0.01199,0.03050,0.00179,0.01795,2.73352,904.76260
2005-02-06,0.08922,0.02042,0.00389,13.44684,337.61491,208.53351,335.17658,24,0.14208,0.08070,0.03050,0.00716,0.01256,2.81692,869.38515
2005-02-07,0.16488,0.02464,0.00794,15.01953,366.09172,211.06448,341.74281,24,0.07244,0.08320,0.08287,0.02001,0.02713,2.49971,996.41236
2005-02-08,0.15457,0.01210,0.00074,14.81309,339.64998,214.81447,343.73474,24,0.17938,0.11673,0.00714,0.00179,0.00000,2.39694,924.60048
2005-02-09,0.13304,0.03402,0.00030,15.78678,394.55080,210.82438,348.94722,24,0.19881,0.19779,0.03062,0.00537,0.00000,2.63215,1106.99436
2005-02-10,0.06500,0.03880,0.00030,15.66781,376.17330,218.51396,340.81889,24,0.05496,0.06753,0.05389,0.06167,0.00000,2.09443,997.12462
2005-02-11,0.09849,0.04589,0.00423,15.87662,366.55444,218.11435,345.33544,24,0.06139,0.09153,0.04688,0.01253,0.00372,2.21190,992.96493
2005-02-12,0.08348,0.07205,0.00847,16.89181,399.41669,213.43339,352.78916,24,0.07693,0.10267,0.08816,0.06101,0.01985,2.43279,961.13850
2005-02-13,0.09410,0.06400,0.01496,16.31921,747.97365,217.61783,355.38498,24,0.04728,0.07032,0.12918,0.07532,0.03411,2.47937,1307.16755
2005-02-14,0.08405,0.07542,0.02824,14.09639,603.53051,225.51038,339.92276,24,0.11485,0.08083,0.17584,0.03099,0.07132,5.48207,1299.49614
2005-02-15,0.15101,0.22352,0.15459,15.80289,578.13923,223.06753,352.78075,24,0.10206,0.07072,0.11072,0.08522,0.09284,3.58714,1335.41937
2005-02-16,0.27775,0.35895,0.13940,18.65606,557.49617,199.87139,373.66298,24,0.47744,0.30805,0.66216,0.25275,0.48897,2.05697,1117.54695
2005-02-17,0.31664,0.50284,0.28691,18.93097,496.31888,203.24814,379.50141,24,0.40109,0.22384,0.54142,0.32779,0.41066,2.14865,1013.27662
2005-02-18,0.42221,0.54241,0.24118,19.78569,446.38919,180.40087,382.50713,24,0.68749,0.49701,0.81488,0.60853,0.72500,1.68953,896.12550
2005-02-19,0.52756,0.32737,0.13483,19.68722,436.64531,206.80003,378.56134,24,0.68135,0.55056,0.80632,0.45458,0.57390,1.60101,956.78630
2005-02-20,0.77364,0.16134,0.07764,19.85836,432.30785,216.90489,376.27886,24,0.80108,0.85613,0.45094,0.23709,0.30861,1.65786,930.35418
2005-02-21,0.70540,0.03147,0.01129,18.26402,451.51052,221.50718,370.68831,24,0.90779,0.85570,0.10151,0.05272,0.07602,2.13563,1067.70539
2005-02-22,0.28195,0.00862,0.00121,16.36098,427.27805,215.70177,354.31758,24,0.62905,0.41111,0.01610,0.00922,0.00358,3.25259,1016.83814
2005-02-23,0.19816,0.02434,0.00113,16.41527,504.95506,229.29110,353.47425,24,0.38316,0.14296,0.00909,0.00187,0.00727,3.37798,1190.19318
2005-02-24,0.08478,0.03938,0.00157,15.27645,522.03214,233.80324,346.14355,24,0.18826,0.12622,0.07481,0.01291,0.00179,2.68276,1263.36239
2005-02-25,0.08825,0.03130,0.00451,14.34077,508.65139,245.58915,338.83450,24,0.03042,0.07204,0.05952,0.01114,0.01080,3.64085,1172.91964
2005-02-26,0.06350,0.04553,0.00597,15.21300,517.62222,247.25977,341.89884,24,0.08997,0.04013,0.10664,0.05763,0.02187,3.58201,1258.52892
2005-02-27,0.21121,0.02617,0.00403,15.06238,499.52699,242.33388,343.87503,24,0.20887,0.24577,0.07649,0.01302,0.02908,2.67497,1336.13987
2005-02-28,0.12112,0.01955,0.00015,15.48028,494.64779,242.66437,347.52475,24,0.06471,0.05872,0.02689,0.00544,0.00000,3.00248,1312.04814
2005-03-01,0.25528,0.02974,0.00453,17.47037,477.86086,235.07577,360.72385,24,0.32799,0.43752,0.02516,0.00000,0.00000,3.62707,1223.81945
2005-03-02,0.09742,0.03739,0.00939,18.38673,542.27102,242.15853,370.51827,24,0.08278,0.05140,0.09117,0.03258,0.03327,2.78396,1271.74317
2005-03-03,0.10085,0.08161,0.03610,18.91357,553.30205,237.26678,374.95956,24,0.08824,0.09410,0.10619,0.03985,0.05521,2.54267,1387.67864
2005-03-04,0.15501,0.10586,0.04376,19.86682,519.85737,238.99383,379.31863,24,0.16066,0.12734,0.20796,0.11614,0.16271,2.50406,1195.25253
2005-03-05,0.28398,0.20740,0.09527,20.66804,525.11347,237.25727,387.94670,24,0.26303,0.15973,0.28980,0.13996,0.22268,2.46667,1095.85844
2005-03-06,0.31792,0.38194,0.13782,19.59253,669.22347,224.59128,384.12202,24,0.65079,0.38777,0.43468,0.32409,0.27708,2.91496,1241.27268
2005-03-07,0.37529,0.35899,0.11655,19.90687,595.49164,229.99161,384.36929,24,0.33673,0.37240,0.59170,0.38004,0.27422,2.76114,1165.80071
2005-03-08,0.55785,0.27331,0.08194,19.45971,533.74313,227.58950,385.54057,24,0.61415,0.52226,0.68681,0.32874,0.39445,2.66516,1064.89619
2005-03-09,0.55901,0.10486,0.03070,18.95486,553.99338,241.14466,379.82892,24,0.43153,0.55011,0.27588,0.14341,0.17659,2.89469,1241.88527
2005-03-10,0.84720,0.05362,0.01281,19.55193,592.93129,235.27648,386.33637,24,0.59018,0.88403,0.06361,0.02220,0.02350,2.51107,1357.82391
2005-03-11,0.88278,0.19001,0.04248,19.28010,480.25884,210.69189,386.98146,24,0.85253,0.94385,0.24716,0.24182,0.08623,3.03917,1125.62955
2005-03-12,0.59471,0.10903,0.02418,18.29899,483.16468,224.96874,379.71611,24,0.76912,0.61960,0.37226,0.14102,0.21621,2.08482,1141.05160
2005-03-13,0.24440,0.02299,0.00499,17.85333,537.86855,249.99457,368.32910,24,0.41938,0.17574,0.08152,0.02233,0.01666,3.15004,1371.86910
2005-03-14,0.23987,0.00030,0.00000,16.49879,530.98303,254.21911,361.07185,24,0.14196,0.27616,0.00181,0.00000,0.00000,3.64434,1411.60475
2005-03-15,0.09477,0.00930,0.00199,16.50731,579.56030,256.20199,361.42621,24,0.09938,0.14359,0.00000,0.00000,0.00000,4.72693,1540.43599
2005-03-16,0.17804,0.07956,0.00322,18.36559,587.06507,241.72168,375.94651,24,0.11556,0.25581,0.07610,0.07076,0.02026,3.64779,1466.27536
2005-03-17,0.30629,0.14341,0.01232,19.70001,557.46349,241.88724,385.91858,24,0.22494,0.21236,0.17024,0.18917,0.00000,2.94591,1349.20183
2005-03-18,0.35437,0.29863,0.02050,20.61603,448.90178,217.17875,391.10425,24,0.33465,0.42419,0.39095,0.53400,0.08355,2.50377,1046.02901
2005-03-19,0.25437,0.23874,0.02998,20.77156,477.22022,234.58191,390.10164,24,0.28158,0.19224,0.31769,0.37196,0.03852,2.16347,1133.81965
2005-03-20,0.29224,0.35866,0.14475,21.36253,528.52031,233.20848,390.48729,24,0.24367,0.26339,0.38212,0.33081,0.17552,2.05216,1025.74034
2005-03-21,0.23272,0.40443,0.13990,21.17956,587.80026,238.48002,390.11734,24,0.32205,0.27695,0.57441,0.38755,0.38283,1.84866,1068.74690
2005-03-22,0.33131,0.53883,0.15550,21.20581,571.28610,231.99940,397.75207,24,0.35385,0.29413,0.68511,0.46253,0.32869,2.15637,1034.87804
2005-03-23,0.62757,0.68832,0.24222,20.63554,567.03173,199.33252,402.47242,24,0.48332,0.51759,0.80804,0.61087,0.38065,1.92326,933.90693
2005-03-24,0.76854,0.82737,0.35204,19.54306,449.35471,147.46452,399.99505,24,0.81450,0.72363,0.83661,0.71973,0.48255,1.98713,689.81087
2005-03-25,0.44406,0.67292,0.21332,19.42754,428.22239,196.78886,383.49207,24,0.83521,0.52072,0.99066,0.80446,0.70998,1.22008,785.93968
2005-03-26,0.26261,0.58315,0.14293,20.06375,481.44536,230.10110,377.87487,24,0.31246,0.36780,0.75826,0.62727,0.33415,1.94808,1060.87126
2005-03-27,0.31053,0.63995,0.14507,20.96899,507.95530,227.72445,387.18045,24,0.35778,0.35928,0.84658,0.68185,0.37973,1.83392,922.69487
2005-03-28,0.39444,0.63129,0.19702,21.61598,536.89353,212.24775,396.25275,24,0.49944,0.43927,0.87942,0.66102,0.46809,2.17005,952.97307
2005-03-29,0.42644,0.67949,0.17533,21.74825,532.73970,212.47954,400.16176,24,0.54385,0.56249,0.69580,0.66588,0.41299,2.06148,987.39071
2005-03-30,0.47402,0.66684,0.17332,21.15299,527.07361,226.69352,402.00474,24,0.52985,0.40560,0.92297,0.69619,0.46529,1.90397,969.83962
2005-03-31,0.34336,0.50049,0.13613,21.13556,496.30730,213.44674,398.73197,24,0.47304,0.50254,0.82868,0.58685,0.41973,2.36647,965.71735
2005-10-01,0.93249,0.92398,0.40167,23.86901,407.73606,89.76210,428.14940,24,0.91762,0.94741,0.97997,0.99065,0.49395,1.26071,590.31386
2005-10-02,0.87871,0.87340,0.37260,23.82775,463.79582,97.54034,423.58322,24,0.90252,0.92342,0.87736,0.94326,0.47077,1.41247,682.51862
2005-10-03,0.72109,0.76387,0.26324,23.61310,438.42737,123.14255,421.34216,24,0.77968,0.74156,0.74266,0.75532,0.45516,1.30098,731.73381
2005-10-04,0.62573,0.86832,0.27763,23.90942,343.76159,144.47540,419.10429,24,0.68612,0.66560,0.85114,0.90624,0.48154,1.46181,646.44487
2005-10-05,0.34393,0.78540,0.19221,23.91375,291.01903,168.96830,415.28846,24,0.59153,0.50633,0.96018,0.94289,0.66485,1.29714,686.00411
2005-10-06,0.24157,0.65728,0.09114,24.04255,322.57814,205.39412,413.04834,24,0.31713,0.31715,0.84196,0.95202,0.25039,1.33807,794.78297
2005-10-07,0.23315,0.63929,0.06964,24.15116,338.11411,215.99138,413.34889,24,0.23982,0.26212,0.71709,0.90230,0.19991,1.41753,879.50930
2005-10-08,0.18950,0.51725,0.07757,24.22000,325.27205,215.52494,413.11645,24,0.21496,0.18386,0.71954,0.88098,0.26815,1.50991,871.82069
2005-10-09,0.20574,0.40643,0.07431,24.21734,323.53108,220.59662,412.07222,24,0.25688,0.13139,0.57308,0.65535,0.23488,1.18724,910.16870
2005-10-10,0.27729,0.42754,0.07567,23.97535,343.20697,216.49040,412.27528,24,0.33318,0.25346,0.62292,0.79105,0.34880,1.44437,905.03698
2005-10-11,0.52379,0.39038,0.05574,23.67499,340.42096,198.47505,412.41280,24,0.26097,0.39740,0.52234,0.64665,0.16800,1.93403,861.21239
2005-10-12,0.43910,0.34555,0.05033,23.76007,358.68212,211.21344,412.08852,24,0.40204,0.37185,0.42197,0.52011,0.15461,1.83560,859.43309
2005-10-13,0.36086,0.36409,0.04348,24.01773,342.17670,209.39314,412.10154,24,0.43770,0.32921,0.38556,0.57911,0.17867,2.01575,858.81007
2005-10-14,0.49650,0.38910,0.04420,24.10307,333.73804,211.72070,413.81917,24,0.47439,0.39138,0.39234,0.49720,0.12202,1.69963,874.85797
2005-10-15,0.57090,0.59834,0.09707,24.13784,323.56592,191.18444,418.11518,24,0.45600,0.53674,0.61949,0.75526,0.20322,1.54253,825.00303
2005-10-16,0.54687,0.61211,0.09173,23.95029,326.60215,180.91336,416.54666,24,0.64885,0.51757,0.67995,0.85964,0.22280,1.58029,777.48947
2005-10-17,0.61890,0.70895,0.12031,23.90584,314.64812,175.16202,416.19639,24,0.63345,0.48473,0.60410,0.88287,0.17748,1.77425,728.91782
2005-10-18,0.84267,0.75517,0.20830,23.16086,318.11596,139.49257,416.87466,24,0.78747,0.80463,0.84549,0.95996,0.38137,1.59905,653.78482
2005-10-19,0.91960,0.57701,0.22616,23.00407,349.07271,119.32160,413.75203,24,0.88909,0.89565,0.79367,0.76469,0.52804,1.22157,652.47695
2005-10-20,0.98305,0.46347,0.17596,22.48022,384.20593,65.15084,418.11298,24,0.96090,0.94473,0.38858,0.44905,0.21080,1.52753,556.98301
2005-10-21,0.98398,0.63796,0.29330,22.51415,428.53807,53.18187,419.41529,24,0.99653,0.98434,0.53645,0.72245,0.27476,1.33503,626.48628
2005-10-22,0.92990,0.75016,0.35479,22.75860,333.31957,80.16089,419.13058,24,0.93368,0.94112,0.72432,0.84551,0.40093,1.25971,547.36873
2005-10-23,0.82401,0.75502,0.30502,21.84854,248.44495,85.62699,413.87395,24,0.88225,0.86483,0.74877,0.82299,0.45071,0.86746,471.38734
2005-10-24,0.39523,0.69988,0.16469,21.94541,289.66394,142.11817,401.88882,24,0.69082,0.58755,0.87217,0.91111,0.55526,1.30745,606.03514
2005-10-25,0.25534,0.32751,0.04232,22.12373,323.16733,191.35436,394.61493,24,0.38614,0.35048,0.57187,0.55783,0.26626,1.33220,833.40310
2005-10-26,0.27076,0.31614,0.03525,22.40564,322.77955,194.22238,397.23120,24,0.26795,0.29170,0.34255,0.51191,0.10672,1.65071,871.57175
2005-10-27,0.60718,0.43148,0.09908,22.59351,346.21294,187.81550,400.32806,24,0.44124,0.50304,0.37432,0.59604,0.16999,1.74098,815.37245
2005-10-28,0.85901,0.57049,0.17051,22.60811,296.59017,129.56736,405.04574,24,0.83647,0.94700,0.52229,0.59345,0.21335,1.74384,645.96758
2005-10-29,0.28129,0.60412,0.12148,22.22018,319.28982,176.78007,395.37210,24,0.50916,0.31218,0.61471,0.73383,0.29306,1.23298,793.16212
2005-10-30,0.38042,0.45609,0.05699,21.69441,315.89966,184.98173,390.60692,24,0.25163,0.29378,0.58203,0.56017,0.14733,1.64078,842.88341
2005-10-31,0.32384,0.35548,0.07269,21.10728,333.41438,185.37177,382.02421,24,0.36363,0.34474,0.44181,0.39945,0.10640,1.40621,870.16278
2005-11-01,0.52183,0.40189,0.08707,20.77023,317.86871,162.34989,386.40733,24,0.47789,0.65892,0.52782,0.49173,0.29722,1.29875,779.05751
2005-11-02,0.11133,0.19949,0.03901,20.55904,359.16315,194.25783,374.72003,24,0.25388,0.16466,0.39453,0.28569,0.16841,1.57090,820.19221
2005-11-03,0.08493,0.06534,0.02488,19.85474,349.07279,210.82177,363.32402,24,0.11656,0.05899,0.14795,0.05734,0.09773,1.93663,778.26904
2005-11-04,0.05774,0.08932,0.03454,19.52084,327.20380,209.34675,359.78921,24,0.11403,0.05614,0.15447,0.09440,0.11955,2.10400,745.51443
2005-11-05,0.21152,0.08132,0.03257,19.14697,337.50128,211.34770,354.08451,24,0.10402,0.04334,0.15042,0.07349,0.11614,2.27246,763.53128
2005-11-06,0.09616,0.07736,0.03784,19.01449,348.22112,212.91601,351.22323,24,0.34321,0.03200,0.14803,0.05268,0.11009,2.38965,784.12704
2005-11-07,0.44700,0.11574,0.03501,19.50427,340.97386,207.46670,363.50968,24,0.23743,0.34623,0.15432,0.09960,0.14147,2.28811,832.07921
2005-11-08,0.56832,0.38227,0.11267,20.64490,298.76078,160.93931,390.08733,24,0.69906,0.70379,0.21476,0.31866,0.05738,2.27894,716.46412
2005-11-09,0.37925,0.50887,0.12059,20.92464,315.02791,159.76883,390.45303,24,0.42808,0.34930,0.58573,0.55997,0.18996,1.84905,766.84158
2005-11-10,0.24664,0.48059,0.10169,20.35556,345.59424,172.99720,380.11993,24,0.44403,0.26313,0.52924,0.54535,0.23778,2.14684,762.10100
2005-11-11,0.11225,0.28941,0.06328,19.21875,363.03248,192.36622,363.16949,24,0.29720,0.10261,0.50043,0.37340,0.25389,1.96332,837.74306
2005-11-12,0.05774,0.12157,0.03885,17.56914,389.52752,202.20555,348.04621,24,0.15626,0.03366,0.27275,0.12752,0.16009,2.53803,915.49820
2005-11-13,0.10804,0.10371,0.02928,17.20811,454.04320,196.57369,349.43955,24,0.15250,0.07954,0.22484,0.10135,0.12850,3.11689,1149.03594
2005-11-14,0.10885,0.07733,0.03061,17.06007,468.49724,192.73256,350.94252,24,0.24679,0.12617,0.18825,0.07308,0.13033,2.91713,1165.07490
2005-11-15,0.14274,0.10667,0.02700,17.38696,441.31810,188.79417,357.46585,24,0.20039,0.19358,0.20807,0.02769,0.12656,3.05787,1128.92528
2005-11-16,0.22122,0.11385,0.03921,17.69393,427.46242,183.25938,363.16907,24,0.20476,0.23708,0.20124,0.06647,0.07911,2.83930,1173.66619
2005-11-17,0.24075,0.13800,0.04720,17.64348,438.33130,175.75494,363.43325,24,0.27669,0.25039,0.29516,0.09341,0.15504,2.43779,1221.43630
2005-11-18,0.21089,0.13795,0.04297,16.40026,445.94905,180.38118,351.19521,24,0.25303,0.18495,0.31137,0.12956,0.14568,2.79511,1167.88270
2005-11-19,0.43226,0.09353,0.02498,16.55809,409.31501,187.57676,346.53419,24,0.23094,0.58298,0.23979,0.04487,0.14260,2.66061,1074.41324
2005-11-20,0.32873,0.08846,0.02433,16.92984,382.78927,187.10771,350.91490,24,0.41016,0.38629,0.16329,0.03512,0.05360,2.69796,1035.84309
2005-11-21,0.76549,0.10950,0.02758,17.17546,379.42005,176.91300,359.04054,24,0.59566,0.88961,0.19478,0.07020,0.11636,2.51810,1050.87845
2005-11-22,0.59721,0.14041,0.02942,17.23070,384.72754,166.63876,361.94973,24,0.80006,0.69897,0.18869,0.12070,0.10162,2.49449,1082.78886
2005-11-23,0.43263,0.18686,0.04306,17.23750,406.44804,169.67173,357.20232,24,0.66357,0.50099,0.28349,0.17060,0.11612,2.68709,1074.61620
2005-11-24,0.28757,0.14254,0.03202,17.09443,393.42630,177.15752,350.21878,24,0.47426,0.36876,0.26999,0.15639,0.13597,2.49601,1013.94255
2005-11-25,0.11454,0.04944,0.01661,16.68630,422.38880,185.56036,340.70823,24,0.21603,0.17732,0.16745,0.03428,0.07683,2.05454,1029.33178
2005-11-26,0.04811,0.04289,0.02919,16.18802,426.08035,191.64340,336.13283,24,0.11369,0.03069,0.08582,0.00367,0.06582,2.50974,1001.16617
2005-11-27,0.31904,0.04260,0.02036,16.27514,402.39412,190.40669,335.12068,24,0.33661,0.38864,0.14489,0.03858,0.11928,2.24185,979.12059
2005-11-28,0.59219,0.01790,0.00774,16.19994,366.59426,190.11502,333.81158,24,0.51855,0.63156,0.04356,0.00537,0.03275,2.29818,897.97623
2005-11-29,0.71659,0.02528,0.01137,15.74801,346.20929,188.21325,334.00481,24,0.68630,0.63111,0.05107,0.00722,0.04214,2.43725,845.74163
2005-11-30,0.48628,0.02520,0.01018,15.18674,366.68133,187.43216,330.75397,24,0.87636,0.55860,0.04198,0.02550,0.02557,2.43727,917.74896
2005-12-01,0.30848,0.02134,0.01332,15.30589,373.44347,186.42883,332.95101,24,0.45161,0.43935,0.07908,0.00365,0.06641,2.83408,950.06137
2005-12-02,0.25176,0.01373,0.00885,16.03680,331.97296,185.35348,338.93440,24,0.24295,0.45286,0.05846,0.00554,0.05132,2.44587,835.52592
2005-12-03,0.12454,0.01752,0.00608,16.38807,325.02827,184.55458,342.53533,24,0.16039,0.07285,0.03100,0.00718,0.02373,2.29866,801.89532
2005-12-04,0.21201,0.03947,0.00762,15.32440,337.04717,173.49413,342.39742,24,0.41860,0.22138,0.03074,0.01801,0.01099,2.68558,758.27160
2005-12-05,0.15865,0.05388,0.01121,14.13608,332.82248,183.97299,324.99659,24,0.20686,0.09277,0.10797,0.05581,0.05239,3.26366,747.24806
2005-12-06,0.17849,0.02533,0.00920,14.59268,312.70673,189.13862,323.43563,24,0.32356,0.07428,0.03625,0.00537,0.02552,2.83528,739.92072
2005-12-07,0.27301,0.09563,0.01899,15.18187,298.19946,185.42849,331.64291,24,0.36116,0.26173,0.11058,0.03361,0.04587,2.49693,798.44711
2005-12-08,0.31182,0.15867,0.01003,14.83829,312.94709,172.67920,338.68831,24,0.35795,0.38695,0.27396,0.11142,0.07690,2.33319,859.76362
2005-12-09,0.20692,0.11063,0.00986,14.74643,335.50880,179.53681,333.67951,24,0.34036,0.18660,0.21706,0.08734,0.01100,2.52277,940.91310
2005-12-10,0.11401,0.07459,0.01466,14.51190,347.42263,183.62403,328.38195,24,0.34813,0.15728,0.18673,0.04462,0.04447,2.68627,970.21332
2005-12-11,0.04753,0.05681,0.01835,14.33462,373.55660,183.54412,326.91451,24,0.10042,0.06413,0.16815,0.06109,0.07924,2.78984,971.81143
2005-12-12,0.01921,0.03856,0.01159,14.01546,355.33679,185.09170,324.12737,24,0.07726,0.01274,0.09197,0.00914,0.06223,2.72196,854.72689
2005-12-13,0.04521,0.02511,0.00848,13.15055,370.68796,185.78108,319.46752,24,0.04924,0.02748,0.10347,0.00744,0.04224,2.50661,876.24314
2005-12-14,0.06614,0.04495,0.00799,13.24397,330.97149,186.32409,320.68637,24,0.19805,0.10378,0.05512,0.01105,0.02557,3.53855,794.22482
2005-12-15,0.30344,0.03218,0.00837,14.62774,302.87896,181.17611,333.78981,24,0.09374,0.22132,0.16683,0.00000,0.05893,3.01493,853.27196
2005-12-16,0.52330,0.02550,0.00891,15.37871,285.51457,177.52774,339.58520,24,0.90349,0.65910,0.09650,0.04485,0.05357,2.76308,834.27084
2005-12-17,0.65039,0.00873,0.00482,15.60661,283.04780,172.04623,344.99932,24,0.63228,0.64850,0.03302,0.00000,0.03117,2.64246,800.98801
2005-12-18,0.68279,0.00535,0.00206,15.69529,290.32250,154.06428,350.64702,24,0.58573,0.65517,0.01456,0.00365,0.00910,2.74241,792.85779
2005-12-19,0.62186,0.01402,0.00312,15.18591,315.07366,164.58935,345.43691,24,0.74679,0.67149,0.03875,0.01298,0.02197,2.40203,888.73707
2005-12-20,0.32412,0.02271,0.00844,15.23352,302.08303,163.02016,348.01132,24,0.44688,0.33258,0.03099,0.02372,0.01087,2.45944,822.02443
2005-12-21,0.80758,0.08246,0.01599,16.25505,263.96126,149.04797,365.66266,24,0.42280,0.85887,0.01642,0.06890,0.01094,2.75735,720.30474
2005-12-22,0.95714,0.21223,0.04074,17.09768,240.70591,62.31971,385.22797,24,0.99284,0.98552,0.13532,0.19450,0.03345,2.49540,442.46027
2005-12-23,0.46424,0.31155,0.09293,16.61838,325.09489,96.22182,364.05707,24,0.84088,0.61141,0.36171,0.37570,0.05888,1.51250,668.36360
2005-12-24,0.16788,0.14012,0.05920,15.85388,332.74453,159.54403,347.18966,24,0.28195,0.19211,0.35674,0.10869,0.22667,1.68698,759.18014
2005-12-25,0.11840,0.10073,0.02923,15.16456,413.56815,169.09879,337.97160,24,0.12153,0.09205,0.17133,0.10715,0.05500,2.01827,849.98430
2005-12-26,0.03412,0.03471,0.01583,13.76955,356.67207,183.23054,318.73908,24,0.11690,0.02983,0.12764,0.04597,0.08317,2.56529,787.72273
2005-12-27,0.15265,0.02038,0.01084,13.25643,340.97905,183.35257,315.60643,24,0.21651,0.34676,0.01811,0.01442,0.01811,2.72007,802.60694
2005-12-28,0.02004,0.03258,0.01864,13.21247,314.56625,185.25291,316.68402,24,0.05870,0.00636,0.09847,0.00732,0.07864,2.47947,753.52686
2005-12-29,0.03183,0.01794,0.01394,12.89507,346.41484,186.55608,316.99702,24,0.06436,0.00758,0.05736,0.02220,0.05004,2.55129,917.88337
2005-12-30,0.01939,0.01329,0.01088,12.57900,361.85576,188.30484,313.35492,24,0.08350,0.00465,0.05555,0.00000,0.04655,2.54363,883.63131
2005-12-31,0.02482,0.01050,0.01034,12.30735,357.79096,191.43169,310.21959,24,0.07383,0.02900,0.04974,0.00000,0.04974,3.20893,828.08520
2006-01-01,0.37337,0.01519,0.01504,12.57452,320.21132,191.66150,312.12445,24,0.07875,0.19226,0.04602,0.00000,0.04602,2.84087,746.27309
2006-01-02,0.72364,0.01680,0.01657,12.81074,288.87364,190.36754,317.00651,24,0.51510,0.61317,0.06450,0.00000,0.06450,2.57805,729.64492
2006-01-03,0.87487,0.00672,0.00649,13.43912,288.47779,175.58474,324.71139,24,0.97939,0.91717,0.04232,0.00000,0.04050,2.47777,718.03242
2006-01-04,0.68421,0.01344,0.01089,13.63136,292.95866,182.33225,322.98226,24,0.87220,0.70690,0.00360,0.00000,0.00360,2.45083,683.00592
2006-01-05,0.58065,0.02800,0.01514,13.31736,327.80745,187.12743,320.51047,24,0.77600,0.82609,0.06957,0.00897,0.05520,2.26312,718.80012
2006-01-06,0.66231,0.01604,0.01006,13.57841,294.27409,185.62405,323.34799,24,0.31307,0.57791,0.07853,0.00536,0.05698,2.57133,644.73794
2006-01-07,0.78641,0.01175,0.00721,13.70620,280.74907,176.54775,329.16734,24,0.92728,0.80209,0.03674,0.00179,0.02225,1.96798,607.63231
2006-01-08,0.29475,0.01208,0.00763,13.31548,287.31742,184.29878,321.99514,24,0.60196,0.31509,0.03679,0.00000,0.02745,2.02820,642.89133
2006-01-09,0.06030,0.02512,0.01696,12.85280,299.99085,192.55354,318.88611,24,0.37938,0.04678,0.03067,0.00539,0.02528,2.08897,666.41892
2006-01-10,0.03567,0.03395,0.02074,12.34612,292.72076,195.53713,312.27922,24,0.13649,0.00937,0.08424,0.00181,0.07706,2.17564,659.04248
2006-01-11,0.04134,0.05703,0.01908,11.78241,299.79190,195.25843,311.00909,24,0.09757,0.02280,0.09843,0.05082,0.06783,2.64961,712.20693
2006-01-12,0.07113,0.07064,0.01816,12.16924,293.81296,193.09144,313.62908,24,0.16451,0.05666,0.09730,0.07026,0.05424,2.41028,718.29675
2006-01-13,0.07789,0.09841,0.02026,12.70462,277.60433,192.30700,314.74504,24,0.10884,0.07356,0.13532,0.07718,0.04192,2.29065,746.10352
2006-01-14,0.09586,0.08771,0.02889,13.34649,297.56958,191.90264,323.35262,24,0.15922,0.05591,0.12621,0.05010,0.05451,1.98343,757.60355
2006-01-15,0.14888,0.10639,0.04916,13.48698,307.30292,183.67606,331.53782,24,0.25358,0.09570,0.25129,0.06185,0.17958,1.58646,851.16729
2006-01-16,0.22601,0.09447,0.02925,13.39879,317.50297,181.85766,334.59321,24,0.22380,0.23330,0.15678,0.05111,0.07919,1.65733,872.30618
2006-01-17,0.18732,0.17968,0.07342,14.85593,300.74361,181.36510,337.17100,24,0.30423,0.14879,0.26644,0.14179,0.14380,2.00549,761.08230
2006-01-18,0.15801,0.21858,0.08749,16.70720,327.43757,184.68934,347.40807,24,0.21204,0.13495,0.38880,0.21190,0.23805,1.12142,768.06985
2006-01-19,0.26446,0.33062,0.15299,16.70233,325.86747,175.37026,353.12604,24,0.43580,0.22516,0.39259,0.34499,0.30271,1.10555,808.18015
2006-01-20,0.18677,0.24515,0.10419,15.48933,323.21447,181.66625,341.33014,24,0.34738,0.26038,0.47917,0.30246,0.33980,1.31012,893.23554
2006-01-21,0.08727,0.11977,0.03339,13.37958,348.77216,195.46553,324.83978,24,0.22498,0.09473,0.27143,0.17056,0.16153,2.05374,911.76678
2006-01-22,0.04213,0.04349,0.00970,11.57153,360.39483,203.35909,313.14174,24,0.07390,0.04376,0.08777,0.06287,0.04479,2.70315,953.35277
2006-01-23,0.04321,0.04596,0.01145,10.92497,331.72556,206.83369,310.88562,24,0.07446,0.03648,0.07529,0.04849,0.03587,3.61305,865.55782
2006-01-24,0.22497,0.03768,0.00937,11.94011,339.37182,182.18908,334.35273,24,0.14897,0.21970,0.09149,0.02686,0.03236,3.18129,757.14889
2006-01-25,0.04178,0.02647,0.00412,12.02913,377.07695,203.04782,319.99608,24,0.19419,0.04583,0.05566,0.03236,0.01798,3.75376,799.17479
2006-01-26,0.01371,0.00511,0.00152,12.21452,404.88320,211.63964,315.00222,24,0.01922,0.00336,0.00905,0.00000,0.00726,3.15966,878.71058
2006-01-27,0.00841,0.00217,0.00105,12.80987,405.65957,212.48174,316.32675,24,0.03238,0.00404,0.00538,0.00000,0.00360,3.21533,959.53284
2006-01-28,0.00587,0.00326,0.00259,12.71312,365.63766,214.18285,317.04942,24,0.01910,0.00396,0.01468,0.00000,0.01288,3.12725,937.24762
2006-01-29,0.00748,0.00325,0.00317,12.57083,326.70657,214.65973,318.83667,24,0.02863,0.00189,0.01262,0.00000,0.01262,2.89295,870.12617
2006-01-30,0.01572,0.00421,0.00421,13.24096,316.56061,215.74680,323.20988,24,0.01560,0.03949,0.02930,0.00000,0.02930,2.91892,899.44395
2006-01-31,0.00442,0.00392,0.00392,14.18232,308.05135,215.51440,329.65162,24,0.01600,0.00036,0.01842,0.00000,0.01842,2.58722,874.86781
2006-02-01,0.00640,0.00426,0.00352,14.87415,312.66534,215.96308,335.25341,24,0.01593,0.00146,0.01846,0.00000,0.01846,2.70431,890.20460
2006-02-02,0.01867,0.00893,0.00705,15.52544,332.44395,214.54837,341.54667,24,0.05079,0.01115,0.02373,0.00000,0.02373,2.63950,937.80576
2006-02-03,0.05020,0.02084,0.00570,16.04975,348.33537,211.77206,345.36755,24,0.02555,0.04617,0.04351,0.00000,0.03451,2.16778,1036.86370
2006-02-04,0.07505,0.02144,0.00426,15.84210,374.07365,209.89286,340.98867,24,0.07418,0.06272,0.04690,0.00901,0.01456,1.93263,1062.54071
2006-02-05,0.02097,0.02266,0.01166,15.26881,389.01485,218.04987,333.94614,24,0.03861,0.02551,0.09996,0.01462,0.04413,1.84806,1137.58885
2006-02-06,0.00952,0.01132,0.00357,15.35688,335.96008,223.19189,333.28395,24,0.03079,0.00317,0.01457,0.00714,0.00921,2.22291,937.68459
2006-02-07,0.00881,0.00847,0.00385,15.06871,343.37441,222.99091,334.71238,24,0.01899,0.00682,0.03073,0.00357,0.01644,2.23380,969.76698
2006-02-08,0.26916,0.00750,0.00638,14.72807,380.45252,224.03611,336.45179,24,0.05865,0.02031,0.01462,0.00000,0.00924,2.96526,1153.28564
2006-02-09,0.72275,0.00472,0.00105,14.52856,379.75982,210.16849,342.25176,24,0.70734,0.60409,0.00358,0.00000,0.00179,3.23818,1252.09841
2006-02-10,0.18035,0.00593,0.00135,14.66529,415.27794,212.31215,340.39856,24,0.32368,0.26296,0.02338,0.00000,0.00897,2.91197,1288.01755
2006-02-11,0.02038,0.00386,0.00061,14.90846,413.06831,225.40441,335.58266,24,0.02060,0.02979,0.01833,0.00000,0.00374,2.45528,1198.23951
2006-02-12,0.01560,0.00756,0.00299,15.00385,388.79492,228.91224,335.64356,24,0.01446,0.01601,0.00542,0.00000,0.00000,2.55324,1190.14937
2006-02-13,0.13104,0.01265,0.00155,15.64226,427.07570,216.28976,351.10531,24,0.03730,0.08830,0.02389,0.00000,0.01487,2.80364,1207.19046
2006-02-14,0.26324,0.09550,0.01993,17.44455,442.39937,188.80053,364.90360,24,0.18345,0.33457,0.03259,0.04695,0.00562,2.90744,1066.33285
2006-02-15,0.24700,0.24166,0.07792,18.60675,473.94102,202.57083,363.85688,24,0.30090,0.25733,0.38198,0.31083,0.16016,1.76701,904.58057
2006-02-16,0.19187,0.27804,0.12071,19.04160,505.61898,205.10321,367.31604,24,0.25341,0.18583,0.46599,0.25184,0.29214,1.73814,934.69043
2006-02-17,0.19340,0.35152,0.10636,18.84080,470.75477,209.53061,368.50085,24,0.18004,0.19908,0.37081,0.31823,0.22716,2.30237,981.64415
2006-02-18,0.24165,0.25903,0.08042,19.41289,405.45143,195.99652,374.22083,24,0.47212,0.23551,0.65139,0.43450,0.43056,1.46289,851.77790
2006-02-19,0.29409,0.21076,0.06969,19.79310,419.61523,196.35669,381.53669,24,0.28061,0.26504,0.33740,0.20545,0.24680,1.52137,939.59615
2006-02-20,0.37111,0.35259,0.07678,20.09342,414.43210,184.53462,387.94248,24,0.39740,0.33298,0.42569,0.36104,0.21005,1.74770,939.56367
2006-02-21,0.37229,0.39218,0.10748,20.49656,400.73951,179.58287,385.91522,24,0.53816,0.40486,0.62287,0.48392,0.32117,1.60016,900.33710
2006-02-22,0.24868,0.29068,0.08420,20.25000,378.34306,196.46867,376.90744,24,0.39044,0.31418,0.57500,0.35369,0.30850,1.24387,886.26586
2006-02-23,0.15837,0.16844,0.04085,19.82560,399.89413,216.57538,369.40498,24,0.26150,0.19892,0.27328,0.22341,0.16905,1.34069,896.44068
2006-02-24,0.09276,0.11739,0.03408,19.49674,423.61749,228.86332,366.80507,24,0.09733,0.08595,0.13699,0.13826,0.05987,2.01795,1004.53296
2006-02-25,0.11070,0.13328,0.04596,19.40080,441.83076,233.02210,366.26104,24,0.18576,0.10249,0.23433,0.09165,0.15176,2.10815,1016.56466
2006-02-26,0.08461,0.15214,0.06556,19.14346,472.48605,236.50085,365.43798,24,0.11395,0.07680,0.23361,0.13373,0.15445,1.95244,1111.26850
2006-02-27,0.05440,0.12826,0.05855,18.51922,569.16017,240.13410,366.37559,24,0.17592,0.06795,0.36369,0.13797,0.28539,2.68192,1059.77329
2006-02-28,0.05252,0.04138,0.02324,17.09203,553.19726,246.75732,364.57305,24,0.06668,0.03835,0.12030,0.04521,0.10400,4.43464,1209.83502
2006-03-01,0.10929,0.04361,0.01263,18.04269,419.16993,233.82287,365.10251,24,0.08301,0.14917,0.14107,0.06368,0.08973,3.35612,980.11087
2006-03-02,0.25115,0.01452,0.00153,17.21319,451.38334,243.47408,368.57360,24,0.12310,0.14348,0.04608,0.03139,0.00000,2.65079,1048.58347
2006-03-03,0.11777,0.00660,0.00193,15.83066,461.49648,243.09184,360.94979,24,0.29242,0.24195,0.01684,0.00000,0.01310,4.14235,1111.31737
2006-03-04,0.32843,0.00784,0.00129,16.04770,540.93515,245.73390,364.88699,24,0.07658,0.24742,0.01456,0.00000,0.00374,3.26826,1375.62879
2006-03-05,0.39265,0.07529,0.00069,17.67084,528.96486,227.65636,373.09896,24,0.53001,0.64745,0.04441,0.04277,0.00000,3.50571,1260.80653
2006-03-06,0.26244,0.12139,0.00484,17.85232,548.39740,241.07765,372.34722,24,0.12475,0.13739,0.23810,0.19918,0.00739,2.81782,1248.93256
2006-03-07,0.15243,0.05582,0.00939,18.72606,548.11811,244.36127,372.47870,24,0.14839,0.08729,0.18782,0.06154,0.03140,2.75751,1372.98810
2006-03-08,0.26584,0.00268,0.00154,18.72278,500.71972,250.82775,372.46410,24,0.14450,0.19432,0.00549,0.00000,0.00371,2.76333,1285.84616
2006-03-09,0.30604,0.00037,0.00000,18.63303,469.76487,252.80056,377.25780,24,0.32176,0.34118,0.00000,0.00000,0.00000,3.44005,1291.77475
2006-03-10,0.61004,0.00007,0.00000,18.91225,497.71112,235.95403,389.41890,24,0.32090,0.68906,0.00179,0.00000,0.00000,4.09938,1296.91140
2006-03-11,0.76287,0.00353,0.00031,17.74614,459.87877,180.29096,384.23537,24,0.79706,0.92068,0.00187,0.00374,0.00000,4.30532,1084.03047
2006-03-12,0.18807,0.08703,0.00519,17.50260,561.95915,232.73450,374.07023,24,0.45185,0.17918,0.01995,0.18860,0.00000,3.04661,1467.71883
2006-03-13,0.18691,0.07882,0.00231,17.65907,566.26871,230.71501,377.46478,24,0.10651,0.22902,0.13637,0.13767,0.00537,2.65622,1446.33468
2006-03-14,0.09786,0.02753,0.00164,17.94273,573.93069,242.80942,374.95258,24,0.08038,0.19396,0.09449,0.03353,0.02150,3.24904,1410.78643
2006-03-15,0.20858,0.02187,0.00076,18.55617,574.30899,242.95280,380.55379,24,0.07016,0.28014,0.04414,0.02059,0.00912,3.27960,1431.90337
2006-03-16,0.17501,0.08143,0.00381,19.10748,532.94440,240.16056,382.44099,24,0.25524,0.17066,0.07389,0.14118,0.00185,2.79033,1262.71403
2006-03-17,0.07368,0.04436,0.00162,16.99925,618.97050,257.63691,369.22907,24,0.10951,0.12541,0.18893,0.03923,0.01858,2.66498,1516.12610
2006-03-18,0.01529,0.00128,0.00045,14.00754,689.76908,279.02258,345.03376,24,0.00832,0.03230,0.00536,0.00187,0.00357,4.19205,1729.20565
2006-03-19,0.02315,0.00067,0.00007,12.15659,638.21389,283.33047,335.90723,24,0.00494,0.02973,0.00000,0.00000,0.00000,6.26617,1616.58583
2006-03-20,0.01717,0.00000,0.00000,13.42658,609.54929,284.38850,342.11369,24,0.00785,0.02081,0.00000,0.00000,0.00000,5.89281,1617.38138
2006-03-21,0.07167,0.00329,0.00100,15.73928,603.55424,275.76836,359.39410,24,0.03019,0.03944,0.00000,0.00000,0.00000,4.99630,1540.94376
2006-03-22,0.14129,0.02332,0.00339,18.35954,644.41501,255.83951,374.99830,24,0.17211,0.17007,0.01107,0.02610,0.00000,4.55414,1407.42549
2006-03-23,0.10808,0.13560,0.02788,17.35758,617.17178,265.98526,367.57135,24,0.12355,0.11697,0.24062,0.10782,0.05346,3.07131,1474.02390
2006-03-24,0.09894,0.07938,0.02759,17.45479,647.44357,277.98010,365.80476,24,0.11477,0.07458,0.29823,0.06903,0.16017,3.56039,1722.94271
2006-03-25,0.05657,0.07892,0.02459,18.90546,620.67661,277.25203,374.05884,24,0.12096,0.04455,0.18593,0.03179,0.04624,3.49605,1417.37194
2006-03-26,0.05058,0.08401,0.04041,19.64630,617.18782,282.02546,379.00147,24,0.03599,0.00830,0.27832,0.00375,0.07223,3.24156,1265.31049
2006-03-27,0.07439,0.14422,0.05075,19.01472,592.12739,275.88592,380.83393,24,0.13646,0.06712,0.37432,0.12081,0.16084,3.98412,1298.83285
2006-03-28,0.17927,0.11918,0.03335,16.74336,590.90048,280.12781,378.04982,24,0.21088,0.08173,0.46327,0.16229,0.31601,4.93346,1363.19025
2006-03-29,0.11287,0.00351,0.00054,14.13329,677.49216,286.21591,365.28265,24,0.15931,0.04699,0.00370,0.01873,0.00370,6.58844,1759.87047
2006-03-30,0.15728,0.01716,0.00745,15.68717,707.04189,278.19011,367.97349,24,0.10553,0.13460,0.00187,0.00000,0.00000,6.33150,1976.66358
2006-03-31,0.11662,0.09551,0.03276,17.63940,692.92252,282.00009,372.35414,24,0.08843,0.11963,0.14318,0.07473,0.06138,5.25792,1771.57484
2006-10-01,0.78507,0.78902,0.17487,24.69598,320.91965,179.18469,425.70169,24,0.76063,0.62850,0.84108,0.94973,0.18717,1.31747,758.44832
2006-10-02,0.60014,0.67565,0.08802,24.94136,337.31649,197.20522,425.79759,24,0.83830,0.51926,0.85915,0.86543,0.36666,1.49030,792.86451
2006-10-03,0.71868,0.77722,0.09430,25.33581,353.84458,203.74526,427.44129,24,0.68191,0.63899,0.74914,0.90536,0.17261,1.56950,826.60402
2006-10-04,0.76837,0.90218,0.23319,25.02904,344.80407,178.36641,427.98793,24,0.77396,0.67377,0.91157,0.93490,0.32627,1.34968,711.31727
2006-10-05,0.59096,0.79758,0.22441,24.65448,325.26243,179.71149,421.11563,24,0.93869,0.67401,0.98171,0.92803,0.62051,1.14991,695.72664
2006-10-06,0.24951,0.53756,0.09886,24.36394,350.12979,209.10865,412.61950,24,0.44149,0.26111,0.76722,0.84674,0.44028,1.16853,785.31863
2006-10-07,0.23966,0.48118,0.04312,24.32082,352.41860,214.77936,412.84839,24,0.23599,0.23785,0.58029,0.68359,0.18949,1.53716,901.77834
2006-10-08,0.30717,0.44180,0.06362,24.22858,347.03329,213.44768,414.90334,24,0.41853,0.24988,0.43948,0.66482,0.16383,1.77291,898.96840
2006-10-09,0.26894,0.44180,0.09504,24.12494,352.68063,207.98419,413.29244,24,0.27220,0.27749,0.38939,0.51834,0.11443,1.95701,874.86023
2006-10-10,0.29968,0.60207,0.08530,24.40181,337.51562,204.71894,416.23381,24,0.39501,0.40022,0.61807,0.71859,0.21028,1.61453,844.77191
2006-10-11,0.36674,0.64822,0.08116,24.29955,350.81319,196.13674,416.90664,24,0.30312,0.26257,0.64971,0.86784,0.19049,1.85348,810.73700
2006-10-12,0.37503,0.68471,0.07973,24.23797,357.00629,188.75962,416.91581,24,0.35312,0.35682,0.68894,0.85038,0.15989,1.61404,825.61538
2006-10-13,0.55247,0.77841,0.16541,23.91406,326.90292,173.45695,416.30819,24,0.39496,0.51565,0.79749,0.87147,0.21797,1.74664,758.91640
2006-10-14,0.52903,0.85108,0.16486,23.77137,317.44827,175.87482,413.94966,24,0.46345,0.54060,0.94243,0.95638,0.47037,1.37354,754.84950
2006-10-15,0.41435,0.73468,0.09837,23.93228,332.86170,190.77501,410.45225,24,0.56064,0.45342,0.97281,0.93400,0.48034,1.34447,778.80381
2006-10-16,0.40884,0.64150,0.08841,23.99870,333.88000,200.99579,410.15259,24,0.52672,0.40014,0.88498,0.82841,0.35582,1.54264,807.67103
2006-10-17,0.56905,0.49443,0.06363,23.46881,338.44789,197.81085,409.45404,24,0.59051,0.53206,0.62599,0.70853,0.28369,1.42970,839.93209
2006-10-18,0.84721,0.42500,0.03957,23.27700,334.82072,179.25831,408.59062,24,0.79791,0.88291,0.49732,0.65461,0.18340,1.78827,768.04112
2006-10-19,0.60152,0.27555,0.05905,22.87362,311.06571,172.18184,405.22272,24,0.75696,0.58481,0.34277,0.46434,0.12689,1.57536,804.79943
2006-10-20,0.61241,0.37636,0.06773,22.31765,305.60611,167.43638,402.92771,24,0.62776,0.66124,0.22965,0.63433,0.10367,1.68957,747.68919
2006-10-21,0.31810,0.41883,0.09942,21.71817,343.11271,190.46012,394.49494,24,0.33638,0.28140,0.57131,0.78673,0.34637,1.84105,810.99380
2006-10-22,0.15960,0.27884,0.07649,21.59213,385.60271,209.95134,385.24270,24,0.32695,0.17274,0.49580,0.57302,0.30173,1.82212,900.51493
2006-10-23,0.12723,0.15824,0.05849,21.40110,396.08047,218.23912,381.62008,24,0.16920,0.09989,0.28419,0.31867,0.16213,1.94786,931.84676
2006-10-24,0.17367,0.11230,0.03719,21.27341,385.25998,217.63534,381.33809,24,0.17099,0.09686,0.25812,0.26914,0.15841,2.04312,908.78427
2006-10-25,0.40584,0.06306,0.03594,21.24146,357.97165,211.65266,381.94935,24,0.53358,0.50049,0.14699,0.16761,0.11718,2.07039,877.30515
2006-10-26,0.28613,0.09385,0.04095,21.57709,338.85805,212.80724,386.40625,24,0.24907,0.14567,0.15086,0.13714,0.13981,1.95412,918.30512
2006-10-27,0.48484,0.08864,0.02296,21.31186,337.40854,191.11215,390.18742,24,0.43894,0.43283,0.27155,0.11462,0.09563,1.91028,894.56238
2006-10-28,0.62712,0.06337,0.02094,21.18528,347.89625,173.40969,392.35641,24,0.65739,0.72037,0.13375,0.05354,0.04088,2.41819,892.82251
2006-10-29,0.46647,0.05097,0.02236,20.74453,372.82346,200.96257,387.43202,24,0.53709,0.50325,0.18689,0.02220,0.10105,2.21414,901.02765
2006-10-30,0.53454,0.03098,0.00682,21.01978,355.36300,166.46259,395.49380,24,0.52437,0.50798,0.14795,0.02407,0.07185,2.58082,822.96626
2006-10-31,0.49109,0.03445,0.01352,21.10058,322.06257,170.75819,393.50125,24,0.55317,0.42076,0.02559,0.02777,0.00545,2.45508,751.37762
2006-11-01,0.51309,0.11864,0.05190,21.30947,313.63038,166.38809,392.98262,24,0.71605,0.64231,0.13185,0.12216,0.06847,2.01859,740.05492
2006-11-02,0.30663,0.12168,0.04927,21.45031,317.68923,192.57890,391.74973,24,0.62199,0.40966,0.21544,0.14037,0.17465,1.96914,828.48844
2006-11-03,0.23856,0.10769,0.02808,21.17752,343.98220,200.59672,391.36630,24,0.35327,0.15692,0.20972,0.20979,0.17682,1.80382,859.45843
2006-11-04,0.45844,0.11826,0.02101,21.00868,337.07947,188.98780,388.83737,24,0.52916,0.46427,0.24936,0.20427,0.08615,2.01590,802.67251
2006-11-05,0.39504,0.11581,0.02815,20.79776,370.55094,193.53146,385.49362,24,0.35356,0.38312,0.17072,0.21046,0.10678,2.05531,879.97735
2006-11-06,0.61108,0.06102,0.01742,20.72302,379.12474,185.45281,386.18018,24,0.49625,0.57690,0.16965,0.09472,0.08146,2.07705,941.21676
2006-11-07,0.80005,0.18308,0.03109,20.71315,332.37595,148.56515,394.75585,24,0.87174,0.78196,0.13271,0.16679,0.05646,2.02768,795.61173
2006-11-08,0.97957,0.39299,0.06886,20.80384,313.05022,123.90028,401.46728,24,0.97522,0.98928,0.31896,0.49304,0.07370,1.97569,767.69060
2006-11-09,0.97501,0.45172,0.07736,20.86151,296.75719,104.72021,403.70165,24,0.97048,0.97474,0.46858,0.63415,0.15966,1.57839,633.14611
2006-11-10,0.94063,0.27505,0.07409,21.25179,293.13053,107.57037,404.43695,24,0.98191,0.86365,0.47791,0.46748,0.20562,1.84039,630.32499
2006-11-11,0.66720,0.26856,0.08557,20.42520,330.35359,118.57327,392.71474,24,0.93701,0.82321,0.41561,0.39631,0.26318,1.98523,594.02729
2006-11-12,0.37124,0.11946,0.03651,20.10245,345.54492,171.83404,380.54857,24,0.48526,0.47888,0.20925,0.20114,0.14082,1.63161,778.15067
2006-11-13,0.59144,0.10730,0.01850,20.08277,354.56468,183.62675,380.13536,24,0.36338,0.51694,0.16041,0.14715,0.09783,1.70145,911.36187
2006-11-14,0.23492,0.10958,0.03121,20.20527,362.22780,183.76276,374.19304,24,0.55106,0.28846,0.18983,0.15270,0.07188,1.76809,980.25195
2006-11-15,0.42009,0.07754,0.03692,19.79041,379.44640,192.39381,370.68461,24,0.27266,0.34980,0.20534,0.06041,0.16009,1.90386,1043.22405
2006-11-16,0.45002,0.09001,0.02081,19.18119,390.71808,181.20419,369.92079,24,0.60027,0.52488,0.16333,0.05099,0.11962,2.37417,1040.32250
2006-11-17,0.19091,0.09830,0.02367,18.52382,420.36706,184.15670,362.17822,24,0.27767,0.19116,0.26432,0.12207,0.10461,2.18878,1125.34163
2006-11-18,0.14420,0.06081,0.01458,17.74951,409.17158,191.02730,356.12692,24,0.28249,0.26742,0.12565,0.03629,0.08052,2.49934,1067.77680
2006-11-19,0.10891,0.08179,0.01471,17.36734,446.37008,186.47764,356.59739,24,0.12470,0.08950,0.13234,0.09430,0.05097,2.73836,1193.33176
2006-11-20,0.16301,0.12452,0.01702,17.72483,405.56626,172.10962,361.68487,24,0.17860,0.17485,0.11474,0.12058,0.03501,2.90093,1033.67701
2006-11-21,0.14991,0.15609,0.01334,17.75249,366.74733,171.72622,361.14866,24,0.14192,0.18138,0.15695,0.21485,0.02534,2.42308,1069.66775
2006-11-22,0.26666,0.17797,0.02144,17.04389,440.10049,171.83900,358.49543,24,0.28179,0.22566,0.26308,0.13856,0.07300,2.42950,1205.78687
2006-11-23,0.12926,0.10740,0.01035,16.90374,498.71697,176.92586,356.28634,24,0.23644,0.18774,0.18284,0.13576,0.04915,2.39144,1341.04814
2006-11-24,0.20217,0.09023,0.01102,17.61194,416.02898,176.16523,362.66596,24,0.14130,0.14296,0.13987,0.08389,0.01440,2.48330,1007.80911
2006-11-25,0.33561,0.13327,0.02095,17.16047,396.35603,171.90470,359.82967,24,0.39821,0.47275,0.10909,0.20011,0.03835,2.21658,1041.78274
2006-11-26,0.20516,0.18929,0.02244,16.66714,413.03934,169.09063,357.47571,24,0.27486,0.18953,0.24746,0.20038,0.09650,2.25412,1115.12982
2006-11-27,0.16684,0.10803,0.02643,14.81010,454.60093,172.72548,343.48863,24,0.24880,0.24463,0.38050,0.08966,0.14445,2.50527,1197.68220
2006-11-28,0.08297,0.04020,0.00717,13.70820,458.47093,186.93160,333.34839,24,0.23609,0.04640,0.08418,0.01453,0.02019,3.11672,1114.18508
2006-11-29,0.08290,0.04396,0.00736,13.65128,430.74897,185.24523,331.51702,24,0.07343,0.11481,0.08015,0.02393,0.02347,2.92586,1032.07812
2006-11-30,0.08805,0.05546,0.00670,13.79915,389.34536,181.93380,334.26748,24,0.07968,0.06361,0.07216,0.02516,0.03803,2.99758,955.52639
2006-12-01,0.08434,0.06683,0.00700,13.58958,399.96375,181.63453,332.31467,24,0.09216,0.07786,0.09558,0.03070,0.01628,2.85737,1001.49386
2006-12-02,0.05042,0.05394,0.01295,13.13521,394.23892,184.38972,323.47467,24,0.07259,0.06630,0.09924,0.01437,0.03437,2.99974,910.30769
2006-12-03,0.02783,0.02217,0.01175,13.10073,397.32470,190.17158,321.26645,24,0.05087,0.02038,0.03970,0.01087,0.01805,3.14878,912.46794
2006-12-04,0.07729,0.03593,0.03153,13.87582,380.84878,186.85141,329.39481,24,0.15042,0.03348,0.08996,0.00721,0.08818,3.17636,909.47005
2006-12-05,0.15077,0.05831,0.03865,14.66288,338.58402,184.94644,333.47192,24,0.16993,0.18293,0.15586,0.00543,0.14855,2.64105,892.83806
2006-12-06,0.08598,0.07027,0.03086,15.00349,336.62093,182.29839,336.40315,24,0.27453,0.11139,0.18657,0.04709,0.12057,2.42036,929.22733
2006-12-07,0.06335,0.04252,0.01759,15.14255,307.94841,183.52273,337.40316,24,0.09904,0.09925,0.08189,0.01267,0.04955,2.48500,882.59973
2006-12-08,0.08581,0.05417,0.01427,15.65696,316.49071,176.38931,345.46461,24,0.06646,0.05842,0.09093,0.02525,0.05312,2.46522,899.62407
2006-12-09,0.12803,0.08348,0.01902,16.17442,327.70897,173.66862,350.02300,24,0.19234,0.10262,0.11663,0.03237,0.05906,2.07967,895.05500
2006-12-10,0.15062,0.07956,0.01524,16.05770,368.22007,166.65323,352.02328,24,0.22618,0.12017,0.14644,0.04853,0.04190,2.11759,1080.77850
2006-12-11,0.23822,0.07704,0.01392,16.24517,339.10618,167.68927,353.77386,24,0.16279,0.20132,0.11915,0.02687,0.04533,2.10220,945.22693
2006-12-12,0.17593,0.24253,0.03915,16.98947,355.70716,154.40850,355.17368,24,0.22588,0.21104,0.22432,0.32348,0.05492,1.98555,830.49834
2006-12-13,0.10700,0.21115,0.06822,13.85312,405.82287,169.69867,333.02514,24,0.27377,0.12992,0.41974,0.32138,0.17090,1.74728,888.69867
2006-12-14,0.04028,0.04776,0.01315,12.86862,403.67921,182.14081,320.63250,24,0.10941,0.04892,0.11464,0.07814,0.08395,2.98092,920.85544
2006-12-15,0.02038,0.02523,0.01316,13.54401,396.19459,183.23631,324.00343,24,0.06915,0.00865,0.03788,0.04173,0.00725,2.98161,917.62459
2006-12-16,0.03975,0.02181,0.01412,14.64134,305.33026,182.44073,332.49655,24,0.06542,0.04243,0.08476,0.00000,0.08476,2.70391,775.07886
2006-12-17,0.12255,0.04600,0.00627,15.30774,323.09548,178.39423,346.55530,24,0.05024,0.05106,0.07786,0.00935,0.02367,2.37259,889.00238
2006-12-18,0.26163,0.09937,0.00534,15.75365,363.15160,155.75837,353.62372,24,0.20277,0.28007,0.09390,0.09652,0.01662,2.53486,1072.79651
2006-12-19,0.15953,0.06839,0.01800,15.88675,339.34412,163.47191,350.74182,24,0.30696,0.18355,0.19663,0.05372,0.03306,2.36528,1000.45306
2006-12-20,0.08856,0.04007,0.02336,16.07789,323.54070,169.48647,349.73960,24,0.16961,0.11163,0.14378,0.00547,0.11260,2.33632,981.28047
2006-12-21,0.07497,0.02757,0.01610,16.00532,316.24103,173.57729,348.85859,24,0.09968,0.04915,0.10444,0.00180,0.09179,2.23797,936.71126
2006-12-22,0.18635,0.05864,0.01353,15.94623,347.18193,169.61502,352.73081,24,0.10965,0.10578,0.06228,0.00361,0.04584,2.11747,1020.41578
2006-12-23,0.19369,0.06015,0.00920,15.11516,428.50926,160.84633,346.36363,24,0.29104,0.23607,0.18709,0.03811,0.05378,2.39348,1252.30706
2006-12-24,0.11073,0.04417,0.00707,14.08713,493.95909,173.12243,333.62954,24,0.20520,0.16236,0.06342,0.03099,0.01803,2.76391,1185.46010
2006-12-25,0.06230,0.06570,0.00924,13.34171,421.27526,179.29948,329.33654,24,0.12441,0.04456,0.08828,0.04007,0.02703,2.70351,1008.46475
2006-12-26,0.08202,0.08762,0.01735,13.13508,382.66205,176.36294,326.67632,24,0.10116,0.08904,0.15012,0.06330,0.03259,2.76157,991.39001
2006-12-27,0.12346,0.09896,0.02734,13.62656,371.54568,175.02561,331.24879,24,0.15470,0.08091,0.16637,0.07559,0.06914,2.64617,970.58312
2006-12-28,0.13276,0.09258,0.02181,14.13860,345.39844,159.95898,336.66854,24,0.26761,0.21880,0.18896,0.14755,0.10811,2.09657,886.01953
2006-12-29,0.06383,0.02410,0.00605,13.68551,374.86936,180.05198,328.40333,24,0.09156,0.03428,0.03599,0.01619,0.01808,2.17283,948.19450
2006-12-30,0.10473,0.03342,0.01244,13.24078,465.93697,178.08908,329.10764,24,0.07923,0.04835,0.08565,0.00000,0.05504,2.45766,1097.49704
2006-12-31,0.22151,0.06845,0.00600,12.31561,461.95748,166.57749,332.97531,24,0.26626,0.23599,0.09996,0.01811,0.02015,2.77758,1154.71752
2007-01-01,0.16896,0.08387,0.01111,11.90002,461.62262,171.26248,329.52643,24,0.14244,0.12820,0.14208,0.07615,0.03474,2.77465,1153.20851
2007-01-02,0.16468,0.14215,0.02925,11.93780,458.65783,172.57520,325.84519,24,0.26926,0.15838,0.19965,0.10237,0.07167,2.91221,1104.61111
2007-01-03,0.13814,0.12821,0.02765,11.50832,474.31095,175.13773,318.17133,24,0.16429,0.18634,0.21263,0.14553,0.07748,2.62298,1077.89969
2007-01-04,0.09143,0.07977,0.01625,11.21206,419.27034,182.53115,316.04460,24,0.10338,0.10792,0.14381,0.05575,0.05216,2.73832,983.50877
2007-01-05,0.06593,0.04724,0.01867,11.97808,361.82127,188.16023,317.15032,24,0.14745,0.07484,0.15399,0.02162,0.08020,2.40410,842.36237
2007-01-06,0.27887,0.05582,0.03014,13.51389,326.87368,185.60714,324.29572,24,0.23561,0.35528,0.11484,0.00541,0.09514,2.06901,778.98337
2007-01-07,0.10793,0.09795,0.02431,13.21576,332.14341,186.82264,321.07496,24,0.34155,0.12788,0.11715,0.08646,0.08471,2.08034,779.01320
2007-01-08,0.05926,0.08218,0.01644,12.29673,386.16513,187.45579,314.36049,24,0.13338,0.08687,0.14748,0.12088,0.03775,2.35883,864.45134
2007-01-09,0.05182,0.04753,0.01272,11.80944,372.21050,191.16224,313.32792,24,0.08142,0.03081,0.06115,0.03998,0.03418,2.63824,872.03833
2007-01-10,0.07677,0.07223,0.01613,11.90283,337.95184,189.44749,313.64642,24,0.16755,0.07177,0.12572,0.05637,0.07154,2.66274,852.37228
2007-01-11,0.16379,0.07414,0.01460,11.81672,328.49005,192.19235,311.80890,24,0.14087,0.21534,0.10808,0.06661,0.02700,2.88498,824.91071
2007-01-12,0.35350,0.04877,0.00559,11.98942,321.17831,193.49187,316.10234,24,0.21477,0.38067,0.08804,0.02333,0.02161,2.62804,833.52116
2007-01-13,0.23732,0.03137,0.00530,11.45879,326.59141,190.82025,319.29159,24,0.34474,0.18875,0.05917,0.03940,0.02151,2.55128,877.81619
2007-01-14,0.13347,0.05283,0.00514,10.89918,349.89915,186.66956,317.55215,24,0.15842,0.21908,0.04701,0.05558,0.00896,2.97015,987.54953
2007-01-15,0.25601,0.07992,0.01070,10.40220,355.78194,190.96030,316.06828,24,0.29603,0.45357,0.17340,0.08387,0.02743,2.32316,1024.08670
2007-01-16,0.08709,0.07053,0.01808,10.78738,330.73737,191.16549,320.29845,24,0.14593,0.04815,0.13680,0.06709,0.06464,2.10224,918.39991
2007-01-17,0.10483,0.06789,0.01288,11.08102,315.65518,183.44158,324.23547,24,0.18519,0.14532,0.11097,0.09668,0.05179,2.45937,784.30238
2007-01-18,0.04626,0.01085,0.00128,10.34339,394.51164,197.10590,311.96505,24,0.03016,0.03944,0.05172,0.00357,0.00901,2.55010,994.79910
2007-01-19,0.14941,0.02574,0.00628,10.46750,408.02729,194.62213,317.78558,24,0.05650,0.10012,0.01792,0.00000,0.00179,3.16143,1142.50879
2007-01-20,0.26366,0.05359,0.01150,11.26211,364.51542,186.19033,323.14016,24,0.20509,0.15913,0.08745,0.02337,0.04782,3.01376,1000.33753
2007-01-21,0.43704,0.07018,0.02650,12.14679,375.45130,189.54363,323.70146,24,0.54840,0.52005,0.14036,0.02892,0.08277,2.75634,1024.60085
2007-01-22,0.73932,0.08382,0.02670,12.21510,351.57456,195.30960,320.93104,24,0.46778,0.62955,0.14598,0.08089,0.10128,2.19748,954.75091
2007-01-23,0.35391,0.01190,0.00194,10.99452,375.06372,207.36117,308.52414,24,0.75717,0.52924,0.06336,0.00362,0.00903,2.74725,947.30672
2007-01-24,0.07813,0.00755,0.00673,11.94525,330.12577,210.86070,311.26217,24,0.07475,0.14121,0.01284,0.00000,0.01284,3.18735,815.53102
2007-01-25,0.04492,0.01037,0.00880,12.24191,311.17561,209.12112,317.27281,24,0.07090,0.05840,0.02757,0.00000,0.02757,2.71000,824.72967
2007-01-26,0.05359,0.01259,0.01020,13.16646,296.36665,208.40722,323.16289,24,0.04333,0.01432,0.05145,0.00000,0.04787,2.47303,852.04821
2007-01-27,0.27104,0.01020,0.00614,13.88949,277.95196,209.83036,327.27196,24,0.10497,0.03315,0.03309,0.00000,0.02950,2.05369,815.42732
2007-01-28,0.20646,0.01889,0.01303,14.37234,273.40966,209.38390,332.99605,24,0.44622,0.34252,0.04600,0.00929,0.03878,2.18380,807.27213
2007-01-29,0.58856,0.02397,0.00802,15.02940,313.33879,203.13960,343.76375,24,0.23709,0.47637,0.06976,0.00907,0.04995,1.98114,878.50977
2007-01-30,0.38175,0.03508,0.00478,16.30268,344.27312,192.54597,356.35901,24,0.78551,0.40662,0.01263,0.02013,0.00000,2.12926,906.07848
2007-01-31,0.22725,0.13945,0.02790,17.32556,341.95296,184.32948,360.12608,24,0.18790,0.19001,0.15239,0.14180,0.05189,1.75835,880.36313
2007-02-01,0.24099,0.21823,0.05743,17.41472,326.95555,180.70044,357.64186,24,0.39864,0.22092,0.20983,0.36168,0.13542,1.46560,851.34389
2007-02-02,0.21685,0.23564,0.07330,17.08057,328.10244,183.96552,354.56419,24,0.34453,0.23397,0.42829,0.55552,0.26764,1.12516,886.37939
2007-02-03,0.30942,0.27011,0.04475,17.04081,354.20243,179.00623,358.23182,24,0.34523,0.32916,0.34427,0.30139,0.18782,1.49194,925.88874
2007-02-04,0.51835,0.67971,0.19349,17.44054,423.28566,154.39517,369.79755,24,0.52067,0.49235,0.59042,0.84447,0.18681,1.78663,851.11803
2007-02-05,0.59237,0.77126,0.30549,17.24939,374.15063,127.73950,375.63242,24,0.78084,0.70006,0.91316,0.82596,0.54250,1.70977,674.97864
2007-02-06,0.60684,0.81446,0.17562,17.35218,352.48127,138.87010,372.36954,24,0.73574,0.80368,0.89568,0.94819,0.55082,1.25593,706.47211
2007-02-07,0.67424,0.67393,0.16014,17.11062,330.20594,146.13985,371.72176,24,0.63149,0.64268,0.82909,0.76777,0.39073,1.35075,689.17238
2007-02-08,0.47202,0.57692,0.14393,16.69929,322.85593,149.87260,366.64574,24,0.71962,0.57621,0.60276,0.65903,0.36028,1.58845,737.08751
2007-02-09,0.24269,0.27486,0.06341,16.52078,336.61110,181.89934,353.26784,24,0.34780,0.32805,0.61736,0.56314,0.30997,1.93102,811.88913
2007-02-10,0.38845,0.02015,0.00450,16.46188,322.09928,215.66109,344.22859,24,0.13725,0.27487,0.09450,0.01476,0.01280,1.68792,838.10319
2007-02-11,0.39422,0.04483,0.00595,16.44123,338.21749,204.77840,352.72500,24,0.53082,0.30516,0.00551,0.06486,0.00371,2.29233,863.43607
2007-02-12,0.37576,0.20151,0.04641,16.32587,316.12192,174.85404,353.11430,24,0.48618,0.52082,0.16968,0.26327,0.06493,2.25300,774.07021
2007-02-13,0.84397,0.34881,0.05827,16.38329,344.77420,142.08007,371.25719,24,0.62974,0.82271,0.36215,0.49082,0.18279,1.68453,693.47557
2007-02-14,0.65381,0.65432,0.16759,16.51601,348.82115,97.35071,371.93856,24,0.97540,0.84633,0.42316,0.73150,0.17810,1.29259,640.06881
2007-02-15,0.22360,0.31628,0.11013,13.89602,432.70165,204.06273,334.12254,24,0.49636,0.23917,0.72296,0.56684,0.48050,1.53945,963.53428
2007-02-16,0.24967,0.08525,0.01227,12.27124,485.66350,212.16393,332.60043,24,0.06471,0.17390,0.16105,0.10935,0.06375,2.84806,1254.67788
2007-02-17,0.45408,0.16284,0.01061,13.94157,407.88459,206.77896,340.38003,24,0.36346,0.52600,0.08988,0.38763,0.01800,2.96847,991.43559
2007-02-18,0.31511,0.13150,0.03088,13.91043,421.07657,209.69975,335.47603,24,0.34191,0.32577,0.27188,0.23375,0.11327,2.04272,1075.53443
2007-02-19,0.09555,0.07293,0.00724,12.88260,511.41154,225.02425,327.98935,24,0.16378,0.17947,0.15537,0.05118,0.02892,2.58430,1283.23890
2007-02-20,0.11916,0.04444,0.00698,12.62926,527.70401,227.95966,326.62629,24,0.08478,0.16642,0.07782,0.01438,0.01257,3.37313,1276.74548
2007-02-21,0.03577,0.02445,0.00966,12.98111,461.71566,240.87164,324.14913,24,0.07177,0.03026,0.08495,0.00181,0.03806,3.37691,1155.30103
2007-02-22,0.01719,0.01329,0.00638,13.75615,389.43469,245.19816,327.94752,24,0.02790,0.00462,0.02337,0.00000,0.01796,2.98865,1023.08986
2007-02-23,0.08690,0.02253,0.00534,14.77086,389.45249,240.08853,337.88792,24,0.06560,0.04941,0.05593,0.00180,0.02526,2.86203,1100.71199
2007-02-24,0.07319,0.02838,0.00415,15.61158,374.30645,240.06832,344.82036,24,0.16844,0.04827,0.05410,0.00360,0.01444,2.67947,1100.26728
2007-02-25,0.15411,0.02457,0.00666,16.11520,395.00913,236.74401,352.79695,24,0.06536,0.06992,0.06331,0.00721,0.02558,2.26493,1000.58118
2007-02-26,0.11030,0.06194,0.00465,15.99812,412.17861,234.33622,352.45692,24,0.17102,0.05382,0.02738,0.07368,0.00552,2.78621,992.61155
2007-02-27,0.09764,0.05599,0.01044,16.07382,428.88480,228.04777,350.56525,24,0.11393,0.11461,0.09334,0.06311,0.03588,2.34354,1124.74107
2007-02-28,0.07586,0.03456,0.01346,16.03206,455.56412,237.81239,348.91834,24,0.07408,0.10172,0.12679,0.01467,0.06574,2.98799,1243.92125
2007-03-01,0.42205,0.09410,0.01104,16.92343,377.32715,213.04147,365.84448,24,0.23192,0.38185,0.03798,0.01083,0.01285,2.65537,859.01090
2007-03-02,0.48100,0.48807,0.12345,17.21108,333.09748,153.81094,370.75502,24,0.62486,0.63209,0.33568,0.50243,0.07931,2.24332,634.04677
2007-03-03,0.20212,0.25499,0.07597,16.27740,454.57121,220.19376,354.09394,24,0.51018,0.32729,0.73124,0.31576,0.41353,1.91583,1079.42184
2007-03-04,0.07989,0.05877,0.00781,14.79686,499.85196,250.62545,337.25918,24,0.07961,0.09092,0.18208,0.03445,0.05945,2.68869,1246.53229
2007-03-05,0.06514,0.04238,0.00182,14.93960,476.43538,252.28937,335.90680,24,0.05799,0.07446,0.05206,0.04307,0.00536,2.79323,1178.52652
2007-03-06,0.05315,0.04122,0.00569,12.98391,524.89578,258.86587,329.16255,24,0.05383,0.06064,0.06900,0.07152,0.02758,3.13706,1377.67792
2007-03-07,0.03277,0.02901,0.00926,12.27280,563.66934,265.03854,325.21296,24,0.04285,0.03334,0.06287,0.01860,0.02879,3.57345,1548.89292
2007-03-08,0.06181,0.07261,0.02269,13.12515,517.08883,257.05970,331.60365,24,0.09822,0.07338,0.15010,0.09514,0.06852,3.13374,1411.95392
2007-03-09,0.09239,0.08030,0.01850,14.17006,472.47415,258.98857,341.08543,24,0.11671,0.04797,0.19854,0.08018,0.11104,2.87243,1223.36146
2007-03-10,0.12444,0.05196,0.00246,15.60221,453.53532,250.81524,357.07118,24,0.06342,0.11523,0.08260,0.03154,0.00554,3.18330,1181.49664
2007-03-11,0.10525,0.06677,0.00582,18.09512,450.75897,249.89982,369.22409,24,0.09885,0.10937,0.13303,0.10535,0.01112,3.17771,1113.27863
2007-03-12,0.26236,0.00695,0.00152,18.10983,467.85694,251.99853,372.63791,24,0.07587,0.17742,0.01288,0.01116,0.00926,2.40632,1198.97828
2007-03-13,0.27309,0.00457,0.00075,17.95927,470.06668,255.04670,378.06104,24,0.09342,0.06994,0.00714,0.00000,0.00357,2.77629,1215.58045
2007-03-14,0.22382,0.01710,0.00045,17.71251,459.41336,230.82755,376.29536,24,0.18695,0.33076,0.00000,0.00000,0.00000,3.61664,1128.95832
2007-03-15,0.10105,0.10147,0.00602,16.52745,669.95081,245.92724,366.13782,24,0.04693,0.13445,0.11398,0.16096,0.00000,2.78456,1451.52536
2007-03-16,0.04133,0.03834,0.00364,11.36994,667.00831,277.48929,328.46923,24,0.08095,0.02091,0.17545,0.00000,0.01635,4.70454,1475.47804
2007-03-17,0.01013,0.00068,0.00061,11.93683,617.50783,281.40255,332.17483,24,0.01277,0.01559,0.00548,0.00000,0.00548,5.46830,1573.60370
2007-03-18,0.01671,0.00248,0.00085,13.64803,523.37034,284.25196,338.96921,24,0.00158,0.00037,0.00000,0.00000,0.00000,4.44856,1369.68088
2007-03-19,0.06606,0.06224,0.01443,15.95586,524.85738,276.06534,353.61516,24,0.07725,0.03718,0.05573,0.04484,0.03707,3.17574,1455.36431
2007-03-20,0.17805,0.10961,0.04827,17.25743,527.22660,272.40606,364.76374,24,0.12450,0.12316,0.17060,0.08406,0.09426,3.16600,1415.28821
2007-03-21,0.25289,0.26022,0.09482,19.03600,587.05772,251.54185,384.40880,24,0.26588,0.20879,0.34520,0.18472,0.24462,3.05435,1413.84846
2007-03-22,0.33198,0.51875,0.10461,20.51709,570.75376,219.44642,397.07731,24,0.35461,0.40892,0.70053,0.51277,0.35916,2.34159,1145.95649
2007-03-23,0.35575,0.53032,0.16641,21.42052,520.38153,215.52482,401.08255,24,0.45914,0.45511,0.75853,0.54491,0.37213,1.59808,1020.28841
2007-03-24,0.25997,0.45512,0.17550,21.18577,534.47947,229.08670,395.97516,24,0.54655,0.33136,0.86270,0.46641,0.59546,1.74007,1166.71417
2007-03-25,0.10873,0.24869,0.10924,17.64677,556.45001,263.84677,371.25479,24,0.28534,0.14220,0.72068,0.27538,0.51131,2.35291,1283.33019
2007-03-26,0.05420,0.16421,0.08103,16.96174,586.21164,286.67686,360.87091,24,0.15726,0.01988,0.35237,0.08579,0.28340,4.08351,1463.27866
2007-03-27,0.04107,0.07776,0.04036,16.90761,564.51107,284.49289,361.41307,24,0.15460,0.03970,0.41182,0.03734,0.31692,3.49058,1538.40497
2007-03-28,0.01958,0.01243,0.00713,16.94637,526.39197,292.33825,361.81571,24,0.01135,0.00972,0.02239,0.00375,0.01865,3.85906,1482.62326
2007-03-29,0.01516,0.01304,0.00240,17.98354,519.91952,291.30530,371.13995,24,0.02195,0.01070,0.05221,0.00000,0.01116,3.32202,1440.45654
2007-03-30,0.03149,0.01641,0.01618,18.60527,582.56037,288.13972,376.43506,24,0.00999,0.02775,0.01479,0.00000,0.01479,3.29814,1564.37931
2007-03-31,0.07381,0.03414,0.02128,19.30344,640.27145,283.70986,384.06865,24,0.05552,0.04633,0.10213,0.00373,0.10034,3.64995,1476.44715
2007-10-01,0.72373,0.84550,0.12188,24.88107,293.12960,184.59930,425.94054,24,0.84733,0.71367,0.91353,0.94622,0.33624,1.20135,726.73679
2007-10-02,0.76411,0.73734,0.13151,25.18499,288.19564,192.97666,426.81351,24,0.78165,0.73430,0.78772,0.94430,0.18755,1.21251,753.49598
2007-10-03,0.58956,0.70994,0.08932,25.26587,319.33417,205.99970,428.01584,24,0.74765,0.53708,0.77950,0.87201,0.32018,1.10661,811.96747
2007-10-04,0.43353,0.63755,0.09380,25.60683,326.43578,210.77391,427.35031,24,0.44765,0.30209,0.64940,0.90743,0.28593,1.37304,829.26839
2007-10-05,0.63290,0.60894,0.12985,25.58357,335.97891,206.02225,428.73259,24,0.54920,0.52834,0.59469,0.81628,0.25441,1.44302,773.63780
2007-10-06,0.87301,0.72593,0.17616,25.74259,322.61105,162.31594,432.93661,24,0.76585,0.79718,0.77950,0.92372,0.39263,1.29601,716.49338
2007-10-07,0.99096,0.69587,0.23516,25.10811,359.09665,124.49010,436.24092,24,0.99010,0.97369,0.72049,0.88550,0.35227,1.34031,673.26378
2007-10-08,0.99865,0.78288,0.35523,24.08777,473.03926,50.88356,433.03791,24,0.99997,0.99883,0.67782,0.88373,0.29326,1.44430,535.55115
2007-10-09,0.95231,0.70293,0.31492,23.86698,407.53593,87.56001,424.27831,24,0.99617,0.98956,0.71313,0.72574,0.39538,1.36467,633.61289
2007-10-10,0.86538,0.67484,0.22810,23.60832,331.32560,139.43588,415.49076,24,0.91028,0.78536,0.84715,0.86639,0.45343,1.43817,643.75628
2007-10-11,0.81279,0.55534,0.13601,23.64907,326.81233,183.20724,408.82014,24,0.90156,0.78779,0.66329,0.78993,0.28528,1.66050,762.41253
2007-10-12,0.61473,0.40208,0.08152,23.71378,330.73646,202.17128,409.20261,24,0.81729,0.64662,0.57561,0.49896,0.27077,1.67245,853.51947
2007-10-13,0.56419,0.52007,0.08869,23.86479,313.15810,196.54913,414.57628,24,0.49634,0.41532,0.37439,0.63483,0.15082,1.84156,808.67984
2007-10-14,0.76925,0.79723,0.18510,23.84445,354.63349,151.58862,419.66246,24,0.66042,0.65265,0.65242,0.90713,0.33747,1.50400,707.32093
2007-10-15,0.95403,0.74478,0.28125,23.63502,411.64892,94.12750,421.11134,24,0.90476,0.91449,0.83249,0.91994,0.39105,1.18947,708.54605
2007-10-16,0.90543,0.83477,0.28019,23.04194,366.65758,98.74881,417.64718,24,0.98896,0.93064,0.72828,0.92178,0.39182,1.27116,642.46459
2007-10-17,0.82566,0.92487,0.22613,23.32197,319.10426,130.98205,416.58430,24,0.82572,0.85691,0.93403,0.98889,0.35209,1.24186,620.64606
2007-10-18,0.71810,0.85764,0.27413,22.89818,272.69145,126.03837,414.57002,24,0.70794,0.81517,0.97643,0.96092,0.44781,1.29490,536.03892
2007-10-19,0.38294,0.74833,0.20408,23.19508,297.60985,174.23608,407.68579,24,0.67142,0.44031,0.91995,0.88555,0.63538,1.21088,681.83113
2007-10-20,0.27250,0.52365,0.15904,22.26561,338.56758,192.01090,397.05076,24,0.45893,0.31087,0.76947,0.67671,0.46600,1.12694,848.32631
2007-10-21,0.17111,0.33130,0.08335,21.44739,347.28502,200.15582,387.42090,24,0.41379,0.23552,0.57951,0.50581,0.33876,1.55098,893.91521
2007-10-22,0.15917,0.19508,0.04954,20.70451,380.17569,214.93307,376.45023,24,0.19941,0.17687,0.32777,0.24605,0.16251,1.90565,985.74101
2007-10-23,0.16391,0.13748,0.03945,20.47817,421.91896,216.48991,370.77734,24,0.24125,0.14308,0.27099,0.16079,0.15616,2.32108,992.48883
2007-10-24,0.11768,0.08060,0.04037,20.50612,391.19645,219.91849,370.04138,24,0.33324,0.13071,0.22774,0.06565,0.19346,2.39574,934.47954
2007-10-25,0.10549,0.12789,0.04579,20.15404,366.31495,221.97687,369.61821,24,0.21062,0.06264,0.21572,0.14988,0.14734,2.33820,936.86895
2007-10-26,0.12475,0.11517,0.06044,19.97910,312.99025,220.13418,367.12665,24,0.35112,0.09091,0.44182,0.06184,0.25473,2.11294,884.76878
2007-10-27,0.15889,0.14691,0.06105,20.24763,311.96397,213.63237,372.17212,24,0.39924,0.12085,0.32252,0.15263,0.21328,2.18266,911.30307
2007-10-28,0.22620,0.17248,0.06281,20.34681,331.28222,200.25489,376.16067,24,0.36763,0.21295,0.27039,0.16328,0.16525,2.17442,955.22304
2007-10-29,0.18509,0.18159,0.06474,20.58365,337.01326,199.59752,378.73197,24,0.41086,0.18548,0.43902,0.14666,0.24443,1.92159,904.21804
2007-10-30,0.32108,0.19768,0.03579,21.32000,321.73099,200.11210,395.59670,24,0.31299,0.15422,0.37425,0.18390,0.22212,1.93193,843.19198
2007-10-31,0.40680,0.23592,0.01192,22.30083,278.22954,158.83917,405.95785,24,0.40066,0.41831,0.25222,0.28944,0.05094,2.37378,724.85056
2007-11-01,0.39726,0.31913,0.05695,22.42013,290.19143,157.14597,404.40493,24,0.46967,0.45852,0.32188,0.28209,0.08050,1.81358,724.83211
2007-11-02,0.43524,0.53114,0.16391,22.03135,280.08075,144.04713,401.68462,24,0.54850,0.52956,0.54870,0.66179,0.23008,1.38967,639.16904
2007-11-03,0.36045,0.51404,0.15359,21.50407,300.68399,158.09399,393.56415,24,0.60407,0.45925,0.74492,0.69249,0.35665,1.34127,760.72141
2007-11-04,0.25783,0.38927,0.09404,21.40156,318.16821,185.58416,388.51046,24,0.51546,0.26267,0.55921,0.51344,0.31854,1.36611,851.43656
2007-11-05,0.27651,0.39357,0.05550,21.05224,334.32479,179.93124,391.28232,24,0.46616,0.22920,0.56556,0.60205,0.25933,1.88874,886.91967
2007-11-06,0.28141,0.38533,0.04849,20.96940,335.60524,177.58427,392.20997,24,0.41214,0.26239,0.38971,0.62946,0.15130,2.11456,880.25988
2007-11-07,0.27199,0.42082,0.04998,21.15168,336.26721,179.75174,391.11417,24,0.38213,0.22125,0.48014,0.70470,0.18978,1.87991,917.25565
2007-11-08,0.27222,0.44536,0.06647,21.29427,324.37653,178.18395,390.86362,24,0.50296,0.24164,0.60143,0.68164,0.27842,1.82595,895.94527
2007-11-09,0.33242,0.47585,0.07338,21.17931,318.23818,174.16000,391.67960,24,0.45092,0.22628,0.53454,0.67274,0.23987,1.81618,894.97334
2007-11-10,0.31417,0.56805,0.12568,20.99221,323.53286,168.39434,388.33741,24,0.44736,0.34802,0.62316,0.76040,0.24439,1.50841,787.03227
2007-11-11,0.20944,0.35095,0.09163,20.41624,362.20317,184.69375,375.82792,24,0.38191,0.16026,0.54189,0.39223,0.30905,1.67734,906.35905
2007-11-12,0.31809,0.10856,0.03962,19.39842,416.52127,194.64682,363.98966,24,0.46253,0.34385,0.41444,0.08246,0.23305,1.93776,974.16568
2007-11-13,0.44399,0.05321,0.02004,18.84982,414.17306,191.21741,365.16769,24,0.51730,0.34521,0.11688,0.02162,0.07662,2.34694,964.71905
2007-11-14,0.76295,0.18964,0.03466,19.00000,391.81063,135.67940,383.60943,24,0.53042,0.71663,0.12207,0.16520,0.04432,2.25757,788.60419
2007-11-15,0.97843,0.35232,0.11238,19.14667,684.35218,66.54300,400.54316,24,0.90539,0.97358,0.21397,0.28411,0.06323,1.54483,799.22353
2007-11-16,0.66991,0.69330,0.18759,19.38710,411.02017,90.87573,393.17940,24,0.99107,0.90728,0.59774,0.80148,0.11758,1.99054,725.94079
2007-11-17,0.35675,0.56047,0.12653,19.41529,349.29322,151.32672,378.88959,24,0.52457,0.54903,0.81292,0.70535,0.34340,1.58825,773.45633
2007-11-18,0.13721,0.25926,0.08648,19.14672,377.39082,187.41157,358.64638,24,0.31331,0.21037,0.65408,0.37281,0.28593,1.65573,849.41743
2007-11-19,0.13311,0.24080,0.08914,18.94008,336.78828,191.82474,358.75844,24,0.22657,0.11206,0.31901,0.26049,0.22624,1.89420,818.87184
2007-11-20,0.14672,0.25639,0.08213,18.43067,373.61670,185.45940,361.12777,24,0.35307,0.12524,0.53925,0.26111,0.28913,1.88999,973.81074
2007-11-21,0.15860,0.28024,0.07612,18.44088,347.35066,180.75770,363.47825,24,0.27901,0.14913,0.51259,0.35448,0.26876,2.05961,875.88464
2007-11-22,0.18269,0.30597,0.06943,18.41703,352.22842,180.47036,365.52620,24,0.24024,0.15034,0.33629,0.28885,0.16391,2.23872,918.48560
2007-11-23,0.16564,0.35341,0.07214,18.70295,319.76717,177.05947,365.47352,24,0.31415,0.19995,0.50459,0.52095,0.20044,1.85477,824.07664
2007-11-24,0.10966,0.24020,0.06231,18.28515,299.76163,184.21765,360.08064,24,0.19988,0.04448,0.36816,0.35576,0.17650,1.94991,765.18819
2007-11-25,0.11797,0.17906,0.06468,18.03326,300.05675,185.11228,355.53784,24,0.19291,0.05040,0.35346,0.21670,0.19354,1.66944,797.19719
2007-11-26,0.08338,0.12120,0.04728,17.49556,315.57125,186.44081,348.39545,24,0.21472,0.04446,0.25603,0.13338,0.23367,2.22853,832.91208
2007-11-27,0.16919,0.20226,0.04385,17.00936,393.15698,180.85636,350.63118,24,0.30529,0.11230,0.26318,0.21018,0.12843,2.55100,943.69165
2007-11-28,0.22201,0.19334,0.03115,16.61543,415.24630,167.54720,354.74441,24,0.32559,0.21918,0.31622,0.22466,0.16594,3.09147,1027.78364
2007-11-29,0.36327,0.15307,0.02522,16.59882,394.99576,165.12669,357.84032,24,0.39127,0.33820,0.19991,0.16210,0.07519,2.78680,1048.91614
2007-11-30,0.33842,0.25181,0.03373,16.93863,368.84030,164.60418,359.62311,24,0.30228,0.26727,0.26255,0.20125,0.08109,2.28905,1002.27728
2007-12-01,0.57437,0.30714,0.06769,16.56766,390.19744,158.68470,358.48210,24,0.66883,0.47693,0.48761,0.37678,0.18293,2.57530,1116.52493
2007-12-02,0.69013,0.19787,0.05284,16.69505,361.82704,161.36157,358.87211,24,0.74608,0.61589,0.38134,0.19944,0.20165,2.47386,915.89630
2007-12-03,0.55758,0.24136,0.04726,16.73146,368.85638,150.57274,355.83820,24,0.73103,0.70515,0.35909,0.20311,0.15246,2.44971,1060.66367
2007-12-04,0.25328,0.24010,0.08134,16.39443,392.32867,167.53581,345.88406,24,0.52844,0.32152,0.44218,0.27287,0.26255,1.91306,937.48030
2007-12-05,0.20894,0.08472,0.03071,16.18010,373.27381,179.37136,337.73119,24,0.63858,0.17252,0.30867,0.17215,0.17375,2.11276,907.74481
2007-12-06,0.33114,0.03652,0.02062,16.12201,307.92572,182.96541,336.82868,24,0.20394,0.25287,0.12543,0.02044,0.09361,2.06956,727.77438
2007-12-07,0.66849,0.05382,0.01972,15.79654,283.86420,174.68241,340.09093,24,0.80461,0.78420,0.04233,0.03367,0.02938,1.82892,716.96796
2007-12-08,0.32457,0.11134,0.03479,15.34192,346.29629,179.22393,336.69831,24,0.43802,0.41863,0.20183,0.15502,0.12540,1.96784,927.07175
2007-12-09,0.23120,0.07321,0.02492,14.59888,408.46401,179.88574,331.08450,24,0.16937,0.36531,0.18812,0.05893,0.08795,2.42521,1009.04741
2007-12-10,0.07363,0.07045,0.02706,14.03878,372.63181,183.24069,328.02898,24,0.29571,0.02596,0.15312,0.04216,0.08810,2.28958,922.04367
2007-12-11,0.04328,0.04710,0.01484,13.89256,399.74855,181.86010,324.59949,24,0.15486,0.04325,0.17115,0.10051,0.09797,2.56471,1044.06511
2007-12-12,0.02425,0.01712,0.00553,14.10398,332.85149,183.53591,325.17173,24,0.08684,0.01215,0.03440,0.00898,0.01829,2.29666,814.86812
2007-12-13,0.12232,0.01510,0.00537,14.65722,293.44370,180.99702,332.35848,24,0.08958,0.16509,0.01637,0.00357,0.01280,2.40343,713.99641
2007-12-14,0.29072,0.03400,0.00841,15.23079,297.01205,178.53302,341.92137,24,0.06789,0.13645,0.00540,0.01080,0.00182,2.38976,709.11748
2007-12-15,0.48940,0.04367,0.01132,15.46855,318.78559,127.10903,355.78112,24,0.61654,0.57213,0.05744,0.02694,0.02877,2.56254,708.52038
2007-12-16,0.35369,0.06985,0.01989,13.81732,337.81887,156.66408,339.06469,24,0.41833,0.24521,0.08796,0.06105,0.04491,2.69058,680.41318
2007-12-17,0.42450,0.07753,0.01659,12.67459,329.30273,150.41334,328.89477,24,0.55883,0.42862,0.13866,0.07031,0.08101,3.72928,693.45370
2007-12-18,0.16985,0.01516,0.00743,13.38565,314.11855,181.91354,317.03687,24,0.37787,0.15286,0.05962,0.00181,0.03605,2.84261,701.57764
2007-12-19,0.07727,0.02001,0.01372,13.47577,274.57040,187.31257,313.03928,24,0.19755,0.10269,0.03439,0.00000,0.03439,2.35197,618.93219
2007-12-20,0.05413,0.07469,0.01678,12.69195,280.05268,184.93565,314.85712,24,0.11171,0.02124,0.05422,0.02897,0.04342,2.54479,671.23231
2007-12-21,0.08250,0.10051,0.02664,12.03880,301.05367,179.59978,317.04592,24,0.13455,0.06453,0.17554,0.10502,0.06730,2.77084,779.47058
2007-12-22,0.07432,0.06329,0.02446,12.55174,318.16658,174.42638,321.14592,24,0.10238,0.08752,0.12520,0.06863,0.07117,2.80077,893.38909
2007-12-23,0.03658,0.04244,0.03010,13.10299,319.78835,183.39577,323.18666,24,0.11877,0.00561,0.10334,0.00927,0.09968,2.00706,828.61765
2007-12-24,0.04621,0.06227,0.02242,13.73435,346.32075,178.34751,331.16507,24,0.11448,0.04774,0.14354,0.01468,0.11951,2.28289,923.41839
2007-12-25,0.07285,0.05484,0.01638,14.08139,343.26816,177.50521,332.73681,24,0.14135,0.05580,0.09891,0.02771,0.05507,2.31873,980.71966
2007-12-26,0.14862,0.06042,0.01739,14.53041,353.67786,170.86295,337.75968,24,0.14321,0.20653,0.09651,0.03479,0.03487,2.30063,1058.42981
2007-12-27,0.23415,0.07485,0.02241,14.33393,378.05424,169.36285,340.09435,24,0.25015,0.27949,0.09080,0.04359,0.05302,2.04103,1078.46030
2007-12-28,0.22482,0.09803,0.02527,13.92840,355.49007,168.37303,335.33009,24,0.29841,0.21682,0.18833,0.06860,0.08904,2.17204,1017.49725
2007-12-29,0.18668,0.08168,0.02264,13.99607,330.66399,179.28121,327.96864,24,0.38940,0.12394,0.12103,0.05949,0.05983,2.13368,897.48515
2007-12-30,0.39901,0.08750,0.01721,13.93711,337.70763,178.23508,327.02863,24,0.63227,0.63974,0.12251,0.05227,0.03976,2.23900,836.64299
2007-12-31,0.10304,0.10685,0.02857,13.53919,347.57541,179.82475,321.76959,24,0.15597,0.08860,0.16110,0.10999,0.04884,2.24220,828.91709
2008-01-01,0.10139,0.03925,0.01797,13.49854,321.62134,186.60366,318.70794,24,0.13323,0.14005,0.09711,0.02164,0.04692,2.54647,803.59619
2008-01-02,0.32464,0.02514,0.01236,14.28850,295.76345,176.77940,330.01890,24,0.26384,0.47652,0.04001,0.02190,0.03643,2.54742,816.85349
2008-01-03,0.08892,0.03914,0.01878,14.64223,308.19232,184.78626,327.02919,24,0.18514,0.03051,0.07079,0.01637,0.06363,2.54714,877.94344
2008-01-04,0.06840,0.05547,0.01693,14.57340,307.71579,186.07447,325.60469,24,0.10091,0.03687,0.12169,0.05040,0.07297,1.83155,808.28933
2008-01-05,0.03199,0.03476,0.01131,13.75222,314.32618,189.31886,318.29140,24,0.09899,0.02884,0.07352,0.05216,0.04492,2.13827,837.08191
2008-01-06,0.01572,0.01512,0.00723,13.64591,287.42294,191.05638,318.47405,24,0.06364,0.01180,0.02697,0.00537,0.01620,2.67770,723.58017
2008-01-07,0.01455,0.00959,0.00676,14.04537,266.96148,191.43048,322.86886,24,0.05175,0.00623,0.04373,0.00000,0.03838,2.31878,701.87881
2008-01-08,0.01378,0.00750,0.00646,14.34529,252.37558,191.86114,323.83500,24,0.03721,0.00123,0.03279,0.00000,0.02743,2.10906,641.95393
2008-01-09,0.02769,0.01084,0.00949,14.42476,246.62499,194.08899,323.37496,24,0.07314,0.00381,0.02739,0.00000,0.02739,2.46849,655.40509
2008-01-10,0.04390,0.05403,0.02316,14.77739,260.32021,192.45078,330.29681,24,0.11705,0.00449,0.05299,0.01263,0.05120,2.23451,720.40951
2008-01-11,0.06773,0.08496,0.02389,15.18912,306.89858,186.13503,337.46096,24,0.07963,0.06691,0.13398,0.03582,0.06395,2.10114,836.48032
2008-01-12,0.07936,0.09853,0.03082,14.28845,341.06299,188.24828,336.29487,24,0.08864,0.06986,0.15424,0.09863,0.10940,2.14045,925.67120
2008-01-13,0.07565,0.05653,0.01529,12.91743,326.47773,186.95678,326.00968,24,0.11757,0.06924,0.14463,0.05933,0.07971,2.26943,873.83573
2008-01-14,0.09074,0.05215,0.00728,12.26719,330.92426,189.31466,320.17678,24,0.07943,0.07466,0.03946,0.02867,0.01079,2.90357,859.87063
2008-01-15,0.13426,0.07233,0.01342,12.22578,353.02728,185.87235,321.70074,24,0.10173,0.10995,0.09877,0.05746,0.03060,2.80349,937.07466
2008-01-16,0.07595,0.04440,0.00755,13.01476,330.18730,191.33817,327.99772,24,0.11209,0.06465,0.12257,0.01800,0.04162,2.66033,865.15788
2008-01-17,0.10088,0.05327,0.01455,14.02297,301.57322,191.66785,335.28089,24,0.11629,0.04497,0.06142,0.00180,0.02552,2.37460,856.11310
2008-01-18,0.11616,0.09664,0.02904,14.79490,315.11674,188.54127,339.45872,24,0.19115,0.08906,0.15985,0.05046,0.08243,2.01137,896.02201
2008-01-19,0.11901,0.12830,0.04097,15.96496,369.18525,185.98157,344.65767,24,0.21648,0.15382,0.24339,0.08912,0.11367,1.90439,901.26491
2008-01-20,0.42982,0.30971,0.09317,17.00627,385.11245,181.25687,353.16273,24,0.30983,0.24249,0.41997,0.41750,0.21052,1.46288,829.49202
2008-01-21,0.39449,0.35748,0.13859,15.03629,364.79618,163.41434,346.72790,24,0.73445,0.56851,0.57938,0.53156,0.35583,1.60792,848.75546
2008-01-22,0.36820,0.12586,0.06694,13.13545,316.81785,194.73570,325.87304,24,0.37707,0.36230,0.43057,0.20874,0.34617,2.07335,794.93732
2008-01-23,0.62295,0.05579,0.02545,12.68231,332.41120,154.80360,340.09896,24,0.41488,0.62246,0.04006,0.02040,0.02925,3.28819,575.67399
2008-01-24,0.62744,0.22408,0.06539,14.00577,309.29009,137.38456,350.68353,24,0.62716,0.65688,0.12987,0.21811,0.08142,2.90306,568.18379
2008-01-25,0.66419,0.23307,0.04958,14.76988,287.74163,140.33974,358.96398,24,0.70128,0.67455,0.31139,0.24077,0.20769,1.91310,581.73760
2008-01-26,0.82985,0.44100,0.17091,15.61433,275.07107,81.57394,369.85278,24,0.73684,0.85371,0.26097,0.47928,0.05077,1.61664,530.18916
2008-01-27,0.59275,0.50374,0.21785,14.17796,361.49323,109.33200,346.62742,24,0.91863,0.74084,0.73106,0.71858,0.52832,1.28323,629.42737
2008-01-28,0.29256,0.17589,0.06672,10.74949,514.55557,203.11569,311.29051,24,0.37625,0.16885,0.41422,0.34404,0.29324,2.18476,1036.37002
2008-01-29,0.24237,0.04841,0.00629,10.08389,460.93368,203.29495,316.86872,24,0.31723,0.14632,0.09889,0.07055,0.05564,3.49254,1146.55675
2008-01-30,0.53251,0.30332,0.07590,12.14700,344.95247,146.61593,343.09446,24,0.39227,0.48646,0.07894,0.19565,0.01253,3.44833,709.54550
2008-01-31,0.52894,0.44022,0.09064,13.14281,315.87996,127.79540,343.21838,24,0.81804,0.70862,0.61162,0.61741,0.28070,1.72663,667.49954
2008-02-01,0.19336,0.12885,0.03135,11.53435,436.59667,182.29354,318.19371,24,0.43807,0.28885,0.28992,0.15964,0.11427,1.68568,993.68166
2008-02-02,0.07559,0.05602,0.01057,9.89398,498.63041,214.69045,298.76492,24,0.10298,0.10517,0.10291,0.04326,0.05078,2.37892,1156.59287
2008-02-03,0.03706,0.01855,0.00316,10.13100,416.73008,218.70225,301.78911,24,0.08175,0.03160,0.05779,0.00725,0.01811,3.14607,1004.60280
2008-02-04,0.17115,0.01519,0.00359,11.30668,335.11987,217.25480,319.12716,24,0.08604,0.02140,0.01435,0.00180,0.01256,2.43915,881.26430
2008-02-05,0.28041,0.04459,0.00158,13.15706,278.34629,196.08158,342.44462,24,0.39425,0.14810,0.02334,0.00539,0.00537,2.70071,711.11728
2008-02-06,0.34520,0.10397,0.00645,15.11447,280.96073,195.94413,354.03398,24,0.39323,0.21740,0.18053,0.08160,0.00723,2.44033,740.62246
2008-02-07,0.39824,0.15881,0.01577,16.77944,283.85490,180.62828,367.81022,24,0.38345,0.24929,0.22007,0.14131,0.01984,2.41950,724.15372
2008-02-08,0.56135,0.28751,0.04565,17.73423,268.92014,154.38349,377.34544,24,0.44971,0.40454,0.28527,0.37666,0.01973,1.67560,664.54775
2008-02-09,0.71178,0.40252,0.09108,17.50082,250.75505,98.13918,383.02881,24,0.73292,0.74041,0.26539,0.47045,0.09538,1.80252,492.31657
2008-02-10,0.40065,0.34172,0.13136,14.79865,358.42568,149.46926,350.55726,24,0.71844,0.44729,0.47655,0.42474,0.27785,1.57300,737.36039
2008-02-11,0.16471,0.12728,0.03460,12.65004,399.76859,201.22418,325.54498,24,0.34972,0.22065,0.28459,0.10677,0.13506,2.60187,956.32350
2008-02-12,0.19909,0.05317,0.00871,11.36023,469.22642,223.20393,318.51900,24,0.16365,0.10527,0.14354,0.02342,0.04550,3.04166,1090.23544
2008-02-13,0.06213,0.03303,0.00345,9.46011,458.03781,227.96636,303.11519,24,0.17762,0.07139,0.05382,0.01251,0.00720,3.51519,1097.73453
2008-02-14,0.04128,0.02983,0.00263,8.66550,489.26694,233.94178,298.78990,24,0.08126,0.06794,0.06662,0.00000,0.01984,4.03155,1129.38415
2008-02-15,0.06978,0.03546,0.00505,9.83409,444.39056,232.17711,307.99046,24,0.03934,0.05929,0.05220,0.00359,0.00360,3.97143,1065.37501
2008-02-16,0.11527,0.04482,0.01564,11.51508,406.84117,220.98560,321.70984,24,0.10569,0.08709,0.07134,0.02932,0.04069,3.40626,1095.17426
2008-02-17,0.10436,0.07285,0.03499,13.29746,410.16343,228.42596,328.73740,24,0.15129,0.04006,0.14523,0.02798,0.10732,2.48986,1070.11500
2008-02-18,0.20860,0.18700,0.05716,15.34562,433.80465,206.34080,345.34153,24,0.26154,0.19735,0.21353,0.12945,0.16227,2.02487,1125.72449
2008-02-19,0.36829,0.31264,0.07791,15.64253,425.48705,204.34819,350.22598,24,0.33045,0.31789,0.48372,0.50126,0.24121,2.07462,911.92521
2008-02-20,0.47932,0.30174,0.10419,14.55040,359.40749,176.91916,352.09681,24,0.64566,0.42896,0.48391,0.42120,0.23411,1.99877,838.77844
2008-02-21,0.10331,0.11909,0.05147,13.86746,416.10123,222.29045,330.65751,24,0.41584,0.13430,0.33809,0.24609,0.24130,2.27447,1001.08237
2008-02-22,0.01470,0.00624,0.00455,13.62932,376.87564,246.58099,323.36982,24,0.03115,0.00026,0.03848,0.00000,0.03660,2.62716,1008.75872
2008-02-23,0.03651,0.00595,0.00161,14.26080,391.15505,242.86456,332.99851,24,0.05465,0.01220,0.00726,0.00000,0.00367,2.90310,1046.16730
2008-02-24,0.09833,0.02247,0.00629,15.36609,392.18570,236.20614,342.32010,24,0.07648,0.06097,0.02537,0.00000,0.00920,2.83209,991.33998
2008-02-25,0.20919,0.08522,0.02192,17.08293,369.64300,213.45240,353.65850,24,0.22895,0.30313,0.03948,0.07936,0.00896,2.48186,796.28814
2008-02-26,0.14234,0.13103,0.04728,15.66620,404.58798,226.66052,349.60459,24,0.35530,0.13348,0.33895,0.26572,0.22915,1.79599,1061.92940
2008-02-27,0.03966,0.04522,0.02254,13.88580,458.35895,245.48235,332.38248,24,0.07950,0.06941,0.10417,0.03859,0.06269,2.81247,1244.42386
2008-02-28,0.00499,0.00588,0.00491,13.21724,393.79893,258.09758,324.93466,24,0.01129,0.00365,0.04720,0.00000,0.04539,3.46916,1113.46396
2008-02-29,0.01153,0.00923,0.00710,14.26186,390.78805,259.12409,330.27338,24,0.04620,0.00067,0.01653,0.00931,0.01653,3.17129,1045.83308
2008-03-01,0.09865,0.04430,0.00827,15.58420,485.04172,244.76706,347.86325,24,0.02139,0.07552,0.02599,0.03543,0.00374,2.70440,1326.17158
2008-03-02,0.23393,0.17370,0.06771,17.46243,445.12657,223.29672,363.90287,24,0.38461,0.28416,0.27829,0.23450,0.18514,2.65755,1167.25690
2008-03-03,0.24772,0.17762,0.09178,18.39953,439.10130,225.74722,364.35054,24,0.42281,0.26546,0.37653,0.17695,0.30755,2.15361,1128.27099
2008-03-04,0.26680,0.25761,0.09443,17.87047,440.23958,230.70922,361.77178,24,0.39947,0.14586,0.40699,0.28455,0.32932,2.00197,938.53786
2008-03-05,0.28309,0.31736,0.09167,17.69006,439.75510,214.87026,362.77747,24,0.60361,0.36614,0.44962,0.40236,0.29436,1.57070,923.35016
2008-03-06,0.16780,0.20285,0.04797,17.94275,411.23936,229.21502,363.23226,24,0.23786,0.23635,0.44333,0.37054,0.26253,1.76533,1013.45965
2008-03-07,0.18024,0.14497,0.06481,18.84180,408.98234,237.47260,366.22575,24,0.36952,0.18413,0.26859,0.09852,0.21337,1.67806,1087.94952
2008-03-08,0.14751,0.12849,0.05445,19.10074,422.94841,241.48529,365.04274,24,0.33403,0.16344,0.29724,0.11164,0.23338,1.72692,1071.02895
2008-03-09,0.32821,0.06945,0.02463,19.18382,431.13830,236.85299,368.92213,24,0.22468,0.29797,0.18283,0.05603,0.10665,1.79267,1049.25986
2008-03-10,0.78985,0.05843,0.02186,19.39616,423.94648,233.17325,377.04357,24,0.66263,0.60775,0.10629,0.02887,0.08107,2.13811,1105.75461
2008-03-11,0.95377,0.06474,0.01322,19.55156,397.90574,210.95281,380.82904,24,0.98309,0.92607,0.08784,0.07584,0.04989,2.17523,1094.16298
2008-03-12,0.81303,0.04046,0.00414,19.38512,431.06958,228.32789,374.36082,24,0.96677,0.93643,0.05608,0.02161,0.02195,2.13555,1125.71659
2008-03-13,0.60792,0.04098,0.00414,20.13793,435.12132,248.22437,381.49870,24,0.56417,0.55328,0.07579,0.01972,0.01469,2.29177,1113.51804
2008-03-14,0.58933,0.04572,0.01529,20.16347,391.06370,208.95635,385.54813,24,0.66833,0.69866,0.04354,0.03478,0.01293,2.38261,923.50144
2008-03-15,0.33024,0.01319,0.00464,18.88190,493.35061,250.45509,380.89966,24,0.49819,0.27150,0.04308,0.00714,0.03045,2.34792,1231.39407
2008-03-16,0.16814,0.01984,0.00521,18.67130,483.82965,254.85938,375.74670,24,0.25492,0.14584,0.03634,0.00908,0.01460,3.36301,1202.94267
2008-03-17,0.14362,0.04498,0.01982,18.93129,538.65918,256.19413,373.68821,24,0.17177,0.13034,0.04773,0.02607,0.01640,2.56043,1383.51526
2008-03-18,0.18843,0.17633,0.08234,19.66708,528.64750,245.16787,374.42816,24,0.25620,0.17416,0.17823,0.09932,0.06295,2.51553,1155.46460
2008-03-19,0.27732,0.32172,0.11976,20.38529,535.01636,251.72295,383.25582,24,0.34211,0.17428,0.56531,0.22742,0.26935,2.08285,1071.20709
2008-03-20,0.52078,0.63499,0.27118,20.59414,454.74804,216.70928,398.46595,24,0.43440,0.41404,0.74284,0.52613,0.54282,2.11609,967.86338
2008-03-21,0.44245,0.65719,0.24820,21.01425,500.98786,198.76157,400.09329,24,0.74323,0.58662,0.79274,0.60503,0.56880,2.15978,880.72616
2008-03-22,0.36486,0.55464,0.17611,21.33422,525.94473,221.12616,396.57806,24,0.47489,0.35561,0.81693,0.60212,0.51702,1.86719,973.78527
2008-03-23,0.78380,0.38488,0.06685,21.03196,398.94887,182.34479,406.98875,24,0.81016,0.74517,0.79456,0.41400,0.37214,2.34054,886.97194
2008-03-24,0.73800,0.36239,0.08201,21.02605,406.50703,154.91280,403.26335,24,0.89397,0.85945,0.47477,0.41634,0.14804,2.13550,827.17850
2008-03-25,0.41513,0.34111,0.04941,20.94196,509.93926,238.56977,392.98097,24,0.76208,0.37886,0.50889,0.40668,0.22574,2.12741,1047.04842
2008-03-26,0.28321,0.45620,0.11080,21.44598,520.14852,244.87589,396.71249,24,0.43921,0.30495,0.64429,0.47223,0.20149,1.88977,1055.00635
2008-03-27,0.36451,0.44992,0.17836,21.12283,589.99318,250.35964,392.91004,24,0.48822,0.37769,0.73599,0.39303,0.41607,1.92583,1323.73526
2008-03-28,0.30893,0.42777,0.19432,20.83647,625.37146,259.46995,387.09833,24,0.59054,0.15384,0.77666,0.32056,0.55100,2.16809,1274.07507
2008-03-29,0.40626,0.34347,0.12483,20.18927,619.74395,265.37855,388.64406,24,0.53856,0.27005,0.64833,0.26360,0.36306,2.33894,1238.62260
2008-03-30,0.37790,0.42164,0.09440,20.83201,611.73794,255.91986,391.09213,24,0.47265,0.32433,0.76879,0.37014,0.47300,2.62159,1203.04085
2008-03-31,0.72211,0.40113,0.06259,20.94607,580.63222,240.82140,395.81980,24,0.66606,0.66766,0.81133,0.46015,0.33129,2.17796,1069.88449
2008-10-01,0.60234,0.44999,0.12426,24.49228,361.73529,212.61463,424.67417,24,0.30944,0.40274,0.36872,0.50543,0.13780,1.61873,857.96472
2008-10-02,0.95358,0.78452,0.24124,24.28724,322.42496,118.17260,427.08258,24,0.95431,0.93710,0.57490,0.91341,0.29351,1.69973,609.32657
2008-10-03,0.76638,0.90485,0.20566,24.26004,312.62234,150.24018,422.92192,24,0.89216,0.71359,0.88793,0.98135,0.36641,1.49078,596.35369
2008-10-04,0.66013,0.86601,0.20887,24.25258,353.28856,171.85665,421.03945,24,0.67016,0.64543,0.93734,0.97582,0.36818,1.55871,734.74258
2008-10-05,0.77040,0.94777,0.24932,24.02437,315.75021,163.79877,421.60250,24,0.66402,0.68640,0.89562,0.98139,0.40719,1.33657,650.46554
2008-10-06,0.74870,0.90819,0.20814,23.65932,292.16016,156.98831,419.52174,24,0.85265,0.83313,0.96929,0.98504,0.54882,1.28303,685.91195
2008-10-07,0.70327,0.94284,0.33853,23.74094,349.54448,163.42566,419.68025,24,0.68928,0.66859,0.92736,0.99462,0.47051,1.21285,679.50784
2008-10-08,0.57448,0.95867,0.30711,23.96867,326.50462,155.91957,417.77773,24,0.77071,0.69113,0.96886,0.99628,0.62887,1.17012,670.28056
2008-10-09,0.34897,0.81773,0.20399,23.97855,321.54834,181.83596,412.85419,24,0.41001,0.46337,0.95579,0.98711,0.60057,1.26227,750.36416
2008-10-10,0.21481,0.64045,0.10721,24.05559,312.50524,202.43582,408.96268,24,0.37706,0.24853,0.88396,0.94996,0.43363,1.24562,774.06119
2008-10-11,0.16357,0.47865,0.06461,23.77965,337.07381,216.50531,406.25959,24,0.35281,0.15348,0.65134,0.67562,0.26632,1.28136,858.57552
2008-10-12,0.15374,0.38410,0.06671,23.73087,347.22498,219.06534,403.11387,24,0.16622,0.15952,0.47851,0.49138,0.17136,1.72211,896.00097
2008-10-13,0.15767,0.34304,0.08013,23.41624,338.17604,220.10706,401.31673,24,0.32691,0.13812,0.44329,0.39379,0.26940,1.78776,866.00432
2008-10-14,0.13815,0.32592,0.06108,23.40458,338.22343,217.42549,403.37215,24,0.21102,0.12678,0.49015,0.54315,0.23457,1.86624,891.98930
2008-10-15,0.13779,0.27779,0.06437,23.45080,336.23453,217.48957,403.02421,24,0.21286,0.14326,0.39275,0.43887,0.20084,1.71481,910.54500
2008-10-16,0.08719,0.18167,0.05257,23.48284,370.73156,225.39812,395.28958,24,0.20431,0.07745,0.42735,0.28327,0.22804,1.91863,901.13465
2008-10-17,0.16189,0.05908,0.02686,22.73766,368.29319,232.66917,388.31647,24,0.16299,0.04701,0.19606,0.12747,0.13626,1.93772,858.20222
2008-10-18,0.34593,0.07816,0.03737,22.83003,308.56110,224.97161,396.66350,24,0.29095,0.30675,0.09844,0.10550,0.06481,2.52462,800.73780
2008-10-19,0.22383,0.12517,0.04648,22.93262,315.67545,209.75167,401.97513,24,0.48236,0.29389,0.16090,0.19341,0.11813,2.46509,829.52541
2008-10-20,0.14549,0.30377,0.07999,22.71591,359.31216,213.51345,399.22983,24,0.18529,0.14566,0.29043,0.35786,0.16972,1.81610,948.82376
2008-10-21,0.17939,0.33693,0.04693,22.58082,352.85503,209.57899,398.30453,24,0.20260,0.12154,0.42159,0.42776,0.15487,1.94972,940.58356
2008-10-22,0.33816,0.27697,0.05587,22.50642,346.49276,201.11895,397.37002,24,0.45168,0.33742,0.39766,0.32950,0.12319,1.88039,931.62223
2008-10-23,0.57532,0.28291,0.08395,22.44952,333.84412,176.90674,401.56079,24,0.44942,0.47330,0.39727,0.28332,0.18019,2.08833,847.16761
2008-10-24,0.81684,0.45085,0.16068,22.39644,320.28980,110.51604,410.72251,24,0.72425,0.80550,0.41998,0.53230,0.14614,1.90976,608.21472
2008-10-25,0.97017,0.48434,0.18753,21.64434,444.88952,83.30446,409.94752,24,0.95745,0.98766,0.41742,0.66786,0.25177,1.20237,658.95418
2008-10-26,0.99046,0.50628,0.22494,20.68464,606.91890,60.12614,410.97500,24,0.98125,0.99039,0.37933,0.43439,0.17809,1.30926,706.21079
2008-10-27,0.67626,0.57208,0.24227,20.07237,441.63567,74.33557,397.73536,24,0.99825,0.94355,0.65550,0.75324,0.36246,1.50711,730.85480
2008-10-28,0.22926,0.34990,0.08457,20.40662,344.44537,185.06679,374.65998,24,0.53677,0.35228,0.61425,0.59803,0.37734,1.49766,725.97658
2008-10-29,0.14742,0.22629,0.02923,20.45056,349.28497,204.50125,371.86442,24,0.21376,0.20151,0.13818,0.37378,0.06878,1.67367,854.24023
2008-10-30,0.18403,0.22448,0.03662,20.57438,402.32654,202.38971,374.10992,24,0.26391,0.21495,0.34804,0.45484,0.12885,1.84030,953.87524
2008-10-31,0.14777,0.16871,0.04519,20.54485,404.44473,204.34268,372.93085,24,0.34377,0.20159,0.26935,0.24801,0.16846,2.17784,970.61747
2008-11-01,0.13483,0.13229,0.05359,20.71283,357.94603,208.44319,371.60242,24,0.21008,0.22192,0.22457,0.22405,0.15986,1.87348,891.38263
2008-11-02,0.16740,0.20935,0.08711,20.60534,339.57605,209.11146,373.10556,24,0.24081,0.07349,0.34915,0.32721,0.27080,1.86609,876.59885
2008-11-03,0.25608,0.24282,0.09390,20.32604,369.87859,192.25752,381.68962,24,0.54137,0.21357,0.59597,0.30346,0.38749,2.06955,957.33054
2008-11-04,0.36101,0.24939,0.03765,20.35879,350.44686,161.16631,387.22201,24,0.47637,0.40005,0.33644,0.30489,0.16377,2.34839,919.69710
2008-11-05,0.31645,0.37941,0.07240,20.85428,299.69983,160.91340,387.12676,24,0.44554,0.46178,0.40586,0.43912,0.07095,2.02802,780.35954
2008-11-06,0.10752,0.25193,0.07444,20.66054,350.30313,194.85634,373.10768,24,0.24209,0.12033,0.50956,0.51806,0.28673,1.75718,849.43258
2008-11-07,0.05263,0.07882,0.03855,20.35581,294.75992,205.68449,365.84776,24,0.17067,0.02283,0.26692,0.11177,0.17159,1.65688,740.58166
2008-11-08,0.04202,0.04085,0.03242,19.73967,271.14527,208.89944,356.85791,24,0.13538,0.00553,0.14559,0.06044,0.14559,2.04248,682.59948
2008-11-09,0.06245,0.05345,0.05284,19.30853,253.87948,209.62634,352.36072,24,0.20741,0.00117,0.17042,0.00735,0.17042,2.13945,667.00907
2008-11-10,0.06860,0.08542,0.07606,19.01779,276.78101,205.67459,356.44567,24,0.28616,0.00036,0.28045,0.00545,0.27483,2.01807,757.80857
2008-11-11,0.12330,0.18079,0.09626,18.94311,316.30052,200.20328,361.02261,24,0.34009,0.03266,0.37045,0.22110,0.34454,1.83334,882.81471
2008-11-12,0.15812,0.21851,0.07579,18.50235,368.71280,192.58842,360.07524,24,0.44424,0.11544,0.56426,0.22754,0.34883,1.74689,977.83845
2008-11-13,0.57967,0.13007,0.03846,17.89650,418.09856,193.75926,354.78785,24,0.46150,0.58642,0.28535,0.12335,0.13609,2.30770,1030.11512
2008-11-14,0.83067,0.10340,0.02926,17.87569,393.81500,178.57434,363.56485,24,0.84196,0.90732,0.22414,0.12453,0.13377,2.25612,997.37406
2008-11-15,0.79811,0.11304,0.02045,18.19410,352.60844,162.64946,370.52878,24,0.95865,0.89117,0.19739,0.20687,0.09538,2.14726,870.55976
2008-11-16,0.25347,0.08898,0.02441,17.86602,363.02678,179.23615,365.57734,24,0.51043,0.30166,0.15876,0.14883,0.08256,2.37433,946.37185
2008-11-17,0.09715,0.06421,0.01828,17.18280,388.48029,189.77961,357.56150,24,0.17813,0.09694,0.15265,0.09397,0.07700,2.45185,959.01320
2008-11-18,0.05952,0.06268,0.02706,17.29557,383.35124,192.35635,355.71542,24,0.13600,0.03443,0.09846,0.05132,0.08020,2.53758,958.05398
2008-11-19,0.06663,0.07148,0.03009,17.79902,325.82547,189.75109,362.94159,24,0.17485,0.06297,0.16813,0.06593,0.13925,2.41838,900.74796
2008-11-20,0.07165,0.08171,0.02256,18.21423,305.03297,185.18984,369.87466,24,0.17398,0.06647,0.15064,0.07508,0.12158,2.32579,898.29139
2008-11-21,0.15920,0.09922,0.03508,18.89621,313.14999,177.92303,373.75187,24,0.27293,0.10956,0.15552,0.06919,0.09219,2.09323,873.87999
2008-11-22,0.12623,0.12305,0.03953,17.98882,369.07281,178.78442,360.56657,24,0.24290,0.11014,0.24354,0.10280,0.13521,1.91418,969.86498
2008-11-23,0.13034,0.05234,0.02343,16.06844,424.03581,192.15772,339.16721,24,0.37681,0.18820,0.17842,0.06690,0.13883,2.30144,985.46088
2008-11-24,0.07202,0.04117,0.01921,15.90170,404.66079,190.70969,339.18929,24,0.13339,0.07680,0.06738,0.04000,0.05841,2.88067,1010.03703
2008-11-25,0.13352,0.04016,0.03131,15.94742,370.30744,191.48061,339.53947,24,0.12966,0.10128,0.10245,0.02181,0.07724,3.05377,1009.33635
2008-11-26,0.39012,0.02708,0.02427,16.42220,323.67002,190.83987,341.40422,24,0.31386,0.27273,0.10833,0.00180,0.10833,2.64830,945.93470
2008-11-27,0.50671,0.03470,0.03311,16.38306,287.19289,189.75285,342.62421,24,0.59696,0.57774,0.12532,0.00372,0.12532,2.08755,878.16671
2008-11-28,0.51164,0.04620,0.03649,16.71170,311.85744,183.51589,348.07838,24,0.74006,0.51170,0.11384,0.00000,0.11198,2.40569,963.71769
2008-11-29,0.18216,0.05830,0.03321,16.76214,339.84609,181.90446,350.83597,24,0.52190,0.28448,0.18769,0.02597,0.12702,2.47116,1011.22972
2008-11-30,0.09192,0.05386,0.02638,16.89539,333.53402,180.91706,354.93082,24,0.18802,0.07973,0.12495,0.02246,0.11570,2.49701,970.40957
2008-12-01,0.16467,0.10983,0.03101,17.56391,346.48305,170.41403,363.81263,24,0.30402,0.16569,0.20580,0.09998,0.13050,2.35236,941.51704
2008-12-02,0.22929,0.22145,0.02411,17.62431,376.12541,156.87995,369.17103,24,0.27394,0.28487,0.27008,0.23229,0.06424,2.44997,1006.22585
2008-12-03,0.29527,0.13563,0.01515,17.69058,373.58931,153.73703,368.25841,24,0.39289,0.28656,0.28046,0.14884,0.08657,2.04679,1076.85095
2008-12-04,0.26044,0.10022,0.02310,17.54606,389.59712,157.26801,364.53609,24,0.40134,0.31087,0.20861,0.07498,0.04763,2.09512,1210.43055
2008-12-05,0.20859,0.05935,0.02004,17.74245,339.37246,161.30515,364.38275,24,0.25630,0.22945,0.14624,0.00721,0.09182,2.24550,1056.55904
2008-12-06,0.27366,0.06054,0.01637,17.31508,359.94817,162.35070,366.55970,24,0.25293,0.20995,0.14228,0.00180,0.06952,2.31477,1138.08549
2008-12-07,0.26936,0.10295,0.01631,17.78963,331.22395,141.17257,368.66951,24,0.44962,0.37657,0.16688,0.10079,0.02027,2.60842,936.12806
2008-12-08,0.13408,0.10567,0.03427,17.80412,320.19285,170.94937,361.83952,24,0.24447,0.06268,0.24455,0.08585,0.16090,2.09925,925.52592
2008-12-09,0.22391,0.15792,0.02114,17.93262,317.41117,154.70570,369.28000,24,0.33867,0.29334,0.20837,0.10004,0.09518,1.92970,945.71940
2008-12-10,0.35276,0.23622,0.03751,17.99375,338.12883,153.37038,372.02364,24,0.34675,0.35380,0.44929,0.16105,0.15104,1.89671,960.90096
2008-12-11,0.30961,0.24348,0.04775,18.15747,349.24170,146.14271,370.40496,24,0.42277,0.39222,0.35982,0.21049,0.07303,2.02783,975.01543
2008-12-12,0.20021,0.23703,0.05361,18.18358,349.92051,158.38239,362.04145,24,0.47407,0.27825,0.44002,0.24518,0.23562,1.73740,973.97081
2008-12-13,0.12550,0.13568,0.02745,17.66933,343.86713,167.61231,354.38632,24,0.28962,0.15551,0.25097,0.15908,0.08691,1.66031,921.32285
2008-12-14,0.11776,0.07241,0.01106,16.91973,385.55679,172.38978,347.58500,24,0.17172,0.12237,0.10447,0.04314,0.04346,2.07045,1020.74540
2008-12-15,0.17281,0.09646,0.02257,15.75925,440.84665,164.87800,342.81127,24,0.36598,0.30092,0.13641,0.06147,0.05082,2.29978,1135.52476
2008-12-16,0.10804,0.09705,0.03991,15.47062,377.77460,176.31549,335.87738,24,0.23529,0.08735,0.18339,0.07837,0.08927,2.17648,945.75081
2008-12-17,0.08717,0.10158,0.04548,15.65456,344.51823,178.81137,337.05083,24,0.30080,0.04563,0.26286,0.11727,0.22060,1.91239,828.64392
2008-12-18,0.20252,0.26171,0.05654,16.02084,326.25598,173.58256,342.33499,24,0.38043,0.18979,0.29485,0.17505,0.17155,1.62056,787.94753
2008-12-19,0.53091,0.47397,0.06140,15.87707,356.31288,161.25581,355.42363,24,0.59901,0.35783,0.55693,0.31529,0.19187,1.77020,858.54884
2008-12-20,0.77090,0.50396,0.07634,15.98859,390.17165,137.94730,369.24691,24,0.70142,0.70292,0.73913,0.48784,0.27255,2.00836,953.14396
2008-12-21,0.70284,0.55606,0.06445,15.86761,392.26807,120.98830,375.68738,24,0.81313,0.78724,0.77849,0.48323,0.19114,2.08536,946.08789
2008-12-22,0.56975,0.44017,0.06895,16.01676,375.44647,130.70748,367.09050,24,0.75113,0.62003,0.65614,0.34377,0.17961,2.14206,914.00614
2008-12-23,0.65155,0.35934,0.05783,16.04512,388.45252,141.35452,357.42848,24,0.50810,0.56993,0.56483,0.34161,0.20124,1.80101,953.61648
2008-12-24,0.56491,0.27033,0.04913,15.58710,414.81597,149.09738,345.94910,24,0.82884,0.76442,0.46306,0.29884,0.14430,1.88871,972.13857
2008-12-25,0.18982,0.22389,0.03940,15.11944,423.26716,167.25480,339.12183,24,0.33404,0.26348,0.45945,0.23206,0.19189,2.21851,1013.71873
2008-12-26,0.22074,0.20286,0.02475,14.61049,400.58668,163.64755,339.37382,24,0.38006,0.29609,0.34289,0.14825,0.11178,2.30383,1011.07900
2008-12-27,0.18817,0.23136,0.02165,14.20147,419.03388,160.86487,337.22735,24,0.29170,0.26779,0.26027,0.30854,0.04022,2.74588,1077.34423
2008-12-28,0.11642,0.11116,0.02920,14.41539,401.12623,171.06236,331.51645,24,0.27024,0.12979,0.33312,0.21789,0.13300,2.30036,971.26732
2008-12-29,0.13101,0.04991,0.01030,14.14520,371.49598,173.40719,330.40833,24,0.17938,0.16668,0.08706,0.12688,0.03632,2.35231,956.85119
2008-12-30,0.09319,0.03315,0.00638,13.71284,364.88211,176.59516,328.07834,24,0.17072,0.10018,0.05081,0.02899,0.02919,2.43043,994.76442
2008-12-31,0.06915,0.04692,0.01112,13.64325,338.23623,180.13889,326.07933,24,0.10857,0.04695,0.07078,0.01443,0.04014,2.47034,920.16487
2009-01-01,0.08424,0.05732,0.01516,13.43858,369.05482,180.71639,324.99410,24,0.17704,0.08673,0.07560,0.04143,0.01624,2.35083,1010.88903
2009-01-02,0.05642,0.05444,0.01538,12.66222,414.62176,182.38177,319.91275,24,0.10400,0.05178,0.10651,0.06688,0.05599,2.12369,1087.24733
2009-01-03,0.03252,0.02190,0.00630,12.17231,396.71918,187.50555,315.96486,24,0.05631,0.01595,0.05224,0.01084,0.03424,2.69912,981.38520
2009-01-04,0.09242,0.03456,0.00790,12.48395,344.94970,181.37245,322.35732,24,0.14101,0.09007,0.01260,0.00000,0.00367,2.83447,920.14861
2009-01-05,0.11171,0.08233,0.01900,12.93005,336.18249,176.74340,329.92448,24,0.20633,0.08721,0.15716,0.07708,0.06456,2.22404,899.21457
2009-01-06,0.14771,0.14202,0.01737,14.25195,325.48428,174.62142,339.44300,24,0.16599,0.09630,0.20407,0.15645,0.06790,2.35124,881.32511
2009-01-07,0.21217,0.10762,0.01831,14.88589,289.29132,171.96501,345.04942,24,0.28080,0.11762,0.22137,0.14553,0.07578,1.93493,773.18724
2009-01-08,0.13547,0.05071,0.00288,14.86066,279.54041,173.08222,345.99205,24,0.28438,0.12571,0.04895,0.07837,0.00926,2.26156,746.58813
2009-01-09,0.06587,0.04259,0.00326,14.69333,292.53168,180.74131,341.93354,24,0.09118,0.08004,0.07456,0.02913,0.01275,2.03437,809.96875
2009-01-10,0.09147,0.03713,0.00445,14.67767,295.39548,181.21340,342.59318,24,0.06122,0.05745,0.04511,0.01253,0.00724,1.79850,835.64698
2009-01-11,0.20088,0.07111,0.00404,15.24168,315.93779,166.84401,353.36905,24,0.18415,0.19940,0.06873,0.03242,0.01091,1.67542,930.65655
2009-01-12,0.15517,0.07717,0.00247,14.94616,391.13753,173.35454,343.17192,24,0.23143,0.23009,0.13571,0.11258,0.00536,1.92655,1024.15243
2009-01-13,0.06763,0.03073,0.00525,13.82047,380.81663,187.97817,329.85738,24,0.09938,0.06784,0.06856,0.00721,0.01447,2.29682,1048.61842
2009-01-14,0.07768,0.02973,0.01135,13.73621,355.72825,190.93480,330.69847,24,0.06750,0.08755,0.06558,0.00180,0.03859,2.12062,1011.07062
2009-01-15,0.20300,0.03298,0.01687,14.00544,346.50640,189.50267,335.11036,24,0.14656,0.08233,0.07313,0.00000,0.05149,2.26925,989.98412
2009-01-16,0.23214,0.02541,0.01581,14.16469,332.72663,192.85596,332.90163,24,0.38255,0.21098,0.08467,0.00000,0.06088,2.13219,966.75384
2009-01-17,0.27289,0.05417,0.02081,14.35656,337.62402,193.98854,336.08221,24,0.41043,0.28087,0.07534,0.00909,0.06267,2.10030,957.83300
2009-01-18,0.19760,0.10077,0.02731,14.95123,337.18898,191.65029,342.13688,24,0.19470,0.08452,0.16198,0.04514,0.07347,2.16326,952.40466
2009-01-19,0.33615,0.18738,0.03934,15.57637,333.19853,177.82517,349.88625,24,0.46814,0.45314,0.23937,0.14204,0.07520,1.99983,927.94910
2009-01-20,0.23512,0.21603,0.04767,15.67448,355.59098,173.97254,347.54220,24,0.25505,0.26126,0.34725,0.21398,0.11272,1.88482,971.08082
2009-01-21,0.13390,0.14174,0.03543,14.30003,335.53194,186.19222,333.81873,24,0.22148,0.15991,0.29989,0.20530,0.13026,1.95267,903.75205
2009-01-22,0.16324,0.09816,0.02070,14.42405,346.54881,190.42327,338.76038,24,0.15667,0.18410,0.06463,0.04502,0.01794,2.37604,937.60232
2009-01-23,0.26179,0.18013,0.03989,15.31004,345.59854,184.00335,349.42146,24,0.31514,0.30530,0.25746,0.10991,0.11133,1.94346,936.17728
2009-01-24,0.37486,0.19370,0.04399,16.06293,325.27825,168.39555,358.91645,24,0.48338,0.39679,0.35381,0.12349,0.15284,1.56326,956.51558
2009-01-25,0.48589,0.29044,0.06102,16.94578,345.41105,164.27958,364.53289,24,0.56640,0.48949,0.36054,0.32295,0.14853,1.36007,875.84572
2009-01-26,0.41106,0.42748,0.10430,18.10049,364.56947,165.95872,362.14203,24,0.54547,0.46179,0.55960,0.50447,0.18456,1.57463,824.86193
2009-01-27,0.25331,0.41864,0.17041,18.34094,360.52680,182.55376,361.10212,24,0.55089,0.23892,0.58932,0.45989,0.40030,1.05622,771.87697
2009-01-28,0.19903,0.37104,0.13292,17.16997,350.22583,189.17527,354.81285,24,0.49882,0.19201,0.69892,0.53093,0.55381,1.05807,860.94103
2009-01-29,0.08649,0.13812,0.05175,14.99084,362.76698,200.76141,336.67193,24,0.24747,0.09582,0.39230,0.20632,0.22252,1.41336,1007.70560
2009-01-30,0.06227,0.06525,0.01305,14.10371,376.45265,208.77464,329.50122,24,0.08775,0.04432,0.06667,0.02699,0.02337,2.53465,917.89290
2009-01-31,0.13552,0.10364,0.02198,14.65529,348.40117,202.51200,333.73130,24,0.17910,0.17858,0.11174,0.07374,0.04519,2.60484,901.65993
2009-02-01,0.07250,0.11882,0.02136,13.52137,364.73200,208.88989,328.92090,24,0.11177,0.09012,0.21246,0.14002,0.09664,2.14517,1000.49017
2009-02-02,0.09575,0.10817,0.01350,13.01789,365.47943,205.06926,329.30549,24,0.12647,0.11265,0.16439,0.08510,0.04524,2.70534,985.60411
2009-02-03,0.11072,0.05528,0.00622,13.16476,379.45005,212.98908,327.05335,24,0.07851,0.04581,0.12501,0.02613,0.03864,2.64255,1043.66108
2009-02-04,0.04285,0.02414,0.00352,13.56220,389.06969,214.76160,327.73750,24,0.09956,0.04709,0.06928,0.02414,0.00724,2.57961,1033.41796
2009-02-05,0.01687,0.01736,0.00684,14.38424,365.87765,222.01070,327.79510,24,0.07642,0.00651,0.04596,0.01309,0.01984,3.12707,953.53468
2009-02-06,0.01667,0.01047,0.00793,14.78788,324.40329,222.34576,331.01175,24,0.03234,0.00426,0.03824,0.00000,0.03467,2.42906,931.47702
2009-02-07,0.03473,0.01860,0.00547,14.72133,351.46026,223.47588,333.11284,24,0.04629,0.01705,0.03266,0.00000,0.01472,2.70527,1026.56274
2009-02-08,0.03391,0.02283,0.00106,14.42388,396.68647,222.83888,333.59549,24,0.05175,0.02978,0.05232,0.00180,0.00553,2.63324,1145.55595
2009-02-09,0.01868,0.01719,0.00367,14.35777,398.39205,224.77019,329.86995,24,0.05083,0.02888,0.05405,0.00360,0.00360,3.13690,1105.86023
2009-02-10,0.00980,0.00578,0.00465,14.26190,352.15959,230.30614,328.23280,24,0.03844,0.00277,0.01972,0.00000,0.01793,2.89096,1012.95996
2009-02-11,0.05920,0.01961,0.00661,15.55419,385.67100,227.08909,340.67257,24,0.07592,0.02333,0.03467,0.00000,0.03467,2.83826,1045.66065
2009-02-12,0.13739,0.10285,0.00797,16.49212,432.39836,208.52365,353.22372,24,0.25206,0.18351,0.02915,0.20611,0.00555,2.67123,977.81461
2009-02-13,0.10539,0.09651,0.01851,15.91201,423.60319,213.50751,346.46965,24,0.19671,0.15006,0.34056,0.10079,0.07948,2.08772,1145.25265
2009-02-14,0.02424,0.02128,0.00249,15.32325,404.84313,231.49770,337.21944,24,0.05512,0.01613,0.05964,0.01873,0.01642,2.24500,1008.47743
2009-02-15,0.04656,0.02874,0.00104,15.56700,388.60907,231.64632,338.59392,24,0.04008,0.03099,0.01433,0.00187,0.00358,2.98262,1014.82454
2009-02-16,0.04787,0.03422,0.00217,14.82721,450.12476,230.21681,335.09657,24,0.09909,0.07767,0.07898,0.01250,0.00179,2.82930,1125.96763
2009-02-17,0.01480,0.01903,0.00628,13.87445,405.27681,239.29966,328.42324,24,0.03298,0.02012,0.06637,0.00357,0.03587,3.71628,1013.10232
2009-02-18,0.01236,0.00835,0.00239,13.84796,377.37667,241.47901,329.25351,24,0.01680,0.01824,0.02684,0.00000,0.01969,3.79234,994.15841
2009-02-19,0.01119,0.00970,0.00149,14.19955,365.14797,243.36217,329.57254,24,0.00880,0.00775,0.00893,0.00179,0.00000,3.74120,997.95754
2009-02-20,0.02115,0.00992,0.00216,14.44493,359.56135,242.69993,333.62319,24,0.02235,0.01629,0.02509,0.00180,0.00717,2.92966,1008.96616
2009-02-21,0.02137,0.01179,0.00495,14.37241,459.51925,244.24861,335.25109,24,0.00879,0.00853,0.02161,0.00357,0.00910,3.03556,1107.47298
2009-02-22,0.09002,0.02050,0.01570,14.25773,495.23361,246.87716,332.98762,24,0.02427,0.05903,0.02143,0.00357,0.01250,4.71053,1218.91597
2009-02-23,0.15972,0.05431,0.03947,16.19613,447.80670,236.64047,348.19271,24,0.48884,0.12064,0.07412,0.03707,0.07055,3.23413,1029.68594
2009-02-24,0.13672,0.10459,0.04064,18.02978,515.46809,227.42968,365.18981,24,0.23862,0.09976,0.13869,0.02196,0.12588,2.82725,1016.72424
2009-02-25,0.20138,0.32650,0.16754,18.82605,528.59465,221.25514,372.93936,24,0.28544,0.16355,0.34792,0.18445,0.21786,2.16273,1091.85709
2009-02-26,0.14903,0.32820,0.20743,17.88986,558.07746,231.03351,365.45518,24,0.40102,0.10883,0.62142,0.31788,0.59052,2.16713,1290.70182
2009-02-27,0.17530,0.26791,0.17432,17.38853,582.49816,233.89434,363.72739,24,0.31606,0.12567,0.59761,0.22387,0.53696,3.14254,1344.06831
2009-02-28,0.13055,0.17082,0.07339,15.58335,547.63071,239.37087,354.84170,24,0.31030,0.09493,0.48172,0.16773,0.28362,2.79364,1210.52292
2009-03-01,0.05973,0.08260,0.02697,13.99566,515.94418,244.98534,343.59437,24,0.20637,0.05319,0.22975,0.13427,0.10918,4.14406,1355.35559
2009-03-02,0.03562,0.00632,0.00269,13.58848,531.09143,253.02753,341.30910,24,0.03277,0.02374,0.02197,0.00561,0.01299,4.22096,1481.25376
2009-03-03,0.13192,0.10956,0.02099,15.76594,544.01653,244.62520,360.73558,24,0.11069,0.06274,0.03901,0.08202,0.01848,4.28933,1352.14148
2009-03-04,0.23058,0.26432,0.08456,17.62669,528.97913,225.67435,372.15302,24,0.35598,0.21563,0.47351,0.25920,0.18240,3.69693,1314.67206
2009-03-05,0.22807,0.29225,0.11192,19.29413,579.00185,225.51888,377.62249,24,0.34530,0.20653,0.48397,0.22277,0.32160,2.97931,1199.33032
2009-03-06,0.23672,0.35369,0.12757,19.17243,562.44522,228.46210,377.41834,24,0.49672,0.23857,0.72487,0.32171,0.44597,2.08832,1287.85039
2009-03-07,0.09963,0.19877,0.09580,17.45107,515.93938,248.49024,359.90137,24,0.37489,0.09656,0.66105,0.15477,0.45501,2.51366,1282.20872
2009-03-08,0.08129,0.12256,0.04842,18.18868,512.58931,261.61252,360.39039,24,0.15973,0.03194,0.30400,0.14127,0.23353,3.61421,1130.47821
2009-03-09,0.56731,0.05105,0.03140,18.95869,467.09108,258.51557,371.49359,24,0.30628,0.63851,0.26632,0.01123,0.20905,3.17524,1117.39555
2009-03-10,0.84936,0.00138,0.00061,18.23084,471.41742,211.09065,387.05365,24,0.91582,0.86393,0.00749,0.00000,0.00375,3.92098,1035.31668
2009-03-11,0.62283,0.01163,0.00444,15.48273,611.51820,248.65814,369.59892,24,0.61656,0.64104,0.02359,0.00000,0.01616,4.34703,1408.07934
2009-03-12,0.23476,0.01641,0.00663,14.69657,511.70402,250.00687,351.67797,24,0.51552,0.33801,0.02593,0.00562,0.00185,5.83285,1393.02805
2009-03-13,0.34752,0.01768,0.01752,14.20441,469.27806,278.12611,340.81684,24,0.16546,0.42467,0.09806,0.00000,0.09806,4.94116,1254.05162
2009-03-14,0.41447,0.00000,0.00000,14.27341,408.37598,280.65105,339.13961,24,0.30046,0.51006,0.00000,0.00000,0.00000,6.29822,1149.38890
2009-03-15,0.86725,0.00023,0.00023,15.28913,444.63810,249.36607,363.41351,24,0.66560,0.72776,0.00000,0.00000,0.00000,5.00062,1272.17141
2009-03-16,0.65655,0.00132,0.00086,17.01872,410.74705,212.55799,374.53865,24,0.98985,0.89766,0.00374,0.00000,0.00374,5.14249,1076.09134
2009-03-17,0.21432,0.00061,0.00023,17.09911,498.53395,261.90621,364.03346,24,0.28436,0.17125,0.00184,0.00000,0.00184,3.52831,1318.98238
2009-03-18,0.23549,0.00581,0.00317,17.37826,511.67246,263.43900,364.08730,24,0.13991,0.17072,0.00923,0.00187,0.00738,3.68077,1385.21279
2009-03-19,0.17274,0.03140,0.01135,17.97343,512.58612,264.74799,365.13449,24,0.31156,0.09447,0.06341,0.03177,0.02240,3.49271,1450.06925
2009-03-20,0.11301,0.05875,0.02980,18.55944,521.35155,267.06970,368.36969,24,0.14618,0.08643,0.14481,0.03734,0.08318,3.46989,1364.72241
2009-03-21,0.22287,0.09141,0.03839,19.01026,515.41759,268.69399,377.95242,24,0.22337,0.04055,0.16706,0.05966,0.15026,3.97299,1265.32167
2009-03-22,0.22114,0.09270,0.01112,19.24548,463.94601,252.25375,384.17180,24,0.43627,0.30109,0.29947,0.14486,0.12237,3.07004,1183.70600
2009-03-23,0.08739,0.05615,0.00524,19.09351,543.05555,264.90497,380.08929,24,0.09285,0.13497,0.15467,0.07628,0.01477,2.64492,1450.30473
2009-03-24,0.07566,0.00665,0.00393,18.09821,610.66881,271.93227,371.87014,24,0.02532,0.08672,0.03141,0.00000,0.02963,3.01492,1658.97797
2009-03-25,0.18265,0.00540,0.00371,18.08867,591.43830,266.70452,375.95400,24,0.17603,0.17199,0.00743,0.00000,0.00000,4.24282,1667.30326
2009-03-26,0.23413,0.02261,0.00124,18.42828,530.21911,250.26834,379.60930,24,0.22738,0.29420,0.01485,0.00181,0.00555,4.56480,1454.63777
2009-03-27,0.29553,0.23025,0.02645,18.72664,529.95479,244.00663,380.23048,24,0.29387,0.25327,0.13022,0.20998,0.01304,2.68423,1194.23902
2009-03-28,0.46012,0.27455,0.03608,19.57567,560.69096,239.88880,386.18115,24,0.64714,0.50149,0.46722,0.17235,0.09400,2.52388,1280.48053
2009-03-29,0.63073,0.44536,0.07969,20.44546,529.71420,228.53160,394.05745,24,0.44326,0.40968,0.57469,0.35856,0.21686,2.54712,1088.46334
2009-03-30,0.69499,0.55317,0.17662,20.96688,500.65452,210.84515,398.55181,24,0.68661,0.59282,0.75643,0.49475,0.35643,2.11654,1040.16953
2009-03-31,0.57352,0.66591,0.26824,20.82944,499.99839,201.94921,397.36171,24,0.57419,0.59440,0.88433,0.54174,0.57536,2.08890,837.23929
2009-10-01,0.71194,0.40946,0.09055,25.42218,379.31011,185.92680,424.68667,24,0.44711,0.55123,0.52227,0.72915,0.18062,1.64905,904.84095
2009-10-02,0.89400,0.37530,0.11108,25.35821,304.63435,179.01352,432.58197,24,0.87702,0.83875,0.20927,0.32563,0.07174,1.56105,755.83577
2009-10-03,0.97697,0.69376,0.20976,24.86983,314.98938,126.19205,432.41592,24,0.95549,0.95791,0.62899,0.77515,0.37871,1.22281,622.77903
2009-10-04,0.98374,0.79803,0.30169,24.70813,438.85342,121.85389,430.98553,24,0.96250,0.97198,0.79830,0.86341,0.41202,1.29301,726.25217
2009-10-05,0.97504,0.82452,0.31172,24.78774,428.37476,104.97589,431.08599,24,0.98784,0.97022,0.79396,0.89534,0.42162,0.88638,610.04250
2009-10-06,0.96409,0.87785,0.41558,24.83321,454.97178,101.07519,432.33612,24,0.95243,0.92895,0.80408,0.92439,0.36336,1.15790,639.54228
2009-10-07,0.91803,0.97892,0.42320,24.92974,473.64184,116.79917,431.49034,24,0.97270,0.92221,0.96059,0.98560,0.53350,1.15477,713.86973
2009-10-08,0.94035,0.96641,0.44438,24.69682,435.49101,106.29687,431.02373,24,0.97057,0.91203,0.99821,0.98385,0.67634,1.12417,664.66248
2009-10-09,0.74479,0.79063,0.29525,24.49372,342.12541,140.88162,420.98641,24,0.87893,0.77494,0.94115,0.93876,0.58647,1.24497,628.11772
2009-10-10,0.37043,0.51672,0.18103,24.15024,319.80635,191.46316,406.04724,24,0.57927,0.49116,0.64390,0.63069,0.43787,1.61515,780.42233
2009-10-11,0.19981,0.35916,0.08108,23.76506,323.12224,213.71238,399.78410,24,0.30722,0.20599,0.60533,0.51920,0.36146,1.32721,889.00096
2009-10-12,0.18867,0.27338,0.05564,23.43422,336.55139,217.81768,397.78564,24,0.32605,0.20978,0.45249,0.37123,0.26342,1.71609,909.01362
2009-10-13,0.23973,0.20557,0.03880,23.21139,345.42350,220.77971,398.93392,24,0.27147,0.15631,0.35346,0.22929,0.21986,1.99951,920.10605
2009-10-14,0.47656,0.22110,0.04957,23.35667,324.12226,213.84055,406.61715,24,0.49516,0.34658,0.20677,0.30672,0.09591,1.84494,882.71454
2009-10-15,0.74739,0.56765,0.14545,23.63106,280.08674,149.50691,417.12034,24,0.58517,0.68866,0.36952,0.65707,0.13958,1.59103,694.98643
2009-10-16,0.59036,0.85632,0.24077,24.11224,309.99266,157.78895,417.70285,24,0.67148,0.66462,0.80508,0.94630,0.33206,1.35393,666.04377
2009-10-17,0.36789,0.81275,0.18933,24.23014,336.76997,169.50309,414.60270,24,0.47403,0.43558,0.89365,0.95913,0.44732,1.24507,699.38220
2009-10-18,0.28112,0.64194,0.15637,23.61081,345.04551,185.93281,407.55257,24,0.45592,0.40480,0.75510,0.82161,0.36977,1.58997,817.67359
2009-10-19,0.13323,0.34973,0.09176,22.12210,357.55127,212.45904,382.98175,24,0.23001,0.15340,0.58476,0.53792,0.37323,1.81288,868.63912
2009-10-20,0.10873,0.11598,0.04187,20.80457,380.40427,230.01752,365.26616,24,0.22597,0.04745,0.31990,0.16951,0.25593,2.46474,949.08243
2009-10-21,0.07621,0.08287,0.02544,20.24790,406.85664,228.28688,365.22315,24,0.19868,0.07460,0.12909,0.04182,0.07311,2.52029,966.40931
2009-10-22,0.10004,0.16431,0.03667,20.49481,422.42300,224.41234,374.69863,24,0.11888,0.09570,0.19037,0.11037,0.12276,2.66183,997.42635
2009-10-23,0.17981,0.18192,0.04044,20.69989,429.94286,210.67753,382.43536,24,0.26283,0.19674,0.26598,0.14546,0.13419,2.96252,1112.11375
2009-10-24,0.17753,0.17107,0.03373,20.56159,448.63395,205.63612,382.38482,24,0.28390,0.22313,0.26176,0.10618,0.10291,2.94495,1175.93422
2009-10-25,0.13799,0.15499,0.04652,20.39192,432.74727,207.41493,377.17110,24,0.27872,0.23774,0.26988,0.11137,0.13027,2.69228,1192.31121
2009-10-26,0.08626,0.17205,0.04603,20.59415,394.82211,215.12479,375.12877,24,0.18473,0.08740,0.20478,0.09165,0.15423,2.64629,1020.69358
2009-10-27,0.11276,0.14825,0.04405,20.29915,415.94870,213.53364,374.97700,24,0.18102,0.19341,0.30873,0.11897,0.17527,2.35777,1085.81366
2009-10-28,0.25976,0.10090,0.03544,20.58536,397.88065,212.50145,373.78708,24,0.22964,0.31917,0.24368,0.13208,0.14496,2.28137,1068.23114
2009-10-29,0.11163,0.09451,0.03081,20.60327,379.36985,215.69472,372.70281,24,0.23983,0.14488,0.18179,0.12302,0.12518,2.09658,990.00619
2009-10-30,0.29017,0.10375,0.02603,20.78767,377.79962,210.22030,374.67519,24,0.27804,0.37239,0.18849,0.12701,0.10454,2.30212,993.51513
2009-10-31,0.32585,0.05551,0.02007,20.71695,374.91789,206.59927,372.91807,24,0.24118,0.30049,0.15538,0.12463,0.07503,2.22609,995.93808
2009-11-01,0.55773,0.03654,0.02073,21.11525,336.73624,197.41981,379.27242,24,0.50601,0.48141,0.10775,0.04413,0.07981,2.16176,935.01339
2009-11-02,0.59662,0.01701,0.00663,21.35467,290.03477,187.25826,386.80836,24,0.73123,0.67327,0.05708,0.04936,0.05708,2.31792,846.23526
2009-11-03,0.53077,0.00700,0.00152,21.77201,264.72182,192.69963,391.72852,24,0.45060,0.44710,0.00360,0.00000,0.00360,2.18836,784.69445
2009-11-04,0.63681,0.00717,0.00330,21.78446,313.16887,191.39297,395.03224,24,0.50745,0.31987,0.03125,0.00540,0.03125,2.27644,871.36123
2009-11-05,0.66702,0.06925,0.01872,21.99215,259.99069,149.88293,401.75177,24,0.88829,0.73293,0.00553,0.05176,0.00553,2.15103,749.09180
2009-11-06,0.33338,0.13927,0.03799,21.81130,319.21419,186.35297,394.05592,24,0.57301,0.22635,0.34528,0.31428,0.21594,1.92451,910.11739
2009-11-07,0.30753,0.05737,0.01288,21.23405,341.38641,182.65086,389.55679,24,0.53107,0.37014,0.14144,0.09007,0.07485,1.51257,973.05619
2009-11-08,0.10622,0.02653,0.00811,20.46275,359.69123,199.30731,376.22318,24,0.34470,0.14834,0.05606,0.01817,0.03623,1.93324,975.09248
2009-11-09,0.10415,0.02983,0.01049,19.28517,347.14007,201.89750,368.83164,24,0.09230,0.04361,0.07391,0.03406,0.04513,2.38837,936.61027
2009-11-10,0.25836,0.03454,0.00815,19.06894,355.41602,192.01567,379.09026,24,0.24367,0.17504,0.04845,0.01966,0.03057,2.69461,982.33970
2009-11-11,0.35665,0.04088,0.00608,19.57294,368.07617,190.49638,377.61534,24,0.29800,0.56804,0.07739,0.00719,0.03233,2.63429,1022.28621
2009-11-12,0.06667,0.04332,0.00986,19.97102,336.26360,191.67512,379.79650,24,0.09537,0.09760,0.06292,0.01977,0.02353,2.39743,934.38013
2009-11-13,0.12801,0.06597,0.00444,20.43362,311.46460,186.51901,393.22107,24,0.11150,0.06185,0.04671,0.02513,0.01806,2.46388,851.12381
2009-11-14,0.32739,0.23924,0.03357,21.73555,335.20812,160.00263,408.80523,24,0.27078,0.27980,0.16031,0.15116,0.01282,2.17417,815.12721
2009-11-15,0.36438,0.55480,0.11569,22.62406,419.96074,145.13056,411.11740,24,0.33600,0.46242,0.46359,0.63298,0.09396,2.00225,845.38839
2009-11-16,0.49277,0.51093,0.10485,22.26961,428.07687,152.41631,409.12675,24,0.43597,0.40523,0.71820,0.59173,0.33896,1.49282,910.48975
2009-11-17,0.66362,0.52684,0.10312,21.01889,407.47068,114.80165,404.51054,24,0.57101,0.61913,0.60897,0.61020,0.18123,2.14947,650.49018
2009-11-18,0.67898,0.56170,0.09039,20.33704,352.27634,111.29049,402.00112,24,0.73236,0.66374,0.58566,0.56575,0.15663,1.99512,739.01750
2009-11-19,0.60227,0.39944,0.13697,19.38761,371.76187,123.13816,389.80802,24,0.76407,0.66675,0.52705,0.52741,0.16208,1.26586,872.35598
2009-11-20,0.29975,0.23255,0.08479,16.94414,446.82994,159.80278,365.08885,24,0.48647,0.29186,0.47193,0.21316,0.28254,2.23473,1026.66516
2009-11-21,0.08059,0.08290,0.02136,14.55499,523.89281,184.51675,338.39018,24,0.18970,0.12900,0.20495,0.08431,0.10795,3.05381,1249.51529
2009-11-22,0.18904,0.06242,0.02064,14.36505,493.50082,192.36298,335.37926,24,0.11110,0.08672,0.12289,0.03661,0.07168,3.13263,1163.25742
2009-11-23,0.29762,0.09029,0.02343,15.19771,498.26327,186.69506,346.71785,24,0.42237,0.28140,0.15864,0.04929,0.10426,3.15402,1143.79049
2009-11-24,0.32315,0.09012,0.02787,15.56418,505.46137,169.82684,352.14307,24,0.40792,0.46573,0.19165,0.07489,0.09365,2.97540,1138.50425
2009-11-25,0.19497,0.08636,0.03057,15.41075,425.48782,181.73411,347.86714,24,0.24238,0.13171,0.15702,0.07298,0.10802,3.10262,1058.53189
2009-11-26,0.20719,0.08798,0.02717,15.35373,417.56227,178.60082,345.32039,24,0.24226,0.26161,0.18943,0.05987,0.10953,2.97936,1142.99276
2009-11-27,0.08354,0.06991,0.02234,15.00545,430.43305,182.37164,337.22130,24,0.21983,0.07617,0.16367,0.06897,0.08047,3.06192,1158.52647
2009-11-28,0.18029,0.04797,0.02488,15.09702,367.05545,189.66456,336.31395,24,0.09514,0.09050,0.06363,0.02732,0.04389,2.86784,1002.53495
2009-11-29,0.18601,0.05545,0.02629,15.52329,357.74941,185.33116,342.52254,24,0.29079,0.13796,0.14419,0.03822,0.10624,2.80420,1017.53364
2009-11-30,0.26518,0.04710,0.02102,15.84668,357.89374,181.56961,348.17508,24,0.25093,0.17211,0.12215,0.02565,0.07520,2.40182,1041.75218
2009-12-01,0.24590,0.09140,0.02123,16.27483,377.86185,176.06746,353.32598,24,0.39628,0.30222,0.10799,0.01667,0.06802,2.47853,1113.61471
2009-12-02,0.47421,0.11536,0.02756,16.53743,389.10896,167.69331,358.28927,24,0.27679,0.34413,0.25855,0.12519,0.08642,2.38595,1144.52321
2009-12-03,0.27218,0.10073,0.02447,16.56763,384.83205,164.70142,356.31781,24,0.58489,0.34829,0.19186,0.09062,0.07342,2.04846,1100.55880
2009-12-04,0.45884,0.09043,0.01921,16.34851,385.99791,164.45287,358.74918,24,0.26189,0.39903,0.12907,0.07991,0.06769,2.16126,1121.93702
2009-12-05,0.36698,0.12546,0.02578,16.31677,393.93697,161.17207,357.41325,24,0.45170,0.45157,0.14709,0.09269,0.05120,2.36202,1100.66083
2009-12-06,0.29281,0.17109,0.03751,15.93096,413.36042,165.46296,349.01923,24,0.45672,0.42193,0.24584,0.09933,0.09315,2.31268,1113.76795
2009-12-07,0.28868,0.12819,0.03065,15.75033,415.95603,172.56872,344.23429,24,0.28040,0.27815,0.30512,0.08500,0.11880,2.51544,1178.85446
2009-12-08,0.19379,0.12025,0.03840,15.33429,397.41123,172.84016,339.30044,24,0.41179,0.17059,0.26153,0.10280,0.12791,1.94147,1117.51880
2009-12-09,0.15067,0.07898,0.02971,14.91600,441.18199,178.20898,332.90900,24,0.18589,0.10785,0.17754,0.06108,0.09817,2.25739,1119.22574
2009-12-10,0.35600,0.08333,0.02903,14.53465,362.67647,176.97107,334.47796,24,0.48841,0.31632,0.10747,0.02338,0.08051,2.34234,969.87724
2009-12-11,0.44809,0.14291,0.04707,15.03134,343.12064,169.87735,338.93800,24,0.53257,0.83410,0.25815,0.06123,0.17351,2.17378,937.19937
2009-12-12,0.20731,0.12758,0.03767,15.45072,330.32852,169.79599,340.10031,24,0.35711,0.16551,0.30473,0.12049,0.16399,1.94073,854.95539
2009-12-13,0.17735,0.11030,0.03059,15.79364,325.85216,173.65745,342.44932,24,0.29261,0.11824,0.14370,0.06512,0.07136,1.91074,874.59270
2009-12-14,0.22368,0.15507,0.04249,15.86875,355.22142,169.39077,344.30254,24,0.36171,0.16305,0.29701,0.10622,0.16151,1.69149,964.86416
2009-12-15,0.34567,0.12175,0.02336,16.14476,330.73138,171.36533,345.26769,24,0.32677,0.39624,0.17103,0.08258,0.06492,2.01485,912.26570
2009-12-16,0.32687,0.14715,0.03561,16.21417,311.77742,170.87190,349.31485,24,0.41187,0.13006,0.19844,0.09698,0.08151,1.73466,863.69501
2009-12-17,0.29896,0.11567,0.02892,16.53229,283.32083,155.41910,353.77851,24,0.71809,0.32791,0.18697,0.12020,0.09348,2.02673,764.96924
2009-12-18,0.22729,0.10243,0.02777,16.72903,296.23283,168.22173,355.34903,24,0.23816,0.18609,0.15343,0.09684,0.11407,1.87998,814.50093
2009-12-19,0.09914,0.10736,0.01922,16.77591,314.56014,166.51949,352.79943,24,0.19044,0.11041,0.11677,0.18915,0.07171,2.22715,840.74085
2009-12-20,0.06913,0.09587,0.02871,14.74143,434.94512,173.77088,332.95462,24,0.12183,0.09783,0.13862,0.16257,0.04677,1.98230,1103.56788
2009-12-21,0.10440,0.07033,0.01639,13.23769,427.92219,180.18331,323.13050,24,0.06040,0.18606,0.08706,0.05050,0.05471,2.85033,993.92575
2009-12-22,0.14591,0.07121,0.01254,13.26158,406.06846,177.05204,323.01300,24,0.14974,0.33423,0.15057,0.07581,0.06063,3.36737,965.59777
2009-12-23,0.33837,0.09390,0.01408,13.03173,410.99602,175.25880,323.27800,24,0.29015,0.20555,0.13330,0.08830,0.03620,2.84362,979.54297
2009-12-24,0.10894,0.10968,0.01598,11.99729,436.26522,178.61518,314.64607,24,0.36821,0.11105,0.15098,0.08820,0.03955,3.05438,1014.82248
2009-12-25,0.41101,0.07475,0.01655,11.13733,452.08125,180.26122,308.87292,24,0.14696,0.65615,0.14038,0.07189,0.07036,3.10879,1086.31353
2009-12-26,0.37795,0.06135,0.01353,11.07531,420.04089,177.74096,311.09101,24,0.56397,0.70140,0.08095,0.03782,0.02881,3.11461,995.66680
2009-12-27,0.12209,0.02339,0.00794,10.93173,431.34573,184.90326,307.21002,24,0.07074,0.08113,0.09037,0.00541,0.03817,3.10488,978.75956
2009-12-28,0.12829,0.05931,0.01525,11.03356,444.44344,183.70703,312.45887,24,0.35562,0.10898,0.05625,0.02174,0.04189,3.18106,1035.51053
2009-12-29,0.07324,0.05647,0.01461,11.15350,404.48297,179.07582,312.74360,24,0.13957,0.08593,0.13907,0.02883,0.06155,3.00494,1009.51080
2009-12-30,0.25411,0.03546,0.01256,11.98137,331.75335,182.47001,321.13100,24,0.10953,0.14139,0.07234,0.00541,0.03620,2.90042,864.01661
2009-12-31,0.22092,0.09541,0.01596,12.71907,331.59146,152.24058,333.70440,24,0.43373,0.26284,0.06909,0.03604,0.03660,2.94715,696.34908
2010-01-01,0.19124,0.07602,0.01621,12.04124,459.63225,180.50923,311.72973,24,0.14235,0.31062,0.21821,0.17862,0.05587,2.25570,1015.78823
2010-01-02,0.03401,0.00803,0.00711,12.71043,333.46819,189.70362,311.04794,24,0.12821,0.00552,0.02869,0.00000,0.02690,2.18054,689.81483
2010-01-03,0.09208,0.01855,0.01573,12.75379,283.66623,191.13151,312.60617,24,0.11097,0.03789,0.04725,0.00000,0.03975,1.74109,602.19928
2010-01-04,0.21488,0.07501,0.02121,12.57350,316.75722,185.72983,321.56663,24,0.15970,0.13048,0.08926,0.02330,0.07624,1.88009,704.67604
2010-01-05,0.08217,0.08328,0.02153,12.64134,383.61402,177.23316,324.07329,24,0.13659,0.11611,0.17859,0.13540,0.05027,2.12063,868.04873
2010-01-06,0.01856,0.02708,0.01071,12.58139,350.81503,190.06980,314.81322,24,0.05513,0.00747,0.05402,0.04191,0.03955,1.68612,784.46011
2010-01-07,0.03010,0.01840,0.01364,13.20638,272.50655,193.41452,318.87601,24,0.07274,0.00018,0.03286,0.00000,0.03108,1.81895,669.32632
2010-01-08,0.05773,0.03537,0.01381,13.56626,253.17979,190.76857,329.53555,24,0.11384,0.01144,0.06994,0.01102,0.03853,2.41104,676.03113
2010-01-09,0.06779,0.04281,0.00769,13.42479,291.04786,183.82587,330.31656,24,0.15938,0.06900,0.10249,0.04377,0.03808,2.33018,807.19515
2010-01-10,0.14024,0.06545,0.00614,12.88304,310.67117,188.88039,327.29380,24,0.10400,0.26417,0.04855,0.06329,0.01441,2.31866,809.30926
2010-01-11,0.14563,0.11135,0.01228,12.22564,334.38537,185.76192,322.11551,24,0.09322,0.16747,0.12945,0.15146,0.03412,2.32970,832.86747
2010-01-12,0.27832,0.09702,0.01697,11.26556,319.96853,187.76055,317.54579,24,0.29239,0.33527,0.14213,0.14282,0.03965,2.21982,764.49251
2010-01-13,0.50853,0.03182,0.00585,12.28418,286.26277,180.69033,338.46383,24,0.40747,0.30616,0.08992,0.04862,0.03779,2.16547,678.29895
2010-01-14,0.48303,0.07507,0.01160,14.04210,251.94369,153.31165,352.84103,24,0.60231,0.71757,0.01973,0.00903,0.00898,2.31097,550.98989
2010-01-15,0.17479,0.08788,0.01739,14.32228,369.36135,187.90784,332.60888,24,0.32821,0.17289,0.20656,0.18743,0.04494,2.08621,837.42582
2010-01-16,0.23763,0.03066,0.01246,13.60394,357.34053,196.61075,322.57281,24,0.35959,0.38189,0.07397,0.04393,0.04695,1.67379,776.22764
2010-01-17,0.20948,0.02916,0.01167,13.66209,333.99906,199.33703,324.88430,24,0.14594,0.08314,0.05802,0.04097,0.04136,1.75386,740.96811
2010-01-18,0.94002,0.03615,0.01331,13.85407,341.26193,186.68177,335.73792,24,0.76244,0.94779,0.06182,0.07361,0.06182,1.95348,767.80720
2010-01-19,0.43776,0.08103,0.01408,13.71102,359.29138,181.05067,334.29615,24,0.93162,0.68398,0.08916,0.07321,0.03456,1.86338,793.90334
2010-01-20,0.05442,0.06777,0.01387,13.90258,380.20227,197.41216,327.45465,24,0.14524,0.11144,0.21504,0.07671,0.04353,1.92919,907.40561
2010-01-21,0.01759,0.02411,0.01304,14.03706,323.87840,204.07510,324.36512,24,0.06715,0.00365,0.04363,0.00720,0.03256,1.59754,740.16005
2010-01-22,0.01667,0.01201,0.00863,13.42133,298.00457,205.59934,320.94617,24,0.05090,0.00183,0.03956,0.00722,0.03956,1.92731,723.45243
2010-01-23,0.01108,0.00745,0.00423,12.99335,286.74303,208.31518,317.94944,24,0.02478,0.00643,0.01081,0.00365,0.00724,2.33720,759.38238
2010-01-24,0.18624,0.00530,0.00463,13.04035,278.36332,209.96542,319.06325,24,0.03310,0.00145,0.01619,0.00000,0.01441,2.62043,766.90022
2010-01-25,0.07427,0.00645,0.00392,13.30040,292.10705,206.01557,326.04297,24,0.34896,0.05933,0.02402,0.00000,0.02402,2.62934,823.61635
2010-01-26,0.01610,0.01290,0.00641,13.44884,334.59878,208.90503,323.48569,24,0.02180,0.00663,0.04040,0.00000,0.02751,2.82060,928.07183
2010-01-27,0.07152,0.02264,0.00494,12.90053,323.58270,209.66149,321.73561,24,0.02717,0.01966,0.02892,0.00180,0.01267,2.35647,850.05597
2010-01-28,0.48284,0.01753,0.00344,12.76465,355.40955,209.05658,320.45297,24,0.32906,0.64792,0.04501,0.00181,0.01614,2.69547,946.48118
2010-01-29,0.04928,0.01010,0.00344,12.27104,363.29895,213.35048,318.57838,24,0.27483,0.06115,0.01437,0.00361,0.01079,2.82364,994.67107
2010-01-30,0.07798,0.03380,0.00291,12.72495,380.26379,211.37925,323.67726,24,0.02484,0.02232,0.03047,0.00360,0.01433,2.85249,1070.51350
2010-01-31,0.14590,0.04245,0.00279,12.67853,403.01262,203.05693,324.56135,24,0.24292,0.16112,0.07565,0.02155,0.00554,2.50599,1174.51105
2010-02-01,0.43358,0.02756,0.00337,11.68189,425.94976,212.56700,319.00395,24,0.06328,0.28882,0.04316,0.00541,0.00718,2.81236,1191.69085
2010-02-02,0.18259,0.01786,0.00433,11.79532,361.74769,214.63711,318.59716,24,0.50290,0.28495,0.04305,0.00000,0.01611,3.37782,950.42718
2010-02-03,0.01570,0.01118,0.00515,11.65739,374.62305,219.37402,317.21617,24,0.02742,0.00463,0.02863,0.00179,0.02327,3.08400,1064.75206
2010-02-04,0.18351,0.01254,0.00209,10.95247,375.58441,219.27653,315.70526,24,0.04980,0.24900,0.02685,0.00000,0.00896,3.29177,1053.46165
2010-02-05,0.07790,0.01757,0.00291,10.66336,393.12837,218.97233,314.81224,24,0.13140,0.11367,0.03584,0.00000,0.01255,3.69861,1093.74060
2010-02-06,0.02177,0.00860,0.00373,11.44922,379.54268,224.64740,317.36231,24,0.03314,0.00532,0.03968,0.00000,0.01633,3.33612,1073.88425
2010-02-07,0.00733,0.00330,0.00174,12.83826,324.45936,224.37007,325.51296,24,0.00435,0.00250,0.00895,0.00000,0.00179,3.07644,906.48538
2010-02-08,0.21414,0.00967,0.00683,14.04678,345.85306,220.89325,335.56469,24,0.03288,0.01217,0.02745,0.00000,0.02566,2.65652,999.28582
2010-02-09,0.74625,0.01045,0.00834,15.39265,302.74359,194.23854,348.73688,24,0.67749,0.83293,0.04041,0.00185,0.02965,2.13114,883.03560
2010-02-10,0.55556,0.02748,0.01839,16.10504,334.53160,212.76796,350.21836,24,0.49178,0.66361,0.04072,0.05973,0.03886,1.91212,888.14415
2010-02-11,0.42403,0.01900,0.00495,15.35724,374.31629,218.48825,348.44402,24,0.70255,0.56076,0.02781,0.00000,0.02422,2.10462,1011.89733
2010-02-12,0.48962,0.01261,0.00276,14.81278,417.14296,219.85053,346.97562,24,0.58472,0.58401,0.02327,0.00179,0.00179,2.59807,1064.93328
2010-02-13,0.18380,0.03639,0.00344,15.40734,372.51822,220.87637,348.88427,24,0.35224,0.31443,0.03760,0.02685,0.00894,3.11978,924.91810
2010-02-14,0.05935,0.03336,0.00256,15.73576,399.98705,219.56962,348.86848,24,0.06267,0.11839,0.07199,0.03935,0.01981,2.15769,994.08611
2010-02-15,0.10222,0.02458,0.01096,15.44465,362.25993,222.65712,349.08895,24,0.04106,0.15323,0.04880,0.00714,0.00729,2.43069,997.13392
2010-02-16,0.64438,0.04371,0.01537,16.59460,378.98388,200.13611,370.29224,24,0.42841,0.67639,0.04648,0.02601,0.04462,2.66065,974.82904
2010-02-17,0.53038,0.13720,0.04965,17.86060,460.34286,201.16992,371.76573,24,0.36617,0.63896,0.10706,0.06036,0.01811,2.37004,1068.35127
2010-02-18,0.48630,0.11610,0.04833,13.35726,480.85582,219.33037,338.23434,24,0.36972,0.45919,0.40339,0.22350,0.28001,2.67195,1237.51200
2010-02-19,0.52315,0.01470,0.00085,12.32772,466.21421,238.76757,330.88018,24,0.82762,0.57913,0.01478,0.01497,0.00000,3.47426,1245.07593
2010-02-20,0.17606,0.07584,0.02737,14.31582,473.99581,231.35784,342.94242,24,0.12536,0.28017,0.10010,0.07044,0.02585,3.34436,1280.30214
2010-02-21,0.30429,0.09913,0.04627,14.58803,473.31716,232.62084,342.97888,24,0.23066,0.19499,0.25553,0.12098,0.16824,2.69453,1343.38898
2010-02-22,0.81839,0.03909,0.02141,14.64750,420.65880,232.49200,344.06291,24,0.86650,0.87626,0.14096,0.03918,0.10758,2.69456,1195.43625
2010-02-23,0.35308,0.02794,0.00281,15.72957,447.62804,222.87512,352.45698,24,0.76048,0.57865,0.00898,0.04283,0.00179,2.58364,1131.59461
2010-02-24,0.22227,0.25776,0.05876,17.73763,537.05630,221.24848,368.87524,24,0.07539,0.13976,0.12717,0.13722,0.02379,2.57120,1209.08594
2010-02-25,0.28037,0.41912,0.13125,18.98630,422.43498,197.96347,378.09971,24,0.35640,0.32639,0.74129,0.50986,0.39462,1.91131,992.54612
2010-02-26,0.35630,0.20180,0.10820,18.31097,432.79175,206.59491,371.21241,24,0.68335,0.69328,0.57404,0.32563,0.43495,1.38893,1114.09945
2010-02-27,0.18143,0.11081,0.05765,17.13973,501.08016,224.37296,366.36742,24,0.16059,0.20410,0.22026,0.11354,0.19115,2.27989,1311.32868
2010-02-28,0.16183,0.10330,0.05398,17.77125,469.09567,219.53028,367.51566,24,0.25780,0.16756,0.22513,0.11409,0.19201,2.48725,1227.87079
2010-03-01,0.16342,0.09661,0.05425,18.47189,492.26491,227.38411,366.22870,24,0.14296,0.26045,0.22148,0.09287,0.18713,2.39880,1265.33304
2010-03-02,0.11739,0.11243,0.05077,18.79744,532.56061,238.64236,364.85238,24,0.16714,0.07728,0.15306,0.03420,0.10907,2.23545,1130.76385
2010-03-03,0.29551,0.12994,0.04887,18.85268,569.61029,245.47039,367.93657,24,0.15740,0.14083,0.41545,0.09936,0.18515,2.83879,1233.95309
2010-03-04,0.17533,0.22116,0.09163,19.22634,596.51289,241.92195,376.33072,24,0.23933,0.18896,0.23250,0.12437,0.18533,2.40824,1181.98638
2010-03-05,0.25283,0.48375,0.14551,20.11678,710.60661,227.43326,389.01109,24,0.42515,0.16583,0.68930,0.36789,0.40991,2.26728,1259.25624
2010-03-06,0.28366,0.47593,0.22164,19.49076,611.21644,221.72521,387.85857,24,0.56726,0.35609,0.58732,0.39507,0.38142,2.43464,1255.18638
2010-03-07,0.16893,0.30243,0.17416,18.55772,596.04605,238.10135,381.11145,24,0.41225,0.12696,0.63012,0.34460,0.56290,2.55184,1238.36467
2010-03-08,0.08956,0.18245,0.06811,18.04853,538.49101,245.24706,376.66636,24,0.30662,0.10998,0.55240,0.24703,0.41511,2.80289,1287.58546
2010-03-09,0.02705,0.04572,0.02690,16.33825,539.47731,259.69592,363.88812,24,0.11657,0.02065,0.21589,0.02055,0.17701,3.09924,1428.87896
2010-03-10,0.02411,0.01265,0.00310,15.32318,516.78066,267.04177,354.65454,24,0.02290,0.01994,0.01646,0.02802,0.01111,4.50559,1373.41094
2010-03-11,0.15375,0.01458,0.00502,15.47774,509.25864,264.86419,358.08195,24,0.05523,0.13079,0.01662,0.03364,0.00184,4.41101,1371.33149
2010-03-12,0.18540,0.05319,0.03470,16.03210,571.02265,264.93282,361.68585,24,0.03204,0.03393,0.04805,0.06916,0.03708,4.09593,1504.11188
2010-03-13,0.49290,0.11652,0.07920,16.38945,605.16227,256.40144,365.15789,24,0.53770,0.69384,0.25887,0.02426,0.23296,3.78521,1537.07797
2010-03-14,0.29727,0.16529,0.09530,18.45694,648.31928,254.06634,375.75095,24,0.44857,0.31172,0.36755,0.08565,0.25808,3.63632,1610.53565
2010-03-15,0.42984,0.27257,0.16003,19.58402,545.04994,244.17782,382.14828,24,0.56026,0.40638,0.55847,0.08392,0.39805,3.14396,1202.09796
2010-03-16,0.31247,0.12561,0.05701,18.66843,490.60315,257.52963,378.06364,24,0.33795,0.14985,0.46866,0.10858,0.41378,3.05114,1194.23173
2010-03-17,0.29568,0.00342,0.00132,18.14551,469.51488,268.53981,372.67868,24,0.15017,0.35173,0.02611,0.00375,0.00744,4.07083,1324.56431
2010-03-18,0.15370,0.00023,0.00015,17.83328,485.78472,268.14846,373.32102,24,0.12253,0.06609,0.00364,0.00000,0.00179,4.38710,1422.88769
2010-03-19,0.05236,0.00031,0.00031,17.95976,496.58794,274.64597,366.47739,24,0.00413,0.04740,0.00000,0.00000,0.00000,4.33989,1440.67057
2010-03-20,0.01490,0.00379,0.00379,18.92584,470.36094,281.34523,371.65308,24,0.02835,0.00029,0.00184,0.00000,0.00184,3.96754,1290.30373
2010-03-21,0.03871,0.02160,0.00488,19.68144,547.78888,280.60920,381.01835,24,0.02154,0.00454,0.00743,0.00000,0.00743,3.47049,1408.97277
2010-03-22,0.16529,0.15522,0.04349,20.63295,636.84799,249.53175,392.95650,24,0.12608,0.16691,0.10797,0.02953,0.01122,3.88185,1335.58476
2010-03-23,0.16286,0.29005,0.06615,21.47787,714.04593,255.63517,393.43671,24,0.31864,0.13681,0.55394,0.18035,0.22373,3.01043,1229.12176
2010-03-24,0.15965,0.32589,0.06764,21.43259,692.34746,258.72843,393.69577,24,0.24377,0.14941,0.46196,0.23645,0.19449,2.72596,1217.26532
2010-03-25,0.29408,0.42843,0.08916,22.00030,646.74050,256.18321,400.47455,24,0.40964,0.19748,0.72349,0.29045,0.29963,2.49035,1090.25835
2010-03-26,0.34467,0.41438,0.10666,22.39877,584.60702,242.76197,403.65570,24,0.61159,0.28888,0.76837,0.24933,0.32735,2.27800,1030.23574
2010-03-27,0.40798,0.59840,0.16111,22.11993,657.85932,236.04894,408.60073,24,0.59224,0.37455,0.82455,0.41990,0.45474,2.12765,1057.81960
2010-03-28,0.52188,0.72379,0.20614,22.12548,656.80958,210.99617,409.25889,24,0.66585,0.47922,0.88514,0.53629,0.32601,2.24364,950.29941
2010-03-29,0.51457,0.76112,0.21608,22.03219,642.57401,195.52652,412.00641,24,0.64953,0.53499,0.89394,0.69895,0.38755,2.13292,924.37619
2010-03-30,0.59247,0.83051,0.31097,22.29178,614.20133,174.61399,415.24444,24,0.67185,0.61940,0.94773,0.69413,0.42134,2.11133,842.56358
2010-03-31,0.52593,0.73960,0.33510,22.83519,617.73132,179.97789,415.17723,24,0.72500,0.60507,0.93610,0.75469,0.51977,1.55188,905.79361
2010-10-01,0.26411,0.56254,0.07229,24.86678,360.74749,213.50241,420.09113,24,0.28503,0.29515,0.72132,0.83716,0.26655,1.57704,893.41734
2010-10-02,0.26714,0.34394,0.04593,25.25039,348.18424,224.52987,419.87653,24,0.27177,0.17430,0.56759,0.63437,0.19306,1.60857,875.86728
2010-10-03,0.35058,0.21802,0.05217,25.31928,330.71929,231.26133,422.20999,24,0.22918,0.16471,0.23630,0.27907,0.13388,1.57767,880.84351
2010-10-04,0.49312,0.29765,0.05953,25.51676,300.07350,220.92790,425.98907,24,0.43564,0.38796,0.23461,0.45606,0.14144,1.86097,886.70226
2010-10-05,0.66799,0.69455,0.17023,24.63630,376.68996,181.28135,428.01433,24,0.42718,0.52375,0.49694,0.86664,0.18001,1.65606,833.30895
2010-10-06,0.93359,0.78912,0.35567,24.12579,411.04308,75.46102,428.06801,24,0.87158,0.90678,0.90975,0.95568,0.58611,1.26005,600.29479
2010-10-07,0.97669,0.78313,0.41500,23.88198,457.52926,59.81948,429.24008,24,0.92440,0.97047,0.70559,0.79287,0.40838,0.97870,585.65357
2010-10-08,0.90933,0.82616,0.48853,23.44394,536.83498,53.01175,426.45899,24,0.99930,0.98834,0.81440,0.86687,0.46910,0.96656,657.96878
2010-10-09,0.65944,0.68113,0.23917,23.26095,353.69789,145.42706,417.44021,24,0.72341,0.77775,0.74116,0.79631,0.45191,1.02934,716.83919
2010-10-10,0.56627,0.70256,0.14963,23.58344,322.01653,183.37418,411.53442,24,0.54883,0.48762,0.70645,0.81490,0.34738,1.10505,751.50465
2010-10-11,0.39147,0.54600,0.07740,23.80185,315.47972,197.17389,409.60283,24,0.61191,0.36231,0.64341,0.88268,0.29868,1.29246,777.82569
2010-10-12,0.56721,0.30153,0.07351,23.91613,331.62579,183.84648,413.99401,24,0.49848,0.49547,0.37118,0.50125,0.11420,1.42389,837.01053
2010-10-13,0.80368,0.20811,0.04202,24.31276,269.68995,135.56021,423.93570,24,0.77148,0.74262,0.26878,0.29495,0.13487,1.70377,539.61438
2010-10-14,0.88818,0.41631,0.08516,24.59391,394.79277,147.34200,426.82029,24,0.86352,0.75309,0.18743,0.49395,0.06644,1.82479,759.30799
2010-10-15,0.90875,0.63083,0.09724,24.51141,504.07983,156.67118,424.80805,24,0.94557,0.72790,0.53121,0.72738,0.17445,1.63586,928.16948
2010-10-16,0.81141,0.69653,0.13536,24.61209,352.58913,159.50702,420.87399,24,0.86966,0.77638,0.74757,0.92431,0.20916,1.55341,730.42447
2010-10-17,0.64713,0.48109,0.10756,24.70667,309.53189,160.29793,417.35263,24,0.72126,0.60229,0.61078,0.80628,0.15446,1.30389,706.84575
2010-10-18,0.64292,0.28732,0.04974,24.60833,330.46908,200.45742,415.81316,24,0.57813,0.73639,0.30240,0.62461,0.16144,1.50821,762.47216
2010-10-19,0.65483,0.26231,0.05143,24.76977,292.84136,201.62429,416.01926,24,0.54349,0.47106,0.15274,0.35483,0.08783,1.47631,762.84686
2010-10-20,0.55382,0.44298,0.07529,24.70416,290.69393,192.58522,417.73253,24,0.58591,0.51114,0.47149,0.66604,0.22277,1.35170,783.12071
2010-10-21,0.66085,0.54464,0.08721,24.27221,327.33851,193.83621,416.16947,24,0.38801,0.54320,0.41533,0.73913,0.18425,1.67169,815.27439
2010-10-22,0.77229,0.62111,0.11518,23.98650,333.73957,147.03007,417.21795,24,0.83305,0.72682,0.71418,0.88305,0.34577,1.61291,688.16697
2010-10-23,0.74684,0.66395,0.13634,24.01234,327.69851,166.73804,414.13138,24,0.84382,0.82370,0.46784,0.82254,0.23604,1.32369,714.69102
2010-10-24,0.37931,0.65065,0.14611,23.81407,330.59869,176.90874,408.83318,24,0.41179,0.38016,0.68641,0.72883,0.27828,1.18407,773.88540
2010-10-25,0.32971,0.52104,0.12046,23.43046,319.35944,182.50067,405.51741,24,0.45032,0.29830,0.70188,0.71072,0.39560,1.30371,806.92325
2010-10-26,0.34993,0.32627,0.05472,23.01803,323.17811,170.72663,402.49519,24,0.45519,0.42013,0.50868,0.49520,0.27994,1.51641,782.13971
2010-10-27,0.26025,0.29832,0.06081,22.26317,324.45813,181.08329,394.82981,24,0.35442,0.36555,0.28728,0.38737,0.12166,1.79669,851.30929
2010-10-28,0.13513,0.26185,0.06003,21.22777,409.73631,203.04305,383.41935,24,0.22050,0.17078,0.41375,0.37142,0.22161,1.84644,1037.91885
2010-10-29,0.12553,0.15514,0.05212,21.14531,413.45810,204.89729,379.66201,24,0.25988,0.14544,0.39628,0.22647,0.21554,2.09560,1035.78497
2010-10-30,0.36552,0.24962,0.04541,21.65510,335.22465,209.13878,387.07194,24,0.36527,0.25094,0.19769,0.23336,0.14927,2.18718,839.76309
2010-10-31,0.65994,0.40065,0.04436,22.10453,323.52331,189.64613,401.00916,24,0.63605,0.45410,0.40164,0.49523,0.10477,1.75475,846.60274
2010-11-01,0.77689,0.47969,0.06705,21.15402,314.61465,121.66437,409.00455,24,0.77240,0.72155,0.47028,0.59945,0.09798,2.34250,561.53250
2010-11-02,0.52436,0.40347,0.08273,21.21519,299.13972,140.08576,398.38561,24,0.69383,0.53571,0.41521,0.40599,0.12472,1.80183,588.88850
2010-11-03,0.21425,0.33767,0.06668,21.53283,338.89516,165.68529,392.93995,24,0.39838,0.29801,0.48285,0.35398,0.19655,1.52668,768.72996
2010-11-04,0.09938,0.18383,0.02873,21.32669,385.42903,197.56260,381.82916,24,0.13139,0.13266,0.34175,0.39961,0.17606,1.84677,912.08163
2010-11-05,0.14783,0.15899,0.03860,21.52799,334.88616,200.88084,382.05895,24,0.14750,0.14593,0.24632,0.24069,0.11249,2.01304,884.06756
2010-11-06,0.51491,0.21893,0.05803,21.49704,323.08379,197.45119,385.15803,24,0.24360,0.41154,0.36577,0.33973,0.16414,1.89174,866.83432
2010-11-07,0.65204,0.14580,0.05081,21.25628,329.85770,195.21324,382.54032,24,0.56150,0.48520,0.42440,0.21303,0.26363,2.00131,879.70840
2010-11-08,0.63553,0.04874,0.02161,21.06130,335.74235,177.18571,380.64742,24,0.78745,0.55871,0.16681,0.11678,0.12772,2.20207,862.30382
2010-11-09,0.39286,0.04108,0.02017,20.25933,340.99562,198.68192,373.18735,24,0.31446,0.25845,0.08624,0.01667,0.07715,2.25821,877.73577
2010-11-10,0.16662,0.09674,0.01823,19.85279,361.09521,192.32459,378.53291,24,0.29889,0.19521,0.15162,0.02784,0.09810,2.01108,922.34331
2010-11-11,0.17296,0.16915,0.01617,19.87202,397.07194,181.50755,378.06701,24,0.19094,0.20695,0.24541,0.17368,0.05030,2.62456,1031.42142
2010-11-12,0.24659,0.28181,0.01789,19.96774,387.85351,167.01189,382.19120,24,0.30739,0.31039,0.33425,0.38605,0.10158,2.17648,965.50399
2010-11-13,0.24442,0.25146,0.03275,20.04770,375.14210,163.85516,381.52683,24,0.33353,0.32989,0.31204,0.36941,0.06611,2.10396,931.91007
2010-11-14,0.16404,0.21404,0.05746,20.20618,363.87895,174.30740,379.77138,24,0.31056,0.22720,0.33987,0.22551,0.16976,2.22750,937.48288
2010-11-15,0.17140,0.10102,0.03249,20.01103,355.00943,181.53936,376.88025,24,0.22848,0.18902,0.29982,0.09988,0.19080,1.86233,925.09629
2010-11-16,0.24816,0.08806,0.02316,19.74092,351.63848,174.01363,377.64515,24,0.22560,0.24785,0.15018,0.10031,0.09593,1.88716,952.08244
2010-11-17,0.40573,0.12628,0.02067,20.29212,361.58632,167.03345,384.87177,24,0.55775,0.71891,0.20456,0.08655,0.04580,2.16684,945.03496
2010-11-18,0.24424,0.09531,0.01240,20.42981,342.71357,164.82044,387.50431,24,0.36677,0.23026,0.20452,0.07248,0.08425,1.96670,903.90974
2010-11-19,0.32589,0.43014,0.03428,21.04039,305.99211,147.19409,395.41482,24,0.32277,0.42931,0.12000,0.38665,0.01100,2.07309,769.62648
2010-11-20,0.29137,0.56120,0.10181,20.62671,403.28474,153.69354,389.30926,24,0.40621,0.36018,0.65729,0.74039,0.13601,1.61213,971.52717
2010-11-21,0.20212,0.35053,0.09569,17.67932,419.67663,159.91319,366.67884,24,0.34811,0.24238,0.59570,0.55608,0.22234,1.87283,1035.09735
2010-11-22,0.07233,0.08904,0.03693,15.83944,479.57090,187.12892,344.37038,24,0.32647,0.07836,0.36374,0.11548,0.20664,2.18327,1177.72524
2010-11-23,0.04204,0.04531,0.01464,16.01906,430.94457,190.81780,348.94476,24,0.02870,0.03027,0.03857,0.02913,0.03493,3.42897,1071.32300
2010-11-24,0.06593,0.05263,0.01436,17.18970,373.11983,182.34167,361.50241,24,0.05982,0.05661,0.08909,0.03607,0.04229,2.75455,948.09266
2010-11-25,0.08839,0.06220,0.01410,17.76735,352.11152,180.54653,369.34462,24,0.10200,0.05273,0.08528,0.03244,0.03296,2.48179,947.23603
2010-11-26,0.31814,0.11119,0.01873,18.60632,324.33598,150.53522,383.21661,24,0.27327,0.32754,0.16228,0.08319,0.06828,2.19684,895.69528
2010-11-27,0.25711,0.15285,0.02480,19.14444,323.63552,149.54948,384.34113,24,0.29708,0.30667,0.18574,0.10527,0.06006,2.36581,923.97932
2010-11-28,0.28317,0.17087,0.02407,19.26763,335.44233,158.79556,382.87117,24,0.30600,0.28804,0.34449,0.09742,0.08591,2.14063,938.72313
2010-11-29,0.12027,0.12955,0.02213,18.62069,374.56474,169.80798,371.70252,24,0.27818,0.14546,0.27387,0.12286,0.06664,2.08770,974.88227
2010-11-30,0.05514,0.07718,0.02516,15.85133,448.80227,182.28031,342.22012,24,0.11717,0.04391,0.18989,0.07750,0.08882,2.15353,1057.65553
2010-12-01,0.03495,0.04872,0.02461,14.26832,404.28116,189.43855,325.84231,24,0.14978,0.01961,0.12578,0.03063,0.05771,3.16527,907.23576
2010-12-02,0.07274,0.03647,0.03252,14.93714,361.29826,190.15747,329.34870,24,0.04618,0.12083,0.08639,0.00000,0.08282,2.97399,878.37956
2010-12-03,0.09002,0.02984,0.02711,15.65957,325.02876,186.40744,336.98986,24,0.18140,0.10235,0.10825,0.00000,0.10825,2.50046,862.07700
2010-12-04,0.33493,0.01617,0.01371,15.65456,306.18485,182.26969,341.34067,24,0.28383,0.25571,0.05517,0.00000,0.05146,2.46684,833.28939
2010-12-05,0.79566,0.00459,0.00313,16.34855,228.08408,133.56122,370.37377,24,0.73907,0.73279,0.04592,0.00000,0.03303,2.82980,559.82542
2010-12-06,0.90085,0.00215,0.00146,17.40663,205.47928,92.33651,385.33883,24,0.88806,0.94945,0.03133,0.00000,0.02029,3.50638,366.44262
2010-12-07,0.71106,0.01166,0.00590,18.10011,189.26455,110.54139,391.09400,24,0.76724,0.56067,0.00184,0.00000,0.00184,3.58000,377.18496
2010-12-08,0.95761,0.15410,0.02364,19.06501,226.24152,79.50401,402.32281,24,0.91221,0.91205,0.05149,0.05326,0.04965,2.64752,476.69632
2010-12-09,0.76958,0.75135,0.28760,19.81581,211.91043,64.73875,403.07843,24,0.93261,0.83546,0.43347,0.66613,0.09442,1.40607,341.04462
2010-12-10,0.60160,0.64347,0.19114,19.48504,278.95471,107.44273,394.40457,24,0.75017,0.64280,0.89746,0.75046,0.42103,1.13809,619.14877
2010-12-11,0.27605,0.24185,0.09210,17.20083,443.98210,153.48638,359.21720,24,0.41144,0.49589,0.42578,0.32041,0.22029,1.83141,906.81010
2010-12-12,0.20259,0.08082,0.01350,13.65299,455.56392,169.35755,339.11300,24,0.25023,0.22991,0.16095,0.04919,0.06777,3.30954,1166.90052
2010-12-13,0.12352,0.08721,0.00525,13.61140,392.67787,170.49293,333.44367,24,0.27423,0.12013,0.16945,0.09864,0.02924,3.75280,982.33209
2010-12-14,0.11339,0.08186,0.00753,13.56566,393.60018,169.85023,331.11166,24,0.18181,0.15024,0.11153,0.06224,0.02544,2.85614,983.10113
2010-12-15,0.12368,0.03978,0.01304,12.81048,447.31627,182.06207,316.95349,24,0.06172,0.07745,0.10368,0.05997,0.02704,2.63388,1019.01586
2010-12-16,0.14592,0.04544,0.04195,13.63404,367.87171,185.15853,320.50446,24,0.07267,0.04613,0.05673,0.00000,0.05495,2.76255,820.85695
2010-12-17,0.13104,0.07801,0.05486,14.09634,341.47123,182.41167,325.01961,24,0.34719,0.08872,0.19434,0.02196,0.18515,2.63083,788.38046
2010-12-18,0.14051,0.07871,0.04080,13.94035,349.11845,181.28839,324.92633,24,0.18149,0.06448,0.18028,0.06380,0.11799,2.38055,861.39695
2010-12-19,0.03041,0.05069,0.02252,13.77886,359.40550,182.69082,319.68563,24,0.10608,0.01464,0.14306,0.04344,0.11230,2.04717,870.13553
2010-12-20,0.01494,0.02385,0.00989,12.63570,381.41302,186.19025,311.35394,24,0.04878,0.02332,0.07062,0.02347,0.03462,2.63040,871.03290
2010-12-21,0.01697,0.01825,0.01456,12.10167,362.50508,186.66937,309.11376,24,0.03795,0.00054,0.04174,0.00364,0.03817,3.06301,807.62512
2010-12-22,0.05394,0.04025,0.01588,11.77621,371.68742,184.76462,311.19193,24,0.13402,0.02417,0.05522,0.03849,0.05522,3.20533,918.61744
2010-12-23,0.07366,0.07142,0.02456,11.97031,349.97795,182.31363,313.96351,24,0.11888,0.04468,0.12039,0.02728,0.06436,3.01281,967.91632
2010-12-24,0.12458,0.07622,0.02414,12.41590,336.23519,181.46551,315.34276,24,0.15936,0.14637,0.18066,0.04150,0.11022,2.56503,893.83665
2010-12-25,0.08855,0.05171,0.01173,12.40431,351.84352,178.65258,316.83932,24,0.18179,0.08191,0.14184,0.01440,0.08239,2.43703,949.64066
2010-12-26,0.03238,0.03183,0.01275,12.03857,364.64327,184.29851,311.73472,24,0.08052,0.02186,0.09410,0.00721,0.04011,2.64870,885.72361
2010-12-27,0.05994,0.03449,0.02098,12.18185,341.79212,186.21177,312.23521,24,0.08831,0.12260,0.08424,0.00722,0.06980,2.87918,872.13110
2010-12-28,0.04512,0.04558,0.02681,12.07790,325.53787,185.41731,313.72093,24,0.09826,0.02025,0.10598,0.00901,0.08438,2.88133,852.09780
2010-12-29,0.05277,0.03798,0.02222,12.60343,298.56207,185.34164,315.92959,24,0.14247,0.02661,0.10212,0.01980,0.08414,2.48159,806.02962
2010-12-30,0.09219,0.03297,0.02525,13.20385,260.70275,183.62002,322.18961,24,0.18573,0.07826,0.07658,0.00540,0.06218,2.37240,720.35099
2010-12-31,0.21341,0.04482,0.03466,14.36471,250.49359,167.09838,331.09604,24,0.28314,0.22763,0.08277,0.00000,0.07553,2.26330,684.91047
2011-01-01,0.36926,0.24199,0.07536,15.30687,320.96622,149.63526,350.07772,24,0.39104,0.38725,0.21726,0.12637,0.18261,1.80892,698.82041
2011-01-02,0.14800,0.24626,0.06335,13.58439,355.55388,170.52742,328.03801,24,0.32537,0.24102,0.51902,0.36693,0.20873,1.78059,817.71748
2011-01-03,0.16792,0.07155,0.02349,11.78094,425.82660,185.28014,309.81022,24,0.15723,0.10122,0.22058,0.12902,0.10727,2.48510,953.42033
2011-01-04,0.60296,0.06090,0.01865,12.55470,400.16199,184.19255,316.41198,24,0.40616,0.77241,0.09135,0.01868,0.05662,2.33943,883.40318
2011-01-05,0.57763,0.08897,0.01138,12.80080,367.87177,177.41277,325.07928,24,0.52131,0.51800,0.25639,0.13106,0.06052,2.03832,823.17197
2011-01-06,0.41789,0.03749,0.01259,13.16934,328.34447,171.41936,325.93730,24,0.76359,0.52336,0.04164,0.00725,0.01617,2.16569,763.03994
2011-01-07,0.14857,0.03927,0.01605,13.47277,302.57197,187.74331,321.67753,24,0.25080,0.14708,0.05781,0.01270,0.04135,2.09768,738.94216
2011-01-08,0.15613,0.09639,0.02660,14.09211,255.31104,185.03434,335.40058,24,0.25551,0.04421,0.06530,0.01647,0.04344,1.90856,696.09609
2011-01-09,0.19908,0.19232,0.03895,14.18741,274.24424,163.19085,342.56530,24,0.35008,0.21900,0.28041,0.21089,0.08632,2.11586,734.91335
2011-01-10,0.12310,0.17122,0.03691,11.88093,406.17621,186.11480,316.51645,24,0.27763,0.13364,0.27624,0.16819,0.14121,2.15397,811.59120
2011-01-11,0.04727,0.08700,0.02265,9.89771,429.17485,189.66237,302.65526,24,0.11458,0.08778,0.17969,0.17853,0.08758,2.88961,939.05259
2011-01-12,0.06887,0.06782,0.00841,9.96537,386.52098,193.85785,304.47293,24,0.05538,0.06526,0.07768,0.07270,0.01626,2.41513,951.33312
2011-01-13,0.13752,0.08890,0.01714,10.59572,365.14478,186.75902,313.61089,24,0.23079,0.13401,0.11718,0.03620,0.03958,2.49527,915.05433
2011-01-14,0.14681,0.10728,0.01923,11.32033,310.11533,182.90802,317.43228,24,0.26330,0.14294,0.16607,0.09174,0.04877,2.08786,803.16064
2011-01-15,0.07781,0.06634,0.01650,12.31797,303.24108,192.79488,320.01126,24,0.13944,0.04850,0.10062,0.02336,0.03053,1.95669,749.63714
2011-01-16,0.29348,0.29695,0.10173,13.86159,395.70510,167.91642,339.89229,24,0.27252,0.28217,0.21885,0.30025,0.08760,2.23507,742.91150
2011-01-17,0.20495,0.30783,0.11082,9.74678,384.03787,180.12641,312.97734,24,0.43864,0.21111,0.61243,0.39749,0.29772,3.40833,867.26997
2011-01-18,0.15923,0.13969,0.03946,9.35005,403.14162,184.65257,311.08721,24,0.20584,0.13600,0.31053,0.16089,0.17651,3.04561,1052.14272
2011-01-19,0.14431,0.12465,0.02228,11.37721,408.13502,190.49953,318.95116,24,0.09592,0.11290,0.10845,0.13335,0.06374,3.09317,979.10146
2011-01-20,0.12491,0.17288,0.02680,11.66576,363.05105,185.77107,320.45418,24,0.21023,0.13540,0.37520,0.25856,0.11322,2.16141,898.36061
2011-01-21,0.12466,0.07282,0.00729,11.06924,372.40348,193.06116,318.38861,24,0.07638,0.05771,0.13087,0.04264,0.01447,2.38613,987.24720
2011-01-22,0.16068,0.06579,0.00978,11.16252,355.16712,187.94404,320.73955,24,0.15859,0.12600,0.06493,0.04673,0.01083,2.70782,967.06534
2011-01-23,0.14484,0.08162,0.00810,11.97699,324.98857,187.55270,325.28264,24,0.17204,0.12910,0.08452,0.04859,0.01803,2.78635,892.59150
2011-01-24,0.10133,0.08769,0.01351,13.03901,305.71465,190.26791,329.51613,24,0.11513,0.10910,0.11181,0.06469,0.02567,2.44854,810.75345
2011-01-25,0.07076,0.07302,0.00824,13.88945,300.55700,196.50469,331.89856,24,0.11754,0.06965,0.06809,0.03579,0.00542,2.14307,836.92597
2011-01-26,0.11953,0.06478,0.02376,14.09063,274.64355,198.36246,334.10748,24,0.13963,0.10474,0.10875,0.07246,0.05505,2.08047,747.48213
2011-01-27,0.07831,0.04362,0.00823,13.63847,316.97438,197.95004,332.28140,24,0.16258,0.10209,0.05732,0.03574,0.01434,2.54275,830.13413
2011-01-28,0.05569,0.05564,0.01097,11.99406,377.54683,205.71966,317.40459,24,0.07716,0.09285,0.08639,0.03238,0.01265,2.53669,1015.06188
2011-01-29,0.02785,0.01977,0.00488,11.29744,325.78511,210.94458,317.67700,24,0.04274,0.02736,0.06120,0.00719,0.03792,2.64173,847.02912
2011-01-30,0.11288,0.02124,0.00255,13.06174,286.20313,203.37255,338.18007,24,0.06582,0.09824,0.02152,0.00361,0.00721,3.08045,777.48012
2011-01-31,0.12923,0.10449,0.01148,15.03696,312.11741,190.29439,346.38932,24,0.19547,0.14469,0.12279,0.12509,0.01266,2.51064,831.24527
2011-02-01,0.08746,0.08561,0.00983,13.56832,392.77861,204.21566,328.84366,24,0.16572,0.10478,0.18665,0.07381,0.04004,1.57924,1076.49472
2011-02-02,0.02523,0.01432,0.00203,12.78674,397.77679,215.30937,320.97166,24,0.08048,0.03747,0.07372,0.00000,0.01260,2.65985,1037.22765
2011-02-03,0.01034,0.00443,0.00406,13.71029,351.86680,219.62026,322.66972,24,0.02544,0.00049,0.00716,0.00000,0.00180,3.08302,945.03993
2011-02-04,0.00770,0.00734,0.00548,13.98764,325.13614,221.32056,325.75219,24,0.04251,0.00121,0.03673,0.00000,0.03673,2.42830,926.25395
2011-02-05,0.01561,0.00687,0.00282,14.06230,356.61098,220.38535,328.06643,24,0.03260,0.00547,0.01995,0.00359,0.01460,2.51031,1022.35280
2011-02-06,0.03793,0.02124,0.00422,14.12773,370.97146,218.88962,331.58035,24,0.06596,0.02874,0.03277,0.00000,0.01661,2.59462,1113.79181
2011-02-07,0.08668,0.03988,0.00529,15.07979,366.82523,216.33095,340.76310,24,0.05918,0.04142,0.05039,0.00180,0.00723,2.64876,1036.60855
2011-02-08,0.07913,0.08136,0.02199,16.62640,372.64298,208.54004,346.77293,24,0.12698,0.10888,0.11183,0.04116,0.02524,2.17842,907.27194
2011-02-09,0.04405,0.05979,0.02375,15.69730,372.80940,218.54473,337.31822,24,0.04927,0.05550,0.11742,0.08463,0.05650,1.64966,988.46920
2011-02-10,0.03819,0.03887,0.01781,12.52861,355.35593,226.41298,322.29085,24,0.12215,0.02378,0.13538,0.01624,0.10117,2.20916,977.89661
2011-02-11,0.05131,0.01666,0.00082,11.92417,365.54664,227.36714,322.56724,24,0.04421,0.03099,0.01611,0.00000,0.00359,3.14067,989.32953
2011-02-12,0.08045,0.04860,0.01450,13.43175,370.89238,219.91310,331.48048,24,0.07150,0.07685,0.02511,0.03884,0.00360,2.85286,1005.18768
2011-02-13,0.11061,0.09362,0.04634,14.99079,404.85260,217.04625,341.20320,24,0.15034,0.09223,0.23005,0.08904,0.14258,2.24005,1095.71033
2011-02-14,0.11130,0.12747,0.08946,16.34670,395.78830,215.34513,348.98804,24,0.19022,0.09455,0.24571,0.04045,0.19077,1.97391,1067.21773
2011-02-15,0.17804,0.14502,0.07686,18.07532,402.59189,217.44857,359.50768,24,0.28707,0.13710,0.32266,0.13731,0.25799,1.79749,850.67949
2011-02-16,0.28824,0.28792,0.09131,18.11478,471.50386,203.97992,362.17009,24,0.45598,0.24502,0.28601,0.20840,0.20260,1.73965,881.45709
2011-02-17,0.48020,0.39948,0.09003,16.83824,506.29589,191.20567,365.43165,24,0.48200,0.51792,0.81848,0.42748,0.41089,1.85214,1048.05949
2011-02-18,0.32489,0.22743,0.03368,15.79440,448.01006,203.65325,357.78087,24,0.50516,0.52417,0.51750,0.39554,0.20022,1.98994,1056.09202
2011-02-19,0.23163,0.08479,0.00875,15.47376,428.15221,196.75956,358.00511,24,0.25213,0.26235,0.14296,0.15559,0.02506,1.86544,1124.05821
2011-02-20,0.44421,0.02557,0.00314,14.91301,411.63225,200.46338,361.20450,24,0.39198,0.28463,0.10038,0.02418,0.02865,2.94290,1044.37112
2011-02-21,0.59335,0.01798,0.00075,14.77380,366.49415,139.66336,367.53491,24,0.76102,0.77798,0.00548,0.00368,0.00000,3.66355,771.05855
2011-02-22,0.03105,0.00547,0.00248,13.39095,554.96106,238.21083,332.22526,24,0.09953,0.03757,0.02343,0.00000,0.00905,2.43199,1327.84804
2011-02-23,0.00506,0.00440,0.00344,13.10513,445.95556,249.49147,325.79351,24,0.01426,0.00084,0.01256,0.00000,0.01256,3.77831,1129.86949
2011-02-24,0.06317,0.00350,0.00120,13.24189,410.26663,250.68247,326.54123,24,0.01521,0.03219,0.01074,0.00179,0.00539,3.42549,1111.37277
2011-02-25,0.13899,0.00232,0.00060,13.62075,422.19261,249.86769,331.66052,24,0.15533,0.20007,0.00896,0.00000,0.00359,3.14074,1170.99104
2011-02-26,0.04163,0.00247,0.00105,14.36987,423.46479,245.33319,343.00385,24,0.16310,0.02848,0.00715,0.00000,0.00179,4.23982,1096.36402
2011-02-27,0.03832,0.00202,0.00136,13.68972,515.84035,249.11241,337.09749,24,0.02033,0.02515,0.00904,0.00000,0.00726,3.39269,1291.56640
2011-02-28,0.01323,0.00022,0.00000,11.47029,504.84179,261.20005,317.53714,24,0.00480,0.00595,0.00000,0.00000,0.00000,5.15483,1186.42095
2011-03-01,0.05305,0.00082,0.00045,12.25458,424.49253,261.75774,320.27910,24,0.03070,0.08081,0.00000,0.00000,0.00000,5.58821,1033.39383
2011-03-02,0.03166,0.00157,0.00142,13.68612,361.22559,261.00322,331.41956,24,0.07369,0.04604,0.00718,0.00000,0.00718,4.08026,968.34124
2011-03-03,0.01697,0.00261,0.00022,15.14320,400.83785,254.46900,350.99728,24,0.01574,0.01011,0.00000,0.00000,0.00000,3.60502,1071.56030
2011-03-04,0.03054,0.00725,0.00179,16.18243,464.49642,250.23723,358.98514,24,0.01957,0.03631,0.00902,0.00000,0.00545,3.53756,1189.22471
2011-03-05,0.02106,0.00820,0.00209,17.13875,488.94173,251.83737,366.13721,24,0.01309,0.03279,0.01788,0.00357,0.00716,3.20278,1179.61783
2011-03-06,0.01068,0.01040,0.00429,16.18117,478.05569,257.15647,358.20665,24,0.00501,0.01644,0.01967,0.00179,0.01252,3.95107,1204.60328
2011-03-07,0.01684,0.00813,0.00463,14.49069,455.83103,264.31007,340.40869,24,0.00838,0.01129,0.02372,0.00375,0.01658,4.32185,1191.71299
2011-03-08,0.04520,0.01554,0.01233,15.07944,481.19406,260.19932,344.25208,24,0.02406,0.04242,0.03311,0.00000,0.02240,5.07652,1265.66646
2011-03-09,0.04468,0.00425,0.00239,16.14097,459.59740,265.42321,353.22247,24,0.02149,0.01079,0.02208,0.00000,0.01672,3.58719,1215.69746
2011-03-10,0.09791,0.00107,0.00093,17.04095,482.04591,254.54980,361.95140,24,0.10484,0.09788,0.00536,0.00000,0.00357,4.06861,1194.15045
2011-03-11,0.36564,0.01207,0.00277,17.37165,453.30602,240.74501,370.18835,24,0.24370,0.30524,0.00749,0.00000,0.00749,3.45162,1026.45066
2011-03-12,0.14063,0.04867,0.00582,17.24071,536.07376,243.51755,365.13524,24,0.36592,0.13344,0.08326,0.11894,0.01089,3.20948,1303.10103
2011-03-13,0.08999,0.04232,0.00564,17.19140,538.18937,250.23713,361.81537,24,0.07548,0.13564,0.13074,0.06164,0.05123,2.91408,1363.33746
2011-03-14,0.16104,0.03823,0.00346,17.33225,569.57554,247.17083,366.55833,24,0.09271,0.18325,0.06504,0.09334,0.01112,3.10153,1491.27098
2011-03-15,0.37923,0.04286,0.01759,17.03324,504.24328,250.11933,361.99459,24,0.20318,0.20696,0.06109,0.01681,0.03499,3.41797,1511.17522
2011-03-16,0.15527,0.16827,0.05789,15.91317,529.21550,269.12931,354.48552,24,0.27216,0.14300,0.10795,0.03920,0.04832,4.30804,1253.02493
2011-03-17,0.25687,0.37034,0.04364,17.59028,727.50292,243.11183,376.12685,24,0.21863,0.18853,0.59254,0.22500,0.31403,3.67376,1344.39756
2011-03-18,0.44658,0.61167,0.13833,19.26324,747.40259,200.78426,386.57076,24,0.59395,0.41869,0.80786,0.48272,0.09610,2.88443,1148.25472
2011-03-19,0.42944,0.64740,0.13675,20.08277,743.90689,189.41476,392.87817,24,0.67646,0.56115,0.89792,0.52816,0.30785,2.46107,1098.84229
2011-03-20,0.31148,0.56156,0.08926,21.19538,745.44805,226.02901,391.80456,24,0.52401,0.41700,0.91709,0.45587,0.20705,2.55494,1125.82183
2011-03-21,0.23062,0.49022,0.09933,20.58019,762.57060,244.52319,386.06538,24,0.35007,0.24132,0.75452,0.33191,0.18393,2.16750,1397.39852
2011-03-22,0.20969,0.41798,0.12736,20.41802,609.53751,251.39104,382.08281,24,0.45043,0.26051,0.74290,0.29594,0.29911,2.69159,1250.73321
2011-03-23,0.16893,0.31095,0.09998,20.66602,528.38150,256.17388,380.21067,24,0.50154,0.13887,0.75231,0.36358,0.53569,1.73146,1105.02790
2011-03-24,0.43126,0.24482,0.05090,20.14556,534.88313,259.47902,387.24732,24,0.38270,0.23096,0.59717,0.29434,0.36244,2.07454,1097.60918
2011-03-25,0.36643,0.18718,0.03580,20.13215,541.57177,253.03263,387.95903,24,0.59099,0.50144,0.37776,0.12388,0.12936,2.60197,1199.35865
2011-03-26,0.32260,0.31018,0.04282,20.22330,532.27052,239.39296,387.67106,24,0.44405,0.27715,0.48507,0.43224,0.15766,2.35422,1054.53421
2011-03-27,0.34866,0.28767,0.02365,19.76500,492.51515,248.49343,386.91388,24,0.58355,0.31388,0.53484,0.27687,0.15250,2.04853,1047.24731
2011-03-28,0.34425,0.23945,0.01081,19.31176,497.72156,232.97245,386.09629,24,0.42131,0.42098,0.39118,0.35469,0.08037,2.53037,1154.42868
2011-03-29,0.37191,0.67533,0.06487,20.06252,558.07920,218.86256,392.92355,24,0.35286,0.36337,0.52731,0.78952,0.03118,2.10605,1121.96188
2011-03-30,0.60751,0.82375,0.25103,20.25037,532.90479,186.24656,401.72026,24,0.60948,0.55841,0.90232,0.78874,0.28867,2.34539,941.30291
2011-03-31,0.58643,0.88506,0.36871,21.01013,426.87962,149.74419,403.92152,24,0.79666,0.74252,0.92838,0.96103,0.52146,1.74033,662.79988
2011-10-01,0.58991,0.69806,0.19188,25.20859,339.37278,187.46541,424.37091,24,0.57619,0.56265,0.65578,0.82723,0.33473,1.36095,768.83234
2011-10-02,0.44693,0.67301,0.19140,24.77734,331.50751,188.25890,418.69730,24,0.57183,0.45417,0.81387,0.81978,0.44750,1.30030,772.88358
2011-10-03,0.31541,0.57532,0.13712,24.27520,339.41298,204.64593,414.14983,24,0.32198,0.36732,0.68773,0.78508,0.36873,1.43544,845.06474
2011-10-04,0.34327,0.54907,0.12257,24.30981,352.39243,204.44505,415.43190,24,0.41467,0.38809,0.59199,0.79055,0.22122,1.56995,817.97831
2011-10-05,0.32228,0.49863,0.09867,24.45921,348.10847,203.29493,415.69303,24,0.28104,0.37028,0.48533,0.64338,0.13401,1.52956,852.94433
2011-10-06,0.31213,0.61523,0.10019,24.52432,349.52752,203.00126,415.74660,24,0.30185,0.26024,0.64581,0.76160,0.21145,1.27798,865.34043
2011-10-07,0.44585,0.63124,0.08644,24.38655,337.19421,204.68951,416.29744,24,0.29883,0.38284,0.73090,0.77973,0.22625,1.49399,880.43224
2011-10-08,0.45350,0.65825,0.09144,24.33784,346.69132,202.24089,417.45207,24,0.56118,0.42924,0.78288,0.86392,0.33553,1.49268,904.04201
2011-10-09,0.40055,0.57867,0.07765,24.34208,335.47986,207.98977,417.79731,24,0.34167,0.21528,0.69874,0.82608,0.21513,1.42017,863.08050
2011-10-10,0.34730,0.44269,0.05741,24.58099,344.77507,209.82931,416.77409,24,0.44788,0.28479,0.49953,0.66586,0.16570,1.53537,875.59025
2011-10-11,0.23628,0.33073,0.05120,24.67527,361.84865,214.24132,415.24792,24,0.36251,0.17944,0.49445,0.48311,0.17998,1.89494,896.26270
2011-10-12,0.29312,0.31106,0.05493,24.37492,366.20742,218.18463,408.98032,24,0.39321,0.25472,0.41326,0.40800,0.17608,1.40021,929.72460
2011-10-13,0.36144,0.23176,0.04218,23.89539,376.82326,215.39897,402.90827,24,0.48158,0.29902,0.47627,0.29512,0.19979,1.31016,953.64880
2011-10-14,0.24887,0.23492,0.02631,23.28407,401.87884,212.70704,402.83847,24,0.42882,0.27410,0.31239,0.23603,0.11606,1.73106,1025.88421
2011-10-15,0.20901,0.26593,0.02385,23.35214,403.08094,200.86324,407.37710,24,0.32191,0.24593,0.39753,0.34510,0.10138,1.78940,1047.81018
2011-10-16,0.28747,0.29548,0.02597,23.59054,375.03714,203.09842,410.18261,24,0.27136,0.23776,0.33647,0.33611,0.11568,1.87287,931.01801
2011-10-17,0.52490,0.51431,0.06418,23.93177,370.16820,189.24266,417.02497,24,0.36057,0.39638,0.39667,0.61385,0.08461,1.52741,937.05182
2011-10-18,0.82049,0.74420,0.22306,23.79543,389.01363,129.26366,419.72050,24,0.70608,0.76711,0.60772,0.92315,0.24742,1.18213,769.33119
2011-10-19,0.76250,0.50604,0.10582,23.30087,412.63775,134.42795,412.38132,24,0.94314,0.81657,0.76644,0.84175,0.43641,1.12430,776.02424
2011-10-20,0.56460,0.44705,0.06473,23.34506,379.08869,188.49207,407.85448,24,0.45817,0.36261,0.36269,0.47591,0.08288,1.47963,874.82541
2011-10-21,0.72928,0.73334,0.08794,22.96921,318.28115,162.02788,411.17279,24,0.55551,0.73586,0.69282,0.91107,0.17506,1.58009,715.47436
2011-10-22,0.51034,0.84076,0.17055,22.63940,295.76938,141.64862,408.80909,24,0.66964,0.67950,0.83183,0.94749,0.34975,1.15599,667.00877
2011-10-23,0.28381,0.74498,0.12844,22.76548,323.92715,176.90988,401.81285,24,0.47277,0.32563,0.90988,0.95483,0.60657,0.97903,757.68589
2011-10-24,0.16194,0.32431,0.05281,22.63906,361.56184,201.54644,392.82375,24,0.34557,0.19055,0.71270,0.48746,0.26495,1.27271,894.68017
2011-10-25,0.24256,0.19182,0.06233,22.21955,362.96221,208.42074,391.55624,24,0.24551,0.17013,0.30485,0.16632,0.11629,1.65316,964.69440
2011-10-26,0.30431,0.21013,0.04420,21.90219,352.46271,192.95819,392.25133,24,0.48260,0.43040,0.33381,0.26532,0.17545,1.81860,963.08928
2011-10-27,0.14627,0.17205,0.03437,21.33819,389.85800,199.63494,385.14926,24,0.23701,0.22261,0.37365,0.20783,0.16589,1.91590,1012.45271
2011-10-28,0.15169,0.09374,0.02733,21.00012,409.28321,204.98097,379.10244,24,0.23453,0.21189,0.23255,0.07242,0.11467,1.88565,1063.60525
2011-10-29,0.10053,0.06220,0.03091,20.33281,418.02500,209.63135,373.63338,24,0.10510,0.16129,0.07910,0.04236,0.06802,2.17474,1073.32640
2011-10-30,0.13618,0.07670,0.02623,19.09794,449.52308,204.39282,368.38520,24,0.18045,0.18290,0.18842,0.06332,0.12026,2.47730,1181.29041
2011-10-31,0.12414,0.07898,0.02112,18.49831,477.81934,201.11875,364.79307,24,0.13242,0.17036,0.10855,0.06125,0.06106,2.92700,1302.74679
2011-11-01,0.15076,0.08663,0.01797,18.30026,428.47130,197.06311,364.79927,24,0.20357,0.21875,0.19949,0.07942,0.09962,2.80963,1173.31544
2011-11-02,0.19206,0.04851,0.00780,18.25728,429.37056,199.73572,359.65846,24,0.12223,0.13591,0.08146,0.08278,0.02194,2.57467,1121.73924
2011-11-03,0.23995,0.03445,0.01082,18.23231,426.02046,198.34705,359.86313,24,0.45618,0.17240,0.08587,0.02518,0.04042,2.42945,1092.17562
2011-11-04,0.12277,0.03467,0.02036,18.58026,398.26275,196.32311,363.63120,24,0.13005,0.15449,0.06800,0.01813,0.05357,2.40192,1049.41655
2011-11-05,0.14782,0.06860,0.02465,18.61120,388.24305,192.17725,365.57014,24,0.20759,0.18827,0.13309,0.04407,0.09795,2.31358,1031.58630
2011-11-06,0.21280,0.06297,0.01861,18.81897,379.47489,181.19749,366.02371,24,0.33072,0.26099,0.15677,0.07421,0.10152,2.49868,988.17143
2011-11-07,0.09191,0.04441,0.00788,18.45427,432.51746,194.55074,360.13908,24,0.18664,0.14187,0.06942,0.03248,0.03505,2.45290,1069.08250
2011-11-08,0.01725,0.02936,0.01108,17.92843,409.38518,208.01401,348.42504,24,0.05310,0.01969,0.05167,0.07076,0.04606,2.27173,932.86647
2011-11-09,0.14106,0.01556,0.01456,17.92823,297.98199,211.00838,343.77038,24,0.04467,0.00524,0.05559,0.00179,0.05372,2.65234,757.84223
2011-11-10,0.49106,0.02328,0.01740,17.72038,289.62990,209.33634,345.47173,24,0.38147,0.61447,0.05345,0.00714,0.05166,2.59689,775.68434
2011-11-11,0.11746,0.03733,0.02821,18.02882,357.76771,203.03959,354.75645,24,0.28539,0.07633,0.08439,0.00910,0.07903,2.22894,973.69408
2011-11-12,0.26978,0.12552,0.02954,18.77474,361.94166,168.15469,370.86228,24,0.26615,0.30507,0.15828,0.15559,0.11221,2.41807,881.53079
2011-11-13,0.24748,0.21476,0.02438,19.15273,323.64239,165.36731,372.68715,24,0.32543,0.30800,0.21621,0.28331,0.10506,1.94969,845.46188
2011-11-14,0.19963,0.19894,0.01582,19.12537,337.24932,174.83218,370.45811,24,0.24395,0.25164,0.26992,0.26653,0.04032,1.96466,949.66457
2011-11-15,0.21196,0.19906,0.01300,18.90051,333.47345,173.99604,369.64254,24,0.21166,0.21672,0.15224,0.32090,0.02924,2.01884,946.25640
2011-11-16,0.19367,0.25479,0.02500,18.54571,344.74184,167.05483,366.86587,24,0.22504,0.28183,0.22490,0.35041,0.02904,1.88765,923.66273
2011-11-17,0.17357,0.21165,0.03801,18.04331,397.12100,171.55830,358.97359,24,0.27221,0.25652,0.34332,0.27099,0.09082,1.80116,973.51888
2011-11-18,0.11313,0.04436,0.01303,17.67255,393.06761,183.43527,354.69618,24,0.25197,0.15013,0.16129,0.03058,0.07794,1.94947,955.49051
2011-11-19,0.08313,0.03248,0.01457,17.63405,364.65790,188.38374,352.09595,24,0.12773,0.10323,0.03690,0.00922,0.03133,1.97658,974.09128
2011-11-20,0.08224,0.04866,0.02237,17.64550,368.28259,187.85070,354.89109,24,0.15887,0.07911,0.10745,0.01108,0.07753,1.94452,1015.01417
2011-11-21,0.07312,0.05985,0.02383,17.53445,373.86714,187.80102,353.98412,24,0.11594,0.07306,0.14072,0.04862,0.06790,2.26286,1071.58821
2011-11-22,0.04994,0.03496,0.02377,17.35296,352.03906,190.05059,348.66872,24,0.11922,0.06280,0.14168,0.03180,0.13799,2.35747,1062.80025
2011-11-23,0.02169,0.02443,0.01867,17.15834,295.83686,194.63923,344.68431,24,0.07697,0.00291,0.11823,0.00000,0.09773,1.99927,849.51421
2011-11-24,0.01237,0.00927,0.00711,17.25065,274.37648,192.44249,349.38433,24,0.04459,0.00255,0.04400,0.00000,0.03864,2.14918,805.33530
2011-11-25,0.00993,0.00676,0.00557,17.16556,299.09166,190.79153,348.23353,24,0.04545,0.00148,0.03851,0.00179,0.03851,2.22546,820.88985
2011-11-26,0.09013,0.00705,0.00384,16.72885,317.56218,189.24909,347.64770,24,0.04182,0.00970,0.02023,0.00179,0.01844,2.35174,885.12233
2011-11-27,0.03994,0.02219,0.00696,16.21480,423.40557,188.85328,343.48903,24,0.04426,0.01708,0.01653,0.00359,0.01653,2.60240,1096.09627
2011-11-28,0.13175,0.05720,0.01670,16.00934,467.25199,183.45378,347.85095,24,0.12591,0.11489,0.07257,0.01630,0.05640,2.70631,1200.47388
2011-11-29,0.22023,0.07142,0.01324,15.89388,468.59702,165.49261,354.28879,24,0.27938,0.24841,0.15117,0.05256,0.05489,2.62833,1247.70152
2011-11-30,0.35551,0.05546,0.01132,16.02494,445.49840,167.58635,354.56275,24,0.26278,0.27909,0.11437,0.02190,0.03842,2.55811,1215.02789
2011-12-01,0.24389,0.02480,0.01001,16.26032,388.68319,175.67452,351.63885,24,0.54773,0.28956,0.08649,0.01101,0.05504,2.78058,1101.92796
2011-12-02,0.14245,0.07984,0.01116,16.65973,404.79243,173.45916,357.48616,24,0.15093,0.10899,0.07389,0.05787,0.05147,2.37048,1149.27999
2011-12-03,0.27370,0.08536,0.00904,16.94811,370.05843,152.70608,364.45866,24,0.22274,0.28035,0.19184,0.09004,0.02759,2.45935,1008.03741
2011-12-04,0.39663,0.20763,0.02341,17.54053,329.99390,131.98596,369.44133,24,0.44078,0.39426,0.25175,0.29435,0.05882,2.20825,891.20145
2011-12-05,0.23979,0.11230,0.02447,17.53399,355.26872,149.66474,363.81267,24,0.32469,0.33164,0.24568,0.12477,0.06177,1.88678,944.35173
2011-12-06,0.10380,0.05628,0.01990,17.41685,351.07464,169.36251,356.36798,24,0.15458,0.10348,0.14428,0.02179,0.08838,1.80904,944.56036
2011-12-07,0.09864,0.04670,0.01782,17.38741,356.84368,173.12087,354.60753,24,0.13644,0.07803,0.12985,0.02347,0.09919,1.83818,979.46591
2011-12-08,0.10071,0.05052,0.01500,17.35852,330.43208,172.84692,352.49107,24,0.13906,0.11238,0.07460,0.02710,0.04942,1.88475,996.69653
2011-12-09,0.14055,0.10877,0.02534,17.12668,360.76915,170.65910,351.56314,24,0.13686,0.19152,0.10901,0.04183,0.03667,1.80721,1035.33624
2011-12-10,0.19884,0.18264,0.02242,16.35962,391.27142,163.84372,350.61333,24,0.22528,0.22445,0.31450,0.15426,0.09650,1.71840,1081.39959
2011-12-11,0.25621,0.16447,0.02111,15.98081,342.58164,152.34368,351.68168,24,0.31792,0.29630,0.20731,0.26197,0.04185,1.89893,807.77495
2011-12-12,0.24266,0.07219,0.00361,14.81706,351.18549,152.22923,346.91430,24,0.30321,0.28384,0.13184,0.08019,0.03068,1.93830,853.99733
2011-12-13,0.23796,0.08007,0.00194,14.16469,356.61879,155.41391,343.21035,24,0.29396,0.24664,0.11464,0.06186,0.00359,2.38646,864.87354
2011-12-14,0.19089,0.10276,0.00909,13.37150,433.24172,161.00696,335.46440,24,0.22262,0.23844,0.12313,0.07069,0.00179,2.22193,1067.82222
2011-12-15,0.15700,0.08774,0.01661,12.64475,409.96273,170.03709,324.94129,24,0.18435,0.18277,0.16375,0.04332,0.03972,2.09239,989.47459
2011-12-16,0.14590,0.10570,0.01648,12.67397,396.15495,171.03962,320.22439,24,0.25941,0.21098,0.11375,0.04153,0.03076,2.10699,972.14152
2011-12-17,0.13082,0.10278,0.01622,12.69271,384.71873,173.33877,318.00706,24,0.30154,0.18700,0.17842,0.12071,0.04526,2.06405,898.36436
2011-12-18,0.10607,0.05678,0.00514,12.65751,351.39134,180.17350,315.02117,24,0.20883,0.11788,0.03781,0.04738,0.01272,1.93753,842.78476
2011-12-19,0.19734,0.11234,0.01140,12.92642,349.15590,179.51053,317.61915,24,0.36691,0.16711,0.05274,0.05879,0.03814,1.77284,827.89890
2011-12-20,0.10538,0.10199,0.01876,12.83034,349.25735,180.77345,316.42641,24,0.25908,0.07338,0.23848,0.07338,0.04746,1.83820,787.82620
2011-12-21,0.23858,0.11515,0.02286,12.68513,341.34846,180.69155,315.31534,24,0.23229,0.22469,0.13300,0.03463,0.06027,1.80727,767.06961
2011-12-22,0.25684,0.14963,0.02322,12.36464,340.13885,181.34322,314.86935,24,0.22561,0.11758,0.11664,0.04910,0.05597,1.62724,758.23244
2011-12-23,0.67439,0.12479,0.02094,12.28140,363.00182,174.16518,321.18923,24,0.57185,0.62087,0.28101,0.11118,0.07422,1.74020,797.33906
2011-12-24,0.75472,0.08216,0.01601,12.79605,312.68697,143.31377,331.85251,24,0.92268,0.91695,0.10237,0.02605,0.02710,1.63147,705.01294
2011-12-25,0.28400,0.13868,0.02108,13.80594,266.83881,176.52832,333.93902,24,0.57699,0.22729,0.10081,0.05881,0.04919,1.82529,662.47999
2011-12-26,0.33641,0.15569,0.00998,14.65780,271.78477,172.07752,342.96242,24,0.24235,0.14434,0.31932,0.15127,0.04385,1.77430,755.07920
2011-12-27,0.43131,0.18585,0.00620,15.21134,280.42572,161.81727,353.92393,24,0.50241,0.32954,0.16982,0.20720,0.01482,1.83494,728.31581
2011-12-28,0.51091,0.15943,0.04899,16.10940,253.84548,131.00607,365.22072,24,0.59625,0.48119,0.27720,0.13554,0.01637,2.00303,625.81969
2011-12-29,0.27389,0.12231,0.05888,15.99511,251.33760,153.78127,356.44642,24,0.47052,0.24899,0.25414,0.10402,0.14538,1.55078,654.53185
2011-12-30,0.10289,0.03180,0.02140,15.03918,263.78506,166.49880,343.18578,24,0.35070,0.14919,0.15303,0.01619,0.11463,1.89223,718.94394
2011-12-31,0.22541,0.00673,0.00605,14.30967,236.21026,178.90665,340.75248,24,0.06944,0.05842,0.04282,0.00000,0.04282,2.19369,639.45939
2012-01-01,0.54362,0.01104,0.00715,15.14658,243.86702,156.98965,358.88323,24,0.49999,0.34608,0.02419,0.00000,0.02419,2.87396,553.97072
2012-01-02,0.63920,0.36286,0.15364,16.06413,201.13349,86.91452,370.10903,24,0.85598,0.83584,0.08591,0.19152,0.04269,2.26540,370.36343
2012-01-03,0.48363,0.49384,0.12250,16.16619,256.08803,128.96716,367.14563,24,0.57808,0.46834,0.64874,0.50889,0.49272,1.45643,566.96270
2012-01-04,0.48241,0.44661,0.06170,15.74126,293.26863,129.50869,364.32632,24,0.60017,0.49052,0.55173,0.59779,0.20379,1.41411,727.25867
2012-01-05,0.37429,0.35446,0.03881,15.20970,324.24338,144.49367,355.83963,24,0.44735,0.48525,0.50388,0.28895,0.12806,1.50960,909.95930
2012-01-06,0.48912,0.46568,0.06664,15.43950,271.15518,132.00293,362.36271,24,0.49043,0.52840,0.54285,0.34325,0.13332,1.68759,699.93835
2012-01-07,0.60619,0.37180,0.08518,15.68444,278.70835,140.41768,363.32469,24,0.58825,0.62727,0.67384,0.38312,0.18886,1.62447,750.07145
2012-01-08,0.50491,0.25038,0.05137,16.18230,264.06213,144.32317,360.24988,24,0.62020,0.42643,0.48081,0.20330,0.16412,1.66380,668.52552
2012-01-09,0.59661,0.45339,0.18913,15.88559,246.74198,120.97822,364.77304,24,0.62583,0.64415,0.32775,0.31742,0.13653,1.73909,509.17896
2012-01-10,0.51641,0.44571,0.10717,15.85101,322.86548,139.87670,357.92339,24,0.66862,0.51792,0.68807,0.62931,0.45888,1.27354,667.73789
2012-01-11,0.27066,0.29449,0.06157,15.03195,386.91702,160.51437,340.46751,24,0.42838,0.29089,0.41134,0.49343,0.08624,1.40990,753.33027
2012-01-12,0.21380,0.22500,0.05407,12.35285,434.10534,176.15564,321.22735,24,0.27876,0.24651,0.32583,0.30924,0.18903,1.69691,801.14104
2012-01-13,0.16331,0.19151,0.02977,10.60931,572.32343,180.41904,306.11000,24,0.25841,0.24883,0.29978,0.28165,0.09285,2.42165,1083.55411
2012-01-14,0.05338,0.06731,0.01558,10.43947,490.87080,194.04122,297.37200,24,0.11673,0.11788,0.14882,0.11954,0.06894,2.43496,1012.19905
2012-01-15,0.02150,0.03714,0.00525,10.28705,407.30899,199.84255,300.13786,24,0.06440,0.01548,0.05458,0.06153,0.01979,2.37976,895.14892
2012-01-16,0.05987,0.02466,0.00260,11.17005,351.42081,195.57560,310.96385,24,0.05277,0.02590,0.02891,0.01988,0.01092,2.46688,907.07865
2012-01-17,0.21160,0.09314,0.01372,12.88985,315.36503,176.90960,330.65314,24,0.12013,0.20753,0.04326,0.03859,0.00362,2.39243,774.82546
2012-01-18,0.24331,0.30278,0.06814,15.03196,291.71292,167.23224,340.36728,24,0.33041,0.30046,0.31362,0.51912,0.12759,1.97438,711.16635
2012-01-19,0.38146,0.37001,0.09921,15.43593,282.69807,146.58554,348.91692,24,0.38988,0.47432,0.40188,0.46591,0.29021,1.47219,684.24074
2012-01-20,0.40600,0.54553,0.11686,15.66284,309.18545,149.20086,350.56483,24,0.55048,0.44439,0.58631,0.61604,0.26940,1.42698,703.99488
2012-01-21,0.25539,0.40804,0.08980,13.89794,405.66555,170.71304,333.22002,24,0.52600,0.34290,0.73424,0.57764,0.26154,1.31958,885.24453
2012-01-22,0.09450,0.13993,0.03521,10.95550,408.30210,197.31695,306.32508,24,0.21520,0.10791,0.43298,0.13708,0.14003,1.98728,920.21562
2012-01-23,0.07412,0.05899,0.00796,10.95250,359.87949,203.14504,304.62702,24,0.11400,0.05582,0.08278,0.05929,0.04871,2.41038,830.99048
2012-01-24,0.11069,0.07430,0.01107,11.19988,319.07401,196.23076,311.43553,24,0.09066,0.09302,0.11125,0.03943,0.02519,2.64507,827.95171
2012-01-25,0.10825,0.07003,0.00608,11.41278,331.45743,196.86689,316.69517,24,0.12237,0.10958,0.11531,0.04853,0.02350,2.34004,924.94264
2012-01-26,0.24864,0.06348,0.01339,12.33050,341.46783,195.60322,330.35456,24,0.10344,0.09761,0.09717,0.05477,0.03069,2.24151,919.33566
2012-01-27,0.08978,0.05699,0.00636,12.24755,329.54611,196.72242,327.23252,24,0.14873,0.07126,0.07220,0.03935,0.00895,2.45300,814.20190
2012-01-28,0.13427,0.07639,0.01829,11.47396,385.64398,203.69376,320.54488,24,0.12520,0.08923,0.16173,0.05018,0.06291,2.42693,1026.32015
2012-01-29,0.07772,0.03493,0.00831,11.74593,373.67136,201.98654,323.41993,24,0.18488,0.11338,0.07721,0.01978,0.03061,2.93773,941.63481
2012-01-30,0.01589,0.01663,0.00165,11.43056,387.10989,211.43371,313.57907,24,0.01459,0.01464,0.03234,0.00539,0.00721,2.52532,822.84907
2012-01-31,0.01065,0.00591,0.00381,10.74566,386.75275,216.99612,308.39457,24,0.03348,0.01169,0.01796,0.00000,0.01259,3.47254,896.66065
2012-02-01,0.01956,0.01380,0.00329,10.53401,395.62529,215.71248,311.19952,24,0.02601,0.02012,0.01443,0.00180,0.01443,3.25537,941.01000
2012-02-02,0.01032,0.01246,0.00352,10.07013,400.25579,221.22862,302.67046,24,0.03075,0.00466,0.03246,0.00181,0.00539,3.54335,956.13425
2012-02-03,0.01131,0.00651,0.00381,11.07624,339.76808,221.70931,307.62218,24,0.01613,0.00156,0.02160,0.00000,0.01257,3.12390,835.95669
2012-02-04,0.01021,0.00413,0.00294,12.30595,289.14188,219.52998,316.80181,24,0.01669,0.00479,0.01262,0.00000,0.00905,2.88183,772.89355
2012-02-05,0.01293,0.01230,0.00279,12.99227,283.96836,220.55742,322.64259,24,0.03002,0.00087,0.01460,0.00360,0.01460,2.52840,770.68662
2012-02-06,0.03812,0.02535,0.00436,14.19148,312.80290,214.59612,334.97759,24,0.03560,0.03633,0.01251,0.00357,0.00179,2.22328,813.93765
2012-02-07,0.13740,0.03902,0.00608,14.97545,335.07023,216.26518,336.94691,24,0.04644,0.08934,0.06560,0.00895,0.03342,1.97879,946.15237
2012-02-08,0.78525,0.05089,0.02720,15.94413,300.51176,203.91328,347.37259,24,0.30895,0.76382,0.05742,0.01429,0.00542,1.71037,742.91531
2012-02-09,0.33148,0.11391,0.01557,15.76617,422.34139,205.43370,343.46330,24,0.63017,0.48591,0.08332,0.14106,0.02767,2.02358,855.71702
2012-02-10,0.04866,0.05445,0.00574,11.30042,376.45699,224.46997,316.89548,24,0.10584,0.03572,0.22062,0.05022,0.04920,3.60873,852.16354
2012-02-11,0.02083,0.01411,0.00144,10.15747,364.27143,229.31681,311.08348,24,0.09385,0.00675,0.03958,0.00536,0.00919,3.70790,914.58478
2012-02-12,0.08305,0.00909,0.00060,10.64718,381.78879,229.50185,311.34446,24,0.03923,0.06370,0.01430,0.00536,0.00000,4.27547,992.97079
2012-02-13,0.02216,0.00522,0.00239,11.58031,330.37889,229.91154,319.73065,24,0.03285,0.01260,0.01613,0.00000,0.00897,3.12483,892.77719
2012-02-14,0.11904,0.02581,0.00210,13.47211,304.29301,221.53209,343.99408,24,0.04061,0.08020,0.00717,0.00536,0.00359,2.69518,854.48132
2012-02-15,0.16904,0.04958,0.00690,16.21373,336.41116,213.46146,358.36445,24,0.19362,0.11615,0.07947,0.02163,0.00000,2.74371,903.37334
2012-02-16,0.29593,0.03399,0.00883,17.13104,329.19561,198.83392,364.04551,24,0.33227,0.30026,0.11541,0.03699,0.03730,2.10698,861.95516
2012-02-17,0.13672,0.03900,0.00590,16.96404,376.56745,209.31673,356.70627,24,0.33114,0.23545,0.03783,0.05833,0.00895,1.89675,960.38816
2012-02-18,0.03452,0.03913,0.00793,15.15848,407.08796,232.52091,339.70663,24,0.03607,0.06984,0.10131,0.03599,0.03428,1.87678,1096.35493
2012-02-19,0.04085,0.02335,0.00558,13.55543,400.01604,232.71665,334.13046,24,0.04401,0.03251,0.03579,0.00723,0.01969,2.15785,1045.21740
2012-02-20,0.07350,0.03640,0.00295,12.83800,411.68196,230.81281,332.13714,24,0.04475,0.06460,0.09209,0.01864,0.02614,2.19977,1117.10396
2012-02-21,0.11997,0.04810,0.01211,14.75446,422.59054,222.64046,344.41434,24,0.11162,0.09526,0.06048,0.05932,0.03706,2.72804,1211.87554
2012-02-22,0.08287,0.05149,0.03151,16.41014,406.62321,230.90469,347.86415,24,0.11848,0.10449,0.10977,0.01296,0.07206,2.09018,1127.62105
2012-02-23,0.07076,0.05105,0.02653,17.19955,424.12660,234.04703,350.42956,24,0.09272,0.08459,0.17471,0.00179,0.12806,1.85767,1218.96898
2012-02-24,0.02678,0.03114,0.02079,16.69388,411.05088,241.55920,344.33076,24,0.04578,0.03807,0.10466,0.02958,0.08679,1.82252,1125.63526
2012-02-25,0.01125,0.01168,0.00706,15.20541,400.70822,249.87735,338.63673,24,0.01209,0.01297,0.02164,0.00179,0.00557,2.67325,1052.37487
2012-02-26,0.00644,0.00724,0.00500,13.85323,462.70460,251.81740,337.79643,24,0.00157,0.00462,0.03584,0.00179,0.03584,3.75138,1096.86145
2012-02-27,0.00399,0.01305,0.00934,13.00527,401.43066,255.37316,330.40909,24,0.00917,0.00015,0.01082,0.00000,0.00725,4.15781,1037.49938
2012-02-28,0.08250,0.07755,0.06443,13.99329,518.12438,251.65837,339.74723,24,0.02426,0.01704,0.02980,0.02052,0.02606,2.68432,1285.84002
2012-02-29,0.30502,0.43965,0.16458,16.51190,524.34925,208.71505,366.11454,24,0.56311,0.26039,0.37958,0.36907,0.29123,3.28434,1037.97551
2012-03-01,0.20448,0.44036,0.14210,16.40651,528.75845,224.15906,361.83866,24,0.40935,0.20919,0.67577,0.43640,0.48348,1.84327,1190.90568
2012-03-02,0.33003,0.61469,0.18367,16.35286,500.10294,203.55396,370.47795,24,0.41791,0.33137,0.72202,0.61121,0.34522,2.47608,1086.59407
2012-03-03,0.33371,0.50261,0.20122,16.09745,533.37203,196.75384,367.45586,24,0.53128,0.35016,0.78171,0.57677,0.45354,2.12230,1178.65046
2012-03-04,0.27879,0.22911,0.08402,16.40893,559.50098,232.87456,355.86674,24,0.34834,0.18032,0.68105,0.33166,0.49478,2.22780,1301.40428
2012-03-05,0.40237,0.23040,0.03925,17.99004,561.98234,224.26312,369.31469,24,0.56197,0.39060,0.35675,0.23550,0.14214,2.93542,1142.62848
2012-03-06,0.31015,0.30099,0.08542,19.00412,536.68194,224.49431,372.17122,24,0.65840,0.31396,0.55562,0.32061,0.16575,2.50055,1069.46495
2012-03-07,0.26934,0.23706,0.06566,18.92856,597.57676,235.81571,370.55249,24,0.44831,0.21559,0.56408,0.25378,0.28486,1.83242,1202.78538
2012-03-08,0.14789,0.22316,0.09884,17.29927,562.11899,242.55533,361.45397,24,0.34253,0.13902,0.32586,0.19817,0.14396,2.87856,1240.16252
2012-03-09,0.18571,0.24202,0.08510,17.33402,554.85426,238.52274,366.03573,24,0.46304,0.16866,0.58819,0.30555,0.38748,3.02711,1320.33559
2012-03-10,0.09296,0.11408,0.03740,16.64768,515.78276,248.31764,360.56006,24,0.29530,0.14500,0.46154,0.13227,0.28251,2.79315,1327.58674
2012-03-11,0.01375,0.00132,0.00108,13.99058,512.56609,274.53058,339.42539,24,0.00610,0.00873,0.00929,0.00000,0.00929,4.38317,1374.49701
2012-03-12,0.20814,0.00000,0.00000,13.11044,449.98015,268.94381,348.76521,24,0.04805,0.10821,0.00000,0.00000,0.00000,5.41724,1159.18589
2012-03-13,0.45700,0.00340,0.00139,15.33711,381.78382,198.32154,373.01053,24,0.42065,0.44713,0.00000,0.00000,0.00000,6.07063,889.77385
2012-03-14,0.13129,0.04665,0.00826,17.00033,515.84911,252.53922,361.64531,24,0.29120,0.10591,0.03281,0.02232,0.01292,3.32307,1178.44002
2012-03-15,0.05951,0.05213,0.00612,15.96395,561.11580,261.49431,351.70847,24,0.16263,0.09427,0.19471,0.07092,0.04948,2.30300,1381.07967
2012-03-16,0.07054,0.03509,0.00569,14.97965,656.06434,261.57860,348.34867,24,0.06228,0.13017,0.07038,0.01120,0.02952,2.60190,1772.48028
2012-03-17,0.15202,0.14093,0.03598,16.23116,617.92190,261.71867,361.68958,24,0.08971,0.11367,0.14285,0.06902,0.05168,3.29710,1471.78147
2012-03-18,0.22101,0.22640,0.04256,18.32647,525.95839,242.24853,375.90924,24,0.32550,0.22195,0.45024,0.26324,0.18358,2.88760,1253.99495
2012-03-19,0.26426,0.26601,0.02935,19.46306,530.97876,237.68458,386.44067,24,0.31355,0.30082,0.39936,0.37087,0.14751,2.34187,1314.39049
2012-03-20,0.27210,0.26262,0.05444,20.39103,512.14520,233.16332,392.30481,24,0.39821,0.28375,0.37802,0.27592,0.09051,2.72945,1269.89146
2012-03-21,0.20981,0.26589,0.08727,21.41356,573.82177,240.60574,389.47598,24,0.42074,0.27361,0.61329,0.22348,0.30915,2.00555,1224.58446
2012-03-22,0.14402,0.26582,0.08422,19.55483,621.14841,263.45164,375.14937,24,0.25350,0.14342,0.56610,0.20341,0.25494,1.80583,1327.37588
2012-03-23,0.12127,0.22774,0.07508,17.08088,538.39280,271.67385,362.25424,24,0.32515,0.11140,0.56145,0.19560,0.33341,3.46145,1233.32016
2012-03-24,0.07784,0.13590,0.05516,17.39183,555.70072,281.37389,361.35297,24,0.26162,0.05861,0.45235,0.12502,0.27568,2.77581,1404.46608
2012-03-25,0.12223,0.05527,0.02570,19.01762,573.73202,269.77882,373.12936,24,0.20144,0.10386,0.25381,0.02617,0.18297,3.02612,1455.90388
2012-03-26,0.12877,0.05296,0.00616,20.27106,586.03276,265.56940,378.97864,24,0.21233,0.15511,0.07585,0.09694,0.03331,2.76656,1395.44877
2012-03-27,0.14742,0.05247,0.00317,20.48480,605.38771,272.96897,376.88289,24,0.19023,0.11446,0.15035,0.00745,0.02236,2.67234,1269.36889
2012-03-28,0.24400,0.02958,0.00319,20.43137,559.19443,276.71988,376.21976,24,0.26208,0.17549,0.05326,0.00933,0.01294,2.73764,1168.00217
2012-03-29,0.15991,0.04228,0.00883,19.47356,624.12526,284.82575,371.33748,24,0.18149,0.10263,0.05788,0.01086,0.01637,2.67048,1264.17135
2012-03-30,0.38882,0.14164,0.03256,19.98641,592.91909,279.72075,379.20417,24,0.34155,0.23752,0.27457,0.12308,0.08917,3.01489,1328.95065
2012-03-31,0.47432,0.07973,0.02382,19.96231,543.48460,271.01388,385.83728,24,0.56664,0.31972,0.40062,0.09858,0.21968,2.49495,1357.00467
2012-10-01,0.90956,0.97284,0.27902,25.03874,385.71941,158.22469,429.35911,24,0.93005,0.89746,0.98001,1.00000,0.46260,1.55280,695.45401
2012-10-02,0.88395,0.97768,0.44862,24.69194,425.46234,137.54402,429.85474,24,0.79515,0.85538,0.99635,0.99819,0.49648,1.37959,650.04772
2012-10-03,0.93116,0.98389,0.47393,24.63188,483.99713,121.87167,430.54860,24,0.93879,0.90416,0.99446,1.00000,0.74980,1.30861,667.91993
2012-10-04,0.96680,0.97413,0.49379,24.52033,412.56566,107.80158,430.00074,24,0.90263,0.96976,0.97075,1.00000,0.58368,1.38067,606.45823
2012-10-05,0.94577,0.93041,0.37935,24.41151,336.19813,124.22804,425.70064,24,0.95658,0.92418,0.95208,0.97202,0.68790,1.18655,628.99921
2012-10-06,0.62819,0.78784,0.15835,24.59874,325.47458,176.12910,418.97258,24,0.84985,0.68050,0.89282,0.92405,0.45246,1.29615,737.14419
2012-10-07,0.52085,0.70941,0.11710,24.72819,362.72391,186.84404,420.02777,24,0.41065,0.47958,0.84792,0.89194,0.40622,1.05907,827.62426
2012-10-08,0.66217,0.75634,0.14834,24.66909,355.69474,187.27835,420.35867,24,0.61229,0.56804,0.62560,0.95686,0.17079,1.04387,868.84426
2012-10-09,0.69223,0.70524,0.20089,24.07846,282.10074,144.92636,419.76163,24,0.66697,0.64987,0.87179,0.87521,0.40503,1.26573,622.58663
2012-10-10,0.94303,0.67607,0.17834,23.85077,326.60013,122.10066,422.04103,24,0.86131,0.95028,0.70857,0.83586,0.39257,1.10619,621.82324
2012-10-11,0.80617,0.85788,0.30512,23.77439,341.44259,114.45344,419.91368,24,0.92887,0.78979,0.63665,0.91467,0.29522,1.22128,584.02891
2012-10-12,0.45860,0.86016,0.27712,23.69914,370.40589,161.21105,412.43781,24,0.72441,0.52617,0.93423,0.95438,0.54493,1.15158,658.26883
2012-10-13,0.48983,0.70993,0.14947,23.11390,356.44471,186.80036,405.42206,24,0.48421,0.40771,0.87103,0.83519,0.46439,1.41598,832.47413
2012-10-14,0.41481,0.62693,0.09756,22.96984,335.05009,180.66433,403.30062,24,0.54824,0.52280,0.73696,0.85278,0.32093,1.33436,794.67214
2012-10-15,0.19802,0.46678,0.07626,22.75938,359.45084,203.94724,396.45429,24,0.34584,0.20979,0.63510,0.64806,0.30643,1.43514,881.31851
2012-10-16,0.17341,0.33938,0.06241,22.45377,363.10746,214.67901,392.40726,24,0.29922,0.17198,0.48918,0.39785,0.20254,1.73534,909.10359
2012-10-17,0.14515,0.27197,0.05380,22.51628,360.27031,216.45531,391.75214,24,0.24074,0.11133,0.38435,0.28389,0.18950,1.60224,898.09294
2012-10-18,0.14853,0.30831,0.06338,22.23367,353.00620,214.83922,390.41954,24,0.20886,0.14350,0.34605,0.33896,0.17698,1.73988,914.18847
2012-10-19,0.14235,0.29111,0.07338,22.31546,353.83068,214.34092,388.79242,24,0.25346,0.14168,0.40915,0.31836,0.23538,1.96206,903.35783
2012-10-20,0.38565,0.22663,0.06274,22.08518,396.33599,213.83190,383.99745,24,0.22325,0.25192,0.47367,0.25256,0.26449,1.67634,950.06165
2012-10-21,0.18856,0.08779,0.03542,21.50859,408.98562,221.19928,376.66412,24,0.42313,0.26386,0.33634,0.04907,0.18513,1.92848,969.86406
2012-10-22,0.11545,0.05886,0.03140,20.96229,403.22158,222.16565,372.82682,24,0.29060,0.14623,0.13843,0.04514,0.11862,2.33048,970.15518
2012-10-23,0.07231,0.08845,0.02448,20.90550,427.11085,220.47955,373.61358,24,0.17872,0.09094,0.14440,0.08004,0.11747,2.19946,1064.55847
2012-10-24,0.07274,0.12828,0.02215,20.12044,479.83600,217.94007,367.93883,24,0.11287,0.10861,0.22714,0.07481,0.07994,2.09790,1138.87140
2012-10-25,0.06346,0.10768,0.02786,19.66296,414.47625,219.40223,364.98053,24,0.12490,0.06116,0.26655,0.17673,0.13544,2.49795,1013.27305
2012-10-26,0.05810,0.04242,0.01482,19.83887,411.29637,215.79018,362.32259,24,0.12521,0.07218,0.11818,0.03786,0.06789,2.15700,986.98456
2012-10-27,0.03819,0.02372,0.01619,19.45105,416.50026,221.22493,360.47163,24,0.10031,0.05493,0.08563,0.01457,0.08025,2.40761,971.51001
2012-10-28,0.06760,0.03676,0.02301,19.95083,402.39242,213.14536,366.91452,24,0.09484,0.07602,0.06409,0.04233,0.05873,2.38937,940.18520
2012-10-29,0.10261,0.06170,0.04745,20.45886,354.84321,216.73352,368.14572,24,0.12210,0.08361,0.11599,0.01304,0.10688,2.31412,874.82184
2012-10-30,0.23181,0.06536,0.04968,20.77641,302.84265,215.75689,371.99649,24,0.17285,0.23454,0.17325,0.01677,0.17325,2.27763,828.35141
2012-10-31,0.23060,0.05635,0.03944,21.18071,288.82537,212.74195,375.26722,24,0.25462,0.21714,0.16419,0.00555,0.16233,1.95550,851.21667
2012-11-01,0.69273,0.11966,0.03539,21.08964,312.99713,204.44425,382.52185,24,0.57363,0.64227,0.21253,0.02204,0.15870,1.63240,922.46264
2012-11-02,0.86645,0.17040,0.01660,20.96696,318.14133,152.78189,396.51607,24,0.90425,0.87873,0.41116,0.23784,0.12039,1.73073,847.22977
2012-11-03,0.81771,0.20437,0.03971,20.65162,277.42712,108.26085,399.80901,24,0.91216,0.83865,0.17781,0.27674,0.01270,2.31808,538.01849
2012-11-04,0.74827,0.43725,0.07693,20.92163,273.09540,91.47655,402.40078,24,0.82544,0.80262,0.31400,0.47507,0.07800,1.63403,519.17856
2012-11-05,0.80004,0.67037,0.19257,21.68484,268.87353,105.57541,406.33531,24,0.74788,0.73137,0.54764,0.68512,0.13387,1.43440,597.72126
2012-11-06,0.67914,0.79319,0.33842,21.86906,266.68071,111.87146,408.55315,24,0.76578,0.63425,0.81703,0.79692,0.41427,1.39787,602.01063
2012-11-07,0.51687,0.77564,0.28685,21.22210,270.61518,129.10750,400.00874,24,0.75796,0.61838,0.92785,0.88650,0.62701,1.21208,591.54159
2012-11-08,0.32327,0.52692,0.18303,19.85676,344.94888,160.22867,383.20558,24,0.52688,0.28658,0.79920,0.66786,0.59093,1.04274,898.44027
2012-11-09,0.14201,0.18223,0.04494,18.02427,469.82716,181.07921,359.84213,24,0.36727,0.20020,0.44618,0.29094,0.23535,1.54727,1190.44284
2012-11-10,0.04476,0.04536,0.02405,16.66665,497.19791,205.76037,341.01869,24,0.14619,0.02328,0.12638,0.04214,0.10841,2.61576,1158.84392
2012-11-11,0.08225,0.06082,0.03139,16.89380,494.08094,199.86514,347.93244,24,0.15682,0.07483,0.14326,0.06815,0.12309,2.52078,1186.75303
2012-11-12,0.11003,0.05024,0.01963,17.06561,465.92288,194.49769,353.23638,24,0.18674,0.12790,0.15771,0.03311,0.09372,2.69225,1165.91481
2012-11-13,0.14414,0.08335,0.02300,17.14612,429.71622,186.94155,355.62064,24,0.22314,0.21417,0.12795,0.05688,0.04932,2.70890,1049.88531
2012-11-14,0.22369,0.11148,0.03815,17.01290,427.06576,191.44098,350.16493,24,0.21859,0.34087,0.18528,0.09715,0.12341,2.38034,1003.69998
2012-11-15,0.21576,0.11459,0.03548,17.23940,378.57099,190.22014,350.38408,24,0.22953,0.18247,0.19045,0.08071,0.15955,2.37535,903.52259
2012-11-16,0.39447,0.11509,0.03512,17.96549,310.93441,175.63217,358.40114,24,0.33326,0.35026,0.10547,0.04280,0.04955,2.20741,725.51318
2012-11-17,0.55063,0.08893,0.01416,18.88655,236.31064,163.79336,372.34726,24,0.44841,0.53708,0.26162,0.07473,0.13121,1.98611,575.18191
2012-11-18,0.67687,0.04392,0.01516,19.29695,240.87731,166.84041,379.83706,24,0.69575,0.75070,0.04062,0.02970,0.02022,2.20735,615.36092
2012-11-19,0.47593,0.08732,0.01552,19.41181,271.89997,172.15570,389.03928,24,0.45728,0.34152,0.16007,0.05164,0.11808,2.21301,703.21256
2012-11-20,0.49446,0.22946,0.04788,19.03229,251.56339,146.66735,384.58799,24,0.61816,0.45662,0.16863,0.19998,0.02423,2.67981,581.43273
2012-11-21,0.41838,0.22538,0.05272,18.32441,293.04645,174.86981,371.22644,24,0.50936,0.57652,0.36434,0.24372,0.11654,2.12022,714.29134
2012-11-22,0.36343,0.10570,0.03667,16.33353,370.32132,184.76839,350.26042,24,0.39769,0.32931,0.26631,0.16163,0.18330,2.51720,914.82198
2012-11-23,0.27122,0.04137,0.01885,15.48283,392.82507,190.85487,337.18485,24,0.52498,0.25885,0.13453,0.02548,0.10585,2.79670,967.85843
2012-11-24,0.08167,0.06732,0.01318,15.67710,406.66800,188.85578,337.43387,24,0.10427,0.09756,0.06199,0.07131,0.03092,2.46567,1000.04703
2012-11-25,0.06831,0.06203,0.01138,14.41641,420.67895,189.94563,329.09400,24,0.09976,0.04988,0.16089,0.01818,0.07096,2.49477,1050.33557
2012-11-26,0.19096,0.05190,0.00658,14.12126,452.08781,186.30995,329.65989,24,0.12517,0.18591,0.10487,0.01803,0.03087,2.81480,1160.55012
2012-11-27,0.07944,0.05050,0.00742,13.87354,439.28022,186.17650,327.98470,24,0.15868,0.07146,0.09949,0.02353,0.03095,2.68956,1160.25489
2012-11-28,0.04427,0.02637,0.00331,13.79462,411.33033,188.08629,324.37800,24,0.06819,0.04830,0.07942,0.00180,0.01986,3.01761,1005.27619
2012-11-29,0.03825,0.04719,0.01098,14.47501,393.95575,188.83799,327.07643,24,0.08985,0.02221,0.03415,0.00000,0.01259,2.77394,960.83676
2012-11-30,0.21303,0.10687,0.01922,15.24537,363.31806,185.38362,334.49513,24,0.13525,0.06032,0.14203,0.08648,0.06063,2.46831,961.08103
2012-12-01,0.49753,0.05034,0.01127,15.64781,335.12123,180.97189,335.81391,24,0.44075,0.59804,0.12443,0.01990,0.07356,2.06161,857.46417
2012-12-02,0.39725,0.01796,0.00495,14.96409,394.67758,185.03305,329.80746,24,0.61195,0.41760,0.05445,0.01081,0.01622,1.97971,1021.63063
2012-12-03,0.48495,0.02093,0.01079,14.70610,330.21849,183.58523,330.44089,24,0.63526,0.56927,0.04965,0.00000,0.04780,2.48615,802.35879
2012-12-04,0.27396,0.04131,0.00931,15.08070,299.18161,183.23881,331.22638,24,0.37646,0.21209,0.05990,0.01443,0.03110,2.31739,748.55333
2012-12-05,0.16242,0.04182,0.01491,14.80991,282.79598,182.28896,328.39578,24,0.46233,0.28029,0.07587,0.02711,0.03434,2.03011,775.37395
2012-12-06,0.12263,0.07546,0.01514,14.82934,301.73498,182.38286,333.39375,24,0.13021,0.10559,0.08911,0.03085,0.05478,2.26017,829.69532
2012-12-07,0.30858,0.11311,0.01849,14.89938,311.06015,173.39021,337.34471,24,0.44514,0.39589,0.19259,0.08144,0.05845,1.92356,885.43100
2012-12-08,0.24834,0.14001,0.04267,15.16266,303.49022,169.25127,340.05592,24,0.37115,0.31518,0.23808,0.08872,0.09685,2.15269,865.10320
2012-12-09,0.19638,0.17613,0.07369,15.64021,281.22351,169.26618,339.00052,24,0.42069,0.13375,0.31783,0.11400,0.19505,1.66271,788.62325
2012-12-10,0.18111,0.19782,0.08627,15.79577,266.40326,170.35537,339.13217,24,0.44336,0.11614,0.41057,0.18253,0.29007,1.40725,752.70972
2012-12-11,0.32732,0.23462,0.05787,16.38211,262.35737,167.29599,353.50417,24,0.52158,0.15833,0.34318,0.15052,0.22418,1.21910,695.06997
2012-12-12,0.45587,0.60955,0.13587,17.16790,253.49535,122.18884,368.47163,24,0.61083,0.58859,0.47761,0.56303,0.16977,1.60965,600.43075
2012-12-13,0.30960,0.53967,0.14509,17.40011,263.47922,143.91776,360.02061,24,0.67159,0.43148,0.88384,0.71228,0.55905,1.11255,720.27778
2012-12-14,0.17266,0.31017,0.05823,17.14006,294.08097,160.67846,349.71237,24,0.37688,0.22302,0.50889,0.42190,0.22705,1.13709,751.02191
2012-12-15,0.20669,0.10484,0.01653,16.10742,336.76329,168.87287,339.28648,24,0.21626,0.20229,0.23618,0.14762,0.07959,1.41484,809.87815
2012-12-16,0.73725,0.07656,0.01351,15.37684,331.64877,174.56250,336.51481,24,0.58784,0.48077,0.08883,0.08530,0.02713,1.55636,727.87003
2012-12-17,0.42790,0.12297,0.01443,15.04757,345.69482,168.79620,336.08112,24,0.59031,0.43093,0.14246,0.19753,0.01985,1.72505,856.08905
2012-12-18,0.39868,0.27870,0.03631,15.07246,334.19868,172.06107,337.61108,24,0.47991,0.31322,0.16731,0.14032,0.10048,1.45751,784.35577
2012-12-19,0.68502,0.35424,0.07882,14.65124,347.16256,154.45676,341.22980,24,0.73371,0.66903,0.53604,0.35047,0.15742,1.91665,811.50171
2012-12-20,0.47535,0.28926,0.09656,13.96236,348.44792,161.52305,331.07723,24,0.67798,0.39546,0.49629,0.31048,0.28607,1.86126,874.23872
2012-12-21,0.20960,0.24026,0.07612,13.19489,372.48400,168.85943,322.85497,24,0.50579,0.21847,0.39133,0.24879,0.20990,1.80010,850.96634
2012-12-22,0.08721,0.10210,0.02194,12.98152,365.60821,178.22774,312.71435,24,0.25203,0.14266,0.30564,0.11725,0.10265,1.61806,796.45530
2012-12-23,0.04370,0.02331,0.02013,12.93892,295.28159,187.97535,307.39554,24,0.12360,0.00397,0.04029,0.00000,0.03655,1.89973,682.39970
2012-12-24,0.07928,0.06334,0.03988,12.95596,264.24550,187.05392,310.26252,24,0.27825,0.00812,0.09733,0.01098,0.09733,1.90760,588.05620
2012-12-25,0.13950,0.15734,0.03888,12.30983,354.14100,180.55936,315.99996,24,0.36184,0.08951,0.20492,0.09648,0.10062,2.27212,821.25983
2012-12-26,0.09147,0.09757,0.02882,11.59029,379.91163,177.79380,309.19473,24,0.25255,0.15554,0.32867,0.16463,0.11942,2.10285,904.08349
2012-12-27,0.08809,0.04096,0.02686,11.42624,337.04841,185.84276,305.25960,24,0.20257,0.05104,0.05616,0.00539,0.05616,1.87808,767.37205
2012-12-28,0.12048,0.11225,0.04654,12.06376,305.07268,183.89511,311.91418,24,0.29561,0.04830,0.10132,0.02742,0.09954,1.96422,734.17239
2012-12-29,0.16057,0.18330,0.08793,12.17981,314.82970,178.43853,317.77050,24,0.46179,0.13174,0.42034,0.19761,0.35299,1.72329,763.99981
2012-12-30,0.21235,0.11115,0.03322,12.06326,326.88725,179.85415,318.37575,24,0.32016,0.27754,0.16851,0.14067,0.10989,1.74332,817.06775
2012-12-31,0.20935,0.12448,0.03610,12.02235,316.51663,173.45611,325.05718,24,0.26452,0.15176,0.20751,0.14158,0.10613,1.93527,808.72403
2013-01-01,0.10616,0.05088,0.01892,12.27681,299.43470,179.19723,321.67966,24,0.25166,0.19430,0.16098,0.06177,0.07607,2.07137,781.99529
2013-01-02,0.19900,0.09126,0.04060,13.27837,275.23517,179.99153,335.21997,24,0.22775,0.12571,0.12598,0.01814,0.11150,1.88403,711.98967
2013-01-03,0.47055,0.28527,0.02713,14.65935,219.49676,112.25878,361.34721,24,0.51613,0.66548,0.24085,0.21593,0.07424,1.75117,522.17830
2013-01-04,0.19601,0.18765,0.03813,14.20313,293.75809,160.24318,338.15412,24,0.42286,0.20896,0.46324,0.18791,0.11576,1.41006,730.87322
2013-01-05,0.06822,0.10188,0.01467,12.71528,353.72022,180.93502,315.11737,24,0.11391,0.08020,0.20572,0.15903,0.04142,1.87590,871.09189
2013-01-06,0.10072,0.06377,0.01580,12.00131,318.23621,188.72240,315.97102,24,0.05501,0.04132,0.08804,0.02336,0.04684,2.16302,779.80693
2013-01-07,0.30110,0.10504,0.01159,12.10108,283.64554,155.68485,335.03155,24,0.32815,0.27963,0.12804,0.06272,0.04674,2.37733,673.50662
2013-01-08,0.13401,0.12848,0.00779,9.76211,367.01466,173.77739,308.70095,24,0.26966,0.18952,0.29516,0.12786,0.01616,2.27174,860.73694
2013-01-09,0.07475,0.07535,0.00794,8.09473,383.81071,187.87035,295.92574,24,0.09608,0.10299,0.09519,0.08114,0.02155,2.18557,880.35462
2013-01-10,0.10478,0.07838,0.01282,8.75881,377.48431,184.82325,302.99718,24,0.12572,0.10044,0.12609,0.04869,0.01803,2.45505,954.69711
2013-01-11,0.15517,0.08812,0.02424,9.48246,411.94390,178.11648,308.73700,24,0.31713,0.18529,0.19948,0.03423,0.10374,2.35200,1082.42841
2013-01-12,0.03158,0.02162,0.01816,10.15750,383.07354,196.17937,301.88597,24,0.11681,0.00271,0.04498,0.00538,0.03058,2.11154,876.61938
2013-01-13,0.03816,0.04288,0.02240,11.13688,336.26827,193.86926,308.96492,24,0.11114,0.00888,0.09672,0.00364,0.09314,2.28498,860.65707
2013-01-14,0.06029,0.04688,0.01675,11.97070,291.82138,193.40380,317.31125,24,0.14524,0.02951,0.12945,0.04173,0.08805,1.98599,807.15443
2013-01-15,0.03713,0.03508,0.01312,12.41287,317.09661,195.60630,318.41809,24,0.07599,0.02248,0.08131,0.02003,0.04167,1.99492,875.46833
2013-01-16,0.19353,0.03448,0.01468,13.03401,278.54064,193.94721,325.54553,24,0.11837,0.05976,0.04939,0.01086,0.03679,2.06659,775.43481
2013-01-17,0.63886,0.02663,0.01750,13.90375,252.05898,191.27219,329.24243,24,0.56320,0.60361,0.10447,0.01843,0.07756,1.78858,682.02879
2013-01-18,0.13676,0.00390,0.00345,14.50450,232.83338,200.17211,325.49950,24,0.44508,0.19463,0.00744,0.00000,0.00744,1.95926,644.73291
2013-01-19,0.07008,0.05191,0.03112,15.00539,233.72667,194.94138,334.25478,24,0.16170,0.02970,0.08313,0.00372,0.07768,1.76954,656.00657
2013-01-20,0.10645,0.10640,0.02124,15.05648,323.62522,187.66974,337.48383,24,0.13176,0.13283,0.20714,0.12358,0.09616,1.82560,816.23012
2013-01-21,0.06364,0.08908,0.01792,13.35671,348.34229,197.72854,321.57186,24,0.08642,0.06003,0.13891,0.11059,0.02916,1.64685,785.07513
2013-01-22,0.02449,0.02743,0.01259,12.34654,367.42349,205.56421,311.55985,24,0.06293,0.06818,0.10967,0.03243,0.05764,2.28648,807.42320
2013-01-23,0.00567,0.00703,0.00501,11.95070,355.98756,209.63909,306.13360,24,0.01971,0.00090,0.02330,0.00000,0.01794,2.30940,767.08305
2013-01-24,0.00575,0.00621,0.00351,11.16903,355.29783,211.98110,301.85718,24,0.01437,0.00077,0.01977,0.00183,0.01255,2.34935,761.72186
2013-01-25,0.04490,0.01109,0.00561,10.32551,356.44645,212.35536,299.05796,24,0.03088,0.07169,0.01613,0.00000,0.01434,2.51780,753.86676
2013-01-26,0.02364,0.01404,0.00658,9.92976,423.56222,213.26149,299.19726,24,0.02495,0.01589,0.03235,0.04922,0.02155,2.57545,869.59107
2013-01-27,0.41327,0.00862,0.00493,10.60593,401.75437,213.61570,302.39341,24,0.18889,0.17319,0.02152,0.00550,0.01973,2.44426,878.15021
2013-01-28,0.63356,0.00322,0.00075,11.30489,339.88239,194.11832,313.73318,24,0.86569,0.87293,0.01436,0.00000,0.00180,2.65942,735.73956
2013-01-29,0.06479,0.00596,0.00391,11.50321,376.63517,214.03238,311.47787,24,0.14670,0.11748,0.00184,0.00187,0.00184,2.75295,959.01197
2013-01-30,0.07803,0.01010,0.00800,11.67123,366.16707,212.67987,313.80788,24,0.14495,0.10841,0.04611,0.00000,0.04431,2.88708,989.60651
2013-01-31,0.42536,0.00496,0.00422,12.76099,320.10490,211.37845,318.87218,24,0.16328,0.40302,0.02552,0.00000,0.02552,2.48643,878.54013
2013-02-01,0.76526,0.00083,0.00061,13.66404,254.41549,146.21516,339.60414,24,0.97400,0.99438,0.00185,0.00000,0.00185,2.44497,667.00720
2013-02-02,0.60587,0.00347,0.00212,13.73928,310.87704,212.47677,333.93643,24,0.17919,0.34392,0.01263,0.00000,0.00725,2.22782,850.18372
2013-02-03,0.15082,0.00277,0.00067,13.98587,330.51611,201.08059,334.38551,24,0.61152,0.19277,0.00361,0.00181,0.00000,2.93600,952.96531
2013-02-04,0.08071,0.00255,0.00106,14.19233,318.50075,217.78366,328.98995,24,0.01782,0.03895,0.00539,0.00000,0.00360,2.10910,924.41717
2013-02-05,0.00967,0.00060,0.00023,14.51089,284.99917,220.36922,330.83976,24,0.05162,0.01014,0.00179,0.00000,0.00000,2.06654,822.43307
2013-02-06,0.12396,0.00023,0.00023,14.71460,256.03657,221.66100,336.23271,24,0.00438,0.05671,0.00000,0.00000,0.00000,2.36297,720.94701
2013-02-07,0.43506,0.00306,0.00023,16.01643,317.25074,209.94953,351.67034,24,0.36985,0.64187,0.00186,0.00000,0.00186,2.37661,748.93501
2013-02-08,0.37128,0.02737,0.00616,16.23856,389.53273,184.98750,355.37514,24,0.46823,0.44316,0.00723,0.00179,0.00187,2.49306,783.46280
2013-02-09,0.02691,0.03476,0.01034,13.08661,388.15715,223.95371,323.52118,24,0.15166,0.01966,0.06281,0.01251,0.02335,2.29425,829.16714
2013-02-10,0.04300,0.01101,0.00546,12.24905,380.60014,231.98209,315.90804,24,0.01768,0.00349,0.04678,0.00181,0.02699,3.35146,853.15787
2013-02-11,0.56779,0.00321,0.00276,12.91560,334.56717,233.67257,317.64907,24,0.02672,0.22952,0.01255,0.00000,0.01255,3.69561,823.00847
2013-02-12,0.91208,0.00089,0.00045,13.80322,316.76172,210.17265,338.28487,24,0.96228,0.95949,0.00000,0.00000,0.00000,2.97579,759.37193
2013-02-13,0.41241,0.00627,0.00281,14.99795,291.21618,196.41644,344.21447,24,0.72553,0.51169,0.00358,0.00179,0.00358,3.80208,684.20036
2013-02-14,0.10016,0.01158,0.00099,14.74922,308.89161,224.02944,333.76676,24,0.24077,0.12172,0.01656,0.00357,0.00560,2.93514,807.33383
2013-02-15,0.22380,0.00538,0.00053,14.01727,344.81437,226.63691,339.82206,24,0.14624,0.19018,0.01073,0.00179,0.00179,2.46440,823.15281
2013-02-16,0.64971,0.00299,0.00000,15.63894,342.63944,186.44228,363.16109,24,0.30108,0.52166,0.00000,0.00000,0.00000,3.66984,691.72245
2013-02-17,0.81003,0.26597,0.13586,16.58117,266.52494,98.68065,375.79324,24,0.74138,0.92899,0.03225,0.11654,0.01433,2.77414,498.99543
2013-02-18,0.30437,0.31547,0.12306,15.62084,430.43615,178.22517,350.99269,24,0.75321,0.56197,0.64909,0.53381,0.51882,1.75930,845.69680
2013-02-19,0.09152,0.08749,0.02027,14.03360,537.71621,227.09333,327.10009,24,0.17322,0.19431,0.25259,0.04482,0.08685,1.65473,1205.13061
2013-02-20,0.02266,0.01362,0.00711,13.95139,449.72149,240.10463,325.52493,24,0.05365,0.03187,0.04317,0.00000,0.03060,2.64567,1013.67301
2013-02-21,0.00767,0.00762,0.00359,14.53163,449.58476,244.76346,324.89258,24,0.01384,0.01173,0.01794,0.00180,0.01077,2.70667,1010.31711
2013-02-22,0.00493,0.00388,0.00299,14.71944,353.48040,249.80876,325.51873,24,0.00996,0.00681,0.01256,0.00000,0.01256,2.87579,858.14734
2013-02-23,0.00537,0.00201,0.00112,15.23525,327.86061,251.23547,330.91015,24,0.01039,0.00766,0.00895,0.00000,0.00538,2.88200,888.17105
2013-02-24,0.03742,0.00142,0.00112,15.64730,357.61464,248.24617,339.63751,24,0.02076,0.04451,0.00538,0.00000,0.00538,2.85672,977.08459
2013-02-25,0.01899,0.00098,0.00038,15.69623,390.32601,247.02194,346.12731,24,0.02833,0.03521,0.00726,0.00000,0.00187,3.46680,914.63392
2013-02-26,0.00569,0.00292,0.00277,15.54924,429.84215,251.69934,339.81505,24,0.00615,0.00387,0.00896,0.00000,0.00718,3.13714,1129.09936
2013-02-27,0.04691,0.00306,0.00247,15.42527,389.09290,256.75077,334.14208,24,0.01481,0.05484,0.01436,0.00000,0.01436,3.25064,1019.02462
2013-02-28,0.12986,0.00328,0.00156,15.23209,382.10769,256.94712,338.69352,24,0.05202,0.26406,0.00357,0.00000,0.00179,3.16813,899.93639
2013-03-01,0.02685,0.00559,0.00149,14.02389,426.88654,260.35712,327.88979,24,0.02913,0.06443,0.01431,0.00000,0.00895,4.10907,1005.78297
2013-03-02,0.00485,0.00604,0.00366,14.20917,398.38644,263.31819,328.39087,24,0.01387,0.00477,0.01611,0.00000,0.00718,3.52308,990.86871
2013-03-03,0.00419,0.00419,0.00330,15.29637,383.37998,264.05658,334.58894,24,0.00939,0.00149,0.02156,0.00000,0.01977,3.32619,1037.73478
2013-03-04,0.02223,0.00254,0.00194,15.81688,388.79434,261.63049,340.11684,24,0.01467,0.02691,0.01075,0.00000,0.00718,2.92860,1078.86274
2013-03-05,0.04227,0.00380,0.00350,15.92730,406.98653,265.00548,341.25206,24,0.04026,0.01273,0.01451,0.00000,0.01273,2.65536,1163.24234
2013-03-06,0.02093,0.00157,0.00142,16.29402,448.17596,262.83522,345.92470,24,0.03888,0.02211,0.00364,0.00000,0.00364,2.63662,1307.30426
2013-03-07,0.03888,0.00209,0.00157,16.52597,463.89789,260.80187,349.38032,24,0.02878,0.02653,0.01081,0.00000,0.00901,2.64684,1284.50645
2013-03-08,0.02515,0.00075,0.00060,15.92230,510.61060,263.72211,347.34662,24,0.02653,0.02628,0.00179,0.00000,0.00000,2.81302,1401.43885
2013-03-09,0.03419,0.01845,0.01676,16.60832,533.86200,264.18980,350.94007,24,0.01590,0.02671,0.00897,0.00000,0.00897,2.94054,1526.10521
2013-03-10,0.10133,0.11850,0.07415,17.04043,534.65823,258.35095,356.91875,24,0.16562,0.07392,0.17090,0.09335,0.14493,2.77951,1386.67477
2013-03-11,0.20068,0.15786,0.08156,18.42177,534.59038,249.65736,364.07902,24,0.29857,0.13825,0.42075,0.13794,0.32744,2.65141,1295.31678
2013-03-12,0.17586,0.14940,0.05280,19.77208,514.84849,249.15804,374.17642,24,0.31793,0.12134,0.35921,0.13463,0.22534,2.26679,1084.50555
2013-03-13,0.27085,0.20844,0.09009,20.54230,485.73633,236.08942,381.86012,24,0.32693,0.27803,0.35954,0.13142,0.25898,2.03558,1134.29619
2013-03-14,0.63792,0.09785,0.05665,20.75953,459.16913,243.22766,383.57355,24,0.58554,0.53527,0.44972,0.02397,0.36638,1.64769,1081.91167
2013-03-15,0.70152,0.01313,0.00458,20.87131,427.58000,234.87180,387.19199,24,0.69664,0.89461,0.02366,0.00000,0.01291,2.09985,1099.70306
2013-03-16,0.21846,0.01408,0.01174,19.44973,481.92503,259.27400,377.74769,24,0.25215,0.36153,0.03342,0.00187,0.02429,1.93663,1299.99370
2013-03-17,0.27600,0.04993,0.01962,17.31762,605.88830,248.47725,373.13534,24,0.16982,0.26316,0.10425,0.03740,0.08933,2.57617,1429.76885
2013-03-18,0.07701,0.01788,0.00300,15.74241,666.22440,267.17659,354.18950,24,0.06153,0.10627,0.06065,0.00000,0.02950,2.84092,1574.80196
2013-03-19,0.09987,0.08057,0.02977,16.98954,657.96960,262.60006,362.35736,24,0.03814,0.14450,0.07064,0.06348,0.00000,3.13102,1664.63786
2013-03-20,0.24850,0.12814,0.05079,18.51548,583.83625,253.33710,374.45029,24,0.20162,0.14126,0.33863,0.06887,0.18063,3.00878,1457.16568
2013-03-21,0.22660,0.10152,0.04277,19.27205,546.49489,246.94772,377.20516,24,0.33744,0.15295,0.34468,0.00741,0.22378,2.79480,1319.15070
2013-03-22,0.27571,0.22116,0.07295,19.69474,556.19473,239.93562,378.24903,24,0.26868,0.35018,0.28301,0.15988,0.11528,1.97143,1196.64663
2013-03-23,0.30577,0.17155,0.03855,20.50589,502.17974,242.91631,386.36839,24,0.56035,0.44026,0.53521,0.15302,0.30876,1.98197,1100.11596
2013-03-24,0.25087,0.07455,0.00967,20.93175,519.11922,260.42209,387.08831,24,0.34933,0.21742,0.19606,0.02042,0.06457,2.11155,1211.08103
2013-03-25,0.14611,0.12249,0.03617,20.58450,606.14443,253.66668,387.39446,24,0.08879,0.13010,0.13637,0.11939,0.02002,2.39290,1345.36888
2013-03-26,0.23222,0.18178,0.09777,19.65637,610.30425,268.10251,380.79311,24,0.14562,0.12713,0.23704,0.08494,0.09385,2.72883,1417.11077
2013-03-27,0.48682,0.25739,0.12309,19.75158,524.66687,263.93989,384.31108,24,0.52330,0.39040,0.51439,0.20796,0.31092,2.67175,1161.52942
2013-03-28,0.44858,0.11589,0.06872,19.80417,535.17122,260.08914,388.75192,24,0.61110,0.40830,0.48172,0.06323,0.43935,2.39001,1239.69706
2013-03-29,0.25814,0.04721,0.02024,19.71093,551.60612,262.07841,392.40920,24,0.53226,0.39933,0.12469,0.01120,0.10242,3.31266,1282.13636
2013-03-30,0.18735,0.07297,0.01845,20.21286,590.18208,255.55326,392.27355,24,0.17552,0.27655,0.08716,0.03854,0.03242,2.99973,1386.85809
2013-03-31,0.16482,0.09697,0.02047,20.28551,592.51536,267.23202,389.30191,24,0.11303,0.17458,0.15730,0.03954,0.08262,2.35823,1371.13927
2013-10-01,0.84006,0.50749,0.10894,24.35578,379.25350,140.61795,422.54447,24,0.90618,0.85789,0.45203,0.60654,0.13173,1.55917,686.88444
2013-10-02,0.64068,0.50001,0.16099,24.51928,342.37570,172.31668,421.78078,24,0.77415,0.59205,0.46899,0.52235,0.14248,1.60353,726.73401
2013-10-03,0.80704,0.80079,0.19880,24.32649,365.63777,153.10610,422.63543,24,0.79541,0.74019,0.69630,0.90481,0.35133,1.37719,630.74674
2013-10-04,0.97221,0.95310,0.42411,24.23472,346.22978,103.56348,425.73492,24,0.96103,0.97561,0.87266,0.98178,0.19230,1.10706,497.34793
2013-10-05,0.97547,0.96049,0.40547,24.39665,336.22018,105.72820,428.51907,24,0.96397,0.92870,0.95593,0.99282,0.57451,1.04846,539.46053
2013-10-06,0.98266,0.89636,0.43455,24.08936,259.56385,70.26291,426.15793,24,0.99488,0.99614,0.97832,0.95809,0.69667,1.03496,391.94818
2013-10-07,0.83552,0.76426,0.22244,23.99688,289.23593,146.25428,419.14192,24,0.89525,0.89165,0.86623,0.91613,0.54858,1.08647,587.84260
2013-10-08,0.69061,0.55989,0.10243,23.06132,374.28921,166.00263,412.05887,24,0.77759,0.78417,0.67194,0.67371,0.26223,1.25431,728.52534
2013-10-09,0.67997,0.30971,0.05877,23.24446,306.35859,166.67957,407.78156,24,0.58347,0.61069,0.49149,0.42955,0.16840,1.72883,699.86712
2013-10-10,0.25914,0.08186,0.02340,23.63048,327.86112,228.23055,402.32518,24,0.47140,0.23489,0.25994,0.16543,0.12031,1.45116,799.44454
2013-10-11,0.50450,0.16489,0.01942,23.72321,468.58870,216.36747,405.77893,24,0.37466,0.40683,0.12422,0.24794,0.03347,1.71424,999.36759
2013-10-12,0.86656,0.41142,0.14588,23.96057,523.55021,159.16630,416.99764,24,0.58489,0.78925,0.23033,0.39250,0.10804,1.68014,943.44971
2013-10-13,0.83046,0.67468,0.12060,24.16519,489.84147,136.74384,417.57033,24,0.86317,0.75697,0.63457,0.75263,0.25106,1.74869,776.71086
2013-10-14,0.83748,0.67916,0.09493,24.09944,468.58599,173.94110,416.86433,24,0.92857,0.85803,0.89505,0.83388,0.28624,1.46260,909.26118
2013-10-15,0.67168,0.65591,0.11052,23.86201,337.17135,165.46964,416.63345,24,0.81685,0.66036,0.85932,0.77455,0.29376,1.45540,732.80899
2013-10-16,0.38645,0.68134,0.09527,24.03276,321.49877,179.67023,413.31347,24,0.70546,0.49507,0.80458,0.82704,0.34374,1.29825,729.67334
2013-10-17,0.29777,0.50509,0.05503,24.31724,318.20039,192.68541,410.95906,24,0.36007,0.25398,0.68147,0.74669,0.25306,1.48385,801.86143
2013-10-18,0.32446,0.39018,0.05737,24.20417,324.20308,199.46040,409.92088,24,0.31917,0.27439,0.44242,0.67150,0.11290,1.67894,907.90729
2013-10-19,0.31465,0.53458,0.08576,24.07060,332.20596,193.28275,411.35046,24,0.42030,0.33376,0.40199,0.78010,0.18041,1.54424,922.46784
2013-10-20,0.34823,0.79434,0.14536,23.40266,321.90683,181.50830,410.05760,24,0.26585,0.27697,0.71012,0.94369,0.30427,1.32096,798.44975
2013-10-21,0.68190,0.84126,0.21817,23.26460,317.11600,151.97455,413.52244,24,0.55022,0.59233,0.89138,0.98350,0.44157,1.21227,721.06990
2013-10-22,0.76076,0.66256,0.19988,22.88968,311.25590,100.63085,411.27558,24,0.81746,0.80523,0.89352,0.96484,0.48454,1.16513,615.08385
2013-10-23,0.71475,0.44006,0.12932,22.69715,310.84173,123.12983,403.18344,24,0.76723,0.77600,0.65903,0.63805,0.36092,1.30993,645.53584
2013-10-24,0.70672,0.23607,0.04162,22.73032,313.44459,154.14264,401.05008,24,0.71098,0.63797,0.38039,0.44983,0.20903,1.29360,732.34656
2013-10-25,0.92698,0.42980,0.10859,22.39890,304.92442,93.60095,411.52536,24,0.92192,0.90309,0.27662,0.51896,0.05170,1.82371,550.70087
2013-10-26,0.83241,0.73530,0.30634,21.93467,311.18297,68.96039,409.21822,24,0.93617,0.92286,0.52983,0.84771,0.23678,1.27249,485.01172
2013-10-27,0.73643,0.66391,0.17015,21.82463,312.36681,118.18219,405.83550,24,0.80584,0.80842,0.66278,0.82931,0.42273,0.89799,704.20123
2013-10-28,0.39108,0.65961,0.13818,21.85012,343.09250,166.57289,393.21795,24,0.67150,0.45179,0.85741,0.91888,0.22034,1.35913,804.23293
2013-10-29,0.28773,0.54777,0.13952,21.55783,342.42897,176.02431,386.19024,24,0.44662,0.34302,0.62920,0.74295,0.30678,1.47776,833.40364
2013-10-30,0.21100,0.35991,0.10068,20.79457,365.91564,191.63999,376.22351,24,0.46354,0.21095,0.71614,0.51586,0.43490,1.51738,997.44444
2013-10-31,0.17073,0.23799,0.07578,20.00563,410.22720,197.18147,367.28694,24,0.42411,0.17821,0.50907,0.23577,0.30342,1.80975,1093.47327
2013-11-01,0.15502,0.21095,0.05510,19.42288,413.13248,202.05140,362.38355,24,0.33408,0.14189,0.35814,0.20495,0.19838,2.09459,1017.79305
2013-11-02,0.15519,0.22782,0.05307,19.69093,355.67989,192.61624,366.63772,24,0.23237,0.17802,0.34200,0.22673,0.19821,2.28751,873.20757
2013-11-03,0.13112,0.25282,0.03855,20.21034,346.54506,192.14937,368.01970,24,0.27447,0.18413,0.37048,0.27730,0.17150,1.87893,836.77602
2013-11-04,0.09696,0.13610,0.02363,20.17902,344.40767,197.18213,364.30709,24,0.11875,0.16152,0.22245,0.15006,0.08563,1.96316,809.85854
2013-11-05,0.06960,0.10010,0.04291,19.43060,380.51137,207.97978,355.48279,24,0.15330,0.04305,0.25122,0.08493,0.13800,1.71305,883.59310
2013-11-06,0.07878,0.06761,0.03585,18.93002,364.44247,209.93551,350.24087,24,0.20947,0.05088,0.19816,0.01097,0.12209,2.06887,871.88591
2013-11-07,0.06480,0.06997,0.03916,18.64846,353.60812,208.70091,350.64856,24,0.13652,0.03242,0.18022,0.07509,0.12644,2.16320,911.90435
2013-11-08,0.08626,0.05999,0.02730,18.61527,370.29439,206.78971,350.18022,24,0.14810,0.06229,0.16215,0.02918,0.10106,2.43657,949.61899
2013-11-09,0.03720,0.05634,0.03494,18.72555,366.98732,207.89313,347.73340,24,0.08929,0.03011,0.13212,0.03671,0.09702,2.26820,854.30969
2013-11-10,0.11146,0.02699,0.01953,18.38621,336.14515,208.15493,345.32174,24,0.09521,0.00684,0.15915,0.00371,0.12735,2.06626,707.93543
2013-11-11,0.05213,0.01676,0.01443,17.56775,325.66840,209.16172,338.67635,24,0.15997,0.02382,0.04737,0.00000,0.03988,1.97555,642.18389
2013-11-12,0.10979,0.02541,0.01910,16.93459,306.35580,208.45616,335.11853,24,0.14549,0.02444,0.08613,0.00000,0.08613,2.34702,644.88192
2013-11-13,0.23051,0.01422,0.01246,16.55546,311.67308,205.41175,336.12055,24,0.44996,0.15386,0.06958,0.00186,0.06958,2.62084,692.63632
2013-11-14,0.25497,0.01663,0.00838,17.03531,285.76390,200.28515,344.83248,24,0.51023,0.13897,0.02738,0.00000,0.02738,2.65393,694.21036
2013-11-15,0.15823,0.02705,0.01876,17.40377,234.72295,177.39981,354.15910,24,0.32061,0.27514,0.04247,0.00551,0.02972,2.53441,535.57347
2013-11-16,0.05328,0.01258,0.01142,16.85932,240.69240,198.44585,348.89640,24,0.06419,0.00778,0.09646,0.00000,0.08719,2.23330,585.53161
2013-11-17,0.13738,0.01900,0.00848,17.16492,274.64593,196.07706,347.54704,24,0.21665,0.13781,0.00898,0.00000,0.00898,2.80003,624.54468
2013-11-18,0.03376,0.05706,0.02126,17.02050,290.79044,197.22517,342.73402,24,0.08585,0.01135,0.07559,0.01833,0.06456,2.53391,707.45056
2013-11-19,0.11508,0.03330,0.01344,16.12583,318.11412,196.54567,335.53150,24,0.10086,0.04656,0.12316,0.08829,0.09032,2.59276,835.66196
2013-11-20,0.40647,0.02201,0.00708,15.66262,310.74936,187.73422,334.12490,24,0.28146,0.20559,0.02519,0.01455,0.01616,2.44334,825.26330
2013-11-21,0.33303,0.01614,0.00943,15.83179,314.95123,186.60191,340.78686,24,0.60677,0.35031,0.04948,0.00906,0.03496,2.45500,821.59288
2013-11-22,0.31057,0.00445,0.00090,16.12447,280.89776,178.93246,350.04060,24,0.20832,0.19450,0.01847,0.00000,0.00365,2.60191,741.07139
2013-11-23,0.12753,0.00937,0.00200,15.97780,299.92199,188.57163,344.92850,24,0.29233,0.12595,0.00543,0.00180,0.00180,2.72029,825.91923
2013-11-24,0.37765,0.01236,0.00572,15.88478,344.88530,191.26541,338.24168,24,0.27283,0.43619,0.00898,0.00365,0.00182,2.50482,882.01109
2013-11-25,0.31135,0.02587,0.01547,15.95293,370.82312,188.47900,340.21086,24,0.25439,0.34903,0.09314,0.01089,0.06031,2.37918,912.15655
2013-11-26,0.51347,0.07055,0.01114,16.56237,336.82382,187.91129,346.19843,24,0.37099,0.31064,0.04547,0.01094,0.03285,2.22671,933.91901
2013-11-27,0.67297,0.20559,0.01183,17.75552,298.02131,173.73970,364.04065,24,0.74661,0.71706,0.18221,0.08514,0.04220,2.29414,887.09212
2013-11-28,0.42248,0.22125,0.02963,18.85257,274.40915,165.56685,375.10670,24,0.85685,0.57600,0.33327,0.22073,0.02587,1.86440,804.86888
2013-11-29,0.14021,0.12766,0.02528,18.41618,313.99227,170.63033,370.84221,24,0.27616,0.13338,0.22080,0.08987,0.08463,1.95530,903.94978
2013-11-30,0.13685,0.08273,0.01956,17.52578,368.09547,165.81525,362.35413,24,0.23721,0.16765,0.20151,0.05812,0.08413,1.80877,999.70204
2013-12-01,0.04952,0.04601,0.01295,17.12947,407.93685,183.21315,346.00327,24,0.08697,0.05428,0.12392,0.01642,0.04715,2.47669,1003.06323
2013-12-02,0.05807,0.08129,0.02057,16.82860,402.76171,184.35363,342.59606,24,0.12702,0.06194,0.14153,0.06854,0.08832,2.24966,967.60651
2013-12-03,0.08088,0.10930,0.01869,17.14339,383.92186,182.27759,347.43259,24,0.13997,0.06231,0.13506,0.04463,0.08136,2.33152,1032.43766
2013-12-04,0.15556,0.10250,0.01005,17.03950,373.79408,174.87120,353.33078,24,0.19754,0.18239,0.19379,0.04106,0.06389,2.20478,1032.19912
2013-12-05,0.21602,0.09081,0.01121,16.76059,384.12469,173.41272,349.40927,24,0.36300,0.29711,0.16039,0.04446,0.02770,2.06442,1070.65860
2013-12-06,0.68044,0.09139,0.02345,16.57336,391.85313,175.11864,345.70376,24,0.48926,0.74767,0.22867,0.03536,0.08309,2.10779,1105.12525
2013-12-07,0.76423,0.06787,0.01272,16.60961,374.91840,169.23488,351.07557,24,0.84374,0.78618,0.20147,0.02982,0.10514,1.94371,1069.42754
2013-12-08,0.78323,0.06844,0.00512,16.52884,374.93277,166.78084,351.33730,24,0.73953,0.70995,0.07502,0.01093,0.02567,2.08521,1084.43287
2013-12-09,0.65219,0.20635,0.00730,16.83125,368.02654,158.38666,358.51912,24,0.87443,0.66962,0.19108,0.08565,0.00917,1.99074,1001.98435
2013-12-10,0.52088,0.15106,0.01099,16.85551,359.91344,157.43006,357.54828,24,0.51449,0.63377,0.23020,0.07781,0.02030,1.87338,1006.40174
2013-12-11,0.17231,0.12581,0.01868,16.26410,371.51296,164.66418,349.28993,24,0.28283,0.22180,0.24789,0.09357,0.07219,1.87860,1034.47213
2013-12-12,0.13196,0.09823,0.01217,14.55280,436.45297,172.38783,333.53354,24,0.21309,0.20214,0.17594,0.06113,0.05482,1.89131,1128.73741
2013-12-13,0.15415,0.10311,0.01287,13.65523,423.97716,172.99862,328.72687,24,0.15505,0.12505,0.14243,0.14565,0.04323,3.01643,1082.54527
2013-12-14,0.20871,0.05104,0.01303,13.24141,503.80286,162.58591,330.03619,24,0.23623,0.27712,0.13990,0.06543,0.05678,2.79892,1352.48518
2013-12-15,0.02905,0.00758,0.00599,12.84659,414.80768,185.05494,311.12274,24,0.08507,0.02916,0.03852,0.00180,0.03111,2.76969,998.91529
2013-12-16,0.01272,0.01235,0.00602,12.47742,319.75922,187.06627,309.52567,24,0.03863,0.00235,0.01436,0.00000,0.01436,2.74041,784.24321
2013-12-17,0.06910,0.01808,0.01480,12.15459,331.90356,183.36000,315.84882,24,0.02365,0.01508,0.03464,0.00179,0.02749,2.66082,842.96868
2013-12-18,0.23545,0.01470,0.00676,12.27279,395.34452,168.89108,331.83807,24,0.18969,0.11921,0.05900,0.00374,0.05346,2.85168,935.89169
2013-12-19,0.32041,0.08085,0.00549,13.22520,392.28431,139.25898,343.63604,24,0.42617,0.38998,0.05705,0.04754,0.01292,3.37610,934.63942
2013-12-20,0.29773,0.23738,0.03198,14.46971,391.59476,152.15203,344.25159,24,0.36844,0.31151,0.23367,0.26821,0.04183,2.29182,909.59487
2013-12-21,0.24316,0.18846,0.03083,14.99586,340.88227,153.22528,342.69255,24,0.32889,0.22962,0.22369,0.34147,0.05645,2.47795,837.25369
2013-12-22,0.20264,0.17286,0.04291,14.77657,319.80752,161.77926,340.79738,24,0.37810,0.17048,0.31281,0.13096,0.18935,1.85001,827.21366
2013-12-23,0.29254,0.25953,0.02835,15.14948,315.50120,154.82889,349.72054,24,0.36359,0.23460,0.27485,0.24695,0.02750,2.03637,722.03394
2013-12-24,0.26996,0.22573,0.03605,15.17313,377.89892,156.20466,346.34431,24,0.37418,0.33792,0.35888,0.26716,0.06541,1.89069,1001.22072
2013-12-25,0.24427,0.27209,0.05304,13.53694,414.91975,161.57192,331.47190,24,0.29573,0.33577,0.29814,0.30008,0.07732,1.95442,928.16862
2013-12-26,0.21928,0.26639,0.05180,12.97593,372.90998,167.60519,324.29684,24,0.31235,0.26670,0.37689,0.27526,0.12443,2.09593,845.27094
2013-12-27,0.21037,0.25457,0.04586,13.10680,341.49905,168.69395,323.62522,24,0.39971,0.22996,0.34157,0.18735,0.14124,1.96460,813.71638
2013-12-28,0.21136,0.23569,0.06128,13.05295,305.63398,169.92107,326.44453,24,0.52282,0.22196,0.43374,0.26240,0.18779,1.86754,792.02911
2013-12-29,0.16404,0.19339,0.06754,13.66075,315.66342,173.08444,328.42692,24,0.40337,0.15840,0.31483,0.15796,0.19097,1.74607,725.06608
2013-12-30,0.10792,0.11107,0.03138,13.04170,365.60644,176.44025,318.50493,24,0.30652,0.13945,0.21408,0.18360,0.11893,1.64226,792.50698
2013-12-31,0.02877,0.01344,0.00731,12.33551,331.05634,187.99053,310.49368,24,0.13176,0.00451,0.04864,0.00357,0.03067,2.16888,742.19201
2014-01-01,0.04370,0.04000,0.01087,12.98834,311.10516,186.44044,318.58796,24,0.06292,0.00131,0.04007,0.00183,0.04007,2.15678,690.60804
2014-01-02,0.12259,0.17055,0.01306,13.93111,324.74015,179.74359,326.87788,24,0.25002,0.09043,0.13834,0.21128,0.02516,2.08489,749.32539
2014-01-03,0.10585,0.16143,0.01628,12.44622,401.76752,178.52315,316.75120,24,0.16056,0.13820,0.35094,0.19687,0.04696,2.13086,889.58810
2014-01-04,0.07846,0.09333,0.01228,11.82012,362.55146,187.10848,308.67561,24,0.11217,0.06312,0.13169,0.12169,0.01800,2.31817,804.46375
2014-01-05,0.33639,0.12750,0.01834,12.68567,327.44794,180.36252,323.43388,24,0.31491,0.46663,0.21933,0.12899,0.07637,2.11001,821.48106
2014-01-06,0.28347,0.16835,0.02559,13.71800,286.06870,152.94883,338.92232,24,0.25714,0.38520,0.15994,0.09143,0.03771,2.21009,681.77072
2014-01-07,0.19829,0.21021,0.03579,12.85096,404.47630,167.67002,325.20839,24,0.35917,0.23024,0.39502,0.26761,0.08275,1.43796,947.68674
2014-01-08,0.07032,0.08300,0.01731,10.49657,411.46133,186.67403,305.54470,24,0.16675,0.10762,0.23864,0.08636,0.07773,1.86730,896.78421
2014-01-09,0.02397,0.01916,0.00621,11.20333,312.01741,193.32038,304.75794,24,0.06343,0.00914,0.06295,0.00181,0.01983,2.24489,737.41757
2014-01-10,0.07810,0.02015,0.01095,12.55037,267.42641,191.80832,314.50694,24,0.13338,0.01380,0.02703,0.00541,0.02345,1.99367,684.06112
2014-01-11,0.34022,0.03674,0.01318,13.64390,261.70036,168.24291,334.93115,24,0.17164,0.25046,0.04418,0.00721,0.03702,2.63612,627.53207
2014-01-12,0.20685,0.07171,0.00599,14.13812,281.10713,157.38021,339.74159,24,0.42128,0.28082,0.12050,0.04141,0.02929,2.16067,618.76725
2014-01-13,0.12340,0.03647,0.00474,14.09935,363.37193,185.85403,327.91385,24,0.15076,0.23205,0.07556,0.03063,0.01442,2.04284,761.83243
2014-01-14,0.22255,0.15318,0.01196,13.82980,359.65525,182.38245,331.92482,24,0.25873,0.17425,0.05970,0.07094,0.01270,1.74286,846.64947
2014-01-15,0.28017,0.25230,0.01627,13.48369,380.79628,169.75219,334.41254,24,0.44477,0.37323,0.39014,0.15603,0.06248,1.65951,893.38435
2014-01-16,0.20624,0.16435,0.01925,13.43893,393.52379,173.90594,330.41744,24,0.35189,0.37395,0.40766,0.15909,0.04010,2.07247,962.89781
2014-01-17,0.10039,0.04502,0.01022,14.39771,322.97536,194.15935,324.22302,24,0.21221,0.08470,0.09069,0.01096,0.02339,1.53294,850.36019
2014-01-18,0.20244,0.03862,0.01574,14.93344,301.03878,191.63414,335.83264,24,0.25337,0.17267,0.09395,0.05118,0.07351,1.83059,829.15045
2014-01-19,0.12603,0.06747,0.01322,15.04819,317.65843,181.51142,340.76655,24,0.23391,0.12992,0.06227,0.02009,0.02765,2.76966,861.13009
2014-01-20,0.08178,0.06218,0.01188,14.42333,381.57443,192.08007,326.47284,24,0.16366,0.14680,0.19376,0.14614,0.05417,2.13356,922.77179
2014-01-21,0.06757,0.01601,0.00246,13.78437,310.82201,203.81061,319.10335,24,0.11093,0.13190,0.03315,0.00936,0.01077,1.84700,757.65188
2014-01-22,0.10221,0.02588,0.00815,14.63343,283.67595,199.71179,328.78392,24,0.27551,0.02636,0.02555,0.04012,0.01824,1.87522,799.24014
2014-01-23,0.06506,0.03368,0.00803,14.74942,313.57340,200.46021,331.52605,24,0.19690,0.01556,0.03604,0.07955,0.02878,2.15525,862.92515
2014-01-24,0.13645,0.08575,0.01087,14.86904,377.73139,194.41537,335.26401,24,0.11438,0.25474,0.06472,0.18602,0.02169,1.82082,973.20592
2014-01-25,0.26154,0.11012,0.01504,14.87558,385.47778,196.35757,334.45642,24,0.17759,0.21759,0.14757,0.20372,0.05748,1.93595,836.20975
2014-01-26,0.06975,0.07334,0.01325,13.70233,403.44575,203.26617,320.44935,24,0.20847,0.09606,0.15092,0.17542,0.04317,1.88300,816.47331
2014-01-27,0.39899,0.09020,0.01221,12.84739,377.63381,205.96220,316.32720,24,0.12521,0.21798,0.10257,0.07962,0.03238,2.25061,787.35185
2014-01-28,0.60470,0.07554,0.01034,13.00686,372.45479,199.02159,319.34002,24,0.73689,0.74413,0.12215,0.20980,0.03240,2.20366,822.46038
2014-01-29,0.53755,0.01072,0.00544,13.49630,313.14698,208.37960,317.76626,24,0.78763,0.60747,0.01977,0.00182,0.00720,1.67009,744.82314
2014-01-30,0.22234,0.01812,0.00596,13.54563,329.25836,208.60590,320.48454,24,0.65412,0.31536,0.03106,0.07141,0.02568,2.22871,811.96483
2014-01-31,0.06108,0.02247,0.00635,13.83460,347.83446,212.17419,321.35931,24,0.16752,0.11471,0.07231,0.03305,0.01256,2.23576,811.11302
2014-02-01,0.01493,0.01446,0.00524,13.81454,351.17787,217.67244,317.76763,24,0.06037,0.00497,0.01615,0.01838,0.01436,1.81568,757.37511
2014-02-02,0.01272,0.00981,0.00613,12.91611,356.25282,220.31215,313.93245,24,0.03335,0.00125,0.01973,0.00000,0.01973,2.06095,750.74554
2014-02-03,0.14509,0.07157,0.01084,12.49439,333.07338,219.65033,316.25403,24,0.02520,0.08496,0.02510,0.05235,0.01614,2.25011,714.47212
2014-02-04,0.22612,0.20647,0.02135,13.02570,333.81468,200.79396,330.86285,24,0.23775,0.29749,0.25416,0.26170,0.04302,2.17727,842.59328
2014-02-05,0.35992,0.18662,0.03139,14.70185,352.04505,192.88335,342.17745,24,0.43969,0.51047,0.30090,0.16703,0.06120,1.88873,892.93987
2014-02-06,0.14162,0.14270,0.02489,15.08831,376.23194,202.19873,340.57707,24,0.17184,0.15180,0.22107,0.17420,0.06832,1.70671,1014.81745
2014-02-07,0.14946,0.10346,0.01380,15.05735,376.95714,209.22313,340.65059,24,0.11769,0.12301,0.16204,0.05552,0.05399,1.78343,1033.95419
2014-02-08,0.19752,0.14566,0.03150,16.81984,431.04393,205.68172,349.89027,24,0.36187,0.24641,0.22863,0.17963,0.04678,2.21859,973.83706
2014-02-09,0.24503,0.29843,0.13205,16.99420,423.45273,201.42165,353.80937,24,0.27778,0.22062,0.27992,0.30127,0.14409,1.67053,1056.44792
2014-02-10,0.25980,0.29723,0.10777,15.63387,398.72120,195.03420,351.89054,24,0.41775,0.29572,0.54156,0.35788,0.43527,1.89683,951.95008
2014-02-11,0.28597,0.18759,0.03928,14.88711,398.72912,197.06944,349.93626,24,0.28770,0.23431,0.50365,0.27627,0.23192,2.09025,990.18210
2014-02-12,0.13585,0.06356,0.00106,13.04089,418.75942,213.40695,330.37805,24,0.32841,0.13611,0.25277,0.08554,0.00366,2.36929,990.04932
2014-02-13,0.04417,0.01129,0.00289,11.45008,445.52902,229.02504,319.20825,24,0.02994,0.03376,0.04711,0.00561,0.01455,3.00705,1207.15681
2014-02-14,0.35095,0.03326,0.00836,12.48694,390.24644,201.11748,340.57270,24,0.18821,0.33944,0.01851,0.00729,0.01851,3.07127,938.89438
2014-02-15,0.50061,0.22119,0.05372,14.72721,355.89832,166.70081,358.52224,24,0.44506,0.45472,0.09205,0.15031,0.01259,3.29733,717.30955
2014-02-16,0.82138,0.59836,0.15618,16.47834,336.34382,114.91526,379.61959,24,0.70933,0.74989,0.41137,0.58235,0.16231,1.94859,642.75032
2014-02-17,0.50372,0.58435,0.28268,14.80703,427.97602,110.21700,350.29839,24,0.92156,0.78642,0.87559,0.83407,0.54072,0.74113,607.45774
2014-02-18,0.08488,0.09815,0.04786,11.60199,556.93204,233.35445,309.90479,24,0.25911,0.21702,0.35973,0.21342,0.26507,2.91897,1115.19961
2014-02-19,0.00801,0.00821,0.00665,12.97687,391.03557,244.07564,312.01935,24,0.01053,0.00053,0.02156,0.00000,0.01799,2.68297,807.69651
2014-02-20,0.01664,0.01404,0.00956,13.46916,352.70429,243.41217,317.28635,24,0.06702,0.00557,0.05868,0.00901,0.05510,2.86282,892.39516
2014-02-21,0.02376,0.01139,0.00481,13.70982,372.00424,241.99532,324.26976,24,0.04388,0.01769,0.04033,0.00179,0.03495,3.07469,997.94513
2014-02-22,0.08004,0.00765,0.00481,14.85566,378.18770,238.02943,335.69689,24,0.05650,0.03617,0.01810,0.00000,0.01452,2.41519,969.73010
2014-02-23,0.30679,0.04816,0.00120,15.92636,355.41890,219.92525,350.87210,24,0.23560,0.47640,0.01258,0.00361,0.00000,2.48152,810.68962
2014-02-24,0.11659,0.07393,0.00325,16.94903,407.33734,231.03808,357.16819,24,0.12685,0.07593,0.19556,0.12474,0.01442,1.97088,975.97135
2014-02-25,0.14663,0.04310,0.00128,15.83148,445.34287,230.18099,345.99806,24,0.11324,0.15938,0.11399,0.00897,0.00727,1.93567,1200.12758
2014-02-26,0.13601,0.03001,0.00263,15.61270,423.21313,237.90599,341.34770,24,0.16184,0.22123,0.04878,0.00912,0.00544,2.43205,1106.36774
2014-02-27,0.30681,0.02360,0.00234,16.06326,391.38714,227.94550,352.22915,24,0.23218,0.50465,0.05457,0.01123,0.01448,2.52587,946.24686
2014-02-28,0.57986,0.04299,0.00195,16.62165,401.49506,188.94199,361.88850,24,0.56004,0.64231,0.05753,0.02538,0.00181,2.72912,876.55927
2014-03-01,0.39308,0.09801,0.01983,16.49974,385.43365,199.74396,357.27868,24,0.61377,0.61132,0.10230,0.05788,0.02330,2.32484,846.36975
2014-03-02,0.27656,0.12018,0.03729,16.70829,386.99678,215.78173,355.58938,24,0.37633,0.41378,0.13818,0.04526,0.09870,2.64919,863.20606
2014-03-03,0.43815,0.11512,0.04991,16.16360,479.65583,237.95060,353.34276,24,0.26927,0.28188,0.40669,0.18022,0.27700,2.16460,1098.92191
2014-03-04,0.79495,0.01977,0.00022,15.61766,509.02870,219.67787,359.24399,24,0.85237,0.80929,0.05219,0.00541,0.00536,2.89443,1140.26994
2014-03-05,0.10712,0.00849,0.00067,14.61998,509.50530,246.46155,341.50288,24,0.56785,0.05711,0.01269,0.01621,0.00186,4.03597,1193.26163
2014-03-06,0.25398,0.00709,0.00166,14.62415,506.36485,257.28763,339.41565,24,0.11714,0.26300,0.02355,0.00373,0.01081,3.07666,1251.62761
2014-03-07,0.07068,0.00936,0.00104,13.75534,523.59171,257.63998,335.79097,24,0.33593,0.07290,0.01623,0.00927,0.00893,3.31364,1318.11939
2014-03-08,0.09472,0.00380,0.00052,12.85955,521.61499,264.89669,330.96095,24,0.02051,0.04457,0.01797,0.00000,0.00179,3.61989,1363.77586
2014-03-09,0.38383,0.00112,0.00007,13.54824,475.76250,254.50995,339.55250,24,0.29070,0.52814,0.00179,0.00000,0.00000,4.05345,1252.75581
2014-03-10,0.55910,0.00181,0.00090,14.43544,465.63148,250.90930,351.58219,24,0.36417,0.63226,0.00538,0.00187,0.00359,3.70253,1203.37389
2014-03-11,0.22669,0.00149,0.00022,15.05096,500.76565,259.70087,347.53795,24,0.42605,0.21636,0.00718,0.00000,0.00179,3.33520,1299.64762
2014-03-12,0.71132,0.00156,0.00030,16.18145,486.81898,257.59758,359.15554,24,0.36466,0.69263,0.00357,0.00000,0.00179,2.85542,1291.01590
2014-03-13,0.89066,0.00811,0.00108,18.01829,486.46113,222.74069,378.86837,24,0.97558,0.96778,0.00179,0.00000,0.00000,3.78839,1217.31541
2014-03-14,0.25126,0.01189,0.00124,17.04393,525.38703,256.18797,362.49258,24,0.42390,0.29489,0.03826,0.00000,0.01308,3.05700,1377.53597
2014-03-15,0.09130,0.00338,0.00015,16.39795,499.45359,268.50609,354.02112,24,0.19787,0.15526,0.02165,0.00000,0.00181,3.32012,1343.72534
2014-03-16,0.04822,0.00793,0.00542,16.42239,479.99065,273.41286,353.56762,24,0.02082,0.03430,0.00722,0.00000,0.00000,3.26188,1267.82945
2014-03-17,0.06520,0.01958,0.00884,17.40795,490.46933,270.10665,358.86738,24,0.08542,0.07382,0.06135,0.00749,0.05407,2.90402,1329.93121
2014-03-18,0.10089,0.03898,0.00651,19.26469,530.00894,261.97040,373.14300,24,0.19127,0.12687,0.10047,0.02974,0.05020,2.79449,1388.92469
2014-03-19,0.19931,0.08332,0.05006,19.43425,564.99149,250.55457,377.13733,24,0.21160,0.24515,0.03465,0.01090,0.01122,2.69807,1449.49779
2014-03-20,0.17065,0.11384,0.06430,18.21275,533.57448,265.49087,367.10121,24,0.19551,0.20204,0.37256,0.02425,0.24523,3.36699,1316.66611
2014-03-21,0.17856,0.13026,0.06861,17.86904,560.04869,261.01113,365.03593,24,0.26944,0.25275,0.28977,0.09137,0.25469,2.41292,1420.03276
2014-03-22,0.33972,0.20134,0.07462,17.89660,616.23651,259.64026,373.60385,24,0.25778,0.15651,0.38892,0.15103,0.28166,2.47789,1455.85159
2014-03-23,0.24453,0.26373,0.03789,18.19895,503.97904,231.12986,379.11343,24,0.36388,0.28161,0.43940,0.33798,0.27162,2.98061,1179.69480
2014-03-24,0.29174,0.32941,0.06137,19.24942,489.08859,238.11841,384.90468,24,0.24548,0.24342,0.38235,0.35794,0.07201,2.46489,1173.12708
2014-03-25,0.27345,0.31003,0.05121,20.08152,477.13861,235.09339,388.82116,24,0.30404,0.35941,0.63294,0.39844,0.26807,2.34750,1106.66509
2014-03-26,0.26138,0.27133,0.06197,21.31706,460.01973,235.50876,392.17992,24,0.38550,0.33324,0.51239,0.26758,0.22216,2.26605,1039.21118
2014-03-27,0.19214,0.16109,0.03908,21.85224,518.56114,247.40254,392.81174,24,0.42108,0.24270,0.37916,0.16636,0.21292,1.91012,1166.83725
2014-03-28,0.16737,0.11734,0.06002,21.48486,523.95755,260.94423,388.98337,24,0.18190,0.32144,0.16459,0.07034,0.07608,2.14976,1198.80481
2014-03-29,0.05639,0.09343,0.06063,19.96065,603.12399,282.58900,377.91264,24,0.12024,0.04886,0.23550,0.02384,0.18862,3.07240,1352.45562
2014-03-30,0.05174,0.04936,0.03557,19.91352,640.04265,285.49668,378.06077,24,0.07631,0.06163,0.16589,0.00729,0.14429,3.92081,1438.34715
2014-03-31,0.12800,0.12617,0.09316,19.06703,626.37214,284.71963,377.75028,24,0.12463,0.17808,0.15798,0.03702,0.14001,4.01811,1423.08696
2014-10-01,0.21455,0.42502,0.06071,24.40262,349.56907,221.71830,412.39578,24,0.19527,0.22915,0.40682,0.65719,0.10835,2.02543,913.72471
2014-10-02,0.24462,0.50405,0.08149,24.28665,354.85600,216.76506,413.41304,24,0.30957,0.25923,0.58645,0.73347,0.27023,1.62056,942.81175
2014-10-03,0.26863,0.58334,0.10233,24.19841,352.68593,214.19812,413.41212,24,0.25355,0.29177,0.63832,0.88822,0.18746,1.70425,908.69078
2014-10-04,0.21559,0.49325,0.07642,24.32712,344.14195,212.84423,412.21084,24,0.34094,0.22520,0.67775,0.79882,0.25525,1.93224,844.23273
2014-10-05,0.13940,0.31145,0.07370,24.54852,361.92659,229.75762,411.09092,24,0.25013,0.10927,0.58811,0.47925,0.29536,1.50593,910.99276
2014-10-06,0.20297,0.20490,0.03196,24.34874,357.41496,229.88907,413.46216,24,0.16738,0.12565,0.29058,0.35833,0.16771,1.60936,962.72319
2014-10-07,0.25450,0.32666,0.04784,23.90057,366.71305,220.19792,413.53059,24,0.16649,0.17141,0.23516,0.56484,0.03843,1.89518,950.16077
2014-10-08,0.16880,0.29476,0.05546,24.27988,350.50634,220.51281,412.60538,24,0.22557,0.13083,0.52201,0.70437,0.17838,2.45019,924.64596
2014-10-09,0.27282,0.26192,0.03495,24.44413,393.28939,219.80328,413.45876,24,0.28906,0.23498,0.33673,0.34862,0.17292,1.82713,1031.23375
2014-10-10,0.68133,0.51302,0.06425,24.34967,432.16777,204.27016,417.79559,24,0.42831,0.62698,0.43846,0.55741,0.16574,1.72501,1029.51559
2014-10-11,0.94490,0.72185,0.18830,24.40755,386.40183,143.65247,422.73276,24,0.97008,0.88819,0.68955,0.89619,0.17492,1.91633,746.60705
2014-10-12,0.87452,0.71430,0.24722,24.45317,366.28368,127.85348,423.00220,24,0.88369,0.83978,0.72388,0.88910,0.38550,1.67388,633.10440
2014-10-13,0.77010,0.74872,0.19695,24.70884,366.54041,168.41658,422.11459,24,0.80603,0.67636,0.68323,0.93317,0.42709,1.81126,799.76739
2014-10-14,0.69710,0.83027,0.16448,24.65539,320.99525,160.59208,421.05264,24,0.85609,0.78106,0.86520,1.00000,0.39827,1.49543,661.45711
2014-10-15,0.44015,0.84152,0.21066,24.50928,383.94409,178.24795,418.74566,24,0.46339,0.44814,0.97040,0.92917,0.49078,1.77488,824.19796
2014-10-16,0.33422,0.73887,0.14795,23.80163,351.28842,189.39439,409.38190,24,0.46443,0.32733,0.80255,0.89931,0.37809,1.92468,752.62887
2014-10-17,0.30508,0.50244,0.08507,22.87770,404.92988,198.29123,400.08668,24,0.48443,0.34655,0.79080,0.59571,0.34344,2.42658,924.97579
2014-10-18,0.19109,0.28173,0.04643,21.87836,440.94461,209.83239,387.08314,24,0.34368,0.26435,0.44931,0.20846,0.17387,2.29966,998.14301
2014-10-19,0.12136,0.25258,0.03895,21.14785,437.78744,215.15962,377.60571,24,0.22335,0.17222,0.39342,0.28024,0.10490,2.83853,995.72775
2014-10-20,0.08327,0.14412,0.03736,20.67740,454.87758,222.14067,371.90541,24,0.16459,0.11505,0.34919,0.13938,0.11602,2.76814,1021.16383
2014-10-21,0.11716,0.15658,0.04307,21.26967,422.48795,219.55207,379.37502,24,0.20845,0.12746,0.41473,0.07824,0.19635,3.25970,1039.02851
2014-10-22,0.11811,0.13153,0.04381,21.50881,407.88343,214.09597,381.62222,24,0.22400,0.13676,0.41151,0.08781,0.18536,2.85978,1085.40802
2014-10-23,0.11155,0.11544,0.03221,21.25759,394.49009,213.78993,380.90236,24,0.25417,0.12703,0.35514,0.05938,0.15441,2.66777,1027.33862
2014-10-24,0.12978,0.08467,0.01766,21.13814,398.31774,210.62005,379.50972,24,0.22883,0.13287,0.22267,0.03366,0.07726,2.89281,1005.19563
2014-10-25,0.56497,0.06073,0.01531,21.35061,381.62989,203.16346,389.57240,24,0.36473,0.37244,0.25324,0.06111,0.10885,2.67133,1000.92699
2014-10-26,0.90099,0.10962,0.01810,21.67969,308.18918,134.68433,401.83007,24,0.90954,0.92002,0.03886,0.12838,0.00924,2.59433,659.80628
2014-10-27,0.82232,0.24650,0.04409,20.96518,300.03999,116.18962,399.77488,24,0.93230,0.89155,0.30396,0.35445,0.10823,2.54476,618.56311
2014-10-28,0.52359,0.42791,0.09384,20.40293,325.31529,127.36028,389.86935,24,0.73832,0.64711,0.36969,0.53529,0.11655,2.10805,713.49056
2014-10-29,0.34435,0.31609,0.06887,20.52574,378.47988,188.86523,380.04928,24,0.53645,0.22783,0.67822,0.48297,0.35769,2.13334,854.66987
2014-10-30,0.58226,0.13067,0.02535,20.54534,387.96039,191.20970,377.55948,24,0.68498,0.44291,0.23271,0.18791,0.07171,2.17921,906.14540
2014-10-31,0.19162,0.12727,0.03548,20.44978,359.84642,197.08935,376.54175,24,0.44288,0.19547,0.16201,0.07212,0.04967,2.50177,925.66831
2014-11-01,0.24057,0.13667,0.03168,20.65830,383.31613,202.09033,376.90202,24,0.22387,0.13635,0.22628,0.08618,0.12514,2.75180,1003.57014
2014-11-02,0.21839,0.11924,0.03525,20.96996,391.60074,198.48029,380.30670,24,0.28872,0.18756,0.22511,0.05491,0.12471,2.70509,1052.83739
2014-11-03,0.24824,0.12457,0.02547,21.12058,371.02902,197.93862,382.93266,24,0.40527,0.36753,0.19047,0.02906,0.10159,2.59387,1035.49600
2014-11-04,0.32602,0.17195,0.02821,21.15736,366.00667,191.13234,386.82053,24,0.27250,0.36433,0.19789,0.11999,0.08127,2.62696,1034.76280
2014-11-05,0.43318,0.13995,0.01797,21.31951,386.98173,189.16651,387.48621,24,0.47979,0.42270,0.25268,0.09053,0.09604,2.26208,1032.26982
2014-11-06,0.44327,0.18577,0.01498,21.08926,398.00449,186.41876,386.26135,24,0.67229,0.46068,0.26053,0.17256,0.04408,2.86389,967.29028
2014-11-07,0.51217,0.24741,0.02584,21.44807,370.37858,186.44292,390.14531,24,0.47053,0.45716,0.23375,0.20261,0.06441,2.95403,909.70353
2014-11-08,0.61291,0.38587,0.03765,22.04642,334.34737,162.53732,399.21027,24,0.60165,0.59109,0.41492,0.41438,0.07740,2.97328,846.40524
2014-11-09,0.44541,0.40077,0.04967,22.05924,338.72769,164.39769,396.94332,24,0.68253,0.41024,0.54443,0.46117,0.11449,2.39050,898.95517
2014-11-10,0.41951,0.24918,0.04487,20.93696,384.71260,182.23472,386.06228,24,0.48097,0.32812,0.52813,0.26415,0.21460,2.46955,999.88425
2014-11-11,0.41651,0.13517,0.02923,20.16264,414.00156,181.71381,380.67507,24,0.63716,0.52388,0.31075,0.06550,0.12098,2.33305,1108.21273
2014-11-12,0.44179,0.13614,0.02376,20.01951,409.66018,185.04479,375.98583,24,0.51308,0.40723,0.19594,0.07579,0.09537,3.07181,1087.74115
2014-11-13,0.57212,0.10033,0.02374,19.43964,398.45643,190.98169,367.78558,24,0.57920,0.49734,0.19418,0.10617,0.11864,3.35418,1015.87619
2014-11-14,0.56362,0.11022,0.02006,17.96075,389.09614,190.11828,355.05347,24,0.55633,0.64629,0.13083,0.07238,0.06414,2.85027,972.45871
2014-11-15,0.31993,0.13872,0.01905,17.17658,420.09021,190.30883,351.75996,24,0.47363,0.25386,0.19558,0.12339,0.07459,3.23492,1062.26932
2014-11-16,0.27307,0.08840,0.01389,17.05844,456.82673,189.89320,351.34911,24,0.30819,0.37773,0.13278,0.06908,0.04960,3.30889,1180.36031
2014-11-17,0.15202,0.07211,0.01109,17.75108,423.12181,185.23864,356.49985,24,0.26053,0.17752,0.11974,0.03423,0.04769,3.31117,1100.80548
2014-11-18,0.12157,0.06234,0.00876,18.13157,429.42287,184.27248,357.89811,24,0.28262,0.16574,0.12241,0.01811,0.04565,2.95380,1092.18894
2014-11-19,0.15755,0.11309,0.01388,17.79423,455.04999,185.89645,357.01201,24,0.22598,0.15103,0.20030,0.02926,0.06629,2.53880,1128.46600
2014-11-20,0.17571,0.10029,0.00899,17.40946,465.37661,179.97635,354.06295,24,0.26290,0.22991,0.19358,0.06905,0.05273,3.07887,1203.42888
2014-11-21,0.22593,0.13871,0.02124,17.18949,429.22675,177.17722,354.12297,24,0.31015,0.23003,0.20850,0.09277,0.06274,2.83540,1105.98372
2014-11-22,0.18522,0.17176,0.02911,16.80867,414.99449,176.95478,351.88635,24,0.38035,0.29072,0.26767,0.12639,0.08380,2.98431,1061.06988
2014-11-23,0.12927,0.13894,0.02968,16.25754,427.61187,184.77619,344.76357,24,0.26129,0.12834,0.29168,0.09173,0.10365,3.44636,1115.42688
2014-11-24,0.26268,0.08074,0.02112,15.86155,430.34612,185.20892,339.05247,24,0.37553,0.27230,0.18648,0.09181,0.10178,2.68073,1068.81512
2014-11-25,0.10520,0.04438,0.01992,15.19580,420.96935,192.58739,332.65418,24,0.35926,0.08981,0.08006,0.01983,0.06559,2.94835,989.73139
2014-11-26,0.13161,0.07915,0.02188,14.87350,434.40009,182.97974,336.52627,24,0.28841,0.12551,0.14383,0.03075,0.07681,3.40304,1117.06914
2014-11-27,0.16570,0.07036,0.02231,15.32329,399.35686,179.06223,340.11507,24,0.33580,0.15920,0.20136,0.03428,0.11411,3.22043,1085.06723
2014-11-28,0.20452,0.11728,0.02369,15.93130,360.59557,173.02273,346.74313,24,0.40076,0.19352,0.21350,0.06849,0.09533,2.63204,1008.18170
2014-11-29,0.24182,0.15592,0.03426,16.33384,336.64521,168.54522,350.32937,24,0.37869,0.26784,0.23577,0.10794,0.09126,2.41069,884.87516
2014-11-30,0.24886,0.09086,0.02027,16.65877,349.23462,170.09265,352.07640,24,0.33423,0.21115,0.17018,0.07567,0.06922,2.44836,929.60750
2014-12-01,0.30983,0.08581,0.02304,16.65113,341.31207,168.82398,355.46689,24,0.39463,0.27614,0.15468,0.04515,0.08778,2.30201,963.21289
2014-12-02,0.43271,0.11211,0.02958,16.55301,358.40251,165.12486,355.40326,24,0.56804,0.57095,0.18606,0.07138,0.08980,2.35283,1019.59822
2014-12-03,0.25925,0.15741,0.03902,16.50812,357.76161,160.06435,356.43569,24,0.44068,0.26478,0.27525,0.10871,0.13714,2.49200,976.10791
2014-12-04,0.27310,0.15067,0.03744,17.10078,351.56603,164.34702,356.04587,24,0.34811,0.23358,0.29180,0.08544,0.14821,2.42802,959.20697
2014-12-05,0.49821,0.15393,0.03073,17.28467,348.41553,166.00154,359.78479,24,0.65164,0.63701,0.29907,0.05871,0.12852,2.22565,971.83181
2014-12-06,0.49408,0.29082,0.02812,17.68520,354.68549,154.55339,366.05605,24,0.64968,0.62357,0.35664,0.24620,0.08421,2.10943,924.54286
2014-12-07,0.44296,0.48740,0.04123,16.82583,388.83489,146.94216,365.02372,24,0.59906,0.54101,0.57342,0.36775,0.11174,2.08050,869.07169
2014-12-08,0.36201,0.37399,0.04248,16.25278,374.00832,151.14617,355.81841,24,0.56728,0.45278,0.60009,0.32673,0.11090,1.96056,890.58321
2014-12-09,0.66809,0.24069,0.05012,16.32104,345.02458,161.04651,348.49819,24,0.61946,0.78295,0.38210,0.22739,0.09224,1.92604,857.05116
2014-12-10,0.48312,0.24291,0.07123,15.99079,334.47422,166.51550,341.83629,24,0.86398,0.61072,0.40242,0.26187,0.27246,1.82252,803.38449
2014-12-11,0.58027,0.18536,0.04596,15.47594,367.20779,168.61920,339.31589,24,0.74135,0.51873,0.19446,0.19102,0.08262,1.93920,826.03525
2014-12-12,0.57081,0.10721,0.02468,15.12940,343.05597,163.57560,338.58879,24,0.71779,0.56486,0.18705,0.10058,0.10611,1.85256,756.15704
2014-12-13,0.65749,0.03356,0.01136,15.86633,266.29273,162.02783,348.68999,24,0.77429,0.50358,0.03450,0.00000,0.02549,1.89584,625.10629
2014-12-14,0.62998,0.03962,0.02668,16.69441,221.47943,130.61254,360.76427,24,0.75939,0.58374,0.10768,0.00560,0.08337,2.26533,538.20971
2014-12-15,0.44172,0.07137,0.02940,16.62142,244.35939,151.91248,350.49215,24,0.66131,0.44288,0.11681,0.12154,0.10574,2.14482,576.92743
2014-12-16,0.26132,0.08969,0.03299,16.51345,341.09383,164.20870,344.16813,24,0.45048,0.41884,0.29696,0.07337,0.15507,1.91941,676.53903
2014-12-17,0.21498,0.16870,0.02873,14.52677,410.30609,169.70433,330.78103,24,0.32829,0.19340,0.14623,0.06585,0.08512,1.95089,773.30670
2014-12-18,0.13386,0.08552,0.02514,13.90970,410.30472,178.96495,317.33601,24,0.40918,0.19134,0.20121,0.17599,0.11200,2.18748,880.30280
2014-12-19,0.24883,0.05645,0.01422,14.42699,312.37443,182.62195,318.98192,24,0.21848,0.22966,0.12439,0.05052,0.05518,2.19238,667.75422
2014-12-20,0.57985,0.03605,0.00912,13.80009,308.43407,180.68905,322.72526,24,0.36366,0.52556,0.08819,0.02778,0.06054,2.43910,679.54316
2014-12-21,0.58325,0.01173,0.00620,13.74562,323.54447,170.76648,325.54425,24,0.82706,0.74322,0.01821,0.00187,0.00722,2.72137,766.88466
2014-12-22,0.07424,0.02974,0.00936,13.65500,322.52954,182.41262,319.21753,24,0.13266,0.09535,0.06040,0.01498,0.04738,2.62964,791.92660
2014-12-23,0.12493,0.02367,0.01236,13.59304,320.81169,182.79183,320.89671,24,0.10869,0.10985,0.04811,0.01298,0.02769,2.46685,804.11710
2014-12-24,0.03780,0.02027,0.01116,13.89677,322.90796,183.92512,321.03370,24,0.08232,0.05299,0.05910,0.01668,0.05723,2.41455,785.56946
2014-12-25,0.05086,0.05274,0.00957,13.65813,344.60500,183.55833,318.88904,24,0.16558,0.01731,0.03328,0.03689,0.03328,2.07123,786.89947
2014-12-26,0.18845,0.25691,0.01403,13.16778,367.59775,178.11457,319.31129,24,0.19599,0.16075,0.07897,0.11940,0.05167,2.24740,780.83455
2014-12-27,0.18129,0.22849,0.01917,13.08334,378.62087,175.97588,318.18644,24,0.34597,0.24995,0.41501,0.11903,0.04147,2.00888,817.26891
2014-12-28,0.16281,0.13914,0.02699,13.48601,317.01099,183.15631,321.32774,24,0.32248,0.14659,0.34307,0.12322,0.09964,1.93839,729.65722
2014-12-29,0.55492,0.05652,0.00483,13.99476,272.81648,178.09996,336.54282,24,0.49481,0.38069,0.17869,0.05137,0.03886,2.21239,689.98232
2014-12-30,0.81966,0.03964,0.00124,14.89903,248.98140,125.69217,360.69191,24,0.82625,0.77124,0.02557,0.01868,0.00000,2.14741,611.91020
2014-12-31,0.88400,0.05513,0.03217,16.22528,212.82404,91.86299,375.32806,24,0.87941,0.88423,0.03707,0.00185,0.00000,2.16573,422.72586
2015-01-01,0.80005,0.11757,0.03105,17.52724,262.00432,86.60014,384.95177,24,0.89196,0.81403,0.12895,0.11250,0.08633,2.06398,492.39977
2015-01-02,0.56749,0.22530,0.02647,18.46686,279.51839,144.81703,383.86105,24,0.54816,0.48721,0.13918,0.20376,0.06022,2.40743,674.71179
2015-01-03,0.55151,0.36342,0.05733,19.03137,240.19108,125.03869,390.51239,24,0.55135,0.49270,0.29710,0.37644,0.09047,1.71410,596.91334
2015-01-04,0.45682,0.70141,0.14886,18.74256,366.28609,124.39128,381.76091,24,0.58934,0.55043,0.62622,0.70002,0.25729,1.45085,634.16843
2015-01-05,0.31812,0.47168,0.09646,15.62083,465.57290,153.47959,348.61822,24,0.41335,0.42459,0.79124,0.81030,0.34805,2.06504,942.86297
2015-01-06,0.22385,0.19512,0.03869,13.67418,449.79841,162.31288,330.95768,24,0.34721,0.34522,0.44435,0.18426,0.13415,2.14035,1046.92624
2015-01-07,0.17271,0.12512,0.01700,13.42756,400.98609,173.49894,324.25666,24,0.20397,0.26873,0.15897,0.13581,0.04147,2.21729,954.31956
2015-01-08,0.19055,0.12673,0.02027,13.68754,418.59359,172.89343,326.23340,24,0.22761,0.20865,0.17412,0.13006,0.04339,2.12900,988.55083
2015-01-09,0.13065,0.13256,0.02624,13.29151,459.73464,176.42019,321.56366,24,0.27555,0.20887,0.20162,0.15127,0.06906,2.29951,904.59547
2015-01-10,0.04620,0.07311,0.02006,13.06611,371.71983,191.92904,311.48840,24,0.14586,0.03557,0.17186,0.08789,0.07449,2.69414,774.19334
2015-01-11,0.12321,0.05006,0.01858,12.76666,336.98839,193.67329,307.22951,24,0.22952,0.06409,0.09807,0.11344,0.06109,2.18779,690.89236
2015-01-12,0.21811,0.01617,0.01407,13.00021,278.22627,197.62719,308.55521,24,0.34567,0.04449,0.04888,0.00000,0.04708,1.80274,605.66845
2015-01-13,0.40824,0.01911,0.00619,13.65950,276.67801,190.07084,323.03446,24,0.64241,0.65533,0.03685,0.00000,0.03314,2.23193,692.07723
2015-01-14,0.10991,0.02378,0.00459,14.01090,285.26035,186.61912,330.17828,24,0.28982,0.10864,0.01083,0.02194,0.00358,2.34759,771.87019
2015-01-15,0.17800,0.05334,0.00726,14.67685,317.20335,175.50576,341.66925,24,0.16493,0.16069,0.08671,0.03837,0.05171,2.37796,873.83992
2015-01-16,0.31373,0.13262,0.03414,15.21904,328.46351,161.84707,352.51597,24,0.34212,0.32300,0.21696,0.08403,0.04775,2.21148,833.14216
2015-01-17,0.29426,0.12159,0.02505,14.51356,361.57189,158.87279,343.72004,24,0.38772,0.36923,0.19100,0.08371,0.06298,2.04487,747.72338
2015-01-18,0.19028,0.21903,0.03319,13.17790,399.24580,182.93186,326.73556,24,0.26887,0.27786,0.13672,0.20817,0.04230,1.96027,783.69970
2015-01-19,0.28103,0.16312,0.03136,12.74338,426.47425,175.98848,329.74802,24,0.39982,0.36054,0.31538,0.20059,0.12438,2.36497,911.19635
2015-01-20,0.27526,0.09120,0.01990,13.05230,401.47878,187.54259,323.53013,24,0.49182,0.29046,0.13850,0.22789,0.06494,2.02810,905.45498
2015-01-21,0.18423,0.07474,0.01909,13.61204,316.00991,198.49023,322.32979,24,0.30843,0.33610,0.11950,0.02246,0.08046,1.87805,723.01209
2015-01-22,0.17038,0.14100,0.02532,14.03088,353.65348,195.80569,330.18361,24,0.16949,0.08715,0.13851,0.09028,0.04576,2.28700,870.47723
2015-01-23,0.28880,0.16310,0.03320,13.94582,359.91344,193.88482,330.93674,24,0.25603,0.11640,0.40331,0.20148,0.14760,2.51977,947.27455
2015-01-24,0.16323,0.07604,0.01006,14.15779,329.67165,198.26636,331.88817,24,0.38622,0.09640,0.14557,0.03588,0.04568,2.60667,808.04579
2015-01-25,0.18262,0.09013,0.00876,13.70261,374.18935,194.87712,327.03432,24,0.16961,0.16741,0.15451,0.11346,0.03234,2.70032,952.30923
2015-01-26,0.41162,0.03792,0.00815,13.73688,331.48634,204.09852,326.56256,24,0.29809,0.21745,0.10767,0.05399,0.02873,2.93869,785.78076
2015-01-27,0.09314,0.06156,0.01060,14.52775,322.18799,199.61861,336.71513,24,0.17002,0.07320,0.03947,0.03957,0.01976,2.64538,767.75089
2015-01-28,0.15991,0.14320,0.01864,15.32891,355.26832,193.54461,343.75481,24,0.26925,0.19090,0.15813,0.18531,0.05050,2.15253,817.91675
2015-01-29,0.28361,0.12161,0.02135,15.53490,405.66851,178.08533,350.94913,24,0.22998,0.29637,0.24713,0.10431,0.07541,2.34211,825.48030
2015-01-30,0.21722,0.24993,0.02875,14.39919,455.43093,179.29079,335.37613,24,0.28451,0.38169,0.17941,0.32251,0.03767,2.17748,878.55825
2015-01-31,0.10566,0.09679,0.01663,11.16743,479.62584,202.27707,309.86478,24,0.19490,0.19382,0.33961,0.08255,0.09743,2.31225,1029.87091
2015-02-01,0.02450,0.01325,0.00547,10.88744,412.34283,214.76620,306.18830,24,0.05409,0.03336,0.05929,0.00542,0.02701,2.76412,929.93950
2015-02-02,0.02302,0.00782,0.00707,11.96880,325.69391,219.15643,311.55652,24,0.03281,0.00074,0.01795,0.00000,0.01616,2.94467,795.13702
2015-02-03,0.31782,0.00328,0.00164,13.04041,280.47502,220.01513,317.63776,24,0.29597,0.21245,0.00895,0.00000,0.00538,3.24263,752.68425
2015-02-04,0.40490,0.02039,0.00315,14.10308,291.28853,217.58764,328.80534,24,0.43895,0.45400,0.01077,0.00000,0.01077,3.41669,761.29698
2015-02-05,0.55509,0.03055,0.00105,14.33712,365.01506,207.04832,336.20000,24,0.54501,0.42107,0.04129,0.08447,0.00180,3.03240,1022.88054
2015-02-06,0.71110,0.02278,0.00313,13.47712,378.94276,207.39277,331.55571,24,0.42971,0.58848,0.04122,0.02518,0.00717,3.12541,1025.84990
2015-02-07,0.70113,0.03810,0.00367,13.16287,388.11255,207.85303,326.69977,24,0.65163,0.59266,0.03402,0.01085,0.01612,2.75799,987.08871
2015-02-08,0.69142,0.04747,0.00666,14.15398,347.45191,210.07447,335.39223,24,0.72493,0.54300,0.09883,0.02147,0.01792,2.97585,905.81149
2015-02-09,0.51889,0.04413,0.00359,15.06929,356.36405,213.41662,341.21813,24,0.72119,0.30559,0.06631,0.02325,0.01973,2.53380,870.56201
2015-02-10,0.85996,0.05397,0.00299,15.39456,392.50120,204.26938,347.89049,24,0.90141,0.88478,0.07350,0.06090,0.00537,2.78240,942.62722
2015-02-11,0.35420,0.04514,0.00505,13.73008,410.07755,207.70340,332.08738,24,0.73306,0.62776,0.10070,0.01432,0.01801,2.85929,1015.89468
2015-02-12,0.14724,0.04580,0.00323,13.13377,411.98217,219.85569,330.91228,24,0.16771,0.13736,0.07398,0.02418,0.02179,3.47362,1051.77133
2015-02-13,0.24486,0.10154,0.00963,13.85615,407.48059,200.39205,340.59562,24,0.20074,0.26349,0.12514,0.13068,0.00181,3.38481,1030.16322
2015-02-14,0.26597,0.12777,0.02457,14.71621,469.77389,199.63231,345.93142,24,0.29125,0.24459,0.23770,0.08195,0.09769,2.48277,1347.24760
2015-02-15,0.23953,0.18235,0.02569,15.67237,388.73522,196.93895,350.32092,24,0.35320,0.23798,0.19563,0.26446,0.06269,2.43073,995.73244
2015-02-16,0.14419,0.07455,0.01345,15.70982,382.51547,211.64911,346.82267,24,0.14757,0.14103,0.19506,0.14411,0.07397,2.29466,1026.90564
2015-02-17,0.13811,0.08898,0.01365,15.86625,398.32816,219.24576,348.31372,24,0.13760,0.12240,0.14060,0.08537,0.05179,2.07977,1043.23126
2015-02-18,0.37447,0.17131,0.01688,17.02904,407.55041,209.83129,358.60763,24,0.37881,0.22543,0.15902,0.26612,0.00366,2.37760,1046.20342
2015-02-19,0.34651,0.44131,0.04259,17.28516,342.71936,177.63717,362.65108,24,0.54505,0.50140,0.39014,0.50346,0.14645,2.60528,797.31651
2015-02-20,0.21059,0.25891,0.03810,17.76418,360.79163,203.42199,360.08902,24,0.30797,0.28633,0.59660,0.42850,0.14913,2.01582,932.72808
2015-02-21,0.26223,0.18468,0.04451,18.21416,375.49742,210.11144,361.25781,24,0.40161,0.21430,0.28136,0.10945,0.13648,1.90135,967.44156
2015-02-22,0.21216,0.14744,0.03020,18.71202,362.50174,209.73752,361.79894,24,0.41965,0.25514,0.23009,0.19583,0.05826,1.88474,914.91195
2015-02-23,0.18295,0.10460,0.04518,19.13598,387.77177,222.31085,364.68991,24,0.33270,0.21600,0.24493,0.04177,0.17368,1.87216,998.00320
2015-02-24,0.22603,0.14525,0.02039,19.37853,377.19750,210.58424,372.29128,24,0.33417,0.21666,0.17867,0.15927,0.09389,2.01678,890.78434
2015-02-25,0.28838,0.18173,0.01965,19.90316,409.72113,206.87498,377.39258,24,0.27701,0.26466,0.20161,0.24516,0.01803,2.35106,935.50534
2015-02-26,0.24915,0.22269,0.04090,20.19342,431.03576,215.09940,373.73526,24,0.33828,0.27448,0.31303,0.19235,0.08144,1.90901,933.41284
2015-02-27,0.16698,0.18728,0.05485,19.62820,470.89924,226.89621,369.81549,24,0.33975,0.19193,0.36920,0.24536,0.16406,2.06667,1030.08297
2015-02-28,0.35427,0.11101,0.02228,19.93512,413.97600,236.05041,372.84247,24,0.45090,0.28456,0.18845,0.11950,0.11684,2.66615,942.10314
2015-03-01,0.66303,0.04610,0.00869,20.08747,349.82579,214.85841,376.13969,24,0.67136,0.76242,0.07409,0.10660,0.04179,2.00086,910.46374
2015-03-02,0.30377,0.05082,0.00835,18.81515,450.29041,215.87937,372.59934,24,0.44602,0.34950,0.03267,0.02183,0.01283,2.51474,975.57475
2015-03-03,0.15741,0.05211,0.00928,18.23799,519.30034,236.54178,369.54815,24,0.10951,0.07133,0.02167,0.00181,0.01446,3.68277,1096.45890
2015-03-04,0.43286,0.37610,0.05745,18.20971,425.80975,160.52827,376.04497,24,0.41098,0.61963,0.22742,0.44590,0.00731,2.96838,868.18097
2015-03-05,0.16781,0.17328,0.02361,15.98009,532.00821,226.24447,351.94667,24,0.49943,0.23864,0.51781,0.18640,0.16320,3.44195,1176.86012
2015-03-06,0.05863,0.03801,0.00341,13.95673,565.56247,256.97694,332.02413,24,0.11906,0.06168,0.14617,0.00920,0.01997,4.09135,1324.97487
2015-03-07,0.05090,0.01653,0.00068,14.10646,547.30980,257.48289,334.01378,24,0.05859,0.07318,0.03616,0.00187,0.00185,5.43544,1322.83291
2015-03-08,0.02470,0.00732,0.00082,15.10591,486.72344,261.35050,339.95010,24,0.04343,0.05124,0.02518,0.00000,0.00000,4.92128,1208.93465
2015-03-09,0.18194,0.00283,0.00008,16.43585,431.98048,261.70772,349.53607,24,0.01366,0.27409,0.00893,0.00000,0.00000,4.53742,1048.31272
2015-03-10,0.04290,0.00508,0.00180,15.81288,467.33731,266.81163,346.37300,24,0.06490,0.09713,0.00716,0.00000,0.00357,4.67131,1173.94979
2015-03-11,0.00651,0.00350,0.00075,14.31368,446.43585,271.91918,336.04147,24,0.00987,0.00572,0.01429,0.00000,0.00357,5.95712,1119.21837
2015-03-12,0.01367,0.00150,0.00039,14.41502,419.97834,276.87497,334.33975,24,0.01462,0.00664,0.00179,0.00000,0.00000,6.25889,1028.05345
2015-03-13,0.06117,0.00479,0.00069,16.43088,434.63586,268.97845,352.38888,24,0.04082,0.02911,0.00364,0.00373,0.00186,5.05696,1091.47696
2015-03-14,0.27699,0.02867,0.02036,17.94986,500.53901,263.32065,369.90469,24,0.19193,0.21603,0.01457,0.01489,0.00914,4.31252,1190.45684
2015-03-15,0.38590,0.03112,0.01715,18.51475,546.74237,258.99086,377.47142,24,0.39199,0.24605,0.12751,0.02609,0.10747,4.00128,1217.28137
2015-03-16,0.28508,0.01463,0.00448,17.72952,525.69437,260.17373,372.78982,24,0.28089,0.49957,0.06827,0.00179,0.04828,4.34227,1103.77031
2015-03-17,0.11521,0.01803,0.00255,18.54408,588.74465,262.53172,379.08445,24,0.03033,0.08403,0.00714,0.01075,0.00000,4.75331,1341.10351
2015-03-18,0.24447,0.01428,0.00127,18.08065,541.03788,248.03088,377.53135,24,0.41739,0.23650,0.04186,0.00562,0.00904,3.63185,1345.51887
2015-03-19,0.04661,0.00536,0.00008,16.30983,601.26617,270.63056,360.47885,24,0.15768,0.05065,0.01106,0.00000,0.00000,4.02922,1587.82299
2015-03-20,0.24217,0.00297,0.00038,15.32041,568.38289,278.09215,352.93610,24,0.05626,0.12357,0.00744,0.00000,0.00186,4.27610,1406.95271
2015-03-21,0.05307,0.00455,0.00084,16.67649,539.92130,279.90243,357.15891,24,0.12671,0.04780,0.00912,0.00000,0.00186,6.17563,1338.83283
2015-03-22,0.04927,0.01479,0.00193,17.78825,504.89958,275.68269,365.81592,24,0.03598,0.05326,0.02965,0.02619,0.00551,4.20951,1284.13143
2015-03-23,0.14892,0.02035,0.01023,19.02005,539.29769,269.15053,375.50023,24,0.10528,0.10426,0.03704,0.01123,0.02975,3.70724,1459.53098
2015-03-24,0.32761,0.07457,0.02445,19.72013,521.85112,247.12349,382.74656,24,0.22623,0.30394,0.11730,0.05792,0.04840,3.04404,1436.44266
2015-03-25,0.28421,0.17898,0.03988,20.04851,550.82185,253.88242,386.02756,24,0.37766,0.27381,0.31764,0.17915,0.23933,3.24178,1394.08871
2015-03-26,0.35357,0.15792,0.02160,20.19879,547.12848,253.06903,390.92959,24,0.18028,0.21126,0.38173,0.23941,0.17715,3.27475,1334.34654
2015-03-27,0.77465,0.21524,0.01662,20.94735,478.45180,214.49641,394.78151,24,0.65042,0.67891,0.22123,0.24808,0.04462,2.66569,1050.81191
2015-03-28,0.60058,0.49209,0.07068,21.04219,481.00301,191.12566,397.58018,24,0.84580,0.67118,0.55050,0.55557,0.13834,2.42169,991.16676
2015-03-29,0.35191,0.39235,0.02523,21.54889,517.49143,225.60129,397.82453,24,0.31214,0.38276,0.64087,0.55923,0.16180,2.65111,1144.45991
2015-03-30,0.76157,0.44868,0.04004,21.70964,551.77711,236.60953,404.31277,24,0.37343,0.53200,0.53779,0.51180,0.04382,2.63337,1185.98573
2015-03-31,0.56534,0.62611,0.15050,21.21449,441.08124,183.99484,402.40330,24,0.92711,0.70854,0.68794,0.77169,0.26154,2.41740,943.11579
2015-10-01,0.55077,0.53583,0.07805,25.67034,368.56275,210.44092,427.63490,24,0.45801,0.50858,0.64096,0.59795,0.14481,2.25180,856.76321
2015-10-02,0.55466,0.72817,0.14464,25.36881,373.74775,197.97024,427.75755,24,0.51400,0.48725,0.72023,0.87814,0.18529,2.26416,796.82125
2015-10-03,0.44302,0.71914,0.14282,25.31075,346.42397,197.57654,423.40081,24,0.58837,0.43136,0.79344,0.91682,0.32858,1.87965,802.78859
2015-10-04,0.59731,0.52788,0.11395,24.97578,349.43131,204.88798,418.88874,24,0.61635,0.42938,0.74517,0.73111,0.40912,1.78896,891.17153
2015-10-05,0.50068,0.52883,0.11512,24.76596,345.66586,202.16787,420.30809,24,0.69931,0.46516,0.57372,0.64660,0.29853,1.90276,838.06237
2015-10-06,0.67662,0.64295,0.10033,24.85611,348.23679,191.60631,424.96139,24,0.56671,0.51734,0.66080,0.77074,0.29432,2.03304,826.40080
2015-10-07,0.96221,0.73281,0.21222,24.77342,391.30097,136.33679,428.43824,24,0.91967,0.92223,0.67099,0.83758,0.31670,1.80067,783.97156
2015-10-08,0.91560,0.80993,0.26268,24.54376,393.88390,91.49306,428.19177,24,0.94209,0.89195,0.82500,0.95071,0.31309,1.48842,644.11213
2015-10-09,0.75976,0.72092,0.13648,24.60110,376.42746,168.58215,419.90635,24,0.97181,0.83256,0.69157,0.87355,0.28693,1.65857,731.32376
2015-10-10,0.47238,0.69465,0.22307,23.96981,347.24344,177.30489,413.88545,24,0.59541,0.64265,0.68562,0.81808,0.34137,1.95768,789.21103
2015-10-11,0.36480,0.61573,0.15206,23.79106,340.51869,187.89236,409.01627,24,0.52133,0.38790,0.81381,0.88938,0.52095,1.62871,768.10183
2015-10-12,0.38227,0.57800,0.14237,23.08670,384.06859,184.93515,407.68102,24,0.29147,0.36472,0.55965,0.79599,0.28749,2.27743,822.55482
2015-10-13,0.50830,0.68601,0.14792,22.87909,383.95733,156.27474,409.53782,24,0.37738,0.50451,0.63108,0.86651,0.21166,1.93285,781.10118
2015-10-14,0.43665,0.71896,0.14115,22.78257,348.99924,161.34879,404.96822,24,0.52823,0.48227,0.75200,0.84978,0.24809,1.78917,718.98210
2015-10-15,0.37292,0.73751,0.13738,22.89060,332.68810,181.92523,405.98888,24,0.38495,0.36906,0.74219,0.88734,0.47137,2.61967,838.78113
2015-10-16,0.23935,0.57946,0.09318,23.06418,321.75250,193.15109,404.09345,24,0.43153,0.25691,0.84514,0.87194,0.38853,1.86043,850.75672
2015-10-17,0.16835,0.37150,0.06526,23.08622,354.63352,201.91831,398.84399,24,0.31898,0.25794,0.68872,0.79388,0.36455,2.09004,915.23704
2015-10-18,0.14561,0.25288,0.04416,23.08354,357.80199,213.16734,395.54665,24,0.37176,0.17211,0.37987,0.31237,0.20001,2.16969,928.02823
2015-10-19,0.12368,0.26508,0.04304,23.13368,372.65422,209.84325,393.89286,24,0.34280,0.14642,0.46915,0.38951,0.20884,2.46724,911.30767
2015-10-20,0.15446,0.33606,0.04522,23.14796,357.69835,204.11957,395.58206,24,0.29673,0.19808,0.43968,0.59342,0.14256,2.23396,883.80956
2015-10-21,0.15873,0.42106,0.04705,23.38257,364.11949,200.85747,397.75727,24,0.33878,0.20162,0.64939,0.65306,0.22039,2.37238,925.22817
2015-10-22,0.19564,0.45339,0.05684,23.22519,360.22235,197.91850,396.75577,24,0.33099,0.21834,0.63203,0.67219,0.12337,2.02971,906.46863
2015-10-23,0.21073,0.42768,0.08854,22.79908,348.06004,198.44850,392.79183,24,0.40588,0.21239,0.66352,0.57250,0.28516,1.98661,886.42637
2015-10-24,0.12279,0.23095,0.08736,21.62935,412.79937,208.01087,378.29336,24,0.42497,0.11889,0.59894,0.31458,0.38649,2.23304,1070.64011
2015-10-25,0.06655,0.06869,0.02962,20.94465,396.51043,221.67749,369.51873,24,0.25022,0.06326,0.17140,0.06715,0.13502,2.74261,1028.96274
2015-10-26,0.07361,0.07109,0.02656,20.76063,397.23585,220.04205,369.45161,24,0.18131,0.06976,0.19379,0.03115,0.08467,2.92782,1024.33792
2015-10-27,0.40796,0.05494,0.02325,20.62347,410.66213,213.26780,371.59009,24,0.38476,0.48299,0.15399,0.03648,0.10164,3.21646,1068.89035
2015-10-28,0.42223,0.04647,0.02427,20.62736,379.99215,210.91916,376.36686,24,0.43744,0.31074,0.10957,0.00553,0.07898,2.83098,1020.29224
2015-10-29,0.63769,0.12625,0.03356,21.29171,373.53955,195.07489,388.18879,24,0.66744,0.65341,0.14762,0.09785,0.11799,2.53851,1030.91930
2015-10-30,0.83614,0.25890,0.05971,21.60183,318.96071,112.82892,401.97066,24,0.77352,0.86248,0.20162,0.24613,0.09402,2.66644,738.14140
2015-10-31,0.72556,0.42605,0.09545,21.50390,378.25092,90.85305,401.37601,24,0.74604,0.77748,0.42182,0.50837,0.13556,2.09984,681.48364
2015-11-01,0.63347,0.44598,0.09817,21.28613,398.34250,123.64944,399.59722,24,0.75769,0.68667,0.46771,0.57866,0.11267,2.01357,804.99373
2015-11-02,0.36326,0.58356,0.08235,21.50126,333.99907,159.48779,394.70259,24,0.50034,0.41972,0.56937,0.61420,0.20291,1.79514,825.05694
2015-11-03,0.24470,0.55883,0.06116,21.60737,342.80453,170.45766,391.47511,24,0.31379,0.32664,0.72285,0.68701,0.26460,1.81555,864.23956
2015-11-04,0.24112,0.43547,0.08759,21.50378,352.41971,177.37790,387.61864,24,0.46298,0.26294,0.76309,0.71112,0.29523,2.30925,916.16587
2015-11-05,0.22161,0.29979,0.06508,21.12901,343.12181,183.37710,382.45345,24,0.46058,0.21831,0.51779,0.47158,0.27704,2.06143,910.80665
2015-11-06,0.17311,0.24004,0.05066,20.77751,366.06334,189.59151,376.17990,24,0.42110,0.15027,0.37681,0.29055,0.18481,2.26350,920.16288
2015-11-07,0.10875,0.08638,0.02804,20.26302,377.53908,195.87795,366.54377,24,0.29052,0.12153,0.28781,0.07366,0.16597,2.04108,882.78482
2015-11-08,0.06222,0.02020,0.01108,19.36364,385.03492,205.21089,355.32160,24,0.17911,0.04910,0.09122,0.00359,0.06429,2.52323,933.19284
2015-11-09,0.66284,0.01651,0.01280,18.79785,380.55555,202.56555,357.18318,24,0.31433,0.63422,0.04970,0.00183,0.04612,2.62848,967.37175
2015-11-10,0.69265,0.02527,0.00791,18.88020,362.93983,173.05345,370.96691,24,0.76740,0.73102,0.06460,0.02199,0.05548,2.62474,976.57442
2015-11-11,0.30443,0.10133,0.03617,19.01018,400.26951,173.18476,368.00997,24,0.81470,0.42054,0.06997,0.04448,0.02024,2.67496,1053.56974
2015-11-12,0.12949,0.09547,0.04172,18.83873,400.86877,198.64537,358.56099,24,0.30703,0.05691,0.26406,0.05898,0.17210,2.45457,1071.62864
2015-11-13,0.27555,0.09022,0.04660,18.90740,377.19771,194.54720,362.09599,24,0.37594,0.15941,0.19714,0.03862,0.15679,2.80181,1066.27601
2015-11-14,0.23616,0.12856,0.03341,19.11747,385.70657,181.61653,371.01916,24,0.36439,0.23075,0.25145,0.10470,0.19891,2.52064,1102.34695
2015-11-15,0.40293,0.12684,0.01927,19.51577,362.18078,166.56888,378.53024,24,0.40679,0.37024,0.21723,0.09978,0.05869,2.47257,987.15618
2015-11-16,0.67354,0.25095,0.03641,19.82549,349.28450,158.39532,381.88473,24,0.56653,0.45339,0.28752,0.19199,0.08275,2.33564,937.40693
2015-11-17,0.93155,0.23029,0.03691,20.02600,342.08605,130.74103,392.57916,24,0.89858,0.86441,0.34882,0.21466,0.14045,2.31437,804.91769
2015-11-18,0.65303,0.27498,0.06031,19.62641,312.55007,101.30478,382.19483,24,0.94916,0.82350,0.21462,0.26668,0.08109,2.13741,636.47005
2015-11-19,0.24035,0.11841,0.06413,19.46151,353.64699,181.97140,361.76875,24,0.72896,0.19572,0.45112,0.21799,0.37733,1.83573,817.41832
2015-11-20,0.05175,0.03176,0.01778,19.06287,318.28878,194.55523,355.03669,24,0.15941,0.03489,0.06228,0.01087,0.04223,2.24445,820.06901
2015-11-21,0.04453,0.04754,0.02830,18.65176,305.11713,192.99458,352.33989,24,0.18830,0.01450,0.13586,0.04922,0.11025,2.26174,861.32357
2015-11-22,0.08200,0.03176,0.02077,17.98409,325.72541,193.58541,346.35685,24,0.14450,0.19093,0.12482,0.00000,0.10276,2.61650,884.15163
2015-11-23,0.04991,0.03123,0.02612,17.21428,318.77940,192.98794,344.32103,24,0.14297,0.02551,0.07330,0.00179,0.06613,3.11652,864.07067
2015-11-24,0.16350,0.04369,0.02436,16.81265,332.01088,190.16401,344.94118,24,0.14489,0.09050,0.11553,0.00903,0.07717,3.06968,959.12549
2015-11-25,0.29262,0.04408,0.02966,17.07199,363.83357,187.19267,348.21868,24,0.30202,0.39120,0.11025,0.00000,0.09210,2.95817,1011.16065
2015-11-26,0.24464,0.06033,0.02586,16.84495,395.95466,185.72822,348.95271,24,0.26942,0.26267,0.17341,0.01684,0.11946,2.52740,1080.40520
2015-11-27,0.44269,0.05864,0.02749,17.06388,404.58343,176.07481,353.82743,24,0.44604,0.31412,0.17546,0.00745,0.11256,2.67589,1182.17024
2015-11-28,0.69462,0.05077,0.02554,17.85178,384.31191,175.92342,356.06887,24,0.80589,0.85699,0.09292,0.00731,0.04395,2.85705,1103.68725
2015-11-29,0.64087,0.03484,0.01771,17.95735,344.35791,178.35133,358.27801,24,0.76989,0.76977,0.11951,0.00908,0.10695,2.38773,924.45326
2015-11-30,0.41296,0.05896,0.01189,18.29604,321.23540,176.43157,367.43957,24,0.45045,0.37291,0.07097,0.03132,0.06020,2.81187,902.47992
2015-12-01,0.53403,0.11858,0.01481,19.22745,320.22306,153.10530,381.91987,24,0.69497,0.42008,0.15023,0.09259,0.02360,2.27042,871.41468
2015-12-02,0.67678,0.21471,0.01746,19.73831,257.33559,105.56338,389.11560,24,0.66856,0.72775,0.13375,0.10036,0.03962,1.89324,670.53823
2015-12-03,0.52920,0.45235,0.09369,18.94298,268.56727,117.01204,380.63520,24,0.73799,0.60354,0.35401,0.54533,0.10025,2.22986,678.53916
2015-12-04,0.27087,0.46575,0.10220,18.44013,315.00147,144.90368,365.26879,24,0.50463,0.42778,0.69952,0.69437,0.36890,2.26482,750.45180
2015-12-05,0.23303,0.18008,0.04882,17.71867,342.63692,162.59071,356.45463,24,0.48677,0.22875,0.46461,0.31011,0.21303,2.09756,836.15955
2015-12-06,0.20004,0.11176,0.01711,17.39100,336.96559,165.83783,357.94319,24,0.30669,0.17907,0.13263,0.03715,0.07901,2.61896,908.58810
2015-12-07,0.23234,0.18090,0.01276,17.47567,310.69575,150.77452,361.90018,24,0.34625,0.25765,0.23174,0.23831,0.06402,2.83357,850.96224
2015-12-08,0.32954,0.23048,0.03127,17.17928,365.18162,158.41075,357.62456,24,0.36028,0.25191,0.32362,0.29681,0.10434,2.06636,983.51557
2015-12-09,0.29840,0.14098,0.02202,16.69576,382.34317,161.06587,352.48182,24,0.51871,0.32928,0.30964,0.14823,0.12340,2.31437,960.94557
2015-12-10,0.32060,0.20653,0.02643,16.58597,371.16256,159.23184,357.32118,24,0.41890,0.34275,0.19084,0.15960,0.06023,2.21211,942.49935
2015-12-11,0.37718,0.41448,0.05501,17.42650,365.12999,146.97187,367.35074,24,0.59050,0.45843,0.36054,0.27319,0.09097,2.16776,842.27447
2015-12-12,0.40015,0.54839,0.10015,18.40591,348.34232,134.58991,377.28989,24,0.60578,0.45201,0.69082,0.66757,0.16866,1.89988,760.31349
2015-12-13,0.43189,0.62944,0.14669,18.45197,305.10564,138.87357,374.86751,24,0.65865,0.52184,0.66514,0.72537,0.29893,1.66563,677.62669
2015-12-14,0.50790,0.50297,0.09216,17.42021,324.11927,136.07633,373.12449,24,0.65147,0.47121,0.77562,0.53134,0.39985,1.73216,807.01855
2015-12-15,0.38894,0.35519,0.04505,15.25529,372.13558,126.97265,357.53390,24,0.65339,0.54774,0.57834,0.38755,0.11025,2.55077,856.88721
2015-12-16,0.09265,0.07986,0.02396,13.25439,434.75794,173.61203,323.83729,24,0.27976,0.08657,0.33666,0.08042,0.15136,2.95156,1059.23688
2015-12-17,0.23825,0.04513,0.00996,12.85509,371.49749,177.73449,327.52408,24,0.15898,0.09983,0.06369,0.00546,0.03630,2.85697,979.33678
2015-12-18,0.51778,0.25701,0.03575,14.11903,292.71919,96.72486,355.85116,24,0.59183,0.65682,0.12082,0.20288,0.01972,3.09811,670.35647
2015-12-19,0.19607,0.25455,0.06638,13.24625,408.73852,159.10303,327.26120,24,0.56063,0.21783,0.69718,0.32282,0.26278,1.92861,975.92611
2015-12-20,0.11204,0.08307,0.02238,12.23064,422.19786,176.78425,312.61706,24,0.21843,0.15190,0.22129,0.03455,0.08784,2.82912,1073.07174
2015-12-21,0.13432,0.05634,0.01817,12.27909,373.99422,173.05344,320.48768,24,0.29099,0.14570,0.14123,0.03065,0.06927,3.08518,961.33744
2015-12-22,0.32085,0.02437,0.00778,12.66898,328.92011,165.68705,332.30625,24,0.26645,0.33498,0.03082,0.00725,0.02723,3.67800,832.16521
2015-12-23,0.24766,0.04161,0.00911,12.62670,347.30567,167.70135,336.01809,24,0.33912,0.10141,0.10467,0.02910,0.04514,3.36840,858.57789
2015-12-24,0.37642,0.04542,0.00480,12.71273,333.29787,148.75027,346.81317,24,0.41669,0.29561,0.04879,0.05143,0.01632,3.42275,761.95967
2015-12-25,0.24487,0.03094,0.00849,12.28777,349.44775,129.80225,332.59072,24,0.49062,0.45826,0.05940,0.02195,0.01978,3.30614,694.11807
2015-12-26,0.01905,0.01352,0.00772,11.24493,383.19416,185.65773,306.89638,24,0.09269,0.00242,0.04720,0.00550,0.03812,2.85513,790.30185
2015-12-27,0.02767,0.03860,0.00984,11.68054,331.83624,184.59199,313.78003,24,0.04704,0.00143,0.02578,0.00000,0.02391,3.40248,735.43299
2015-12-28,0.27689,0.08759,0.01209,12.44352,343.86138,180.75261,322.16432,24,0.18722,0.10914,0.11150,0.03471,0.04777,3.34227,864.69287
2015-12-29,0.44452,0.08077,0.01626,13.06450,331.21710,172.89855,327.83181,24,0.70875,0.58114,0.13747,0.03998,0.04358,3.04418,906.82064
2015-12-30,0.52953,0.06644,0.01686,13.84494,315.27071,174.35585,334.64983,24,0.49625,0.26312,0.10733,0.03988,0.04745,2.53588,925.69225
2015-12-31,0.28852,0.07050,0.02912,14.60436,297.06189,161.93299,338.26996,24,0.88138,0.38798,0.06389,0.03073,0.04035,2.43410,837.76291
2016-01-01,0.06896,0.05286,0.02606,14.84722,303.44945,180.56486,329.02766,24,0.30514,0.03660,0.20829,0.05635,0.13431,2.04285,854.05343
2016-01-02,0.09614,0.03693,0.02003,14.52482,306.72787,184.29151,327.90561,24,0.19923,0.05224,0.03269,0.05125,0.02729,2.08250,860.98536
2016-01-03,0.19424,0.09094,0.01976,14.68960,320.34347,167.46703,336.91179,24,0.34825,0.17208,0.13810,0.04178,0.08125,2.26242,941.81332
2016-01-04,0.10179,0.08511,0.03661,14.34609,334.08473,180.36206,326.84712,24,0.32483,0.12343,0.23196,0.07526,0.11762,1.90109,937.33224
2016-01-05,0.12370,0.07704,0.03586,13.93093,348.04926,179.43407,327.69126,24,0.23212,0.13248,0.12177,0.05322,0.09933,2.12687,969.84429
2016-01-06,0.21935,0.05178,0.02226,13.98258,337.50855,179.14859,328.64280,24,0.32435,0.14310,0.14873,0.02040,0.11442,2.10445,974.61659
2016-01-07,0.59340,0.05235,0.01524,14.21736,317.99732,177.26142,332.66286,24,0.74371,0.70055,0.09142,0.00736,0.05359,2.09317,882.23448
2016-01-08,0.55436,0.12878,0.02444,14.94762,324.38879,169.29548,342.53985,24,0.38394,0.40891,0.12692,0.06876,0.05287,2.06996,820.02684
2016-01-09,0.45090,0.38013,0.09192,16.03513,317.99383,157.08973,347.87051,24,0.70834,0.57469,0.34603,0.47394,0.09440,1.78009,875.56642
2016-01-10,0.34515,0.29752,0.08066,15.19023,314.49490,162.67160,338.65890,24,0.52141,0.27775,0.65174,0.48635,0.32132,1.75668,825.68011
2016-01-11,0.50378,0.05250,0.00889,13.36537,357.83014,185.89421,322.22691,24,0.70194,0.48619,0.13634,0.02725,0.03067,1.79785,999.23704
2016-01-12,0.33568,0.03651,0.00625,12.87304,389.52122,183.15934,321.66055,24,0.61259,0.37591,0.06314,0.00000,0.01628,2.73618,1087.24570
2016-01-13,0.62017,0.06062,0.00727,13.26501,393.51256,177.66983,327.75713,24,0.33356,0.63514,0.06325,0.00180,0.01266,2.49719,1114.14008
2016-01-14,0.57566,0.09372,0.02614,13.18405,386.28494,177.27268,325.74209,24,0.74672,0.68848,0.23226,0.05611,0.07351,1.98909,1015.14543
2016-01-15,0.31545,0.10749,0.02675,13.70834,351.21847,183.67188,329.04521,24,0.35063,0.17926,0.14309,0.02688,0.06755,2.38435,866.62886
2016-01-16,0.22263,0.21365,0.03737,14.35041,343.64694,173.73667,336.34200,24,0.35495,0.32613,0.22302,0.26545,0.07834,2.15407,905.62572
2016-01-17,0.16318,0.12933,0.03920,13.61780,349.06350,187.47088,328.03423,24,0.40136,0.11558,0.37596,0.06776,0.18712,1.93305,958.09470
2016-01-18,0.20412,0.08286,0.01541,13.52711,326.70054,187.35588,333.96260,24,0.47488,0.08374,0.14882,0.05710,0.05666,2.14549,854.43753
2016-01-19,0.36169,0.07354,0.00571,14.55145,315.54384,168.71206,351.31455,24,0.42735,0.28434,0.11082,0.02943,0.03243,2.38035,750.39630
2016-01-20,0.70913,0.43963,0.12307,15.43323,273.23879,119.44839,368.17947,24,0.60562,0.57453,0.15304,0.32413,0.01445,2.14537,507.23699
2016-01-21,0.61572,0.54792,0.10450,15.09782,362.56025,93.72718,358.30614,24,0.85232,0.83836,0.65251,0.60307,0.35072,1.93683,594.55487
2016-01-22,0.28971,0.29741,0.06103,13.08175,476.90104,167.83579,326.84587,24,0.46115,0.45413,0.45217,0.52224,0.19319,1.85637,893.65145
2016-01-23,0.18692,0.19181,0.03318,12.01176,460.88890,189.04940,311.14844,24,0.32004,0.35008,0.32817,0.24749,0.08313,2.00235,918.00493
2016-01-24,0.22332,0.11028,0.02633,11.36624,412.28178,195.57026,307.09716,24,0.23020,0.29372,0.21178,0.18123,0.07031,2.39596,916.88365
2016-01-25,0.12858,0.10620,0.02056,11.21908,381.46937,198.08037,309.31000,24,0.18329,0.21028,0.09402,0.11410,0.05216,2.05217,894.17637
2016-01-26,0.24865,0.13320,0.01598,11.23726,381.79316,194.04522,316.44309,24,0.19121,0.22673,0.18712,0.15609,0.05942,2.52245,991.26552
2016-01-27,0.30246,0.28498,0.03436,12.04479,384.13571,182.27754,335.04587,24,0.31148,0.21642,0.25716,0.25906,0.07679,2.57027,987.75524
2016-01-28,0.29536,0.35357,0.03432,14.19243,321.54374,158.04935,345.06474,24,0.39580,0.37022,0.46826,0.43712,0.04522,2.72640,830.90398
2016-01-29,0.23867,0.17413,0.05780,13.90069,351.88396,181.74449,337.67138,24,0.33264,0.27474,0.41204,0.23579,0.22428,1.83417,973.95613
2016-01-30,0.29940,0.09171,0.01148,13.85857,362.06830,178.15037,343.83447,24,0.28587,0.19653,0.10950,0.03619,0.02185,2.30011,953.46530
2016-01-31,0.37833,0.34305,0.03631,16.18235,311.38804,155.29506,358.43490,24,0.54319,0.46798,0.23946,0.22915,0.04003,2.07140,725.41983
2016-02-01,0.37426,0.40015,0.09567,16.88822,316.44025,166.07321,356.23096,24,0.54863,0.38551,0.66946,0.57482,0.19794,1.51934,778.34970
2016-02-02,0.40516,0.36181,0.09741,16.99546,295.99431,176.78327,354.69811,24,0.69941,0.38359,0.43927,0.46865,0.25541,1.50960,804.76744
2016-02-03,0.28962,0.30174,0.08219,15.63973,333.18389,179.02003,351.64606,24,0.61901,0.28214,0.50976,0.35754,0.27942,1.64624,876.95207
2016-02-04,0.12468,0.11280,0.01601,13.46585,371.13004,197.31653,335.22029,24,0.23087,0.14165,0.29404,0.18146,0.09846,2.34419,969.84054
2016-02-05,0.12362,0.04889,0.00729,13.22650,372.94616,213.61439,325.12447,24,0.11186,0.14526,0.06833,0.05617,0.01437,2.82071,955.18825
2016-02-06,0.23870,0.01433,0.00503,13.80223,338.34358,216.17757,327.89082,24,0.10911,0.26966,0.06121,0.00901,0.02169,3.11012,890.91257
2016-02-07,0.31923,0.02465,0.00750,14.80741,325.85852,208.25885,337.78011,24,0.52846,0.35529,0.02705,0.00000,0.01630,2.86640,881.43239
2016-02-08,0.29691,0.10341,0.02943,16.02675,419.07732,207.29635,353.90225,24,0.19934,0.12006,0.12204,0.05121,0.09508,2.62189,1081.99033
2016-02-09,0.39449,0.46998,0.05101,17.68884,349.51121,162.34348,368.04658,24,0.61527,0.43058,0.38767,0.51834,0.03329,2.48498,812.34413
2016-02-10,0.29396,0.43852,0.10378,17.47412,367.29521,177.83906,360.66358,24,0.63252,0.27784,0.76828,0.63304,0.35738,1.67468,826.50600
2016-02-11,0.27694,0.40944,0.07811,17.79148,442.10915,193.91272,363.77749,24,0.43240,0.29470,0.52867,0.32650,0.23469,1.80763,1006.40661
2016-02-12,0.34215,0.53740,0.14981,18.03710,388.38132,164.06720,370.74972,24,0.43044,0.45466,0.66662,0.60510,0.25887,2.01735,866.08527
2016-02-13,0.19619,0.30436,0.11598,17.20029,349.87375,200.36714,358.71045,24,0.42196,0.26117,0.73677,0.49618,0.52613,1.70493,902.06305
2016-02-14,0.18494,0.18368,0.05859,17.99830,343.65165,201.82130,365.00053,24,0.24232,0.21169,0.34515,0.30056,0.24969,1.94392,905.51867
2016-02-15,0.18677,0.12939,0.03408,18.64567,326.34523,208.40052,367.72785,24,0.34138,0.15707,0.22645,0.15681,0.09007,1.80257,881.37373
2016-02-16,0.20911,0.05779,0.01421,18.08628,355.26174,217.16205,364.99693,24,0.31212,0.09676,0.13600,0.10426,0.06558,2.18472,980.96201
2016-02-17,0.37940,0.06158,0.00745,18.07899,346.85563,217.61412,368.02769,24,0.50500,0.51744,0.08733,0.01445,0.02351,2.79563,907.63581
2016-02-18,0.13998,0.07955,0.01036,18.92010,396.37340,218.28786,370.35226,24,0.37317,0.14477,0.10476,0.06490,0.02928,2.32897,1011.21192
2016-02-19,0.34233,0.10419,0.01388,19.73394,412.08428,214.20290,378.23853,24,0.12833,0.27587,0.11957,0.06457,0.03254,2.21700,960.34328
2016-02-20,0.81581,0.12723,0.03008,20.59547,407.73299,201.11551,385.67701,24,0.66091,0.94270,0.12640,0.06846,0.04535,2.24224,897.42240
2016-02-21,0.44277,0.14958,0.05433,20.34101,603.51056,204.71175,388.20853,24,0.63085,0.50708,0.23419,0.13487,0.12824,2.86365,1059.34784
2016-02-22,0.45210,0.32629,0.12758,18.75410,520.30421,211.48862,373.76424,24,0.27661,0.31676,0.26276,0.27719,0.18771,3.97795,1087.51988
2016-02-23,0.33193,0.40002,0.12671,18.51965,484.85276,212.74357,371.81687,24,0.58962,0.39110,0.57974,0.38831,0.35805,3.67473,1106.05003
2016-02-24,0.48010,0.51173,0.15184,18.73840,440.09840,180.36892,380.03565,24,0.41808,0.46443,0.62323,0.49259,0.27892,2.70919,894.10405
2016-02-25,0.44565,0.37264,0.07719,18.63799,388.44734,172.12952,375.49244,24,0.67136,0.57452,0.64758,0.51613,0.37998,2.52635,795.94113
2016-02-26,0.65372,0.10208,0.01520,18.07024,404.75358,204.73301,371.04899,24,0.41286,0.68652,0.24649,0.18419,0.08066,2.62032,1028.67123
2016-02-27,0.25997,0.09817,0.01037,17.93826,393.93320,199.74756,370.33606,24,0.50957,0.28741,0.10929,0.23054,0.02960,3.44676,1075.83739
2016-02-28,0.12732,0.05311,0.00507,17.71300,415.41813,227.14643,364.67851,24,0.15781,0.16410,0.10223,0.13457,0.01108,2.86399,1209.77152
2016-02-29,0.16148,0.03078,0.00285,17.66000,435.73300,232.25036,362.27601,24,0.05951,0.13133,0.06498,0.05536,0.01108,3.24421,1257.95324
2016-03-01,0.30092,0.01603,0.00238,18.06849,471.39041,226.43371,364.89680,24,0.21154,0.31820,0.02600,0.01652,0.00554,2.87213,1379.91051
2016-03-02,0.28096,0.01733,0.00061,18.56087,454.35064,223.70643,370.39378,24,0.23276,0.33544,0.01841,0.01289,0.00369,3.10853,1250.91055
2016-03-03,0.49149,0.03008,0.00045,19.17657,452.29391,225.88713,373.03870,24,0.29523,0.53842,0.02356,0.00728,0.00360,2.77622,1153.34769
2016-03-04,0.53800,0.06550,0.00721,19.89894,452.16247,223.99814,375.91677,24,0.50552,0.61723,0.06157,0.07382,0.00000,2.80749,1082.23022
2016-03-05,0.46672,0.05212,0.01472,20.40772,411.59049,234.00271,378.68794,24,0.56167,0.45454,0.11017,0.06000,0.07917,2.23202,968.93020
2016-03-06,0.33321,0.05311,0.00923,20.05194,397.24642,232.32494,384.34594,24,0.49549,0.35767,0.05245,0.04341,0.00360,2.58489,1027.49026
2016-03-07,0.12581,0.07874,0.01775,19.93404,455.42286,241.74071,381.09058,24,0.15677,0.11929,0.17858,0.03621,0.07198,2.39949,1133.11196
2016-03-08,0.16541,0.05980,0.01585,19.72585,500.84291,239.71866,382.45828,24,0.25170,0.20618,0.14280,0.01970,0.08634,2.71042,1253.86903
2016-03-09,0.51444,0.06365,0.01140,20.39297,515.50044,241.39644,386.34679,24,0.14765,0.31011,0.06869,0.03963,0.03067,2.96759,1198.39626
2016-03-10,0.68667,0.07845,0.01375,20.64072,486.52858,230.48853,388.57859,24,0.71205,0.79036,0.09032,0.05785,0.02692,2.81458,1162.25016
2016-03-11,0.67854,0.08916,0.02613,20.69708,496.30926,238.52635,388.30930,24,0.63951,0.66810,0.17231,0.07117,0.09372,2.52982,1216.48258
2016-03-12,0.59690,0.08649,0.01874,20.71314,496.94763,218.49888,391.40134,24,0.78148,0.78436,0.19978,0.02729,0.11426,3.38558,1143.38699
2016-03-13,0.62818,0.06619,0.01217,19.48424,533.48731,229.36829,388.64531,24,0.53890,0.68242,0.17714,0.07105,0.08852,3.45231,1170.29598
2016-03-14,0.78547,0.01215,0.00142,18.43378,516.70204,218.44296,381.24324,24,0.80302,0.87406,0.03039,0.00179,0.00715,4.68729,1168.02888
2016-03-15,0.36612,0.02116,0.00045,18.52289,564.30531,254.63160,378.71771,24,0.24859,0.23437,0.02323,0.03703,0.00000,3.53704,1325.93028
2016-03-16,0.23963,0.11186,0.00462,18.58821,577.81219,244.40917,377.42647,24,0.74454,0.25114,0.05915,0.18942,0.00185,3.64749,1344.43800
2016-03-17,0.20605,0.09718,0.01811,17.44850,555.13914,257.37992,367.24793,24,0.15476,0.14323,0.26553,0.08223,0.04984,3.57990,1433.13276
2016-03-18,0.14905,0.11831,0.01604,17.92184,616.42919,259.72380,375.79005,24,0.26309,0.10338,0.20567,0.11357,0.09793,3.20716,1520.30809
2016-03-19,0.32864,0.46169,0.08804,20.50952,535.76339,226.25842,397.91823,24,0.31271,0.34804,0.40013,0.43206,0.08419,4.46522,1191.23186
2016-03-20,0.41634,0.60798,0.16517,21.81938,471.04421,197.51982,405.46704,24,0.55998,0.49056,0.82165,0.61053,0.38732,2.75139,996.18993
2016-03-21,0.37498,0.65112,0.27378,21.54948,522.78904,205.16217,399.66540,24,0.69513,0.42876,0.91290,0.64949,0.49810,2.12013,1038.05378
2016-03-22,0.15874,0.40113,0.17472,19.45865,574.10104,250.80235,379.59435,24,0.41991,0.14748,0.84739,0.44278,0.64925,2.92753,1301.66241
2016-03-23,0.14084,0.32655,0.09069,18.91613,518.95855,253.56073,374.09846,24,0.24492,0.17947,0.64605,0.39530,0.40550,3.14525,1267.36252
2016-03-24,0.05300,0.10700,0.03620,18.92832,539.32165,276.08599,368.58906,24,0.19149,0.06269,0.44499,0.10438,0.25509,2.66948,1462.02159
2016-03-25,0.21625,0.02317,0.00485,19.46278,531.10639,284.05776,374.36985,24,0.07632,0.01521,0.04823,0.04295,0.02957,3.57577,1326.59263
2016-03-26,0.62135,0.06687,0.00210,20.61560,558.50217,248.06987,394.39312,24,0.58838,0.78886,0.03690,0.03172,0.00000,3.03762,1303.07984
2016-03-27,0.49737,0.59136,0.07974,22.10327,634.13342,215.78858,406.40043,24,0.60603,0.55790,0.39830,0.40568,0.06500,2.84022,1128.81598
2016-03-28,0.76860,0.65517,0.22809,20.99970,501.75234,174.96752,405.63486,24,0.72703,0.85803,0.92275,0.65493,0.31567,2.33334,897.13343
2016-03-29,0.66288,0.74633,0.19092,21.77896,530.82522,199.52484,406.21954,24,0.82169,0.81273,0.88081,0.74535,0.49405,2.21508,989.57348
2016-03-30,0.56547,0.63697,0.16317,22.01291,527.39606,214.00829,404.49121,24,0.46670,0.37957,0.95154,0.64928,0.52835,2.19148,1055.39029
2016-03-31,0.67843,0.72327,0.26836,21.17064,459.91548,187.61359,403.83836,24,0.77219,0.66432,0.82608,0.69653,0.40442,2.39238,935.47677
2016-10-01,0.81886,0.82101,0.10787,25.76289,360.57442,188.06238,429.66036,24,0.94045,0.81574,0.88721,0.97606,0.33865,1.62562,805.08582
2016-10-02,0.72287,0.74557,0.08614,25.75120,332.84656,185.00476,430.24446,24,0.80390,0.71966,0.78510,0.96117,0.16028,1.71131,750.36155
2016-10-03,0.69772,0.67653,0.11221,25.72274,329.02809,177.99061,430.75085,24,0.65088,0.59955,0.80659,0.93207,0.24433,2.08721,772.08227
2016-10-04,0.68279,0.67411,0.13313,25.46707,326.71718,185.98072,429.19361,24,0.57756,0.55326,0.84912,0.94066,0.26729,1.73288,831.82037
2016-10-05,0.83997,0.82445,0.18959,25.24179,325.84065,160.80782,429.02563,24,0.72754,0.70485,0.82314,0.93802,0.40869,1.68686,773.18997
2016-10-06,0.88346,0.80578,0.13918,25.28431,350.08822,166.28984,427.43439,24,0.92119,0.78050,0.88280,0.93684,0.44099,1.51795,723.91751
2016-10-07,0.87243,0.85264,0.15176,25.29300,361.20622,169.79915,428.47152,24,0.94482,0.83533,0.70455,0.98552,0.29496,1.89197,715.06997
2016-10-08,0.95080,0.91806,0.21916,25.24184,343.90607,135.35361,427.90178,24,0.96577,0.96079,0.94562,0.99442,0.35679,1.40182,632.57770
2016-10-09,0.86863,0.93817,0.25852,25.10135,358.99399,141.64149,429.22371,24,0.85970,0.80105,0.95641,0.97604,0.38288,1.44248,679.06029
2016-10-10,0.95662,0.94408,0.37006,24.85726,412.74729,108.81274,432.04753,24,0.93738,0.94291,0.94938,0.96306,0.51875,1.36950,647.23991
2016-10-11,0.96868,0.88017,0.40270,24.48712,437.34890,73.60943,429.94587,24,0.96799,0.95132,0.89565,0.97225,0.55499,1.32823,633.39217
2016-10-12,0.93739,0.74640,0.25561,24.23806,352.36190,79.94850,423.58475,24,0.97362,0.91852,0.81319,0.80315,0.49256,1.25873,580.89873
2016-10-13,0.72774,0.67896,0.21043,23.90744,312.79934,153.76046,410.25861,24,0.94509,0.73869,0.79208,0.80808,0.43481,1.59453,703.17836
2016-10-14,0.52598,0.53135,0.14120,23.55585,332.31628,192.76567,402.60205,24,0.74638,0.47862,0.78682,0.69555,0.48550,1.91112,820.36293
2016-10-15,0.15538,0.32116,0.04860,23.50140,358.87688,213.75616,400.64377,24,0.42917,0.14013,0.49321,0.51656,0.27349,2.23124,867.79025
2016-10-16,0.08223,0.17699,0.04367,23.68489,349.51849,222.07353,400.67792,24,0.14207,0.05845,0.24894,0.35430,0.11940,2.28894,823.42748
2016-10-17,0.13079,0.20489,0.04407,24.02830,323.35475,222.52851,403.20931,24,0.12614,0.04784,0.24732,0.29299,0.15467,2.09996,782.51182
2016-10-18,0.20338,0.30065,0.04449,24.01818,306.71786,201.98962,407.58686,24,0.30849,0.15522,0.34551,0.40625,0.14753,2.23507,755.79323
2016-10-19,0.13663,0.25851,0.04778,23.61989,342.35800,210.06119,401.14916,24,0.29684,0.11735,0.33715,0.41498,0.10521,2.40702,841.80391
2016-10-20,0.10891,0.14811,0.04635,22.88595,382.07735,216.35169,392.24606,24,0.19535,0.08787,0.35889,0.27705,0.17105,2.21093,916.69266
2016-10-21,0.09418,0.10139,0.02822,22.22755,371.39629,213.20449,387.40927,24,0.20471,0.14213,0.25842,0.16196,0.15453,2.45369,914.71784
2016-10-22,0.11291,0.07590,0.01892,21.55673,429.24549,214.68387,382.06569,24,0.12904,0.16252,0.14505,0.08403,0.06035,3.01038,1035.86760
2016-10-23,0.19814,0.07061,0.01828,21.17698,459.26564,216.85942,380.81783,24,0.19619,0.16974,0.12782,0.06744,0.06980,3.11358,1030.25837
2016-10-24,0.59541,0.08726,0.01664,21.98888,408.46043,207.18592,390.92503,24,0.34075,0.43333,0.09346,0.06451,0.06228,2.82668,949.73311
2016-10-25,0.50678,0.19462,0.01430,22.72978,355.29128,195.70413,401.53015,24,0.74809,0.38618,0.12521,0.21142,0.03718,2.37091,935.37574
2016-10-26,0.60156,0.40998,0.04522,23.44899,332.34357,155.75514,413.93295,24,0.55762,0.48476,0.30818,0.44735,0.06798,2.11622,847.80746
2016-10-27,0.64125,0.63499,0.11145,23.26521,270.46159,131.64039,413.81349,24,0.74474,0.76332,0.57870,0.79580,0.12386,2.04064,589.53111
2016-10-28,0.51621,0.70046,0.16101,23.05447,283.30483,152.47926,409.30632,24,0.61592,0.61999,0.65608,0.88054,0.32313,1.59504,664.94927
2016-10-29,0.35542,0.61698,0.10866,22.62166,380.17328,166.89805,401.79149,24,0.39032,0.30419,0.69167,0.77676,0.37896,1.60380,858.31813
2016-10-30,0.38723,0.53674,0.09503,22.85880,337.74103,162.90888,403.73156,24,0.38427,0.33861,0.56701,0.75762,0.20667,1.78546,807.88702
2016-10-31,0.24644,0.39508,0.08304,22.96291,305.65421,181.76417,402.91231,24,0.34426,0.23638,0.47957,0.67558,0.19301,1.84120,824.54518
2016-11-01,0.21994,0.22514,0.04497,22.96576,317.56161,192.02893,401.09701,24,0.29605,0.22598,0.46210,0.50020,0.18242,2.04900,845.32960
2016-11-02,0.45696,0.12715,0.04247,23.02499,292.09652,191.34996,402.06354,24,0.35345,0.34264,0.25366,0.34250,0.11629,2.25902,798.49098
2016-11-03,0.88134,0.19496,0.03796,22.85527,302.76463,161.86259,408.80059,24,0.85605,0.80465,0.25159,0.37035,0.09391,2.36720,827.04762
2016-11-04,0.95805,0.43558,0.14968,22.13325,298.92493,82.27442,410.65750,24,0.95696,0.92637,0.39547,0.56399,0.15100,2.19509,539.03487
2016-11-05,0.91152,0.54898,0.21642,21.39893,418.08585,66.95782,405.64832,24,0.98305,0.98526,0.63893,0.70088,0.41494,1.39216,578.92989
2016-11-06,0.58310,0.43957,0.12648,20.85709,503.93801,125.82890,400.26403,24,0.74450,0.69074,0.48447,0.52637,0.19212,1.56225,848.30740
2016-11-07,0.40850,0.44866,0.13246,20.76711,415.34096,158.56894,394.43805,24,0.52829,0.41770,0.38373,0.38457,0.13852,2.05298,792.55712
2016-11-08,0.24415,0.33549,0.08411,19.98742,418.71592,174.14953,379.37142,24,0.48481,0.29564,0.48030,0.44293,0.27280,2.58870,1021.60850
2016-11-09,0.20811,0.18012,0.03971,19.41043,395.20122,186.77111,373.33517,24,0.31170,0.18989,0.39166,0.20243,0.22999,3.17368,985.23607
2016-11-10,0.19557,0.20227,0.04413,19.61400,368.74240,182.29590,374.16188,24,0.28989,0.15081,0.22351,0.17595,0.09088,3.25450,943.94531
2016-11-11,0.35506,0.21915,0.04276,19.63798,374.44187,174.18796,376.22255,24,0.35229,0.37118,0.34928,0.22988,0.13973,3.08086,1040.42806
2016-11-12,0.27858,0.17968,0.05135,19.88277,356.09014,176.92076,374.78922,24,0.43103,0.27869,0.26430,0.18086,0.11954,2.50341,1076.78953
2016-11-13,0.16343,0.19630,0.06723,19.78885,386.98795,185.01870,371.43301,24,0.31728,0.17303,0.35131,0.13118,0.18923,2.71133,1019.76767
2016-11-14,0.15487,0.16620,0.06550,19.12253,421.15007,188.29333,364.04749,24,0.28384,0.12491,0.43357,0.14338,0.23630,2.57388,1061.73922
2016-11-15,0.11403,0.13935,0.07146,18.60893,406.24668,192.04977,357.47841,24,0.21601,0.11283,0.32798,0.11324,0.22734,2.43138,976.87631
2016-11-16,0.27967,0.13010,0.07122,18.30747,384.96290,192.50152,354.04506,24,0.28486,0.44282,0.29316,0.16264,0.22197,2.63360,920.32764
2016-11-17,0.08682,0.17364,0.07511,17.93532,364.65232,194.76311,350.50895,24,0.20116,0.03787,0.29534,0.20583,0.22205,2.66789,868.78479
2016-11-18,0.07989,0.13364,0.06540,17.32285,365.75322,196.40202,343.94815,24,0.23320,0.01708,0.40265,0.08102,0.20599,2.72455,886.83027
2016-11-19,0.08278,0.10376,0.07383,17.02639,365.70066,195.99837,341.98366,24,0.24593,0.03022,0.29329,0.06579,0.22931,2.97407,907.46399
2016-11-20,0.09115,0.08489,0.06797,16.93909,368.97925,192.66239,343.59423,24,0.24777,0.04828,0.27449,0.04364,0.22909,2.92437,973.43901
2016-11-21,0.11861,0.09609,0.05897,16.74651,387.10150,192.54444,344.28294,24,0.23915,0.04476,0.25527,0.06801,0.21845,2.75214,977.55056
2016-11-22,0.10075,0.10432,0.06265,16.60067,416.21572,189.18708,345.27256,24,0.32561,0.05839,0.28447,0.10808,0.20357,2.76173,1048.91212
2016-11-23,0.12668,0.08209,0.05638,16.74828,362.69546,186.45747,347.11543,24,0.36526,0.08827,0.24609,0.05314,0.20937,2.74421,1012.83385
2016-11-24,0.15246,0.10776,0.05491,16.86083,348.58140,185.08344,347.78644,24,0.42728,0.10852,0.28138,0.11543,0.20767,2.50433,1005.23009
2016-11-25,0.23755,0.10266,0.04301,17.01650,342.60809,176.73848,354.50448,24,0.44809,0.21417,0.26388,0.08776,0.18004,2.64534,1033.96312
2016-11-26,0.18035,0.09372,0.03437,17.17811,341.75534,176.99822,356.23354,24,0.36386,0.13608,0.15624,0.03855,0.11589,2.35674,973.36310
2016-11-27,0.24836,0.14593,0.04540,17.66755,343.40065,165.95731,363.28249,24,0.45373,0.23777,0.29563,0.05874,0.18387,2.40677,1037.34347
2016-11-28,0.21628,0.16748,0.04483,17.82871,326.22655,155.46411,364.08972,24,0.35118,0.26090,0.30062,0.16151,0.13718,2.46419,947.11690
2016-11-29,0.17343,0.15292,0.06132,17.96379,321.42233,166.58827,362.25194,24,0.40170,0.17562,0.36560,0.21753,0.20681,2.29883,904.47512
2016-11-30,0.19788,0.14635,0.06794,18.03438,320.93835,174.83140,359.92741,24,0.41277,0.10458,0.30576,0.19612,0.25439,2.17465,911.97298
2016-12-01,0.58747,0.16961,0.05082,18.52568,307.23277,158.23909,371.72358,24,0.55608,0.43948,0.37700,0.16397,0.23692,2.04224,899.08257
2016-12-02,0.55828,0.19879,0.03408,18.68895,305.15746,150.50574,373.61965,24,0.84433,0.59821,0.23491,0.13891,0.09623,2.05417,856.17412
2016-12-03,0.12663,0.09977,0.02739,18.23881,383.00992,165.97604,360.26938,24,0.39886,0.19451,0.31339,0.11174,0.11083,2.22782,960.49955
2016-12-04,0.05612,0.02832,0.02306,17.82772,384.16669,183.66331,344.84607,24,0.18081,0.04081,0.11153,0.00723,0.10611,2.11831,828.45059
2016-12-05,0.03100,0.02500,0.01926,17.58932,302.14786,185.75997,338.82263,24,0.13535,0.00706,0.07719,0.00179,0.07353,1.95845,679.97932
2016-12-06,0.09037,0.02084,0.01669,16.98998,267.18918,186.74055,334.95200,24,0.15501,0.00432,0.05474,0.00360,0.05117,2.09798,636.96043
2016-12-07,0.12172,0.02117,0.02102,16.41030,250.44488,186.98608,332.45645,24,0.21470,0.16113,0.05141,0.00000,0.05141,2.27574,623.34666
2016-12-08,0.19317,0.01659,0.01636,16.16878,267.34679,186.86398,330.89820,24,0.13427,0.11613,0.06984,0.00000,0.06984,2.38639,648.29925
2016-12-09,0.35674,0.01531,0.01073,16.03535,298.75772,184.16267,331.66368,24,0.43495,0.39248,0.04940,0.00000,0.04571,2.30180,671.66562
2016-12-10,0.35275,0.01471,0.01190,16.03136,263.11790,183.01643,338.12751,24,0.39477,0.40108,0.03291,0.00000,0.03291,2.22234,595.85037
2016-12-11,0.22688,0.02566,0.01144,16.01505,271.93390,178.01955,344.67333,24,0.31186,0.09440,0.04532,0.00000,0.03430,2.40008,652.48291
2016-12-12,0.11491,0.03309,0.00667,15.40214,307.63267,179.25934,335.08873,24,0.18782,0.02632,0.08530,0.03999,0.03057,2.29746,755.82622
2016-12-13,0.08644,0.09383,0.00840,15.01834,364.76111,178.74557,331.78347,24,0.21330,0.12516,0.03440,0.15489,0.01440,2.34092,856.54084
2016-12-14,0.12057,0.25032,0.01499,14.97576,378.92503,175.36171,336.30659,24,0.23882,0.10086,0.18927,0.19005,0.03258,2.14098,828.35763
2016-12-15,0.11605,0.18568,0.02057,15.07731,409.85645,172.43133,335.04550,24,0.26679,0.16772,0.42900,0.21837,0.04899,2.06094,903.28023
2016-12-16,0.08547,0.07877,0.01674,14.94854,381.91095,179.29784,336.56417,24,0.13815,0.03183,0.20354,0.03707,0.07715,2.47599,874.85099
2016-12-17,0.20244,0.13032,0.01437,15.39653,369.45062,164.61389,351.58962,24,0.19822,0.13033,0.15569,0.03314,0.05858,2.92589,952.01577
2016-12-18,0.28370,0.18707,0.02455,15.77276,369.67806,154.41174,353.33735,24,0.41404,0.27981,0.31351,0.13007,0.03127,2.69155,944.76453
2016-12-19,0.36125,0.21270,0.03228,15.82213,390.47458,152.15491,356.71180,24,0.40835,0.35803,0.26439,0.17287,0.07136,2.42399,990.48935
2016-12-20,0.30506,0.22924,0.04197,15.59512,386.71694,146.93647,351.49981,24,0.48591,0.36984,0.33001,0.20318,0.11476,2.67505,988.19356
2016-12-21,0.21991,0.14474,0.02404,15.38666,381.05498,159.67195,346.49084,24,0.36098,0.27692,0.26736,0.17854,0.05224,2.36458,994.40739
2016-12-22,0.21086,0.10851,0.02157,16.04405,345.96188,163.53351,353.55820,24,0.24550,0.17723,0.16835,0.01275,0.08409,2.41033,925.72286
2016-12-23,0.33510,0.20835,0.02208,16.70120,325.17903,149.33809,363.87268,24,0.44596,0.33827,0.27579,0.13116,0.07706,2.55765,865.44253
2016-12-24,0.31520,0.27695,0.04163,17.11303,326.93910,142.68320,362.57319,24,0.46833,0.39538,0.46608,0.30575,0.09402,2.31522,896.39385
2016-12-25,0.22335,0.29849,0.07966,17.25768,312.08087,156.99298,354.51745,24,0.49079,0.25620,0.49937,0.29954,0.20265,1.89282,866.11023
2016-12-26,0.27713,0.33234,0.08905,17.19999,302.67254,156.60197,352.90303,24,0.41094,0.30394,0.52596,0.46840,0.21798,1.74784,799.32110
2016-12-27,0.16444,0.20358,0.08436,16.46699,382.94899,165.93286,339.59133,24,0.51171,0.25486,0.46568,0.37657,0.35441,1.30973,846.99087
2016-12-28,0.11511,0.10259,0.02265,15.69022,338.46488,179.20340,330.30924,24,0.27728,0.13920,0.07791,0.09012,0.02718,1.98876,760.42710
2016-12-29,0.12740,0.10109,0.02953,15.58956,330.34361,174.97685,339.27741,24,0.23887,0.13674,0.17567,0.18305,0.09361,1.81052,861.36663
2016-12-30,0.16486,0.07253,0.03514,15.61646,309.26782,171.12437,343.11551,24,0.29808,0.15284,0.18124,0.08300,0.13658,2.15025,871.92181
2016-12-31,0.27723,0.06439,0.03216,15.52063,298.55469,167.76521,343.11819,24,0.47173,0.21392,0.18599,0.03490,0.11844,2.17855,871.63160
2017-01-01,0.16107,0.05645,0.04098,15.69437,302.46472,170.48732,339.20887,24,0.42930,0.23193,0.18452,0.06252,0.16274,1.97474,846.01134
2017-01-02,0.19908,0.02586,0.00912,15.70951,321.51468,178.57977,338.27139,24,0.16783,0.15643,0.05709,0.02924,0.05345,2.00541,891.15259
2017-01-03,0.15408,0.02821,0.00547,15.52491,323.04817,172.44780,341.16199,24,0.32485,0.18137,0.03854,0.00180,0.01462,2.64528,850.95559
2017-01-04,0.06237,0.02251,0.00136,15.21400,377.18828,181.52022,331.42712,24,0.14600,0.05405,0.06475,0.01100,0.00369,2.18077,847.32444
2017-01-05,0.07232,0.03772,0.00689,14.81937,401.69699,181.28068,327.93257,24,0.12492,0.11681,0.02900,0.03089,0.02347,2.12977,920.06966
2017-01-06,0.06326,0.03205,0.00495,14.23558,365.81116,184.50528,320.56672,24,0.14463,0.07572,0.05513,0.02017,0.02761,2.02047,852.68408
2017-01-07,0.05310,0.03612,0.00694,13.74446,333.96866,188.92640,317.87645,24,0.13165,0.05176,0.02346,0.00721,0.01626,2.21551,821.71388
2017-01-08,0.04686,0.02423,0.00443,13.64475,314.61029,190.08848,320.52539,24,0.13353,0.02968,0.01630,0.01442,0.00181,2.38689,809.16234
2017-01-09,0.05561,0.01936,0.00308,13.93858,301.77635,189.32488,325.80097,24,0.08034,0.02269,0.03965,0.00721,0.00903,2.68757,778.51607
2017-01-10,0.33906,0.09259,0.02210,14.02475,324.13631,147.40316,338.34538,24,0.30726,0.39128,0.01976,0.01808,0.00000,2.55040,655.60374
2017-01-11,0.15348,0.14055,0.05166,13.51018,355.69603,180.57697,327.35867,24,0.31588,0.10088,0.26605,0.13882,0.19221,2.33746,769.70599
2017-01-12,0.10294,0.06679,0.01139,11.29293,508.35236,183.43722,314.77248,24,0.18200,0.13060,0.13845,0.08983,0.03777,3.08163,1085.16385
2017-01-13,0.04736,0.04969,0.01095,9.60275,486.72011,194.27970,301.60638,24,0.07735,0.06727,0.05039,0.02347,0.02519,3.17163,985.18514
2017-01-14,0.04952,0.01789,0.00390,9.69786,411.67544,199.72469,296.75166,24,0.03444,0.02184,0.08667,0.01982,0.02345,3.54694,866.30620
2017-01-15,0.06411,0.00442,0.00397,11.11485,329.94483,202.10528,302.03368,24,0.06322,0.00364,0.01076,0.00000,0.01076,3.23257,722.30374
2017-01-16,0.03624,0.00973,0.00352,11.75276,308.25774,201.22313,308.36892,24,0.15368,0.03347,0.01629,0.00000,0.01091,2.78083,729.65944
2017-01-17,0.03113,0.01324,0.00456,12.20224,297.36480,197.68684,315.93616,24,0.09254,0.03062,0.02513,0.00902,0.01796,2.76882,772.21025
2017-01-18,0.02825,0.00778,0.00344,13.07993,322.67232,200.11675,317.54218,24,0.07913,0.01542,0.01615,0.00359,0.01257,2.81112,795.42062
2017-01-19,0.33428,0.00523,0.00262,13.36368,292.99050,203.48441,317.33308,24,0.13199,0.03116,0.00179,0.00000,0.00000,2.51792,668.76171
2017-01-20,0.38982,0.02072,0.00591,13.06615,289.85167,202.42533,316.94903,24,0.64213,0.54592,0.02512,0.00180,0.02331,2.93076,664.73328
2017-01-21,0.12051,0.00935,0.00345,13.24184,310.10543,204.18512,317.15972,24,0.20296,0.07279,0.04852,0.00180,0.01982,2.60078,741.79596
2017-01-22,0.05898,0.00580,0.00490,13.72454,289.70430,206.63670,320.03566,24,0.04455,0.06912,0.00727,0.00000,0.00548,2.75655,673.76744
2017-01-23,0.18162,0.01129,0.00642,14.11053,302.81681,204.92237,324.06388,24,0.05135,0.13341,0.02336,0.00721,0.02336,2.68068,768.34000
2017-01-24,0.02756,0.00651,0.00547,14.37237,305.32613,207.93234,323.49678,24,0.08373,0.05279,0.01835,0.00000,0.01656,2.50433,823.57596
2017-01-25,0.01034,0.00582,0.00582,14.87056,256.21666,209.54284,327.03006,24,0.04780,0.00007,0.02392,0.00000,0.02392,2.66636,735.18486
2017-01-26,0.20327,0.00706,0.00676,15.29805,257.01171,209.88131,334.34390,24,0.03017,0.00113,0.02752,0.00000,0.02752,2.42427,776.32817
2017-01-27,0.44121,0.00698,0.00593,15.99522,275.79746,169.27547,354.12891,24,0.46946,0.49203,0.04254,0.00000,0.04254,2.81603,812.19164
2017-01-28,0.16301,0.07954,0.01265,15.88795,353.44742,183.80537,346.15500,24,0.22713,0.19652,0.01994,0.02349,0.00553,2.44665,831.67658
2017-01-29,0.08459,0.07382,0.01074,14.75626,397.31489,200.96671,332.60654,24,0.14872,0.15976,0.18671,0.11592,0.05067,2.11518,950.01648
2017-01-30,0.10192,0.04210,0.00158,14.85493,380.83763,198.93927,334.43721,24,0.07539,0.11283,0.04668,0.00000,0.00361,2.46810,980.30732
2017-01-31,0.13416,0.10644,0.01617,15.09405,354.12052,197.03565,335.44690,24,0.17181,0.20642,0.08118,0.04882,0.01815,2.38441,926.78688
2017-02-01,0.12998,0.11741,0.02700,15.19586,354.70086,202.30835,334.34767,24,0.24060,0.15987,0.23567,0.06314,0.10080,1.93126,887.12411
2017-02-02,0.11562,0.06273,0.00953,14.28271,394.52801,204.43385,331.08855,24,0.21794,0.12848,0.12589,0.02329,0.05229,2.25077,983.61070
2017-02-03,0.07707,0.01617,0.00801,14.36578,401.94126,209.66272,329.27597,24,0.16856,0.13607,0.04491,0.01819,0.02514,2.57250,983.23830
2017-02-04,0.14985,0.01116,0.00945,15.07430,287.02030,219.63287,328.77532,24,0.18685,0.18102,0.02702,0.00000,0.02702,2.50429,750.45013
2017-02-05,0.03098,0.01638,0.01441,14.95259,296.58560,222.78770,328.91635,24,0.13087,0.01807,0.06466,0.00000,0.06099,2.63674,764.50563
2017-02-06,0.04057,0.03823,0.01955,15.28201,373.13105,221.35514,333.93871,24,0.16924,0.01020,0.06936,0.00179,0.05137,3.07689,1074.65961
2017-02-07,0.09350,0.06938,0.01335,16.18760,379.40598,209.39724,343.36974,24,0.10678,0.10081,0.11503,0.07888,0.05753,2.87857,1018.93313
2017-02-08,0.08343,0.05196,0.01025,15.16263,352.20226,214.07111,334.07461,24,0.16962,0.07972,0.14218,0.03054,0.05923,2.36058,950.12255
2017-02-09,0.08008,0.05892,0.00782,15.09493,338.34319,219.83093,330.89932,24,0.12408,0.07826,0.05209,0.01109,0.00360,2.96838,888.43344
2017-02-10,0.08789,0.07460,0.02616,15.38173,345.89137,218.98052,339.60121,24,0.16651,0.10033,0.15979,0.07323,0.08269,2.47436,889.81232
2017-02-11,0.16646,0.05331,0.02199,15.10311,340.40060,210.18024,345.96367,24,0.13310,0.16221,0.11889,0.05914,0.08288,2.68769,959.20662
2017-02-12,0.10833,0.01155,0.00217,15.27233,382.62923,220.08492,344.93908,24,0.12982,0.12777,0.04332,0.00180,0.01091,3.10215,1090.90434
2017-02-13,0.05142,0.00628,0.00045,15.76772,380.20522,221.19625,349.10872,24,0.04477,0.02567,0.00718,0.00000,0.00179,2.79890,1049.02532
2017-02-14,0.11447,0.00466,0.00068,15.90033,420.42750,209.75262,349.48334,24,0.10743,0.20748,0.01984,0.00180,0.00542,2.76392,1169.61970
2017-02-15,0.09869,0.00255,0.00188,15.35797,407.93017,231.97499,337.50668,24,0.03746,0.02229,0.00718,0.00000,0.00718,2.68746,1158.05415
2017-02-16,0.02359,0.00418,0.00246,15.33538,404.09058,233.52880,339.00310,24,0.05255,0.01154,0.00897,0.00000,0.00897,3.21715,1094.82605
2017-02-17,0.04963,0.00334,0.00060,15.84099,388.78414,233.34381,344.39162,24,0.03145,0.00767,0.01072,0.00000,0.00536,3.02216,1077.82817
2017-02-18,0.11667,0.00484,0.00139,16.82852,389.70186,228.30224,354.69969,24,0.22405,0.05793,0.01097,0.00000,0.00559,3.05277,1120.60478
2017-02-19,0.25779,0.06504,0.00853,17.81275,431.47235,208.06051,370.50513,24,0.18038,0.22542,0.03495,0.00185,0.01288,2.45885,1114.04131
2017-02-20,0.37317,0.55632,0.14997,19.67319,474.67637,164.50693,382.59850,24,0.53747,0.46723,0.38322,0.58250,0.10154,2.38637,895.83251
2017-02-21,0.33265,0.60099,0.23975,20.43795,549.24019,194.00353,380.78889,24,0.57251,0.29656,0.87870,0.56580,0.59254,1.82910,908.19131
2017-02-22,0.32293,0.57220,0.18290,19.96731,594.84238,191.48145,382.56613,24,0.53933,0.41267,0.86581,0.53698,0.46552,1.71318,1050.34747
2017-02-23,0.22392,0.46232,0.16061,17.05882,480.78679,201.42993,364.28782,24,0.40839,0.28214,0.73763,0.49575,0.42821,3.05697,1061.43536
2017-02-24,0.07250,0.15369,0.06959,14.43888,456.86290,237.89085,336.90696,24,0.26802,0.05908,0.55859,0.20960,0.42109,2.99381,1234.88781
2017-02-25,0.06752,0.03410,0.00086,13.12423,481.49749,242.78978,328.63805,24,0.06019,0.06876,0.07041,0.05424,0.00747,3.25184,1342.24119
2017-02-26,0.11289,0.03052,0.00385,13.82897,478.35479,239.72641,335.03737,24,0.07825,0.07851,0.02735,0.02805,0.00924,3.59535,1300.61789
2017-02-27,0.13887,0.05173,0.01580,15.41603,479.65546,234.59478,342.90564,24,0.28249,0.12225,0.11006,0.01662,0.06280,2.98759,1311.13322
2017-02-28,0.11097,0.04804,0.01644,15.52655,446.39337,239.32339,344.86913,24,0.16185,0.09011,0.10482,0.02424,0.07400,2.86872,1258.04425
2017-03-01,0.11335,0.06928,0.02802,16.08679,430.92669,239.03670,348.26165,24,0.13785,0.12928,0.09183,0.01845,0.06300,2.69577,1212.18085
2017-03-02,0.08059,0.04479,0.01800,17.35151,442.92166,242.56130,354.83990,24,0.18402,0.08349,0.12830,0.00373,0.08510,2.82919,1078.68485
2017-03-03,0.10465,0.03406,0.01144,18.31811,484.09219,245.81214,359.51123,24,0.17553,0.09732,0.07335,0.01431,0.03884,2.79762,1058.46806
2017-03-04,0.24844,0.09741,0.02760,17.99435,532.65222,232.16340,362.13127,24,0.36816,0.29111,0.11556,0.15711,0.07181,2.97804,1062.69294
2017-03-05,0.36453,0.45957,0.13470,18.95624,540.21873,215.69583,378.92026,24,0.44229,0.37541,0.27696,0.37191,0.11061,2.97301,1087.50791
2017-03-06,0.29059,0.49719,0.17810,18.01910,425.19915,204.79274,371.81510,24,0.48059,0.34046,0.71091,0.56897,0.47809,2.13238,943.37742
2017-03-07,0.28382,0.31689,0.10957,17.54253,464.37737,230.68040,367.93014,24,0.45752,0.16938,0.73099,0.36125,0.48634,2.14500,1158.43207
2017-03-08,0.59788,0.36557,0.10296,17.98549,409.30671,170.06212,384.48165,24,0.42820,0.67825,0.52499,0.37539,0.32452,2.76391,970.17737
2017-03-09,0.53093,0.64180,0.16110,18.74762,434.85614,179.77069,390.00556,24,0.49670,0.61547,0.67964,0.54523,0.29316,2.33604,949.35074
2017-03-10,0.75360,0.88082,0.27514,20.21193,461.91158,157.03315,405.90422,24,0.59789,0.71090,0.96581,0.94618,0.55367,2.12111,846.92668
2017-03-11,0.86758,0.89155,0.45045,20.02180,405.31977,119.90842,404.72543,24,0.96242,0.94027,0.94945,0.90632,0.61737,1.61131,608.58589
2017-03-12,0.37511,0.45693,0.16492,18.29707,431.45351,186.45918,373.03112,24,0.77057,0.45251,0.85397,0.67427,0.62768,1.44547,814.23468
2017-03-13,0.05737,0.07405,0.02611,14.48610,503.32013,263.44407,336.17464,24,0.23223,0.05812,0.29797,0.02032,0.14192,3.09780,1237.22844
2017-03-14,0.02153,0.01367,0.00360,13.68095,499.28864,275.55436,328.11175,24,0.03469,0.03670,0.05034,0.00180,0.01973,4.09612,1286.75214
2017-03-15,0.08942,0.01476,0.00230,13.91136,467.11479,273.85393,331.17321,24,0.05750,0.08887,0.02386,0.00000,0.01486,4.02947,1166.58274
2017-03-16,0.06769,0.03542,0.01097,14.93938,480.55379,269.19279,338.16951,24,0.12334,0.07207,0.05221,0.00933,0.01255,3.82670,1267.27460
2017-03-17,0.18145,0.16138,0.05607,16.93868,464.51129,259.95969,353.12170,24,0.17183,0.09458,0.20343,0.12447,0.12573,2.80718,1182.68798
2017-03-18,0.37477,0.50174,0.19858,18.04452,445.90689,228.03536,371.44262,24,0.36957,0.34162,0.49392,0.38753,0.26985,2.72440,993.97047
2017-03-19,0.62066,0.41409,0.11040,18.70442,438.97901,224.26410,382.00454,24,0.62129,0.35864,0.92874,0.52619,0.62848,1.73341,939.32558
2017-03-20,0.58162,0.46928,0.08423,17.30248,355.58682,142.28965,374.66102,24,0.88013,0.79342,0.32131,0.40972,0.07325,2.88925,669.63304
2017-03-21,0.18836,0.16629,0.03197,17.42072,442.23108,240.00606,358.19363,24,0.26760,0.30189,0.51638,0.16585,0.18997,2.16817,1006.13296
2017-03-22,0.20685,0.09166,0.00607,18.38648,447.23936,242.53013,368.45560,24,0.18343,0.28542,0.12334,0.07535,0.00541,3.13147,1042.22192
2017-03-23,0.25595,0.12284,0.01929,19.75376,426.01980,245.62470,380.31176,24,0.30093,0.24235,0.19562,0.04582,0.05740,2.72175,1025.98253
2017-03-24,0.31908,0.38823,0.09949,21.10472,466.49515,224.93141,391.52353,24,0.47207,0.36223,0.39502,0.26501,0.13823,2.31924,993.85665
2017-03-25,0.39887,0.61135,0.17787,20.34610,424.22131,204.00183,394.13710,24,0.63848,0.55389,0.80159,0.62452,0.40854,1.97053,806.75976
2017-03-26,0.34186,0.51244,0.11950,21.54136,434.69695,221.26284,395.57061,24,0.53368,0.43622,0.85177,0.55127,0.39668,1.93849,975.69316
2017-03-27,0.36560,0.48768,0.13706,22.31950,458.10314,227.23255,398.06951,24,0.50880,0.34353,0.67661,0.56803,0.45665,2.00506,950.87325
2017-03-28,0.50233,0.68794,0.10073,22.25082,521.95003,206.37978,404.51783,24,0.65512,0.59843,0.78618,0.66488,0.49691,1.94022,927.25324
2017-03-29,0.62724,0.84357,0.27696,22.76521,552.47221,166.69614,413.65749,24,0.67787,0.67364,0.88664,0.79630,0.27976,2.11506,803.87571
2017-03-30,0.52701,0.76535,0.26785,22.89754,599.82073,178.52653,411.72382,24,0.67121,0.57511,0.90938,0.73436,0.61556,1.86793,927.79918
2017-03-31,0.54045,0.77700,0.30376,23.38513,524.16291,191.98702,415.46143,24,0.65090,0.57130,0.91739,0.66968,0.51405,2.11405,870.47557
2017-10-01,0.85385,0.93048,0.26582,25.11842,311.03784,147.19543,427.98802,24,0.90125,0.84850,0.91216,0.93141,0.35354,1.31756,583.78928
2017-10-02,0.68671,0.83787,0.15822,25.13977,319.67615,169.79414,426.99007,24,0.82740,0.61551,0.97273,0.93491,0.63801,1.19668,707.56260
2017-10-03,0.68554,0.79940,0.13052,25.38071,296.68486,177.98879,427.40665,24,0.67906,0.57650,0.84552,0.91515,0.22630,1.88665,718.02028
2017-10-04,0.47047,0.49992,0.07366,25.75766,329.80216,210.48511,428.01286,24,0.61498,0.30591,0.64541,0.79987,0.28768,1.72574,814.51981
2017-10-05,0.73697,0.48976,0.07550,25.62858,342.34595,190.82758,429.89301,24,0.63071,0.65019,0.31331,0.50781,0.14776,1.96816,832.81640
2017-10-06,0.75263,0.77145,0.19434,25.40043,364.94740,162.73964,430.73812,24,0.74831,0.66671,0.65029,0.92479,0.24850,1.88302,837.10526
2017-10-07,0.87038,0.92435,0.30957,24.99788,357.29511,134.32482,429.12554,24,0.78311,0.77639,0.88594,0.97819,0.40771,1.63801,727.73031
2017-10-08,0.87677,0.80616,0.32240,24.71031,436.19870,116.59861,426.84865,24,0.86837,0.81588,0.92504,1.00000,0.56522,1.63388,742.56802
2017-10-09,0.89292,0.58802,0.18921,24.77481,395.62765,101.92480,424.48904,24,0.92227,0.93618,0.63091,0.79512,0.37571,1.49209,724.49912
2017-10-10,0.46747,0.41731,0.06116,25.09643,347.61052,189.31393,421.43691,24,0.69234,0.44347,0.52003,0.70017,0.16524,1.78241,802.83964
2017-10-11,0.39355,0.44465,0.05431,25.41723,345.55390,214.16456,421.29466,24,0.48966,0.26689,0.40856,0.75498,0.23102,1.85015,830.29115
2017-10-12,0.57813,0.72703,0.12506,25.43834,363.10173,190.73104,426.01910,24,0.62578,0.53443,0.61872,0.89199,0.09224,1.81393,770.63225
2017-10-13,0.47075,0.80455,0.20566,25.10290,395.90919,170.88405,425.43741,24,0.48789,0.47600,0.91474,0.98884,0.42299,1.94516,774.52357
2017-10-14,0.32569,0.72364,0.16540,25.01089,382.64377,177.59745,422.19208,24,0.41229,0.38191,0.92872,0.91451,0.38798,1.82573,785.99040
2017-10-15,0.24646,0.50725,0.10261,24.95039,354.49929,194.84610,415.83558,24,0.35191,0.24470,0.72333,0.80537,0.35436,2.16558,854.63404
2017-10-16,0.22416,0.39124,0.05967,24.86776,352.84865,207.81121,411.12956,24,0.49197,0.19457,0.47368,0.50111,0.26297,2.37410,859.94187
2017-10-17,0.48008,0.41181,0.08906,24.89759,371.07060,201.80726,417.20442,24,0.29326,0.33365,0.36295,0.48949,0.08946,2.28877,883.82107
2017-10-18,0.77443,0.61536,0.15729,24.81859,397.59370,159.84156,424.77593,24,0.71452,0.63365,0.54766,0.76741,0.32443,1.78099,759.79707
2017-10-19,0.86788,0.63116,0.19482,24.53957,500.77390,123.62140,426.85696,24,0.83495,0.80933,0.57466,0.88650,0.27952,1.78774,747.83524
2017-10-20,0.99426,0.79519,0.31002,23.94726,657.17614,55.84984,426.96311,24,0.99017,0.99875,0.66337,0.79275,0.26708,1.60212,781.27343
2017-10-21,0.89974,0.71548,0.35791,22.71075,694.48632,52.18448,419.59433,24,0.99915,0.99137,0.86998,0.77939,0.52114,1.26123,912.56580
2017-10-22,0.42657,0.50842,0.16475,22.59151,327.10231,158.72240,401.33277,24,0.68619,0.56163,0.50920,0.47039,0.36415,1.84693,665.07581
2017-10-23,0.27763,0.47680,0.11757,23.34568,321.59672,192.18494,393.16929,24,0.41525,0.26753,0.56488,0.69184,0.24802,1.79035,715.53180
2017-10-24,0.27473,0.50204,0.11396,23.24093,339.17120,193.85523,392.97973,24,0.51031,0.26565,0.47411,0.61535,0.32347,2.16354,774.90622
2017-10-25,0.26515,0.40609,0.08910,23.18769,299.00864,188.63840,391.42245,24,0.53946,0.25461,0.54939,0.68419,0.31059,2.06038,751.20966
2017-10-26,0.18447,0.23306,0.06383,22.17363,340.17296,206.78002,377.25952,24,0.53879,0.14393,0.53495,0.44181,0.26800,1.92817,814.97454
2017-10-27,0.18757,0.12872,0.05047,21.25928,341.95484,213.06717,368.38952,24,0.48079,0.12800,0.27387,0.24372,0.22013,2.52272,840.57032
2017-10-28,0.34705,0.12258,0.03246,20.77245,333.18917,207.77339,373.49800,24,0.37315,0.23030,0.18282,0.18057,0.14454,2.49531,884.55669
2017-10-29,0.58382,0.17254,0.06239,20.90391,317.49945,157.71101,390.34098,24,0.59623,0.51054,0.15108,0.23495,0.05327,2.71259,760.58468
2017-10-30,0.59581,0.46027,0.14980,20.00401,338.57978,123.65043,389.02173,24,0.80506,0.73033,0.30084,0.57175,0.15241,2.24289,643.51649
2017-10-31,0.28714,0.43849,0.08755,20.18975,337.91822,180.97253,377.16328,24,0.39198,0.24052,0.55234,0.64460,0.23994,1.70243,805.42982
2017-11-01,0.20879,0.37156,0.07740,20.57701,341.12008,183.60721,377.07519,24,0.33770,0.28777,0.38066,0.44775,0.16118,1.95751,817.37135
2017-11-02,0.14109,0.23897,0.06112,20.60050,348.15004,197.71909,373.19514,24,0.26196,0.12715,0.40505,0.42050,0.21530,1.89054,844.46933
2017-11-03,0.11374,0.09641,0.04503,20.75828,318.31203,201.34195,374.84447,24,0.23380,0.06075,0.27363,0.12394,0.18222,2.09572,791.84001
2017-11-04,0.14273,0.04056,0.02719,21.31672,277.41725,196.69744,381.75072,24,0.28122,0.10666,0.19017,0.01678,0.16218,2.10295,731.05312
2017-11-05,0.12046,0.02752,0.02196,21.27921,271.44673,200.33062,378.19862,24,0.13578,0.10528,0.06801,0.00555,0.05512,2.19509,760.33321
2017-11-06,0.04847,0.04373,0.04090,20.72951,295.52366,207.30763,365.81551,24,0.13770,0.00760,0.12139,0.00551,0.11766,2.43970,728.36594
2017-11-07,0.04206,0.04685,0.04267,20.35911,302.07763,208.88904,359.96301,24,0.15182,0.00233,0.16056,0.01672,0.16056,3.12952,756.91965
2017-11-08,0.06741,0.07150,0.04578,20.09062,311.60201,207.31719,360.01763,24,0.14794,0.00617,0.14400,0.07884,0.13855,2.34069,786.24127
2017-11-09,0.09198,0.08719,0.04904,19.96357,341.52420,201.94564,362.51402,24,0.28672,0.04669,0.26546,0.08584,0.21983,2.19497,919.57428
2017-11-10,0.11864,0.06624,0.03167,19.78281,344.93072,201.53262,362.73231,24,0.29498,0.06527,0.22732,0.02713,0.12652,2.44833,927.44860
2017-11-11,0.28860,0.05154,0.03495,19.76973,306.46381,199.02973,366.11516,24,0.32573,0.29038,0.14312,0.00925,0.10272,2.60207,807.24069
2017-11-12,0.43349,0.06524,0.04136,19.74406,319.02648,198.42273,369.32932,24,0.34954,0.22234,0.15655,0.02372,0.15109,2.50494,811.68819
2017-11-13,0.42002,0.06495,0.03285,19.74478,323.36153,192.05502,370.92040,24,0.84677,0.35675,0.14506,0.01267,0.11612,2.79858,822.63130
2017-11-14,0.91929,0.05970,0.02212,20.33992,306.41990,180.75571,383.37673,24,0.88979,0.85450,0.15082,0.00931,0.10548,2.48022,775.13331
2017-11-15,0.99401,0.15628,0.03099,20.76694,271.47199,92.02726,401.95758,24,0.96163,0.99555,0.13685,0.09315,0.07765,2.27020,458.84712
2017-11-16,0.99097,0.24125,0.04918,21.07002,231.95077,85.73458,405.03970,24,0.99600,0.99287,0.16171,0.19637,0.06302,2.01208,403.03301
2017-11-17,0.82746,0.46348,0.08306,21.92077,244.91306,111.87215,406.38585,24,0.97473,0.83439,0.34358,0.38843,0.09786,1.52588,575.84415
2017-11-18,0.29411,0.43997,0.07068,22.10812,271.23946,154.24715,399.32162,24,0.54987,0.32467,0.68014,0.53413,0.27184,1.82846,698.63435
2017-11-19,0.15907,0.29431,0.04847,21.63339,320.93897,170.50415,389.56083,24,0.33500,0.15536,0.50818,0.47106,0.16583,1.87560,799.24297
2017-11-20,0.10416,0.16426,0.04162,20.47844,376.34902,180.96604,372.26222,24,0.30268,0.11597,0.33694,0.27221,0.21305,2.08772,897.11834
2017-11-21,0.12826,0.12986,0.03844,18.17145,405.53309,185.97886,354.96661,24,0.18795,0.10369,0.17918,0.09159,0.10570,2.65559,841.32498
2017-11-22,0.31418,0.15698,0.03747,16.42265,404.77109,188.05360,341.43762,24,0.24500,0.37422,0.20879,0.18461,0.13817,3.73213,887.20294
2017-11-23,0.19138,0.18449,0.01973,16.56744,397.93817,184.06676,345.29923,24,0.25689,0.14174,0.19841,0.11551,0.07085,3.53839,892.96402
2017-11-24,0.16390,0.19276,0.05154,16.90633,368.12191,176.39444,346.82708,24,0.32244,0.15257,0.25348,0.13614,0.07465,3.27758,882.81592
2017-11-25,0.12536,0.11499,0.03156,16.57597,363.92826,185.50716,339.38772,24,0.18362,0.12582,0.24334,0.13960,0.10489,2.88075,933.95271
2017-11-26,0.14038,0.09169,0.03623,16.58760,356.15385,184.58369,340.79256,24,0.30731,0.17396,0.19738,0.11693,0.13588,2.99747,949.16560
2017-11-27,0.13701,0.10214,0.02578,16.63988,345.42523,181.60884,342.39488,24,0.21138,0.08014,0.20463,0.07759,0.10519,2.75955,892.05452
2017-11-28,0.21287,0.11910,0.02864,16.25291,371.06937,174.63939,341.35989,24,0.31573,0.19388,0.21199,0.11725,0.08640,2.59543,1003.00925
2017-11-29,0.11001,0.08545,0.02534,16.19732,392.95513,179.15414,336.35495,24,0.36046,0.12317,0.18616,0.06488,0.12120,2.64497,987.53578
2017-11-30,0.07874,0.05670,0.02383,15.80883,398.49900,184.21709,333.46799,24,0.22600,0.09814,0.13359,0.02011,0.06799,2.66136,984.42567
2017-12-01,0.07396,0.06264,0.04363,15.95550,344.26082,187.14594,332.27772,24,0.20611,0.02106,0.16865,0.01275,0.13590,2.42785,884.71578
2017-12-02,0.12866,0.05841,0.04064,15.90210,333.34958,186.96938,331.68009,24,0.27459,0.08289,0.16759,0.00916,0.14721,2.39419,896.87694
2017-12-03,0.11175,0.04807,0.02673,15.30612,373.43009,186.22233,329.16270,24,0.29621,0.09621,0.20733,0.01621,0.13229,2.64262,959.83243
2017-12-04,0.19856,0.04353,0.02354,14.94295,386.95528,184.97458,328.61547,24,0.18399,0.26930,0.11934,0.02720,0.05315,2.83354,955.15495
2017-12-05,0.46460,0.04879,0.03810,15.01185,356.46794,184.94806,329.65518,24,0.50249,0.52935,0.12287,0.00179,0.12108,3.11784,907.95022
2017-12-06,0.73183,0.04972,0.03374,15.35969,303.59582,173.05184,338.98175,24,0.78537,0.74593,0.19512,0.02736,0.17898,2.81287,813.58229
2017-12-07,0.88105,0.02816,0.01436,16.38132,268.35366,152.75071,362.40931,24,0.71895,0.85535,0.10087,0.00000,0.09186,2.47491,694.77834
2017-12-08,0.99150,0.12911,0.02892,18.08296,261.47700,94.20104,386.34785,24,0.95852,0.99282,0.02986,0.00929,0.02425,3.35341,537.46635
2017-12-09,0.94471,0.46932,0.10027,19.96831,285.93034,77.25427,400.85998,24,0.99891,0.99988,0.35481,0.52560,0.11185,1.69201,480.58667
2017-12-10,0.72313,0.74303,0.26416,20.86902,293.84640,82.09878,406.42068,24,0.80710,0.79884,0.57199,0.66027,0.17681,1.38424,476.19619
2017-12-11,0.57977,0.68005,0.25187,20.39362,267.38385,102.74629,399.04239,24,0.71353,0.65760,0.84570,0.78710,0.41734,1.39871,577.66390
2017-12-12,0.27196,0.45548,0.14927,19.57302,296.78527,147.14627,373.30203,24,0.55343,0.29887,0.57932,0.60105,0.25841,1.45017,771.63776
2017-12-13,0.17096,0.28992,0.12437,18.75278,301.83200,165.11235,358.19791,24,0.53014,0.13362,0.61109,0.47411,0.48816,1.48630,774.88758
2017-12-14,0.22347,0.20899,0.06787,17.52585,308.54498,171.74698,348.11448,24,0.35035,0.11859,0.26248,0.22018,0.15617,1.93625,754.81262
2017-12-15,0.48694,0.17232,0.07016,16.29131,350.76281,173.69151,336.36128,24,0.49741,0.39796,0.28202,0.18032,0.18813,2.26355,777.27616
2017-12-16,0.42270,0.15118,0.07545,15.79994,345.63019,175.98604,331.96195,24,0.48198,0.53426,0.33748,0.12460,0.28722,2.27665,742.33951
2017-12-17,0.30949,0.28709,0.06917,16.09715,335.92601,169.88829,339.20576,24,0.46275,0.23620,0.25342,0.22121,0.21020,2.44640,768.77277
2017-12-18,0.46508,0.44102,0.06748,16.44047,328.39523,165.16828,345.50859,24,0.62041,0.40344,0.56850,0.29417,0.19829,1.89737,726.11311
2017-12-19,0.67720,0.34144,0.04921,16.25736,316.90141,160.36807,345.22926,24,0.77354,0.66568,0.49241,0.22790,0.14402,2.04143,740.77559
2017-12-20,0.36115,0.27552,0.08079,16.34252,282.94902,166.93750,345.94623,24,0.68019,0.42808,0.47183,0.24463,0.17999,2.08861,736.67260
2017-12-21,0.24679,0.34964,0.11399,16.57450,276.40351,162.93560,350.31721,24,0.59598,0.18006,0.54303,0.32777,0.36001,1.73047,694.79052
2017-12-22,0.34645,0.39851,0.08588,16.42228,346.70095,157.65719,353.44575,24,0.52878,0.26952,0.56927,0.48057,0.25011,2.02558,856.86894
2017-12-23,0.25254,0.35302,0.06852,16.31922,356.52933,158.65251,347.35954,24,0.46665,0.26588,0.46458,0.40593,0.21086,2.06398,850.44516
2017-12-24,0.20262,0.15774,0.06434,16.00758,349.24483,174.85838,335.36491,24,0.37718,0.33467,0.55162,0.17815,0.22240,2.03186,822.05311
2017-12-25,0.09601,0.14265,0.06453,16.11231,323.95998,177.99664,334.21490,24,0.30704,0.01631,0.26069,0.13055,0.23294,2.04188,730.19043
2017-12-26,0.08935,0.15606,0.05155,15.77156,349.80405,177.87025,332.62532,24,0.25705,0.02404,0.32274,0.15497,0.18206,2.13488,714.33784
2017-12-27,0.05315,0.06557,0.04635,15.72768,281.44133,182.12681,327.56915,24,0.23519,0.00153,0.18536,0.01310,0.14797,2.15941,609.92116
2017-12-28,0.08359,0.06970,0.05854,15.95071,236.88374,184.12328,327.61108,24,0.18066,0.01021,0.13004,0.02778,0.11132,1.86743,571.48490
2017-12-29,0.09037,0.09560,0.07144,15.89720,233.47432,180.56375,330.12732,24,0.34640,0.02471,0.25926,0.04830,0.25552,1.56451,581.64336
2017-12-30,0.32950,0.03703,0.02923,15.80839,238.33998,182.88050,333.88744,24,0.24084,0.06941,0.10278,0.01282,0.10278,1.80240,631.44713
2017-12-31,0.64862,0.07417,0.03718,15.95490,245.94519,160.17649,342.94398,24,0.49469,0.51116,0.04779,0.06500,0.01272,2.54037,620.71437
2018-01-01,0.76039,0.17859,0.02893,16.34893,282.33377,120.53062,360.25471,24,0.78638,0.73279,0.14055,0.10006,0.09790,2.23643,664.87923
2018-01-02,0.43518,0.35118,0.08002,16.14867,338.20024,132.71289,356.26108,24,0.56244,0.48572,0.35625,0.27784,0.05476,1.80796,713.28682
2018-01-03,0.19321,0.35958,0.12007,13.42703,386.17453,163.86890,326.99339,24,0.41307,0.25032,0.43035,0.44645,0.21589,2.32102,729.97496
2018-01-04,0.14965,0.21916,0.07308,12.45866,405.52917,175.63036,316.80743,24,0.27158,0.27583,0.41407,0.33755,0.23108,2.49158,860.10117
2018-01-05,0.11858,0.20765,0.03427,13.08619,393.96955,182.69960,315.49827,24,0.30121,0.14181,0.28292,0.30430,0.16349,2.00180,865.02160
2018-01-06,0.18626,0.16996,0.02588,11.53042,390.73937,186.17376,303.53549,24,0.25119,0.18479,0.34007,0.22742,0.06600,2.29294,833.87266
2018-01-07,0.08827,0.09358,0.02443,10.36222,371.02615,190.16136,296.59645,24,0.13374,0.06714,0.17375,0.17662,0.08854,2.54356,760.45872
2018-01-08,0.05819,0.03896,0.01035,10.07835,386.11412,190.26303,295.90197,24,0.14435,0.07595,0.12939,0.04872,0.04503,2.67665,878.34743
2018-01-09,0.07007,0.01928,0.00464,10.89371,346.89998,195.36562,298.14465,24,0.10409,0.14322,0.02877,0.01082,0.01799,2.87488,760.14404
2018-01-10,0.15408,0.06460,0.01115,11.29964,344.75578,192.49161,304.94699,24,0.16112,0.19879,0.04150,0.06696,0.01982,2.90391,759.17983
2018-01-11,0.33924,0.20300,0.01744,11.24157,346.88810,181.20648,316.08898,24,0.41511,0.38522,0.13624,0.15123,0.04920,2.45713,813.28593
2018-01-12,0.37266,0.28668,0.01520,12.15057,316.60652,172.09543,327.15155,24,0.75941,0.40477,0.28287,0.15222,0.04172,2.18632,815.67239
2018-01-13,0.41757,0.49127,0.05642,12.91989,293.36573,158.65849,342.14791,24,0.41340,0.38487,0.45226,0.41961,0.08220,1.91050,782.41756
2018-01-14,0.42453,0.52521,0.07294,12.94318,343.72938,143.73358,343.76787,24,0.60076,0.51083,0.66983,0.52346,0.20933,1.70397,748.86451
2018-01-15,0.33296,0.42116,0.05826,13.00866,339.08759,160.76282,336.28892,24,0.52085,0.38475,0.59322,0.52275,0.20038,1.98627,806.50740
2018-01-16,0.22212,0.21462,0.04945,13.06092,343.49465,176.75419,330.48176,24,0.44168,0.23167,0.54002,0.24288,0.20646,1.80904,864.18992
2018-01-17,0.15403,0.13803,0.03873,13.60093,340.73217,185.27124,329.84190,24,0.33257,0.11583,0.26527,0.09328,0.13925,2.02900,836.28872
2018-01-18,0.15520,0.17089,0.03336,14.15483,339.02340,186.71991,329.69892,24,0.22038,0.17074,0.26615,0.24298,0.08359,2.40999,852.02199
2018-01-19,0.11192,0.14294,0.02897,14.03738,326.27842,191.10667,326.02943,24,0.17959,0.11697,0.23735,0.18352,0.09400,2.63439,847.24428
2018-01-20,0.18864,0.19434,0.02550,14.00779,336.96980,183.94384,329.78490,24,0.17589,0.22770,0.29203,0.23226,0.08762,2.62800,890.18266
2018-01-21,0.08607,0.10374,0.01320,13.83595,356.31092,193.61645,321.37183,24,0.18750,0.14781,0.35791,0.07799,0.03251,2.44168,907.12782
2018-01-22,0.06490,0.04834,0.01942,13.55065,333.59279,200.04244,319.45942,24,0.14563,0.06163,0.07078,0.07098,0.04733,2.71495,850.55224
2018-01-23,0.13813,0.08624,0.02480,14.10944,310.43986,199.86314,325.02656,24,0.17279,0.06386,0.08380,0.05815,0.05297,2.84290,819.91970
2018-01-24,0.16463,0.12612,0.04031,14.53285,325.12641,193.34367,331.17538,24,0.37934,0.14774,0.26715,0.14986,0.10263,2.49485,836.63751
2018-01-25,0.06629,0.07172,0.01565,13.83647,347.61989,199.74443,325.31881,24,0.15512,0.08987,0.13489,0.11975,0.06978,2.20456,894.11835
2018-01-26,0.08715,0.04571,0.00952,12.68543,382.88065,206.23938,315.15950,24,0.06421,0.05271,0.12060,0.02359,0.05744,2.47867,1026.58781
2018-01-27,0.29185,0.07479,0.00460,11.85012,426.97548,201.19956,314.54593,24,0.25761,0.23779,0.06500,0.03052,0.01659,2.97619,1034.73559
2018-01-28,0.34144,0.08208,0.00788,11.11351,421.26663,197.53403,311.44189,24,0.59434,0.31372,0.18646,0.06823,0.02156,2.61486,1063.27184
2018-01-29,0.19480,0.07226,0.01546,11.50235,396.66733,194.35614,319.85958,24,0.35106,0.15718,0.10649,0.03058,0.04350,2.75720,1074.65244
2018-01-30,0.23835,0.13489,0.02647,12.33002,392.96651,189.56979,328.03653,24,0.33027,0.18794,0.15905,0.08103,0.03449,2.63907,1041.80545
2018-01-31,0.23659,0.10774,0.02408,13.67137,368.98484,180.04257,338.68495,24,0.23997,0.18726,0.19893,0.09946,0.08334,2.32970,1071.37325
2018-02-01,0.27943,0.12671,0.02166,14.22085,365.45353,188.86611,343.19658,24,0.30316,0.23195,0.16151,0.06802,0.08292,1.98043,1001.53386
2018-02-02,0.32225,0.16974,0.02051,15.07823,342.45703,172.20401,347.98304,24,0.39777,0.40522,0.21553,0.13063,0.04215,3.07088,996.76733
2018-02-03,0.24889,0.21982,0.05868,15.76621,344.79330,186.90562,343.53495,24,0.52108,0.30650,0.30009,0.21522,0.10061,1.76060,960.05942
2018-02-04,0.34308,0.14483,0.03874,16.34248,365.31846,201.86736,343.80006,24,0.38759,0.30176,0.22967,0.13475,0.13973,1.90994,884.64437
2018-02-05,0.64824,0.18167,0.04542,17.03624,333.72336,200.38816,348.40455,24,0.76163,0.50944,0.22429,0.18180,0.10336,2.09324,822.62190
2018-02-06,0.46707,0.16924,0.03978,16.75375,336.91951,198.45001,346.39090,24,0.74628,0.58680,0.23963,0.15548,0.08024,1.66516,878.80783
2018-02-07,0.63505,0.14143,0.03641,16.54279,352.13083,203.61624,353.55477,24,0.49270,0.56131,0.21598,0.17206,0.13126,1.81759,865.75339
2018-02-08,0.45929,0.12828,0.06149,15.70283,337.49835,180.14625,351.52952,24,0.90356,0.84068,0.14997,0.13766,0.06274,2.41723,781.45582
2018-02-09,0.63919,0.09146,0.06523,15.87883,366.71346,207.93317,348.68198,24,0.27327,0.63855,0.27859,0.09987,0.25292,2.10919,908.51721
2018-02-10,0.86507,0.11720,0.04902,15.72701,318.42627,191.51657,353.88451,24,0.84879,0.85955,0.26362,0.21750,0.22494,2.26264,815.02617
2018-02-11,0.86523,0.01818,0.00378,14.15163,332.82638,186.07424,341.33215,24,0.90023,0.91670,0.08531,0.00897,0.04394,2.57287,832.53419
2018-02-12,0.38836,0.00127,0.00052,14.25355,318.72608,226.79635,331.53179,24,0.66599,0.27942,0.00000,0.00000,0.00000,3.25115,754.22798
2018-02-13,0.73003,0.00202,0.00023,15.21920,320.65503,215.80501,344.15193,24,0.58102,0.80986,0.00179,0.00000,0.00000,3.21536,719.82775
2018-02-14,0.28387,0.05752,0.00436,15.96549,364.23604,201.10798,348.62668,24,0.70080,0.49620,0.00000,0.01086,0.00000,3.69766,883.61890
2018-02-15,0.09651,0.06321,0.00644,14.64704,452.05254,226.06678,329.49915,24,0.07784,0.14962,0.15686,0.05552,0.01805,2.83057,1112.47822
2018-02-16,0.09288,0.02111,0.00284,14.54399,388.01092,235.24056,327.07816,24,0.13433,0.01955,0.02868,0.01611,0.00898,3.43730,954.17036
2018-02-17,0.24452,0.04117,0.00578,15.27979,402.59969,225.25796,338.15037,24,0.23759,0.30896,0.03948,0.00714,0.00717,3.14565,1060.95807
2018-02-18,0.08982,0.04187,0.00602,15.80958,432.17723,224.89480,340.42690,24,0.17854,0.13950,0.10084,0.02334,0.02179,2.66304,1168.14827
2018-02-19,0.11061,0.02952,0.00596,15.87699,423.55448,226.65401,344.00056,24,0.09133,0.10243,0.04164,0.01469,0.01465,2.48324,1158.09222
2018-02-20,0.40361,0.01368,0.00091,16.29939,380.33271,218.11622,348.96850,24,0.51086,0.80601,0.01439,0.00000,0.00000,2.61025,1011.92179
2018-02-21,0.09680,0.01662,0.00531,16.51467,410.44640,224.22510,349.91627,24,0.08753,0.12426,0.02524,0.00000,0.00909,2.52745,1132.04927
2018-02-22,0.13716,0.03410,0.01883,17.39141,422.28023,220.43121,355.08771,24,0.14922,0.18305,0.08241,0.00180,0.04627,2.22815,1217.58430
2018-02-23,0.17449,0.07004,0.01812,18.16367,411.65253,214.00564,359.73671,24,0.32825,0.15924,0.08437,0.03444,0.05170,2.12832,1026.49857
2018-02-24,0.10114,0.05053,0.00537,18.49313,358.38061,222.35631,362.24228,24,0.17920,0.11894,0.08842,0.04326,0.01109,1.92467,844.88415
2018-02-25,0.27327,0.04712,0.00353,18.44417,347.07710,229.64695,365.90558,24,0.06954,0.08875,0.04138,0.05947,0.00361,2.54719,849.25801
2018-02-26,0.30152,0.15601,0.02640,18.11645,349.30302,203.94337,366.99755,24,0.41622,0.42705,0.05215,0.13701,0.01077,2.99423,822.11035
2018-02-27,0.21064,0.12673,0.02767,18.52121,391.21399,218.44450,363.96485,24,0.38766,0.30100,0.16605,0.06140,0.04528,2.04138,987.04787
2018-02-28,0.21848,0.08998,0.03200,18.69777,430.70496,227.20669,367.52552,24,0.38705,0.21646,0.21059,0.02350,0.12934,1.82793,1214.22762
2018-03-01,0.20895,0.09547,0.02959,19.14614,432.66783,216.65771,371.45120,24,0.33754,0.24463,0.22932,0.05602,0.11676,2.09771,1199.72316
2018-03-02,0.16655,0.11995,0.03170,19.38661,444.96640,224.44915,368.36179,24,0.21827,0.18066,0.15184,0.11696,0.07227,1.99990,1153.90269
2018-03-03,0.14156,0.11704,0.03467,19.68663,516.45507,231.60334,368.07091,24,0.22852,0.18387,0.23417,0.11837,0.13796,2.38202,1150.08988
2018-03-04,0.12775,0.15416,0.07120,19.87306,471.73758,237.88375,370.28818,24,0.23963,0.10009,0.23015,0.11902,0.17069,2.39275,1059.09699
2018-03-05,0.30123,0.14843,0.05451,19.90046,393.10821,232.22639,375.63889,24,0.37905,0.22131,0.38827,0.13347,0.32317,2.18600,917.62510
2018-03-06,0.08217,0.02489,0.00809,17.69338,496.34620,246.61342,360.93211,24,0.12913,0.09668,0.07181,0.02145,0.03599,3.19358,1318.57210
2018-03-07,0.03662,0.00817,0.00204,16.27436,466.26475,257.53597,346.30846,24,0.10596,0.05578,0.03454,0.00936,0.02723,3.67384,1268.90428
2018-03-08,0.04068,0.00120,0.00022,15.63041,471.27305,268.18524,340.36853,24,0.00653,0.00646,0.00718,0.00000,0.00179,3.73661,1273.83103
2018-03-09,0.05906,0.00460,0.00039,16.52320,456.59872,262.25189,351.35588,24,0.22927,0.03962,0.00358,0.00000,0.00000,3.97990,1274.17384
2018-03-10,0.07337,0.00941,0.00186,16.88709,533.94499,257.43631,352.98115,24,0.05291,0.10015,0.02961,0.00000,0.00000,3.18906,1531.96846
2018-03-11,0.12676,0.01973,0.00899,17.29195,547.40129,256.12094,353.36454,24,0.09655,0.09949,0.03880,0.01087,0.02413,3.14094,1513.08847
2018-03-12,0.22396,0.02262,0.01154,18.42076,513.44704,247.24900,364.98954,24,0.13010,0.11899,0.04969,0.00359,0.03511,3.15300,1159.17716
2018-03-13,0.21960,0.09098,0.03862,18.68990,455.87390,239.81681,368.83288,24,0.41063,0.29927,0.07894,0.07659,0.04214,3.14110,1063.28586
2018-03-14,0.20212,0.14860,0.07777,19.85985,468.66254,239.29604,374.92322,24,0.25979,0.22444,0.22389,0.11389,0.15814,2.18431,1222.17750
2018-03-15,0.30237,0.20028,0.08272,20.93034,466.82250,241.68168,386.33791,24,0.40726,0.17159,0.38311,0.10662,0.28110,2.13590,1033.08788
2018-03-16,0.67860,0.27801,0.10791,20.17446,486.51368,179.95970,396.08408,24,0.48912,0.66485,0.41812,0.38029,0.23116,2.13500,1114.68539
2018-03-17,0.23673,0.14984,0.04458,18.65100,490.74110,227.26003,377.91088,24,0.57864,0.29309,0.27897,0.22367,0.21872,3.62582,1205.91226
2018-03-18,0.09610,0.06445,0.03413,18.60224,547.59598,257.26634,367.48802,24,0.09982,0.14935,0.11772,0.04183,0.07056,3.15004,1432.39505
2018-03-19,0.07249,0.06857,0.04687,18.24160,489.57531,275.66533,358.11859,24,0.19749,0.02452,0.29699,0.04992,0.26029,2.69778,1345.42400
2018-03-20,0.07241,0.05103,0.03489,18.47441,523.43165,276.84093,361.29134,24,0.05625,0.03941,0.10435,0.00187,0.08751,2.86132,1425.28555
2018-03-21,0.13188,0.10261,0.05965,19.10176,512.40541,258.80429,371.53866,24,0.24907,0.16585,0.26833,0.03732,0.19431,2.80326,1428.96541
2018-03-22,0.16875,0.11595,0.06644,20.14557,502.96288,260.28718,381.25129,24,0.27338,0.14683,0.24275,0.00911,0.20940,3.10574,1276.12968
2018-03-23,0.22609,0.29320,0.07464,21.38817,495.15101,251.98153,388.44580,24,0.28243,0.23564,0.46237,0.18716,0.21598,2.68907,1017.00197
2018-03-24,0.25281,0.28348,0.05653,21.43311,489.58949,245.86975,392.56880,24,0.51280,0.28871,0.67411,0.31280,0.35345,2.40984,1044.98305
2018-03-25,0.19580,0.17617,0.03412,21.61048,496.20118,246.28081,392.94373,24,0.28428,0.25749,0.39466,0.22218,0.18675,2.31354,1190.93483
2018-03-26,0.27638,0.38016,0.10354,21.27732,539.91650,244.09657,395.02338,24,0.29135,0.24965,0.30435,0.30554,0.15025,2.58089,1297.03757
2018-03-27,0.27818,0.43392,0.12235,21.08169,513.27503,229.23701,391.32319,24,0.58159,0.31013,0.90821,0.58297,0.45247,2.43511,1076.39019
2018-03-28,0.25888,0.35815,0.09063,21.63234,521.41597,248.49323,392.00117,24,0.39285,0.25400,0.56249,0.19099,0.34180,2.42012,1045.54376
2018-03-29,0.32647,0.52016,0.10103,21.48690,571.74530,237.54646,393.89714,24,0.53287,0.30220,0.85981,0.53825,0.38207,2.36674,1123.29282
2018-03-30,0.49961,0.47308,0.09056,19.83720,569.63351,223.43636,393.52474,24,0.60233,0.61647,0.85034,0.49753,0.33285,2.66490,1093.07974
2018-03-31,0.63654,0.31652,0.07670,19.53999,451.30045,221.86631,386.98409,24,0.73851,0.54572,0.70120,0.32173,0.30148,2.51337,931.80645
2018-10-01,0.27842,0.46085,0.07848,24.50292,396.74715,217.74756,413.95005,24,0.34666,0.30719,0.61093,0.62023,0.23376,1.98584,1018.61770
2018-10-02,0.27355,0.31200,0.07096,24.05784,425.07907,218.70905,408.71949,24,0.27653,0.30165,0.42654,0.47355,0.13379,2.26802,1073.51840
2018-10-03,0.18904,0.30714,0.04255,24.18290,392.04825,215.90935,408.46390,24,0.32670,0.26369,0.34985,0.47621,0.19031,2.60588,934.09117
2018-10-04,0.17859,0.33719,0.04291,24.09069,380.76768,217.46123,407.73839,24,0.27410,0.25880,0.42549,0.58960,0.15774,2.57343,1000.77940
2018-10-05,0.17610,0.40754,0.03633,24.01666,388.83615,220.71527,407.70435,24,0.20614,0.21238,0.43295,0.60140,0.14599,2.30652,1016.42252
2018-10-06,0.18164,0.46092,0.04301,24.01381,381.62624,214.49218,405.89461,24,0.20940,0.27318,0.53453,0.71511,0.16051,2.38831,966.17144
2018-10-07,0.17768,0.37031,0.03182,23.67665,396.95679,221.30842,401.23028,24,0.26307,0.22516,0.44192,0.60485,0.12542,2.20588,1020.98246
2018-10-08,0.48253,0.46094,0.06003,23.22447,430.14506,216.53722,401.63100,24,0.24654,0.36664,0.46464,0.60221,0.11961,2.25323,1068.92099
2018-10-09,0.73954,0.38710,0.08641,23.07742,412.61582,149.46528,408.22448,24,0.78240,0.65207,0.48514,0.54700,0.15232,2.51240,835.53318
2018-10-10,0.98849,0.44905,0.17593,23.17569,456.80278,108.14056,415.26735,24,0.93150,0.99586,0.31305,0.45331,0.14318,1.67565,760.08818
2018-10-11,0.99206,0.69726,0.17805,23.12157,436.38381,73.88588,419.84040,24,0.99589,0.99960,0.53489,0.61094,0.16450,1.35754,613.46304
2018-10-12,0.97390,0.86251,0.34932,23.12582,354.01552,93.18441,420.08291,24,0.97727,0.99363,0.87878,0.95452,0.40712,1.36446,519.34430
2018-10-13,0.83402,0.92321,0.42543,22.82423,395.12016,97.79681,417.78762,24,0.87594,0.87681,0.85122,0.98921,0.59340,1.17697,616.15403
2018-10-14,0.45038,0.63861,0.21945,22.67375,338.03472,159.47859,404.31994,24,0.69321,0.58429,0.87512,0.82095,0.53709,1.58223,703.85356
2018-10-15,0.25139,0.44436,0.10800,22.17780,374.78210,200.62147,389.75375,24,0.48240,0.28894,0.75615,0.79658,0.36698,1.89545,938.18123
2018-10-16,0.18782,0.19527,0.05746,21.27909,419.86825,219.78305,377.93559,24,0.43192,0.20789,0.51262,0.13683,0.30121,2.05438,1095.70393
2018-10-17,0.22823,0.15396,0.03725,20.77255,438.83048,220.05294,377.71905,24,0.29326,0.17470,0.26519,0.08744,0.12110,2.72127,1083.55296
2018-10-18,0.18144,0.24341,0.05149,21.59798,380.45615,203.31072,385.36130,24,0.30396,0.24861,0.29333,0.28946,0.14692,2.81132,927.72918
2018-10-19,0.16438,0.29048,0.07011,22.30358,335.72484,208.75681,385.96302,24,0.34160,0.18379,0.42659,0.30262,0.22297,1.92700,834.32735
2018-10-20,0.16596,0.25970,0.04998,22.39017,334.61836,211.49230,385.69446,24,0.31244,0.16631,0.43955,0.29488,0.27880,2.25744,861.43608
2018-10-21,0.25727,0.17290,0.02860,22.20726,342.90425,213.94433,384.20551,24,0.36756,0.23855,0.34375,0.17733,0.13944,2.33051,878.62478
2018-10-22,0.20956,0.15510,0.04008,21.99726,352.48520,214.73009,381.97784,24,0.37013,0.20410,0.29266,0.21641,0.17357,2.52722,926.71559
2018-10-23,0.14018,0.09794,0.02830,21.75576,354.66223,215.49266,378.32428,24,0.41625,0.13536,0.17587,0.10539,0.12168,2.17263,947.46681
2018-10-24,0.13021,0.10672,0.03550,21.12590,364.59239,211.37652,375.88467,24,0.31131,0.10401,0.24287,0.10021,0.14845,2.13539,987.64681
2018-10-25,0.12304,0.09658,0.02275,20.00849,431.91160,217.94939,366.21744,24,0.26668,0.17681,0.22963,0.12799,0.09904,3.71948,1160.73815
2018-10-26,0.23557,0.08041,0.02075,19.84907,414.73414,218.16834,368.65814,24,0.12920,0.15861,0.16250,0.07802,0.09401,3.80375,1179.28055
2018-10-27,0.52040,0.07684,0.02245,20.76043,367.70217,206.72807,385.65735,24,0.40193,0.41489,0.12505,0.05121,0.08093,3.39842,1041.34512
2018-10-28,0.80514,0.15918,0.03762,20.74278,324.75344,129.90290,400.54673,24,0.93088,0.95020,0.13223,0.27242,0.04433,2.55275,692.96353
2018-10-29,0.77402,0.30642,0.07162,21.21821,304.66712,100.97805,403.49998,24,0.72672,0.81982,0.21062,0.31283,0.03650,1.98024,570.95560
2018-10-30,0.64759,0.25398,0.05671,21.42202,357.93781,110.66627,400.97172,24,0.74403,0.72560,0.28552,0.27147,0.10622,1.92277,688.78842
2018-10-31,0.32196,0.25885,0.06482,21.31248,330.77549,147.69948,393.26038,24,0.52054,0.44777,0.23331,0.41434,0.05673,2.03410,788.39151
2018-11-01,0.19327,0.27481,0.04835,21.37252,311.08879,192.55616,390.87095,24,0.21586,0.13806,0.32888,0.36206,0.13607,2.65900,875.87843
2018-11-02,0.23100,0.36317,0.05255,21.57034,311.43997,182.20733,392.75456,24,0.31446,0.23802,0.42666,0.52312,0.18054,2.81634,900.05545
2018-11-03,0.22465,0.53674,0.07709,21.87888,334.26637,177.33090,392.60314,24,0.35329,0.27805,0.54583,0.75432,0.14381,2.55541,919.38481
2018-11-04,0.23572,0.43353,0.09749,21.75322,352.88001,177.83880,388.45344,24,0.32935,0.23111,0.69863,0.62953,0.29879,2.35835,904.51405
2018-11-05,0.32824,0.43089,0.10581,21.73884,352.56706,180.07626,389.51687,24,0.38007,0.32572,0.61038,0.61441,0.28695,2.20070,890.57174
2018-11-06,0.26713,0.34853,0.09282,20.99413,359.40182,178.78733,383.50427,24,0.44870,0.29773,0.44020,0.53912,0.30776,1.97724,959.21277
2018-11-07,0.17326,0.17727,0.05112,19.55359,380.56320,179.51279,371.18833,24,0.46254,0.21254,0.52955,0.24767,0.34732,2.57149,960.53608
2018-11-08,0.09809,0.06506,0.02417,18.39137,381.77999,200.90249,358.17121,24,0.12803,0.08369,0.07526,0.01668,0.04196,2.58765,987.30161
2018-11-09,0.11367,0.08273,0.03250,17.64279,428.37408,196.65763,357.08135,24,0.27542,0.11728,0.28071,0.03814,0.15090,2.82608,1169.30353
2018-11-10,0.17536,0.05380,0.02616,17.70339,432.89544,196.71216,356.13141,24,0.25267,0.18539,0.17611,0.01098,0.12857,2.73101,1210.43781
2018-11-11,0.36842,0.09657,0.03701,18.34066,374.95869,191.99478,362.08526,24,0.46312,0.45532,0.16617,0.06449,0.11813,2.70435,1022.04481
2018-11-12,0.50788,0.12337,0.04605,18.51246,365.22245,189.71538,364.96042,24,0.56809,0.34947,0.26858,0.09355,0.22686,2.52548,995.71446
2018-11-13,0.50270,0.14324,0.03484,18.64610,347.46710,178.93012,368.72042,24,0.66464,0.59269,0.20089,0.11038,0.11311,2.44876,959.65810
2018-11-14,0.60216,0.10199,0.02949,18.94551,335.80723,179.61606,367.55123,24,0.64355,0.70696,0.24139,0.08199,0.17467,2.39240,946.52089
2018-11-15,0.38576,0.17223,0.04354,19.20993,305.10751,181.11196,365.41312,24,0.60255,0.43512,0.19582,0.15632,0.08806,2.23029,825.41582
2018-11-16,0.23359,0.15961,0.05554,18.94120,326.47484,185.86669,367.03903,24,0.30328,0.28950,0.29792,0.18000,0.18470,2.07511,893.76054
2018-11-17,0.21267,0.15935,0.04819,18.35868,341.39830,177.27072,363.48335,24,0.42523,0.29189,0.20077,0.24253,0.07986,2.36478,951.77225
2018-11-18,0.08414,0.11793,0.05275,17.67656,323.26384,183.53419,355.00959,24,0.24088,0.08105,0.32205,0.12296,0.24009,2.13167,903.58995
2018-11-19,0.06897,0.04298,0.01483,16.94970,357.18083,190.11034,347.34462,24,0.16138,0.05483,0.14278,0.01265,0.08669,2.32044,994.55453
2018-11-20,0.46550,0.08272,0.01865,17.42914,359.16873,181.92390,355.08888,24,0.27534,0.48571,0.11523,0.09970,0.08105,2.42120,996.67647
2018-11-21,0.31255,0.06603,0.02037,17.01374,394.69998,183.29066,349.48313,24,0.55146,0.38631,0.17351,0.07717,0.07539,2.51000,1026.11462
2018-11-22,0.42083,0.03018,0.02159,16.46459,432.95997,190.32649,344.09533,24,0.32619,0.27963,0.08028,0.00900,0.06408,2.38156,1017.05270
2018-11-23,0.33842,0.05903,0.01975,16.33894,450.44602,185.41616,349.16501,24,0.66595,0.40193,0.09014,0.00360,0.08282,2.87745,1114.25172
2018-11-24,0.11688,0.04158,0.02132,16.23399,449.17940,180.03509,347.09099,24,0.27750,0.15092,0.18927,0.01630,0.07686,2.80990,1180.15250
2018-11-25,0.08557,0.03757,0.02995,16.36534,351.70023,189.29318,342.74923,24,0.18651,0.06228,0.08996,0.00183,0.08996,2.92868,927.03586
2018-11-26,0.10887,0.09169,0.04524,16.62336,366.83942,184.15049,347.37831,24,0.31644,0.07066,0.18398,0.02790,0.14883,2.31633,957.19213
2018-11-27,0.06694,0.05137,0.02289,16.81127,336.10673,186.11968,345.03575,24,0.21226,0.04715,0.19020,0.02425,0.13057,2.42112,954.21840
2018-11-28,0.12898,0.02883,0.02596,16.38948,303.46255,189.17984,339.67583,24,0.17357,0.07984,0.11223,0.00000,0.10301,2.50200,899.91899
2018-11-29,0.07186,0.03804,0.02315,16.21380,314.81111,186.74583,339.80572,24,0.17118,0.04508,0.07308,0.01277,0.07308,2.65981,929.74010
2018-11-30,0.13751,0.04928,0.02564,15.94496,358.20044,180.83066,342.42547,24,0.23636,0.11024,0.14790,0.01446,0.09709,2.54601,1078.45834
2018-12-01,0.29667,0.02691,0.01002,15.39787,437.85702,173.39975,346.51676,24,0.25773,0.22966,0.08538,0.00000,0.06194,2.92296,1295.71217
2018-12-02,0.43250,0.05808,0.00442,15.25938,461.60667,174.21914,345.70207,24,0.31515,0.47217,0.07118,0.00748,0.01829,2.59511,1279.17292
2018-12-03,0.43583,0.05981,0.01021,15.15952,494.44801,165.26871,345.54359,24,0.53575,0.44228,0.14933,0.05465,0.03116,3.18238,1290.94960
2018-12-04,0.53985,0.02241,0.00933,15.03925,450.55208,180.87308,336.50470,24,0.38066,0.36155,0.07282,0.01264,0.04949,3.09173,1091.12967
2018-12-05,0.63535,0.03107,0.00564,15.38677,401.85132,171.44763,343.90039,24,0.76117,0.52787,0.06205,0.02561,0.03315,2.88995,1009.49007
2018-12-06,0.54697,0.04746,0.00430,15.36325,362.37662,152.47528,347.35594,24,0.90459,0.86975,0.03255,0.02706,0.00548,2.87244,898.25908
2018-12-07,0.12610,0.07221,0.00930,14.72345,405.80791,173.98547,336.58505,24,0.33728,0.14219,0.13768,0.06146,0.03790,2.52040,1048.79338
2018-12-08,0.04630,0.03000,0.00922,13.86822,462.80278,181.36136,326.63577,24,0.12306,0.06018,0.07597,0.02890,0.01988,2.86731,1134.39924
2018-12-09,0.03167,0.01532,0.01109,13.97852,409.10602,183.22424,324.95993,24,0.10032,0.03772,0.06379,0.02016,0.06018,2.98063,1055.33711
2018-12-10,0.03884,0.03998,0.01563,14.18677,365.60049,184.08758,328.30184,24,0.06165,0.01400,0.02926,0.00903,0.02568,2.80474,998.07047
2018-12-11,0.11245,0.11026,0.02806,14.98880,291.86887,175.47730,340.67426,24,0.19345,0.07968,0.12936,0.07210,0.05376,2.96969,836.47669
2018-12-12,0.04911,0.05872,0.02595,15.81990,288.22163,177.12481,343.23118,24,0.19818,0.03594,0.20627,0.11983,0.13511,2.44860,843.15981
2018-12-13,0.20420,0.02526,0.00944,16.18398,313.87162,176.80962,347.38014,24,0.08115,0.04556,0.07353,0.00541,0.06633,2.88504,899.22918
2018-12-14,0.38805,0.01874,0.00046,15.75037,361.79793,159.11143,352.22248,24,0.42972,0.26668,0.03278,0.01983,0.00000,3.40889,856.15073
2018-12-15,0.63005,0.01998,0.00286,15.04488,359.45192,123.57654,362.69352,24,0.57994,0.53458,0.04876,0.01261,0.01632,3.98733,807.13060
2018-12-16,0.80333,0.00225,0.00030,16.41095,238.36180,87.51044,379.78989,24,0.76161,0.78461,0.01261,0.00000,0.00361,4.45319,477.44455
2018-12-17,0.91994,0.01164,0.00175,16.82565,243.48643,60.23440,391.54154,24,0.91866,0.96527,0.00000,0.00000,0.00000,3.21099,317.25587
2018-12-18,0.73537,0.57180,0.29556,16.76881,319.95619,63.00229,382.11793,24,0.90127,0.79479,0.08915,0.44988,0.00542,1.81860,474.52694
2018-12-19,0.36052,0.53132,0.17358,15.65511,327.32669,146.12936,345.14922,24,0.70603,0.50955,0.84386,0.58872,0.58896,1.32455,608.61413
2018-12-20,0.26034,0.44543,0.07297,15.36996,358.69340,169.87977,336.46977,24,0.34974,0.25804,0.54978,0.55025,0.22477,1.74886,837.11190
2018-12-21,0.28316,0.30955,0.04501,14.84679,386.64238,158.93548,338.25173,24,0.40962,0.30753,0.63450,0.30335,0.16612,2.35737,951.36220
2018-12-22,0.16541,0.13509,0.02924,14.33608,403.24957,167.45390,326.81955,24,0.30840,0.19519,0.40350,0.13967,0.10046,2.97289,974.82900
2018-12-23,0.08581,0.07824,0.02060,14.41804,349.24121,182.92142,321.42216,24,0.19824,0.09948,0.10241,0.03090,0.07664,2.67733,822.13102
2018-12-24,0.08948,0.17104,0.02022,14.29611,357.94580,178.90341,324.34744,24,0.19567,0.06841,0.32989,0.22308,0.09764,2.78245,839.15109
2018-12-25,0.12359,0.12344,0.01143,13.32611,361.50304,177.34021,320.14167,24,0.16765,0.11995,0.21079,0.15930,0.01999,2.78681,908.73217
2018-12-26,0.21370,0.09920,0.01983,12.62484,384.43389,178.17341,314.44950,24,0.17594,0.22196,0.16679,0.06309,0.02162,3.15864,909.93306
2018-12-27,0.15314,0.09885,0.01826,12.13333,377.72629,180.03925,314.03426,24,0.39709,0.15030,0.15516,0.11962,0.06129,3.46333,915.47963
2018-12-28,0.10506,0.08054,0.00973,10.39888,493.35965,175.05270,305.93458,24,0.14564,0.13477,0.13396,0.08476,0.01999,3.49052,975.71388
2018-12-29,0.01741,0.03321,0.01394,10.07892,471.77532,188.34234,297.57440,24,0.06321,0.01879,0.10477,0.03786,0.03413,4.64910,1031.26651
2018-12-30,0.01015,0.01630,0.01518,12.12137,316.26280,189.53566,303.83084,24,0.03233,0.00110,0.06939,0.00179,0.06403,3.62912,679.66158
2018-12-31,0.03394,0.02341,0.01768,12.53753,273.84017,186.75320,311.92116,24,0.05570,0.01746,0.06245,0.00180,0.06066,2.68945,666.69230
2019-01-01,0.01864,0.01717,0.01319,12.50086,291.88269,187.34752,312.12024,24,0.07356,0.00203,0.08700,0.00000,0.05366,2.76680,760.38082
2019-01-02,0.02948,0.02689,0.02005,12.72388,285.06465,187.91033,313.52499,24,0.06132,0.00705,0.03667,0.01106,0.03667,2.37758,823.68756
2019-01-03,0.04377,0.02774,0.00957,12.54515,316.57062,185.65190,312.75984,24,0.09598,0.03241,0.07761,0.01261,0.06860,2.46907,903.53360
2019-01-04,0.04113,0.03604,0.00548,11.83367,352.06801,185.50537,308.98985,24,0.06867,0.05910,0.04140,0.05033,0.00360,2.65105,913.90064
2019-01-05,0.16623,0.00354,0.00189,12.06011,310.67411,190.47973,308.82179,24,0.05426,0.13106,0.00182,0.00000,0.00182,2.64118,752.81685
2019-01-06,0.06305,0.00941,0.00926,12.64259,244.12989,190.95289,312.64115,24,0.37099,0.04233,0.01264,0.00000,0.01264,3.12965,638.52100
2019-01-07,0.08572,0.02577,0.01251,13.25201,232.90918,186.17667,323.40076,24,0.04880,0.05220,0.05712,0.00000,0.05712,2.73259,649.80419
2019-01-08,0.04330,0.04601,0.02017,13.08925,307.56823,188.49204,320.44588,24,0.09764,0.02419,0.13853,0.05560,0.04590,2.70568,774.48264
2019-01-09,0.06906,0.02750,0.00590,13.26040,322.27393,185.94993,323.10692,24,0.14283,0.05363,0.05916,0.01081,0.04654,2.64659,802.81678
2019-01-10,0.05205,0.05131,0.00489,12.49066,377.11130,184.51230,317.77653,24,0.05902,0.08432,0.06143,0.05037,0.00000,2.45141,1018.89056
2019-01-11,0.04161,0.01495,0.00550,12.60213,354.70857,192.64200,312.90487,24,0.11853,0.02597,0.03971,0.00723,0.01812,2.90400,929.91303
2019-01-12,0.07427,0.01081,0.00718,12.82412,349.87940,193.93660,315.87163,24,0.08629,0.02811,0.01102,0.01448,0.00739,3.07169,977.42328
2019-01-13,0.20598,0.01247,0.00697,12.95360,306.56026,195.89064,316.94602,24,0.33164,0.27498,0.06065,0.00361,0.05150,2.90193,835.09058
2019-01-14,0.29473,0.02671,0.00284,13.19741,305.80128,189.13281,325.73276,24,0.37895,0.37516,0.01800,0.01445,0.00899,2.63306,809.37177
2019-01-15,0.07023,0.02613,0.00307,12.27271,412.80815,190.76299,315.28015,24,0.10591,0.07868,0.04506,0.03967,0.00540,3.04311,1048.09962
2019-01-16,0.11280,0.00686,0.00619,11.72052,342.73570,201.03670,309.18971,24,0.13725,0.11432,0.01976,0.00000,0.01797,4.07095,836.65884
2019-01-17,0.02018,0.01138,0.01041,12.67742,308.90525,200.39621,315.89671,24,0.05880,0.01206,0.03675,0.00000,0.03496,3.67590,810.08765
2019-01-18,0.05486,0.02644,0.01638,13.29372,335.31747,195.09735,321.93557,24,0.11190,0.05701,0.06804,0.00000,0.06444,2.83247,969.05238
2019-01-19,0.06198,0.01860,0.00532,13.26397,366.58405,195.74366,321.11539,24,0.11191,0.06988,0.06765,0.00000,0.03704,2.88157,1010.10136
2019-01-20,0.02108,0.00511,0.00061,13.00418,362.17325,199.85310,320.26231,24,0.05048,0.02070,0.02163,0.00000,0.00000,3.23130,1002.11261
2019-01-21,0.02870,0.00975,0.00450,13.36709,326.83545,200.96455,321.95990,24,0.05710,0.02483,0.01646,0.00360,0.01289,3.11413,958.09862
2019-01-22,0.04948,0.01550,0.00919,13.91104,286.62293,203.41078,321.88971,24,0.07547,0.06039,0.04020,0.00000,0.03302,2.76342,844.36033
2019-01-23,0.05535,0.01761,0.01190,14.32812,268.56321,203.85316,325.56298,24,0.16159,0.03604,0.04394,0.00361,0.03131,2.95900,781.38469
2019-01-24,0.06192,0.01082,0.00408,14.56612,292.40298,196.33540,332.97178,24,0.08782,0.06477,0.02610,0.00000,0.02610,3.37602,819.45134
2019-01-25,0.14156,0.02099,0.00463,14.99365,299.88790,195.81259,338.51283,24,0.10071,0.11113,0.02524,0.00902,0.00000,2.94179,807.74820
2019-01-26,0.37971,0.00994,0.00558,15.19161,324.14655,184.62016,350.30847,24,0.23668,0.25180,0.04414,0.00361,0.02971,3.30285,774.70046
2019-01-27,0.37074,0.00399,0.00301,15.36696,353.31844,177.26600,352.19974,24,0.49213,0.18306,0.02585,0.00000,0.02043,3.85230,831.01510
2019-01-28,0.41696,0.00708,0.00167,15.11913,401.64902,173.00686,351.97476,24,0.25498,0.43378,0.01080,0.00180,0.00902,3.45788,831.96778
2019-01-29,0.16194,0.04488,0.00693,12.73638,455.19302,176.64782,329.84574,24,0.31837,0.27689,0.02005,0.06880,0.00748,3.98175,835.53750
2019-01-30,0.01282,0.01736,0.01066,10.68211,440.74571,217.37008,302.98462,24,0.03881,0.01966,0.04553,0.01455,0.02931,4.81623,977.12715
2019-01-31,0.05935,0.00395,0.00328,12.58136,334.51835,215.98448,314.31037,24,0.02634,0.02456,0.03462,0.00000,0.02926,4.46948,863.70020
2019-02-01,0.23746,0.00610,0.00603,13.38639,297.10791,207.06613,321.46088,24,0.30997,0.29298,0.02765,0.00000,0.02765,3.68978,801.67732
2019-02-02,0.05699,0.00974,0.00788,13.63111,333.71376,217.38134,321.46926,24,0.06696,0.00933,0.04969,0.00000,0.04790,3.63568,956.93777
2019-02-03,0.02900,0.01344,0.00196,13.41431,391.22997,215.50676,322.35686,24,0.03411,0.03401,0.01989,0.00000,0.01091,3.11545,1053.17113
2019-02-04,0.03933,0.01242,0.00179,12.62231,400.80746,218.64831,318.06799,24,0.04746,0.02436,0.03235,0.00000,0.00897,4.03553,1056.92239
2019-02-05,0.35176,0.00426,0.00135,12.61318,349.24879,222.92664,316.23662,24,0.14476,0.52661,0.01075,0.00000,0.00357,4.33469,898.11068
2019-02-06,0.26874,0.01176,0.00068,13.35274,345.19012,217.86753,324.57441,24,0.28336,0.21020,0.00537,0.00000,0.00179,4.14408,981.90431
2019-02-07,0.24501,0.01571,0.01174,14.68080,297.41989,218.53283,336.59416,24,0.22205,0.14967,0.03231,0.00000,0.00717,3.25167,861.44967
2019-02-08,0.51073,0.03067,0.01105,16.18449,332.52076,198.21060,359.94176,24,0.38618,0.48653,0.02038,0.00000,0.01497,3.35567,743.75014
2019-02-09,0.35880,0.17773,0.05652,16.54705,383.76127,173.70227,360.27461,24,0.43432,0.35956,0.12853,0.19290,0.04361,2.91754,738.33294
2019-02-10,0.14354,0.11912,0.05932,13.36004,453.18766,216.47480,322.81403,24,0.35282,0.10550,0.33340,0.11485,0.23108,2.56785,934.77140
2019-02-11,0.18578,0.02150,0.01117,12.99460,417.64636,226.45606,316.26409,24,0.35219,0.33622,0.10430,0.02883,0.07742,4.07052,951.78952
2019-02-12,0.25369,0.00583,0.00463,13.59366,362.57696,227.52338,322.81522,24,0.14647,0.21138,0.01619,0.00000,0.01260,3.90811,913.11141
2019-02-13,0.10523,0.00389,0.00201,14.45802,309.02651,228.83369,331.42926,24,0.36425,0.08430,0.01666,0.00000,0.01308,3.81442,786.54490
2019-02-14,0.22377,0.00635,0.00298,15.12757,309.32721,226.02422,339.48130,24,0.24066,0.20176,0.01256,0.00000,0.00718,3.63886,823.82600
2019-02-15,0.33019,0.00360,0.00210,16.02710,344.19196,224.71411,349.47527,24,0.45056,0.23664,0.00360,0.00000,0.00000,3.45370,843.34820
2019-02-16,0.48313,0.12058,0.01883,16.09498,335.67472,148.17993,357.45926,24,0.60459,0.86052,0.00927,0.15636,0.00748,3.39393,754.43891
2019-02-17,0.30154,0.38953,0.08617,15.94495,449.49513,181.93072,354.39978,24,0.36449,0.38639,0.26826,0.55773,0.14371,2.75051,1056.81112
2019-02-18,0.25875,0.35100,0.09963,15.77897,428.85662,199.88929,348.90855,24,0.38350,0.29876,0.55869,0.31278,0.23169,2.15646,1057.23798
2019-02-19,0.16892,0.20972,0.07597,16.59870,433.10428,214.39904,351.07132,24,0.38807,0.14392,0.57512,0.21941,0.33303,2.14475,1088.52579
2019-02-20,0.24297,0.24344,0.07151,17.31946,430.75974,208.02265,360.81769,24,0.33140,0.27578,0.34628,0.39899,0.20563,2.20223,1030.30367
2019-02-21,0.19147,0.17576,0.09376,17.25622,393.45842,211.07021,360.32862,24,0.39491,0.20101,0.36396,0.22165,0.25946,2.20133,1016.64907
2019-02-22,0.14940,0.08214,0.02722,18.39907,406.14834,224.18256,365.47587,24,0.25349,0.11998,0.17963,0.01258,0.11304,2.34846,1042.58623
2019-02-23,0.31341,0.12809,0.03249,19.09229,418.76919,217.28675,371.54848,24,0.22287,0.42330,0.15163,0.08824,0.00901,2.67495,1007.11803
2019-02-24,0.32589,0.17604,0.10317,17.10279,391.94928,232.35958,361.78822,24,0.36228,0.16094,0.24565,0.14053,0.15625,3.03528,960.45920
2019-02-25,0.52653,0.28380,0.09893,17.04450,373.74426,175.47318,375.14250,24,0.84104,0.54788,0.31112,0.14553,0.26190,2.57251,662.36653
2019-02-26,0.58403,0.43801,0.14352,17.78449,372.53404,167.88232,373.81110,24,0.69355,0.61441,0.50624,0.62859,0.18740,2.51047,756.59319
2019-02-27,0.64184,0.46394,0.17740,17.48054,349.18654,180.45543,375.51365,24,0.58439,0.47682,0.50995,0.43406,0.41000,2.81902,742.69622
2019-02-28,0.54266,0.58496,0.20528,17.04546,339.20485,144.52605,369.94964,24,0.74773,0.59083,0.61833,0.71416,0.35664,1.98702,653.26532
2019-03-01,0.10538,0.15279,0.05357,14.09513,481.76208,241.28362,328.13244,24,0.42726,0.09917,0.58780,0.18185,0.33752,2.21893,1052.54102
2019-03-02,0.05358,0.01259,0.00331,12.62033,460.73860,260.30507,316.98347,24,0.04218,0.01564,0.05038,0.00359,0.02705,4.09634,1018.29762
2019-03-03,0.17864,0.02416,0.00277,14.33690,392.66567,245.97249,341.77014,24,0.05039,0.14458,0.02337,0.00000,0.00897,4.57959,984.93348
2019-03-04,0.40583,0.25148,0.03239,16.82011,371.19789,191.82494,373.41310,24,0.30485,0.39212,0.03415,0.13050,0.00542,3.72490,837.12371
2019-03-05,0.63585,0.65811,0.21213,18.54623,394.67778,141.41736,389.28357,24,0.59846,0.63633,0.57514,0.72656,0.18638,2.43917,753.14708
2019-03-06,0.50177,0.58524,0.18673,18.69131,363.68312,165.55945,382.98633,24,0.81072,0.55424,0.86934,0.85686,0.57550,1.90656,799.79172
2019-03-07,0.30284,0.36620,0.13117,17.12306,366.29871,207.47263,365.35269,24,0.58796,0.43444,0.58013,0.49000,0.34016,2.57044,923.76998
2019-03-08,0.11833,0.10768,0.03460,15.86875,480.78959,243.61793,343.80814,24,0.21538,0.15318,0.38036,0.14111,0.20044,2.71768,1304.11371
2019-03-09,0.10968,0.06186,0.02342,16.04945,498.80255,251.16649,344.62221,24,0.09876,0.10495,0.11554,0.04637,0.08302,3.43314,1401.71923
2019-03-10,0.26024,0.26455,0.05873,18.49531,480.75461,232.56533,369.35551,24,0.35966,0.19290,0.24982,0.28556,0.15333,2.84436,1137.39068
2019-03-11,0.27420,0.34681,0.08544,19.89236,398.05184,222.56923,376.44853,24,0.46929,0.38022,0.58176,0.48679,0.25169,2.38684,945.08046
2019-03-12,0.17636,0.26685,0.16382,19.78327,477.09032,244.74558,372.74501,24,0.46132,0.17539,0.49657,0.30597,0.44782,2.37280,1095.20134
2019-03-13,0.15052,0.22252,0.10493,20.19808,445.50138,249.55797,377.59957,24,0.30506,0.14251,0.55888,0.21095,0.41870,2.80955,1101.81501
2019-03-14,0.28159,0.13216,0.09234,19.84657,434.17243,254.40759,382.24837,24,0.41600,0.10240,0.39156,0.16151,0.34975,2.59975,1088.76816
2019-03-15,0.42432,0.01548,0.01167,19.56531,484.76021,248.31755,388.43301,24,0.31675,0.31173,0.08372,0.00179,0.06719,3.87807,1126.72123
2019-03-16,0.16069,0.00460,0.00091,18.73836,562.81794,248.15484,377.61210,24,0.42487,0.15505,0.00919,0.00000,0.00919,4.30403,1341.45703
2019-03-17,0.37606,0.02219,0.01064,18.43947,511.95576,256.86752,377.42182,24,0.06522,0.12967,0.02527,0.00000,0.00000,4.72874,1252.31779
2019-03-18,0.45842,0.01672,0.00560,17.87620,441.04723,203.37625,376.87624,24,0.72630,0.79819,0.04825,0.00187,0.03543,4.84610,1172.49472
2019-03-19,0.20573,0.09367,0.01347,18.68968,534.46873,233.78957,375.59150,24,0.27602,0.23018,0.03991,0.02584,0.01641,3.60643,1306.39716
2019-03-20,0.16903,0.17715,0.03979,18.99524,599.04158,250.87125,371.94660,24,0.17830,0.21819,0.33734,0.14123,0.09885,3.17892,1451.49935
2019-03-21,0.17666,0.27779,0.11071,19.27570,625.59984,252.73795,375.89111,24,0.40954,0.17416,0.56558,0.23090,0.26190,2.92147,1440.56386
2019-03-22,0.27490,0.35541,0.14132,20.70240,530.25433,244.96234,389.43066,24,0.35711,0.20794,0.58830,0.26061,0.34048,2.83029,1176.29906
2019-03-23,0.16046,0.24337,0.10580,19.05465,546.50536,248.41710,373.80661,24,0.36809,0.18091,0.63694,0.30658,0.48237,2.71427,1364.65743
2019-03-24,0.08187,0.06859,0.03854,17.66558,528.96105,279.10010,357.34700,24,0.23485,0.05359,0.29726,0.04480,0.26642,3.83243,1440.03782
2019-03-25,0.06775,0.02068,0.01129,17.94893,524.04468,277.14039,362.36701,24,0.07932,0.07906,0.02009,0.02041,0.00748,4.40569,1419.57189
2019-03-26,0.20876,0.01683,0.01082,18.59997,503.57536,257.10429,373.03293,24,0.12728,0.25783,0.08131,0.00000,0.07235,4.16737,1340.81674
2019-03-27,0.20383,0.01790,0.00623,18.16319,480.34766,253.68569,373.45827,24,0.18579,0.34583,0.03331,0.00000,0.01833,4.85185,1294.98937
2019-03-28,0.11548,0.04423,0.00771,19.12865,551.95473,266.21396,375.60554,24,0.15094,0.22945,0.10334,0.05225,0.03875,3.59182,1424.95760
2019-03-29,0.23818,0.05803,0.00891,20.11096,559.02415,257.81737,387.61713,24,0.15318,0.25853,0.12381,0.02980,0.06654,3.95550,1382.54903
2019-03-30,0.38405,0.33671,0.05705,21.66191,544.29979,232.70032,401.35066,24,0.32452,0.33444,0.21907,0.23267,0.03864,3.35511,1195.53234
2019-03-31,0.60011,0.66685,0.21256,21.42632,518.95072,210.03407,405.13948,24,0.73902,0.54464,0.81362,0.69265,0.32696,2.61586,836.10177
2019-10-01,0.83715,0.91607,0.34049,24.12153,337.16286,101.23286,424.38044,24,0.91573,0.90671,0.85677,0.97674,0.44123,1.04965,558.22427
2019-10-02,0.61446,0.88115,0.22372,24.52549,304.50263,158.86859,421.90002,24,0.60526,0.55156,0.92683,0.95180,0.49602,1.24195,686.00038
2019-10-03,0.55746,0.84014,0.11554,24.70221,306.30455,180.41429,421.21359,24,0.50480,0.51320,0.77722,0.94229,0.33878,1.33531,750.79495
2019-10-04,0.77428,0.81351,0.14229,24.90681,328.27473,175.99486,420.74910,24,0.69463,0.76070,0.86114,0.95358,0.19604,1.37880,777.26910
2019-10-05,0.66677,0.78677,0.12723,24.93462,321.61676,181.04942,420.05585,24,0.75917,0.58072,0.87549,0.97955,0.24742,1.52135,758.93779
2019-10-06,0.81559,0.81231,0.18386,24.81285,287.46161,166.38038,421.91356,24,0.68209,0.71631,0.81978,0.97210,0.26827,1.59306,719.94283
2019-10-07,0.87305,0.87941,0.18382,24.35932,292.53809,160.18306,421.60231,24,0.94591,0.81013,0.93297,0.97980,0.47978,1.45481,722.61759
2019-10-08,0.74684,0.69769,0.21520,23.99757,321.99023,152.23669,416.57313,24,0.95062,0.77404,0.94756,0.94080,0.60536,1.33361,699.48655
2019-10-09,0.80170,0.76658,0.16838,23.65193,319.31636,148.54371,416.58632,24,0.75775,0.71384,0.64443,0.87526,0.28627,1.33024,706.22115
2019-10-10,0.77851,0.94504,0.34463,23.71637,315.30964,124.22231,417.03650,24,0.77646,0.82505,0.90174,0.99820,0.46025,1.15639,628.20311
2019-10-11,0.44865,0.84345,0.22816,23.88124,289.81351,163.74560,412.59972,24,0.72937,0.56391,0.99452,0.99078,0.67605,1.34264,651.17808
2019-10-12,0.20706,0.52014,0.09725,23.83565,320.63724,204.39175,404.52817,24,0.38414,0.22316,0.88488,0.83894,0.40410,1.51444,780.13477
2019-10-13,0.14947,0.26903,0.05471,23.34433,383.14508,218.43728,396.47622,24,0.32235,0.13288,0.58320,0.33400,0.25022,1.83848,924.13367
2019-10-14,0.15913,0.21004,0.04422,23.28510,351.73061,224.63877,395.86435,24,0.17050,0.10470,0.32772,0.24814,0.18060,2.03713,909.43224
2019-10-15,0.30709,0.39814,0.07105,23.75854,346.04874,205.34643,407.35684,24,0.18971,0.24744,0.33906,0.52991,0.10538,2.13280,903.47871
2019-10-16,0.38047,0.48840,0.08625,23.88412,295.98491,185.50495,410.68521,24,0.50290,0.33012,0.53775,0.64014,0.20358,1.85374,758.14530
2019-10-17,0.20160,0.35874,0.06400,24.09577,312.89757,209.87770,408.74006,24,0.26971,0.11393,0.58686,0.61437,0.25962,1.86291,833.97335
2019-10-18,0.23022,0.35128,0.05011,24.48475,309.87999,209.05026,411.68838,24,0.41175,0.15083,0.36353,0.60071,0.18597,2.40852,862.37693
2019-10-19,0.31547,0.39677,0.05338,24.40722,332.74971,200.84396,414.27396,24,0.50227,0.32205,0.40156,0.53830,0.16207,2.39278,904.98057
2019-10-20,0.32087,0.41560,0.05462,24.39308,342.80649,200.39012,414.78172,24,0.24870,0.16028,0.58272,0.71952,0.19857,2.65797,849.57087
2019-10-21,0.35832,0.60958,0.08197,24.02366,381.18940,191.95894,412.51276,24,0.38250,0.29123,0.52703,0.79712,0.19650,2.62721,884.17033
2019-10-22,0.32188,0.66021,0.08266,23.61592,371.47106,189.55226,407.88856,24,0.46190,0.29759,0.83160,0.78231,0.26421,2.55716,861.96748
2019-10-23,0.73672,0.46114,0.05226,23.36092,338.24864,165.43576,413.01402,24,0.59682,0.56860,0.73108,0.64952,0.23490,2.15366,768.54933
2019-10-24,0.95852,0.45870,0.12229,21.74860,347.63952,95.53950,408.61410,24,0.97020,0.92092,0.59008,0.53707,0.18758,2.00468,524.79009
2019-10-25,0.96138,0.62488,0.27127,21.99339,418.75294,101.95518,410.70009,24,0.98056,0.94042,0.45772,0.51309,0.17138,1.50534,592.86497
2019-10-26,0.76860,0.78550,0.29420,22.60283,314.48726,122.82206,411.90598,24,0.86140,0.78939,0.83231,0.82975,0.52631,1.33934,609.52045
2019-10-27,0.46894,0.59934,0.14304,22.37773,334.24597,162.16909,408.19666,24,0.60248,0.60444,0.80167,0.82145,0.44799,1.38162,688.74371
2019-10-28,0.34913,0.34269,0.08666,22.02053,396.89249,188.38797,394.10260,24,0.37874,0.33692,0.49161,0.42545,0.23764,1.62403,900.29815
2019-10-29,0.29199,0.36291,0.06460,22.16060,376.49478,192.20800,391.41067,24,0.31213,0.41892,0.46488,0.43380,0.18532,2.01346,876.37168
2019-10-30,0.31216,0.32566,0.05211,22.13089,373.48348,191.35701,392.49742,24,0.33856,0.37953,0.46651,0.36505,0.21063,2.14552,922.80065
2019-10-31,0.35767,0.27704,0.05132,21.99351,393.24409,189.81180,390.39137,24,0.31417,0.30888,0.46148,0.31400,0.14694,2.12345,983.54507
2019-11-01,0.14746,0.19756,0.03433,21.91447,404.08383,196.86703,384.90757,24,0.32023,0.21685,0.35355,0.29266,0.16971,2.16793,947.80377
2019-11-02,0.09852,0.14549,0.02696,21.77910,379.92728,205.63696,382.00867,24,0.10761,0.09426,0.14733,0.35075,0.07694,2.09272,909.77644
2019-11-03,0.20606,0.20976,0.03317,21.93833,332.53930,189.94093,388.35413,24,0.49295,0.32802,0.31141,0.29537,0.16013,2.10281,873.47946
2019-11-04,0.13766,0.24741,0.04755,21.81043,342.17821,191.01989,389.48755,24,0.22156,0.17839,0.40835,0.23335,0.13599,2.03914,924.22864
2019-11-05,0.22833,0.26908,0.04305,21.63673,336.65277,188.21203,386.83927,24,0.27405,0.21336,0.34077,0.28304,0.17623,2.09024,921.12937
2019-11-06,0.56904,0.15697,0.02900,20.86545,394.00812,189.63267,377.00643,24,0.54508,0.49217,0.41272,0.16877,0.15764,2.01800,945.52964
2019-11-07,0.85639,0.15432,0.02698,21.25119,359.40260,185.72552,389.52879,24,0.75012,0.72905,0.17153,0.12023,0.12189,2.15171,877.89525
2019-11-08,0.99301,0.35947,0.14511,22.42574,425.94306,89.24418,413.84393,24,0.99239,0.98590,0.21781,0.35829,0.02583,2.10292,665.06411
2019-11-09,0.95914,0.60225,0.29926,22.46478,512.88288,72.21826,416.70674,24,0.98386,0.99294,0.59873,0.62149,0.30710,1.22651,665.63193
2019-11-10,0.75710,0.58547,0.19936,21.76143,511.76505,81.23286,411.23119,24,0.91486,0.91288,0.62009,0.66850,0.34550,1.30404,752.55567
2019-11-11,0.47487,0.53524,0.11771,21.66225,343.07771,137.84675,400.62727,24,0.55621,0.49380,0.59109,0.67115,0.21588,1.54889,713.88062
2019-11-12,0.24555,0.32397,0.09779,21.04634,345.78950,167.88563,384.32340,24,0.48307,0.33742,0.52462,0.49376,0.24768,1.81010,845.79298
2019-11-13,0.13793,0.17363,0.07582,20.80751,350.24278,186.51562,375.74750,24,0.30047,0.14675,0.37714,0.31783,0.26677,1.90000,890.99334
2019-11-14,0.09293,0.14307,0.06680,21.23010,296.20957,192.40832,376.10994,24,0.17213,0.05715,0.23544,0.21811,0.20960,1.98678,783.97064
2019-11-15,0.14956,0.22355,0.08286,21.06805,283.13679,187.17470,377.45278,24,0.22712,0.09200,0.35174,0.43403,0.26276,1.92670,794.55461
2019-11-16,0.17548,0.24563,0.06850,20.33883,314.22948,179.55468,375.56082,24,0.42197,0.17030,0.50395,0.25377,0.31676,1.95762,864.49593
2019-11-17,0.16558,0.24657,0.03942,19.84594,364.94041,179.34320,370.89381,24,0.21099,0.22374,0.40246,0.27177,0.12895,2.13310,936.85464
2019-11-18,0.18543,0.23846,0.06364,19.41441,362.52516,178.63617,367.79786,24,0.21963,0.15285,0.43430,0.24514,0.12354,2.17079,946.75102
2019-11-19,0.25732,0.24750,0.07072,18.84224,363.50923,178.75550,360.58321,24,0.47222,0.31366,0.46378,0.35627,0.28815,2.09461,909.40285
2019-11-20,0.23457,0.16998,0.04578,17.90843,373.60348,182.77949,352.92467,24,0.44293,0.28279,0.30315,0.20404,0.14557,2.27750,948.85990
2019-11-21,0.15030,0.11489,0.03766,18.07957,353.70725,187.45642,352.97686,24,0.29351,0.20005,0.17449,0.14918,0.14189,2.54301,900.59700
2019-11-22,0.28857,0.14338,0.04954,18.11441,341.72419,182.03703,357.30561,24,0.29917,0.16500,0.29597,0.18752,0.20103,2.42093,942.17434
2019-11-23,0.25630,0.17724,0.04299,18.26187,363.11250,173.57989,364.42684,24,0.35751,0.32113,0.34673,0.19832,0.18748,2.24271,992.84628
2019-11-24,0.26112,0.16254,0.03266,18.43255,344.47771,167.55368,367.79333,24,0.37832,0.24950,0.37109,0.20011,0.14922,2.14752,918.32003
2019-11-25,0.36488,0.15345,0.04377,18.76223,308.49103,162.64489,368.34141,24,0.52504,0.39742,0.24271,0.19513,0.11716,1.99355,828.76528
2019-11-26,0.17705,0.16764,0.07081,19.15632,288.06425,174.35978,366.09162,24,0.48974,0.15777,0.30020,0.21107,0.18969,1.98227,829.02693
2019-11-27,0.09199,0.11222,0.05503,19.19930,283.39049,179.95209,361.21264,24,0.32698,0.06500,0.29678,0.21754,0.22444,1.86005,778.06153
2019-11-28,0.07943,0.11169,0.06752,19.27009,258.68995,183.80296,358.34111,24,0.22489,0.04676,0.24428,0.13050,0.20706,1.92327,719.28991
2019-11-29,0.13549,0.17514,0.09205,19.02676,266.42758,180.08796,359.83452,24,0.30293,0.09150,0.38492,0.16939,0.30297,2.00035,766.98813
2019-11-30,0.12950,0.23057,0.08524,18.59278,318.68673,175.77777,358.26433,24,0.43488,0.08336,0.53675,0.33468,0.31791,1.85651,876.99535
2019-12-01,0.46343,0.15991,0.05973,17.45281,395.56188,175.05320,350.98591,24,0.41342,0.64268,0.30604,0.30439,0.17483,2.02514,966.90054
2019-12-02,0.27855,0.06955,0.01700,15.94717,460.90367,170.50853,344.16257,24,0.40873,0.53498,0.17107,0.07953,0.11549,2.38011,1109.70941
2019-12-03,0.11632,0.05668,0.00945,15.51506,439.57736,178.70056,335.91387,24,0.26505,0.20661,0.11213,0.04541,0.03277,2.78552,1023.44526
2019-12-04,0.07954,0.03800,0.02216,14.85616,440.95275,186.96604,327.40258,24,0.09978,0.01814,0.07809,0.03493,0.05821,2.60304,1003.27975
2019-12-05,0.41337,0.03753,0.02554,15.75889,274.00300,186.87847,331.53948,24,0.44460,0.18353,0.11474,0.00749,0.09608,2.40239,686.49022
2019-12-06,0.47349,0.06120,0.04538,16.02048,253.75768,180.95862,340.67674,24,0.55477,0.66368,0.20517,0.04853,0.19021,2.33262,676.56361
2019-12-07,0.22917,0.02436,0.01772,16.05567,276.59612,178.68728,345.30050,24,0.19979,0.10645,0.12184,0.01311,0.10141,2.21529,748.77930
2019-12-08,0.18937,0.03752,0.01110,16.05704,298.02988,169.37053,349.86654,24,0.40024,0.17548,0.03855,0.02415,0.02379,2.37054,793.24843
2019-12-09,0.15982,0.08650,0.01904,15.84723,339.20829,162.08017,346.99756,24,0.32229,0.23377,0.17375,0.12225,0.06831,2.24586,1001.58154
2019-12-10,0.24046,0.10932,0.01466,15.32029,369.72005,165.04217,348.88013,24,0.33055,0.18254,0.17340,0.05345,0.06438,2.34763,1055.09169
2019-12-11,0.29280,0.13494,0.02101,15.04711,415.09238,154.23317,352.13370,24,0.38639,0.27023,0.21563,0.09254,0.03098,2.66103,1076.91011
2019-12-12,0.30165,0.09557,0.02429,15.48798,384.31141,159.92385,345.21601,24,0.30192,0.32748,0.18771,0.04728,0.08228,2.54429,952.15545
2019-12-13,0.24194,0.05013,0.02440,15.79910,333.08374,168.65793,348.46874,24,0.38194,0.12006,0.12501,0.00361,0.09919,2.45581,889.52840
2019-12-14,0.11548,0.11553,0.02186,15.97017,302.16793,170.56834,349.38512,24,0.16427,0.08324,0.15848,0.01273,0.10489,2.10947,814.49184
2019-12-15,0.29521,0.13738,0.01209,16.46013,337.66953,162.34056,352.46887,24,0.18722,0.33113,0.31782,0.19753,0.06423,2.10057,816.24494
2019-12-16,0.26198,0.10000,0.01117,16.34248,315.16771,150.53184,351.08484,24,0.49724,0.41326,0.11036,0.14679,0.01800,1.88614,702.79162
2019-12-17,0.23313,0.14115,0.02398,15.74704,383.08550,151.25150,347.89881,24,0.28530,0.26387,0.07927,0.16007,0.03944,2.13366,777.92594
2019-12-18,0.14663,0.14324,0.02697,14.26682,425.82352,169.47136,327.45314,24,0.29488,0.18221,0.25735,0.23618,0.10982,1.99541,826.33711
2019-12-19,0.24406,0.22364,0.02037,13.19504,373.72441,175.89328,317.68482,24,0.38383,0.19368,0.12821,0.06780,0.04897,1.89622,733.29973
2019-12-20,0.37470,0.27586,0.02991,12.95011,346.68331,169.18992,322.14846,24,0.40657,0.28356,0.37569,0.22775,0.07623,2.21681,755.50560
2019-12-21,0.69002,0.39675,0.03503,13.31354,336.40944,154.32506,334.14029,24,0.76480,0.85519,0.31317,0.28999,0.07387,2.01146,732.66633
2019-12-22,0.28789,0.25087,0.03754,13.66480,326.67813,162.87057,332.90138,24,0.42226,0.31331,0.43410,0.23201,0.12103,2.08576,703.98419
2019-12-23,0.44213,0.18119,0.04589,14.21062,307.08599,150.05994,336.93153,24,0.46369,0.66449,0.26331,0.17969,0.09341,1.79043,692.39287
2019-12-24,0.29995,0.15540,0.03302,13.54374,320.81818,174.23286,323.09845,24,0.36032,0.31268,0.18162,0.15713,0.11893,1.58981,744.51578
2019-12-25,0.25170,0.11001,0.02093,13.29564,306.26790,171.13577,329.48680,24,0.49502,0.21454,0.20937,0.14579,0.09199,1.94171,743.54277
2019-12-26,0.47467,0.08996,0.01750,13.80901,294.51812,151.20277,351.64529,24,0.28513,0.29044,0.11126,0.05560,0.04310,2.03100,657.97789
2019-12-27,0.51102,0.32860,0.04694,13.78394,311.15264,101.54754,351.83023,24,0.73015,0.63667,0.14424,0.19127,0.05240,1.82070,537.03819
2019-12-28,0.18946,0.22002,0.05304,12.72153,398.52821,170.52577,316.29803,24,0.52170,0.30967,0.47406,0.24713,0.17398,1.53529,765.66808
2019-12-29,0.14443,0.09636,0.02804,12.72418,308.69944,185.18109,312.53215,24,0.14251,0.02410,0.20168,0.03556,0.11208,1.95555,658.55754
2019-12-30,0.40764,0.06317,0.02245,13.28549,266.48573,173.21562,323.93547,24,0.61233,0.57516,0.11650,0.00748,0.05526,1.90130,621.44854
2019-12-31,0.14643,0.06291,0.03429,13.89609,257.25495,179.57077,334.77564,24,0.17755,0.02529,0.26468,0.03157,0.15861,1.88928,632.38926
2020-01-01,0.57568,0.11118,0.06575,14.75255,228.51839,145.38939,354.56417,24,0.52393,0.58975,0.05906,0.11810,0.00921,2.87473,609.49074
2020-01-02,0.77185,0.19852,0.08102,16.36753,230.50484,142.56611,368.64077,24,0.85336,0.68334,0.27804,0.09771,0.23585,2.07612,563.06975
2020-01-03,0.79126,0.30257,0.10288,16.29603,221.97446,97.98102,371.51163,24,0.95190,0.81322,0.26765,0.29918,0.14224,1.80132,439.18351
2020-01-04,0.66634,0.61571,0.22090,15.93243,256.40161,112.16931,365.53674,24,0.81395,0.65670,0.54686,0.59405,0.38728,1.38188,588.59792
2020-01-05,0.42287,0.68912,0.20014,15.11874,307.66079,117.46676,348.43903,24,0.79342,0.57603,0.82193,0.87072,0.53818,1.29281,603.28473
2020-01-06,0.23720,0.27623,0.08442,12.81054,434.90131,165.09740,321.66068,24,0.42668,0.33576,0.59680,0.73556,0.34368,1.49425,937.73767
2020-01-07,0.13813,0.06314,0.01344,12.77610,335.97218,179.97924,320.50673,24,0.18271,0.11589,0.12721,0.04908,0.07644,1.89352,783.61138
2020-01-08,0.49852,0.03331,0.00847,14.12258,270.46387,178.57052,335.37161,24,0.35585,0.33607,0.08909,0.04324,0.04399,1.69389,689.65138
2020-01-09,0.45181,0.17297,0.03357,15.08358,256.60767,139.29131,353.28985,24,0.63707,0.48336,0.01992,0.03783,0.00741,1.85381,561.36533
2020-01-10,0.25927,0.44209,0.07112,14.51803,402.37943,154.49448,338.90531,24,0.42645,0.37440,0.56772,0.65085,0.18277,1.76065,744.36061
2020-01-11,0.19953,0.31434,0.04425,13.30864,458.42934,174.46818,320.98511,24,0.33396,0.31847,0.59142,0.62221,0.19606,1.87180,921.97281
2020-01-12,0.06483,0.07627,0.01565,13.38407,333.89918,190.99909,315.69547,24,0.16179,0.03231,0.11949,0.05403,0.02696,1.93219,659.87945
2020-01-13,0.11533,0.20586,0.03521,13.31811,304.85692,186.52742,323.46847,24,0.22331,0.06217,0.15053,0.12309,0.08007,1.75616,710.95230
2020-01-14,0.15078,0.21117,0.04032,14.03293,288.07499,183.59777,328.25887,24,0.27011,0.16995,0.38235,0.36284,0.12679,1.88406,767.37351
2020-01-15,0.10503,0.11853,0.03273,14.62906,250.10318,184.96471,330.61624,24,0.28215,0.09449,0.26248,0.12980,0.10577,1.57893,691.55415
2020-01-16,0.08210,0.06771,0.01833,15.23531,233.89424,188.57676,333.56052,24,0.18140,0.06466,0.08826,0.05042,0.02902,1.66248,643.79677
2020-01-17,0.07805,0.07031,0.03013,15.90072,223.39664,190.43043,333.84988,24,0.16531,0.08276,0.14033,0.05457,0.08294,2.23112,626.36852
2020-01-18,0.11929,0.13329,0.05807,15.93161,248.22022,189.55476,337.06554,24,0.13415,0.07229,0.13525,0.11287,0.10655,1.77344,709.53174
2020-01-19,0.33939,0.23179,0.04247,16.03698,303.29773,177.90529,345.11582,24,0.36209,0.38555,0.25783,0.19822,0.16605,1.42929,658.91470
2020-01-20,0.21779,0.26805,0.03974,14.26605,354.31434,173.70332,337.46716,24,0.34259,0.17881,0.34308,0.26269,0.06260,1.64234,754.43699
2020-01-21,0.26118,0.11239,0.02314,12.80003,372.82724,189.27918,319.84993,24,0.38368,0.32179,0.32711,0.18452,0.10861,1.81802,918.18395
2020-01-22,0.27077,0.12819,0.02892,12.72349,302.93592,195.21213,318.26214,24,0.33554,0.39876,0.19127,0.11141,0.10708,2.06990,761.57488
2020-01-23,0.47907,0.24956,0.03485,13.15118,322.94646,172.10656,340.99560,24,0.22668,0.31952,0.22728,0.20745,0.07386,2.13776,809.34530
2020-01-24,0.36942,0.23249,0.05067,11.85800,430.17206,177.68044,321.89695,24,0.67995,0.47204,0.56144,0.41713,0.18363,1.85177,1106.59194
2020-01-25,0.04507,0.02720,0.00975,11.05793,407.15625,208.51884,305.04074,24,0.15695,0.02323,0.07019,0.02152,0.03415,2.62563,998.81117
2020-01-26,0.16319,0.07041,0.00750,11.85320,419.20409,195.29546,318.48370,24,0.06970,0.19122,0.04353,0.02779,0.02560,2.55326,1100.18836
2020-01-27,0.22528,0.10513,0.02155,12.31302,399.50513,180.92166,327.46811,24,0.25737,0.29884,0.19578,0.06665,0.05179,2.05949,1100.61339
2020-01-28,0.17947,0.07966,0.01043,13.08833,341.48452,188.10723,334.31745,24,0.23570,0.15716,0.13602,0.06299,0.03832,2.27984,895.75790
2020-01-29,0.50050,0.30970,0.04066,14.96137,256.40735,133.99166,363.08726,24,0.44369,0.52422,0.07033,0.16521,0.00180,2.19228,633.83598
2020-01-30,0.50314,0.66148,0.17682,16.11902,275.57710,134.63760,369.02641,24,0.52676,0.51304,0.71054,0.64352,0.19803,1.83395,682.24789
2020-01-31,0.27335,0.44964,0.10449,15.05303,349.79272,169.84789,342.88525,24,0.55675,0.33945,0.87191,0.77354,0.38734,1.30723,819.03546
2020-02-01,0.15808,0.14512,0.03377,13.34155,418.65108,198.21456,326.34971,24,0.27793,0.18169,0.34266,0.11730,0.16319,1.94187,1078.36308
2020-02-02,0.10052,0.07583,0.00953,11.15407,472.76737,202.04326,316.66167,24,0.15126,0.14693,0.15316,0.07545,0.03245,2.77028,1198.19410
2020-02-03,0.05106,0.04335,0.00817,10.15276,467.27109,214.51823,303.87385,24,0.08389,0.06585,0.06659,0.01253,0.02516,3.22704,1099.15271
2020-02-04,0.24399,0.03066,0.00964,11.38356,381.28907,218.82951,319.03061,24,0.04650,0.02355,0.06475,0.00000,0.03781,2.96184,949.66398
2020-02-05,0.35107,0.03807,0.00494,12.50014,358.79808,179.89457,338.17488,24,0.35111,0.31044,0.05572,0.00179,0.01791,3.10308,933.48190
2020-02-06,0.29151,0.05696,0.00622,12.25823,427.92580,199.89958,333.91486,24,0.31684,0.16466,0.14233,0.02891,0.00915,2.63568,1226.45424
2020-02-07,0.61387,0.02936,0.00712,12.42401,399.87890,155.07134,352.95796,24,0.37391,0.50335,0.05747,0.01080,0.01977,2.83358,1079.33283
2020-02-08,0.62927,0.00779,0.00240,13.27023,358.16805,157.84894,355.25767,24,0.36210,0.53726,0.03422,0.00180,0.02524,3.53990,799.52700
2020-02-09,0.24279,0.02415,0.00897,13.33088,357.13758,172.88862,340.69872,24,0.57754,0.37252,0.00716,0.01273,0.00000,3.33321,769.07296
2020-02-10,0.04815,0.03579,0.01076,12.15021,429.37572,221.06814,316.87945,24,0.09348,0.06140,0.10900,0.01990,0.07107,3.00733,1111.67583
2020-02-11,0.05425,0.02830,0.00157,12.08034,420.89422,224.45425,316.43476,24,0.05391,0.05005,0.03782,0.00539,0.00359,3.20302,1071.48543
2020-02-12,0.07630,0.02479,0.00247,12.09537,390.13957,228.36683,317.97193,24,0.04660,0.04354,0.04140,0.00000,0.01439,3.41220,957.34498
2020-02-13,0.11408,0.02861,0.00143,13.00605,382.96721,224.38117,327.34568,24,0.06510,0.07152,0.03785,0.00361,0.00361,3.10397,1029.20117
2020-02-14,0.28275,0.05652,0.00952,14.79994,394.51645,196.26950,350.08722,24,0.26541,0.28902,0.05436,0.02343,0.02190,2.55820,1193.84287
2020-02-15,0.26533,0.09808,0.02252,16.33698,350.86677,189.49001,354.07661,24,0.36840,0.30391,0.09190,0.06874,0.02342,1.98498,1038.02018
2020-02-16,0.19421,0.11092,0.04211,16.15708,356.02669,208.19210,347.70876,24,0.32778,0.22907,0.23448,0.07891,0.12252,1.83030,1067.46377
2020-02-17,0.16143,0.09321,0.01774,16.36205,370.88888,215.08732,345.74781,24,0.20005,0.18863,0.13535,0.05081,0.05243,1.94350,1028.63499
2020-02-18,0.21398,0.12330,0.03856,16.25417,402.30271,213.90588,347.05097,24,0.30124,0.20032,0.18525,0.11118,0.08091,1.82680,1131.91560
2020-02-19,0.33793,0.12611,0.04808,16.25238,409.45715,219.43941,343.00683,24,0.43920,0.24643,0.25533,0.11387,0.17990,1.84218,1130.70245
2020-02-20,0.46558,0.07263,0.02502,16.24222,380.71951,213.70177,344.53967,24,0.72313,0.57968,0.11260,0.01974,0.05686,2.03293,1003.25342
2020-02-21,0.31659,0.00936,0.00196,15.95902,359.09733,233.35304,341.22907,24,0.40747,0.31269,0.05746,0.00901,0.01445,2.31314,1005.47551
2020-02-22,0.32333,0.00797,0.00339,16.26524,330.27190,221.07456,346.98785,24,0.37992,0.46044,0.00000,0.00000,0.00000,2.50076,947.34150
2020-02-23,0.20955,0.01384,0.00819,16.69715,358.00141,221.83245,351.68905,24,0.30536,0.19990,0.00903,0.00000,0.00180,2.15573,1036.74869
2020-02-24,0.34222,0.02237,0.00479,17.30956,336.41213,207.95410,359.20413,24,0.41697,0.41822,0.03146,0.01081,0.02785,2.38437,992.21452
2020-02-25,0.68363,0.16147,0.02960,16.98336,310.62059,155.33595,369.98249,24,0.45130,0.80816,0.02342,0.13508,0.00542,2.10080,675.28397
2020-02-26,0.45435,0.33467,0.06676,16.04599,349.97565,152.27935,361.13552,24,0.65301,0.53968,0.43362,0.43375,0.23245,1.77748,811.44681
2020-02-27,0.20606,0.15724,0.05027,15.94567,390.23390,220.73619,344.32216,24,0.23132,0.23556,0.36295,0.35759,0.15512,1.89420,989.53646
2020-02-28,0.08978,0.00666,0.00308,15.40925,426.30448,244.81325,337.36349,24,0.17357,0.10293,0.02731,0.00000,0.01806,2.10312,1126.74683
2020-02-29,0.06067,0.00586,0.00098,15.77164,395.23777,249.92319,340.36084,24,0.01538,0.05521,0.00537,0.00000,0.00537,2.67145,1085.36098
2020-03-01,0.06659,0.00947,0.00295,16.60667,414.72511,244.96502,349.60060,24,0.02468,0.03840,0.01809,0.00000,0.00184,2.44583,1198.00558
2020-03-02,0.20239,0.02336,0.00256,17.70321,408.65922,237.11261,360.70475,24,0.08679,0.32066,0.04032,0.00721,0.01870,2.40460,1197.80282
2020-03-03,0.29964,0.06430,0.00727,17.75193,421.13370,230.52959,366.90608,24,0.16573,0.18125,0.03436,0.07721,0.00919,2.29761,1132.14693
2020-03-04,0.28223,0.17922,0.02333,18.02398,398.69290,222.28658,367.89273,24,0.36425,0.18466,0.16297,0.33508,0.03688,2.23782,1074.38667
2020-03-05,0.35965,0.21522,0.03863,18.02411,419.12688,219.85236,369.35262,24,0.36584,0.29473,0.37689,0.40049,0.21412,1.96275,1016.57205
2020-03-06,0.57196,0.24928,0.02012,18.22340,363.42328,180.36388,378.04083,24,0.83385,0.64538,0.29336,0.30698,0.03810,2.33035,879.95273
2020-03-07,0.54685,0.43507,0.07307,18.58283,318.29469,152.13177,381.56586,24,0.76333,0.65937,0.50430,0.44151,0.11283,1.99154,640.18432
2020-03-08,0.26293,0.40036,0.07272,18.72470,433.95051,207.37768,374.98538,24,0.60026,0.29948,0.65334,0.67404,0.24153,1.81269,1040.33848
2020-03-09,0.12794,0.13324,0.03834,16.59929,520.39836,245.58442,349.96085,24,0.19953,0.19498,0.43705,0.12256,0.21727,1.78855,1340.88919
2020-03-10,0.10359,0.04719,0.00351,15.84475,490.37425,255.04935,346.33623,24,0.11192,0.15841,0.07966,0.02968,0.02930,3.12970,1232.54758
2020-03-11,0.16296,0.04181,0.00340,17.01562,429.67209,249.60816,367.68197,24,0.13950,0.11199,0.04486,0.04097,0.00357,2.97605,1059.04019
2020-03-12,0.17196,0.07650,0.00434,18.95015,437.11230,239.33126,384.07276,24,0.17379,0.14172,0.10394,0.08679,0.03858,2.71673,1109.02537
2020-03-13,0.25899,0.03557,0.00297,19.42100,453.63796,250.73038,380.91103,24,0.16135,0.19626,0.17748,0.02025,0.00906,2.34017,1144.16361
2020-03-14,0.63857,0.03512,0.01753,18.52341,490.15632,222.29327,375.34945,24,0.45861,0.51030,0.00000,0.00898,0.00000,3.40638,975.75681
2020-03-15,0.60875,0.02400,0.01867,18.38703,392.18694,235.08813,370.91215,24,0.89646,0.69387,0.12047,0.01261,0.10792,2.87137,896.58261
2020-03-16,0.41299,0.00264,0.00038,17.58547,508.74058,258.64378,367.93343,24,0.42125,0.48690,0.00715,0.00180,0.00358,2.96201,1264.64250
2020-03-17,0.12944,0.00756,0.00069,16.91001,553.90942,255.21033,366.97757,24,0.15032,0.19975,0.00932,0.00000,0.00000,3.25827,1441.65084
2020-03-18,0.22699,0.02796,0.00516,17.42724,562.80783,252.38573,366.67940,24,0.10471,0.29141,0.06814,0.03732,0.01112,3.57036,1490.09160
2020-03-19,0.75660,0.03407,0.00981,17.48644,529.34314,256.81995,366.94226,24,0.48013,0.69439,0.11085,0.00179,0.07590,2.86808,1331.44271
2020-03-20,0.56991,0.03200,0.00519,17.92396,551.76804,248.71993,371.60359,24,0.80812,0.42957,0.06609,0.02963,0.00556,3.42850,1517.74979
2020-03-21,0.59256,0.07889,0.01170,18.14755,544.99600,249.48820,372.22705,24,0.62465,0.46381,0.10802,0.04848,0.05584,2.66850,1433.93423
2020-03-22,0.41132,0.22896,0.01298,18.00945,378.19511,213.31906,373.34457,24,0.68617,0.67147,0.12983,0.17384,0.05195,3.14233,869.25280
2020-03-23,0.25074,0.11295,0.01439,18.48705,516.10484,251.36826,371.60985,24,0.24710,0.28627,0.26601,0.09030,0.06965,2.26316,1332.56209
2020-03-24,0.18137,0.14574,0.02182,18.88475,527.00795,246.78885,373.53978,24,0.26270,0.29097,0.23577,0.13514,0.03505,2.43401,1319.72523
2020-03-25,0.18241,0.13440,0.06005,19.51038,555.53726,260.32154,379.85483,24,0.22184,0.18436,0.34824,0.04673,0.22165,2.19014,1420.84456
2020-03-26,0.18436,0.09550,0.03790,20.47388,515.48435,244.85292,388.75376,24,0.33954,0.25800,0.30414,0.04818,0.18374,2.41102,1324.88134
2020-03-27,0.11891,0.04006,0.01243,20.54150,547.98802,264.45025,389.46058,24,0.13332,0.13927,0.09210,0.05171,0.06151,3.06616,1410.87562
2020-03-28,0.05157,0.02568,0.00703,20.57571,634.64689,269.28322,392.87098,24,0.05407,0.07922,0.02163,0.00893,0.00370,2.95140,1404.93170
2020-03-29,0.02383,0.02062,0.00843,18.32894,590.72883,287.71527,370.69867,24,0.02100,0.01565,0.06205,0.01489,0.04211,3.16836,1345.16398
2020-03-30,0.04085,0.00622,0.00464,16.51413,572.18102,293.57829,361.04294,24,0.02041,0.02562,0.03511,0.00179,0.03332,4.35246,1395.48377
2020-03-31,0.05994,0.01035,0.00657,17.01136,570.67886,292.73993,361.65423,24,0.02597,0.07287,0.02420,0.00179,0.01122,4.01434,1500.22836
2020-10-01,0.80639,0.89214,0.16771,25.65814,363.82711,180.46056,431.22937,24,0.87229,0.62989,0.76212,0.97213,0.33068,1.41622,835.74845
2020-10-02,0.80735,0.90412,0.20439,25.61656,353.91921,162.41804,430.44353,24,0.83674,0.74807,0.90844,1.00000,0.37889,1.33849,783.45748
2020-10-03,0.83246,0.84766,0.16255,25.70609,335.56761,167.93081,429.29666,24,0.90019,0.79363,0.88109,0.99632,0.27746,2.16928,742.63208
2020-10-04,0.83774,0.88168,0.15905,25.56492,335.41074,174.26047,429.47775,24,0.84721,0.73412,0.77764,0.95572,0.17615,1.55806,742.22574
2020-10-05,0.87219,0.90694,0.23520,25.42718,358.60242,144.42489,429.97518,24,0.86270,0.80986,0.92793,0.98350,0.33980,1.42186,717.89425
2020-10-06,0.87753,0.91223,0.26338,25.28862,354.62769,146.15491,429.47407,24,0.89799,0.79460,0.91220,0.99631,0.36115,1.33873,688.64588
2020-10-07,0.76119,0.87308,0.20387,25.36280,284.05937,150.75548,428.82704,24,0.93649,0.80012,0.89655,0.97045,0.38797,1.38170,608.60112
2020-10-08,0.57225,0.63442,0.09553,25.68740,335.55300,198.58288,427.48198,24,0.73563,0.64472,0.89605,0.86302,0.33632,1.53006,837.15744
2020-10-09,0.48369,0.43956,0.04423,26.04156,316.75814,207.36104,427.63785,24,0.66794,0.41854,0.53022,0.77476,0.14687,1.71617,824.15279
2020-10-10,0.35405,0.47512,0.04546,25.99440,324.35373,209.80280,425.37961,24,0.51597,0.38264,0.54959,0.71274,0.13141,1.80370,826.21176
2020-10-11,0.30740,0.41251,0.05349,25.61705,344.58004,205.44898,422.96377,24,0.35965,0.37073,0.45488,0.69830,0.15037,2.16528,861.72509
2020-10-12,0.25016,0.44236,0.06281,25.48939,363.11687,209.78782,421.89917,24,0.34635,0.16774,0.50837,0.71074,0.18894,2.24416,883.15184
2020-10-13,0.32890,0.51143,0.04996,25.53724,401.94075,207.97562,421.60198,24,0.44697,0.23036,0.55268,0.77204,0.20084,1.99369,936.70053
2020-10-14,0.37186,0.52231,0.05542,25.38761,389.41052,201.01810,420.84866,24,0.46363,0.34606,0.51024,0.71271,0.14482,2.16419,922.99520
2020-10-15,0.26318,0.49020,0.07204,25.36951,365.52289,205.32935,419.46623,24,0.33724,0.26348,0.59782,0.70744,0.18758,1.86950,859.80004
2020-10-16,0.19205,0.33798,0.04304,25.44618,340.48576,210.80506,416.48975,24,0.31379,0.14493,0.54411,0.61496,0.18379,2.03530,862.08799
2020-10-17,0.43772,0.40232,0.06809,25.23976,340.14703,201.87204,418.70961,24,0.37672,0.31114,0.40348,0.40250,0.14131,2.19203,859.77985
2020-10-18,0.66674,0.56431,0.13601,25.17542,293.64517,143.64002,422.52108,24,0.69346,0.71744,0.51556,0.56521,0.20342,1.67866,649.27893
2020-10-19,0.38288,0.54258,0.10438,25.04929,326.53826,175.05437,419.68716,24,0.48780,0.43582,0.80410,0.79956,0.25566,1.78552,840.66661
2020-10-20,0.53252,0.57913,0.10295,24.76075,402.95130,177.86152,418.68286,24,0.52226,0.50668,0.60168,0.62787,0.22560,1.71105,881.43346
2020-10-21,0.70732,0.67666,0.16838,24.55530,406.04772,131.47027,422.61840,24,0.62481,0.69991,0.67439,0.85782,0.24706,1.58446,775.21649
2020-10-22,0.92346,0.69075,0.27164,24.07483,440.07312,78.17578,426.80884,24,0.83886,0.86346,0.64664,0.83217,0.26368,1.64245,649.70377
2020-10-23,0.98606,0.78001,0.34859,23.77793,570.75520,54.72253,427.07689,24,0.95155,0.98634,0.77354,0.81499,0.37061,1.09675,667.16335
2020-10-24,0.79709,0.81401,0.24335,23.64591,395.96880,109.48075,420.33749,24,0.95731,0.85771,0.80122,0.85435,0.36330,1.47237,640.38648
2020-10-25,0.48796,0.70905,0.17683,23.99949,309.15423,153.92748,412.69094,24,0.69678,0.56750,0.81325,0.92550,0.40546,1.44246,730.18335
2020-10-26,0.27643,0.53134,0.11690,23.61355,305.51895,176.79294,404.50264,24,0.57054,0.31233,0.80946,0.82367,0.40443,1.65992,772.78661
2020-10-27,0.18645,0.34605,0.09140,23.02768,349.62190,197.60107,397.12828,24,0.45028,0.17884,0.50677,0.46175,0.29026,2.05620,855.80283
2020-10-28,0.22474,0.22276,0.05692,23.10123,363.94518,204.02957,396.55011,24,0.22788,0.10860,0.38507,0.37498,0.19288,2.87095,899.23671
2020-10-29,0.27110,0.17215,0.04069,23.59298,356.42583,206.40914,400.71390,24,0.36840,0.23487,0.26383,0.37549,0.13819,2.24735,830.07532
2020-10-30,0.68148,0.19260,0.05354,23.53978,306.54905,202.40718,403.31612,24,0.36656,0.63846,0.25377,0.04258,0.10877,2.13528,659.21501
2020-10-31,0.86237,0.61862,0.16014,23.60118,302.96705,127.16675,417.62070,24,0.80875,0.80512,0.39397,0.60131,0.15988,1.99225,591.78556
2020-11-01,0.78037,0.69067,0.12455,23.76553,332.03593,114.77698,417.63394,24,0.82647,0.68878,0.68635,0.84860,0.30158,1.36845,740.36868
2020-11-02,0.62565,0.76376,0.13811,23.91633,300.25639,144.48891,414.63807,24,0.84009,0.65667,0.78891,0.87866,0.19938,1.44242,703.40308
2020-11-03,0.43958,0.71314,0.15286,23.10610,312.42732,159.05637,407.47296,24,0.61360,0.51552,0.84981,0.82413,0.28401,1.79469,742.31341
2020-11-04,0.32172,0.48484,0.16212,20.79443,311.94499,165.52549,386.50465,24,0.43688,0.40482,0.63042,0.57585,0.28680,2.02259,701.08365
2020-11-05,0.08675,0.20582,0.08235,18.79255,344.32411,199.39777,357.86725,24,0.25675,0.07702,0.51678,0.39349,0.37027,2.27047,848.97372
2020-11-06,0.05509,0.07691,0.05037,17.76027,390.17907,211.29979,342.00532,24,0.24244,0.03552,0.23733,0.07661,0.20324,2.69038,946.09248
2020-11-07,0.04597,0.05037,0.04448,18.60128,360.68840,211.83702,346.45420,24,0.13392,0.01018,0.12598,0.01807,0.12598,2.97089,836.20036
2020-11-08,0.03596,0.04074,0.03307,19.70617,302.06801,207.58287,354.89493,24,0.15659,0.00766,0.17694,0.00560,0.17694,2.46306,767.53948
2020-11-09,0.05164,0.03858,0.03403,20.03657,265.75260,206.01512,360.66914,24,0.08551,0.00605,0.08440,0.00181,0.08065,2.29425,695.15890
2020-11-10,0.09663,0.02361,0.02130,20.22643,266.54585,198.95469,366.89131,24,0.12096,0.03711,0.10725,0.00181,0.10167,2.42583,676.69167
2020-11-11,0.11727,0.02031,0.01910,19.82952,266.12938,200.99883,363.61232,24,0.17395,0.05040,0.09953,0.00000,0.09953,2.29058,652.93831
2020-11-12,0.19575,0.04167,0.03993,20.13465,267.25502,197.09116,365.71407,24,0.24214,0.16483,0.08650,0.00361,0.08650,2.60612,657.43834
2020-11-13,0.06075,0.05125,0.04843,20.11048,277.04188,196.28174,364.74078,24,0.20100,0.01876,0.18415,0.00181,0.17496,2.42895,669.83597
2020-11-14,0.05479,0.05878,0.05464,19.54502,305.16635,198.31996,360.83869,24,0.17583,0.00241,0.19160,0.00000,0.18786,2.39217,727.64569
2020-11-15,0.06496,0.05195,0.04853,19.46002,296.77917,198.12481,360.13203,24,0.13429,0.00074,0.16409,0.00180,0.16229,2.44159,718.49728
2020-11-16,0.06217,0.10301,0.04201,19.58929,305.82122,195.99742,362.97676,24,0.18281,0.00613,0.16589,0.14127,0.16589,2.53188,778.82344
2020-11-17,0.07679,0.12879,0.03977,19.06486,347.45159,187.90652,360.18215,24,0.19881,0.07239,0.25972,0.13699,0.14571,3.28470,916.32984
2020-11-18,0.09674,0.08863,0.02809,18.42955,357.59983,187.28400,360.56880,24,0.14326,0.07338,0.21882,0.09798,0.12093,2.40437,1012.28195
2020-11-19,0.18924,0.11919,0.01252,18.89530,340.67928,174.16180,373.30220,24,0.14552,0.19143,0.13958,0.12545,0.06931,2.73977,899.02678
2020-11-20,0.23221,0.29792,0.02920,19.93582,307.74271,167.30875,380.56635,24,0.26700,0.20269,0.20811,0.35838,0.06031,2.35250,778.20951
2020-11-21,0.32151,0.44678,0.05781,19.88389,307.43877,146.73085,381.41360,24,0.39567,0.42456,0.44094,0.57503,0.12081,1.66907,720.30303
2020-11-22,0.12727,0.21480,0.06232,16.18419,451.11669,179.65803,341.97723,24,0.31189,0.10275,0.59104,0.40363,0.26942,2.06995,1079.34155
2020-11-23,0.26558,0.05729,0.03816,15.08995,392.25053,192.68204,326.19066,24,0.23833,0.12441,0.18398,0.04686,0.14635,3.17128,907.70346
2020-11-24,0.66858,0.01749,0.01332,16.01533,325.97848,187.13232,333.81591,24,0.59537,0.68112,0.08015,0.01083,0.07657,2.81520,804.08081
2020-11-25,0.84664,0.00988,0.00857,16.58147,272.83733,181.55159,339.97013,24,0.77726,0.82345,0.05004,0.00000,0.04259,2.30956,678.41626
2020-11-26,0.80115,0.01686,0.01625,17.12155,243.47609,166.48840,350.35482,24,0.92218,0.89751,0.02391,0.00000,0.02391,2.63957,602.74316
2020-11-27,0.68722,0.01310,0.01083,17.34912,255.12225,143.44636,360.87209,24,0.65759,0.75390,0.07747,0.00000,0.07567,2.79880,509.22998
2020-11-28,0.12994,0.02414,0.02278,16.93161,277.75692,172.89717,343.74026,24,0.38493,0.13469,0.03288,0.00000,0.02383,2.48791,598.71902
2020-11-29,0.03708,0.03656,0.03571,16.84024,284.50839,189.21201,336.69615,24,0.19859,0.00012,0.18956,0.00000,0.18582,3.16327,655.79368
2020-11-30,0.03366,0.02753,0.02024,17.13779,292.86205,187.90201,339.89090,24,0.12086,0.00182,0.06076,0.00911,0.06076,3.22099,768.45342
2020-12-01,0.04222,0.02240,0.01810,16.91581,289.31122,186.54833,340.86570,24,0.16572,0.00207,0.06039,0.01095,0.05859,2.52018,813.27106
2020-12-02,0.11126,0.04309,0.02246,16.84267,318.73795,182.53769,343.79271,24,0.16478,0.09977,0.06259,0.02380,0.05898,2.51434,968.86019
2020-12-03,0.20410,0.06241,0.02702,16.91034,324.04348,176.37443,347.58080,24,0.34553,0.24122,0.14707,0.03487,0.10699,2.16066,1013.21080
2020-12-04,0.17312,0.07177,0.02510,17.00317,331.69078,171.17827,348.80686,24,0.35372,0.15743,0.15407,0.06337,0.07770,2.15401,1000.41398
2020-12-05,0.18967,0.12566,0.02256,17.16650,319.76440,163.83407,349.89214,24,0.34518,0.21097,0.11679,0.10472,0.06253,2.05779,980.66786
2020-12-06,0.20774,0.19997,0.03805,17.33035,299.74351,165.60327,351.04785,24,0.42555,0.17813,0.27047,0.16898,0.11176,2.01661,864.55452
2020-12-07,0.17537,0.15951,0.04341,17.35898,301.28197,163.11330,350.21955,24,0.43902,0.18186,0.31855,0.18721,0.16516,1.91962,833.26933
2020-12-08,0.26907,0.11180,0.02155,17.28255,310.66632,168.24425,350.22420,24,0.38616,0.19249,0.13746,0.08442,0.11218,1.58702,856.64056
2020-12-09,0.30341,0.20825,0.02082,16.79761,353.10744,160.65985,354.00301,24,0.44488,0.32070,0.20468,0.15607,0.07676,1.84559,878.24385
2020-12-10,0.33558,0.29488,0.04330,16.50858,328.03457,153.08536,356.16833,24,0.52911,0.35707,0.25956,0.19731,0.08902,1.97686,821.79620
2020-12-11,0.33873,0.39709,0.05749,16.36213,350.99638,151.92894,353.99914,24,0.61484,0.42052,0.51457,0.37103,0.20681,1.89944,838.15880
2020-12-12,0.32751,0.29394,0.02499,16.45098,368.84130,155.70984,353.90181,24,0.52822,0.40761,0.41937,0.27923,0.05621,1.81992,854.86752
2020-12-13,0.31339,0.27382,0.03052,16.91498,328.88013,150.31625,356.54637,24,0.50825,0.42578,0.31524,0.21089,0.05789,2.06998,807.19825
2020-12-14,0.16708,0.17426,0.03369,16.54699,366.21089,166.60322,347.10774,24,0.37342,0.18355,0.28190,0.23663,0.08293,1.70113,857.81104
2020-12-15,0.15544,0.12175,0.03364,15.98040,343.10337,169.20591,346.01592,24,0.37516,0.13990,0.18338,0.13297,0.12045,1.92570,759.08952
2020-12-16,0.11423,0.10920,0.01849,15.86528,313.88949,170.84604,345.58040,24,0.24926,0.09049,0.12572,0.06287,0.07189,2.22764,675.94768
2020-12-17,0.07327,0.12392,0.02775,15.15863,351.45838,172.54689,337.64709,24,0.14568,0.06187,0.14906,0.10403,0.05933,2.40630,741.76408
2020-12-18,0.05674,0.08031,0.02159,12.76697,419.76129,178.34943,314.49832,24,0.11726,0.05999,0.14737,0.14586,0.08805,2.41536,919.26108
2020-12-19,0.03946,0.04530,0.01381,11.52717,371.23180,182.41194,304.32259,24,0.08809,0.04314,0.11879,0.04497,0.06660,2.83692,791.04319
2020-12-20,0.02705,0.01202,0.00600,12.45485,329.83613,185.55954,307.51557,24,0.09075,0.00519,0.01978,0.00000,0.01081,2.41192,739.00412
2020-12-21,0.03346,0.03107,0.01311,12.99514,316.25215,184.21026,314.63688,24,0.12741,0.00679,0.06068,0.00371,0.06068,2.47575,744.26684
2020-12-22,0.04465,0.06070,0.02484,13.32628,327.88605,182.64355,319.34040,24,0.13636,0.01558,0.14149,0.07905,0.08856,2.50426,844.21050
2020-12-23,0.08377,0.05472,0.02842,13.78151,315.89484,181.35017,321.23148,24,0.19086,0.03391,0.17282,0.06980,0.09192,2.33146,840.72914
2020-12-24,0.14887,0.03245,0.01612,14.35474,297.67548,178.61381,322.48725,24,0.44142,0.21335,0.10167,0.01858,0.09802,2.06844,767.07890
2020-12-25,0.03853,0.04600,0.01410,13.94258,324.34077,183.82082,317.11396,24,0.12418,0.00991,0.04902,0.02175,0.03459,2.12475,796.06451
2020-12-26,0.02380,0.02437,0.00907,13.06954,335.11064,184.78063,311.32076,24,0.08588,0.01349,0.10614,0.02164,0.05227,2.34788,775.06201
2020-12-27,0.03059,0.03399,0.00754,12.38886,317.60255,185.69401,308.35140,24,0.05619,0.01840,0.03598,0.03074,0.02337,2.64440,760.08169
2020-12-28,0.06288,0.05511,0.01445,12.67346,309.28614,186.21203,311.11719,24,0.12288,0.01758,0.04529,0.04165,0.02729,2.47235,776.83119
2020-12-29,0.06446,0.05837,0.01650,12.89920,324.84356,183.28727,313.74634,24,0.18926,0.05931,0.19415,0.07040,0.08572,2.54808,786.48948
2020-12-30,0.03134,0.00986,0.00770,12.95114,343.14971,186.87369,313.41891,24,0.14262,0.01417,0.02156,0.00179,0.01619,2.44373,771.87420
2020-12-31,0.10101,0.01887,0.01730,13.02296,307.26403,187.43592,313.72071,24,0.09907,0.02771,0.04201,0.00357,0.04201,2.48971,728.51881
2021-01-01,0.04258,0.01585,0.01555,13.24795,296.54844,188.19934,315.28896,24,0.12239,0.00782,0.07411,0.00000,0.07411,2.55131,734.39539
2021-01-02,0.05018,0.01224,0.01155,13.42849,275.72620,188.46964,314.95414,24,0.12070,0.00775,0.05168,0.00915,0.04989,2.41313,705.46667
2021-01-03,0.04572,0.00506,0.00445,13.97261,244.14859,187.34205,319.63647,24,0.18057,0.05700,0.03312,0.00000,0.03312,2.40043,665.75528
2021-01-04,0.05112,0.01004,0.01004,14.73970,213.44958,186.13165,327.84493,24,0.11202,0.03500,0.03314,0.00000,0.03314,2.29061,595.11309
2021-01-05,0.08994,0.00623,0.00608,15.40932,206.84593,182.20818,335.35896,24,0.09591,0.10916,0.03877,0.00000,0.03877,2.06604,573.66365
2021-01-06,0.14198,0.01867,0.00427,16.00022,209.36872,176.70226,343.30906,24,0.16623,0.10008,0.01839,0.00000,0.01655,2.15596,574.91509
2021-01-07,0.07689,0.07433,0.00601,16.48247,247.69052,180.31494,347.96197,24,0.17343,0.04694,0.05570,0.03758,0.01636,1.82482,692.44454
2021-01-08,0.21105,0.07990,0.00384,16.25356,266.69613,171.60440,349.37601,24,0.20899,0.18932,0.12585,0.05922,0.00910,2.09128,734.12117
2021-01-09,0.14331,0.07268,0.00999,16.25533,283.19252,179.39989,349.01514,24,0.25420,0.10942,0.08084,0.05751,0.01256,2.27982,824.59744
2021-01-10,0.18979,0.13814,0.01503,17.04984,282.71691,170.06538,361.05266,24,0.32956,0.17624,0.08469,0.05025,0.01469,1.89415,784.47479
2021-01-11,0.38750,0.21723,0.02770,17.56636,289.71758,158.91185,360.99064,24,0.36946,0.30291,0.28551,0.20210,0.04908,1.74581,806.35676
2021-01-12,0.26578,0.22222,0.02891,15.86567,336.94324,171.80148,344.54217,24,0.47243,0.33817,0.29697,0.22353,0.09142,1.45412,880.91070
2021-01-13,0.30290,0.28390,0.01265,13.71187,348.91845,167.65871,340.14566,24,0.32806,0.26384,0.34668,0.29687,0.04729,2.06579,855.42765
2021-01-14,0.19771,0.20669,0.01279,13.44724,363.07024,168.44058,335.92846,24,0.34231,0.22175,0.30569,0.19223,0.03407,2.17891,950.23123
2021-01-15,0.14409,0.12590,0.01203,13.02673,388.11657,184.35593,326.93608,24,0.25049,0.12212,0.18395,0.08863,0.05223,2.04844,988.46787
2021-01-16,0.23608,0.17702,0.02366,12.93273,423.18801,170.53528,332.54672,24,0.25189,0.28987,0.22963,0.17652,0.05256,2.09853,1057.18771
2021-01-17,0.14354,0.08991,0.01006,13.49047,400.86886,182.75738,327.56217,24,0.24126,0.23012,0.14649,0.03284,0.04493,2.11494,995.66794
2021-01-18,0.19907,0.17717,0.00830,14.13435,346.37188,187.20187,336.53458,24,0.25093,0.12583,0.09036,0.04977,0.01650,1.92264,861.78097
2021-01-19,0.30557,0.23339,0.02688,14.64857,387.02960,167.45675,347.34484,24,0.38039,0.24306,0.48133,0.20057,0.06607,2.15235,1006.81084
2021-01-20,0.47919,0.40197,0.09335,16.19124,333.12070,139.00986,364.84180,24,0.41436,0.54160,0.17481,0.44126,0.03982,2.31309,748.70412
2021-01-21,0.23399,0.40459,0.12033,15.05701,361.44496,167.78057,338.34618,24,0.63847,0.29269,0.73495,0.60098,0.42181,1.46646,857.47503
2021-01-22,0.09186,0.06383,0.01459,12.96087,419.47247,197.74567,317.57748,24,0.20247,0.07706,0.21763,0.09026,0.08863,2.30824,1099.36967
2021-01-23,0.13519,0.04455,0.00791,13.17032,382.00752,195.70434,322.81422,24,0.17184,0.14771,0.03968,0.00907,0.01618,2.39597,1032.70497
2021-01-24,0.19773,0.11930,0.04136,14.02917,322.25776,192.02897,327.18876,24,0.38932,0.23585,0.20118,0.10725,0.13086,1.94368,867.58195
2021-01-25,0.24380,0.14345,0.04429,14.17202,326.14619,192.94857,330.15514,24,0.30276,0.35487,0.23990,0.11661,0.16258,1.64326,797.87982
2021-01-26,0.12704,0.09434,0.01069,13.40828,391.95750,194.23253,322.82462,24,0.22206,0.14904,0.24237,0.10554,0.05075,1.88706,887.84635
2021-01-27,0.11533,0.04642,0.01140,12.77154,401.38983,207.87340,311.13879,24,0.22095,0.15121,0.08444,0.05939,0.03600,2.06404,849.63133
2021-01-28,0.04468,0.01779,0.00973,12.84398,347.73328,213.49750,308.26430,24,0.22056,0.00787,0.03776,0.00361,0.03417,2.15543,764.34446
2021-01-29,0.13437,0.02144,0.00602,13.45144,330.93162,208.56147,320.60056,24,0.12105,0.08975,0.02343,0.00181,0.02343,2.26206,743.10829
2021-01-30,0.11505,0.07020,0.00745,12.89913,347.89733,194.89605,326.17670,24,0.11801,0.12989,0.02536,0.03422,0.00374,2.28106,743.04174
2021-01-31,0.05410,0.08487,0.01057,11.08678,410.90178,209.59445,307.35791,24,0.08626,0.07197,0.19350,0.04688,0.03780,2.27391,954.84071
2021-02-01,0.04410,0.04722,0.01125,10.73880,434.99738,215.24273,303.86270,24,0.06339,0.04605,0.12906,0.00183,0.03237,2.59770,977.42780
2021-02-02,0.02319,0.01724,0.00733,11.59559,385.85835,218.43833,307.44057,24,0.04347,0.01513,0.07025,0.00546,0.02519,2.54509,889.24858
2021-02-03,0.01947,0.01063,0.00501,12.25421,357.30419,220.40801,311.73416,24,0.06429,0.00685,0.01792,0.00000,0.01435,2.74774,894.40228
2021-02-04,0.01516,0.00623,0.00271,13.08893,319.02766,222.17548,315.37090,24,0.04291,0.00484,0.01079,0.00541,0.00722,2.96857,858.02322
2021-02-05,0.01397,0.00893,0.00255,13.22056,323.21891,222.83590,319.23993,24,0.03448,0.00801,0.00359,0.00000,0.00179,2.62928,914.43121
2021-02-06,0.11476,0.00609,0.00159,13.20719,387.72308,215.05249,327.12660,24,0.04732,0.07143,0.01626,0.00000,0.00906,2.88601,1014.42951
2021-02-07,0.16730,0.00397,0.00105,13.21753,457.09021,201.37539,324.94425,24,0.17288,0.25244,0.00714,0.00000,0.00000,3.29250,1034.99940
2021-02-08,0.00625,0.00322,0.00322,12.82981,394.71476,226.13104,315.44346,24,0.01931,0.00202,0.01076,0.00000,0.01076,3.03873,896.57476
2021-02-09,0.00930,0.00508,0.00426,13.24696,298.27043,229.29222,316.89708,24,0.01602,0.00030,0.01255,0.00000,0.01255,3.03814,775.52633
2021-02-10,0.11353,0.00627,0.00299,13.82054,323.85657,226.71847,324.23500,24,0.12879,0.06930,0.01434,0.00714,0.00719,2.76353,889.90007
2021-02-11,0.11318,0.01374,0.00309,14.56664,375.98391,225.87844,328.19479,24,0.04453,0.04657,0.01792,0.00000,0.00716,2.60957,1104.90731
2021-02-12,0.31410,0.01828,0.00408,15.00467,358.95081,226.29451,329.31920,24,0.46736,0.59411,0.03601,0.00187,0.01076,2.26594,1036.76991
2021-02-13,0.14623,0.02139,0.00395,15.29106,381.49768,225.64346,333.34283,24,0.28058,0.27886,0.03237,0.00000,0.01077,2.14710,1090.70150
2021-02-14,0.08176,0.02669,0.00212,15.85467,396.22484,225.31634,337.97181,24,0.11537,0.07147,0.03979,0.00361,0.00733,2.04030,1085.43211
2021-02-15,0.11343,0.08768,0.02208,15.83144,420.01039,222.84093,339.56336,24,0.13248,0.07227,0.08620,0.05556,0.01470,2.16076,1113.54333
2021-02-16,0.15964,0.07580,0.04983,15.84014,369.99241,227.41959,339.01441,24,0.26638,0.06661,0.22867,0.05210,0.16835,1.98623,1105.18310
2021-02-17,0.30502,0.02166,0.00925,15.97157,337.40070,211.30713,346.51843,24,0.37776,0.38079,0.09548,0.00361,0.06651,2.35111,880.54674
2021-02-18,0.21838,0.00075,0.00016,15.94322,336.12024,232.34481,345.49093,24,0.06207,0.02281,0.00545,0.00000,0.00187,2.65382,953.00596
2021-02-19,0.79835,0.00137,0.00000,16.32539,341.11635,198.83686,362.63979,24,0.61653,0.72440,0.00375,0.00000,0.00000,3.23057,901.52826
2021-02-20,0.63175,0.00225,0.00045,16.25733,295.56312,166.46695,359.60596,24,0.90142,0.82007,0.00181,0.00181,0.00000,3.44268,678.51083
2021-02-21,0.04335,0.00495,0.00254,15.27745,378.00323,235.03154,338.75013,24,0.19480,0.03623,0.01439,0.00000,0.00897,3.03681,1035.80173
2021-02-22,0.01254,0.00900,0.00307,15.23010,379.18454,243.89938,336.09262,24,0.01645,0.01147,0.01438,0.00000,0.00897,3.10859,1052.49703
2021-02-23,0.02359,0.00662,0.00295,15.74328,406.25379,244.70475,339.19231,24,0.02693,0.00856,0.01979,0.00000,0.01438,2.91225,1129.31057
2021-02-24,0.12197,0.04901,0.01456,17.18919,431.91543,234.72488,353.60246,24,0.14636,0.07126,0.00539,0.00000,0.00000,2.85999,1199.50084
2021-02-25,0.15097,0.09497,0.06060,18.27195,412.71801,224.73180,357.84513,24,0.31796,0.17086,0.13463,0.01835,0.08899,2.36915,1096.25110
2021-02-26,0.15944,0.12297,0.07523,18.68783,413.73508,226.73707,362.24151,24,0.18666,0.12288,0.29863,0.02907,0.26988,2.97101,915.50243
2021-02-27,0.19824,0.21735,0.14025,18.89933,461.05429,226.87201,364.20169,24,0.38034,0.17275,0.32218,0.16131,0.27874,2.60605,1170.61379
2021-02-28,0.18634,0.19287,0.11520,19.44018,456.43805,225.87876,367.64748,24,0.35211,0.14453,0.43132,0.10112,0.40269,2.25877,1017.59760
2021-03-01,0.15325,0.16422,0.09599,19.34833,466.19577,230.31588,365.52223,24,0.37319,0.14921,0.43259,0.09062,0.36882,1.98244,1104.27852
2021-03-02,0.20865,0.16138,0.11541,17.28301,473.36134,239.46479,360.79098,24,0.30957,0.11485,0.34974,0.11172,0.32442,2.51494,1209.10650
2021-03-03,0.12524,0.15259,0.08925,17.12248,467.75545,236.67941,356.06782,24,0.31659,0.11683,0.36008,0.18816,0.30641,3.39500,1253.37406
2021-03-04,0.10116,0.11982,0.07137,17.36738,495.60725,247.47759,351.36301,24,0.22956,0.07875,0.32690,0.16561,0.31567,2.59582,1317.82124
2021-03-05,0.14586,0.14743,0.05192,18.71593,560.05523,243.23277,360.49480,24,0.24647,0.09662,0.30064,0.10384,0.20235,2.61228,1207.68027
2021-03-06,0.18938,0.22180,0.06330,18.93904,523.21996,233.54549,363.76313,24,0.34328,0.22466,0.30164,0.18300,0.19920,2.77034,1025.82581
2021-03-07,0.22724,0.32107,0.08796,19.23554,501.76502,231.41492,368.47313,24,0.42345,0.21801,0.65747,0.30702,0.30092,2.32455,1075.77585
2021-03-08,0.20613,0.22514,0.07226,19.86359,437.81090,232.09427,372.52250,24,0.43843,0.19308,0.51435,0.31977,0.31049,2.39460,989.74686
2021-03-09,0.21517,0.23104,0.03959,20.55814,476.08509,237.65782,374.64618,24,0.45068,0.24004,0.43248,0.25900,0.23666,1.96762,1097.32828
2021-03-10,0.32303,0.27862,0.08919,20.72409,426.75452,229.59659,379.10995,24,0.47355,0.40140,0.26507,0.16825,0.03124,2.20871,930.71937
2021-03-11,0.19659,0.26403,0.08168,20.56695,415.66731,236.10194,380.48214,24,0.39269,0.22193,0.70463,0.37794,0.53239,1.82659,1019.44149
2021-03-12,0.12705,0.08922,0.03655,20.55297,423.59313,246.76037,379.88404,24,0.27962,0.12975,0.32493,0.12748,0.23804,2.26143,1140.99257
2021-03-13,0.22183,0.06466,0.00576,19.41142,484.32303,233.94158,379.04577,24,0.08888,0.32338,0.03266,0.07161,0.01102,2.44323,1161.21505
2021-03-14,0.08716,0.06680,0.00234,18.52575,460.99501,252.93402,368.11670,24,0.06102,0.08111,0.12132,0.11145,0.00538,2.31506,1149.73800
2021-03-15,0.10472,0.05164,0.00537,18.55014,512.45141,248.91133,369.08267,24,0.10678,0.21504,0.13761,0.05029,0.04600,2.69037,1312.65427
2021-03-16,0.04200,0.01525,0.00432,18.51472,490.76626,265.68515,359.96270,24,0.05500,0.07529,0.01795,0.00000,0.00000,3.14379,1383.43161
2021-03-17,0.08487,0.01603,0.00746,17.96083,511.45657,270.72880,355.22662,24,0.08229,0.04473,0.06390,0.00000,0.03693,2.96196,1447.35724
2021-03-18,0.55005,0.00511,0.00144,18.05241,494.68701,270.04493,359.68266,24,0.61588,0.43371,0.03636,0.00000,0.02007,3.51529,1375.33216
2021-03-19,0.78461,0.00396,0.00031,18.86284,477.26885,263.17999,367.70827,24,0.70593,0.85978,0.01077,0.00000,0.00179,3.54240,1343.66613
2021-03-20,0.51092,0.00735,0.00308,19.42221,472.11621,256.80606,379.66533,24,0.59135,0.57375,0.01633,0.00000,0.00562,3.45326,1243.32109
2021-03-21,0.42841,0.00221,0.00115,19.54080,538.72389,254.51011,383.03787,24,0.45291,0.48717,0.00559,0.00000,0.00186,3.45289,1508.65062
2021-03-22,0.10795,0.00753,0.00548,19.06304,519.33263,269.62924,375.93883,24,0.34606,0.12052,0.03672,0.00000,0.02943,3.72099,1401.60887
2021-03-23,0.07563,0.00734,0.00615,19.04669,536.35331,272.79724,377.86260,24,0.04278,0.08111,0.00366,0.00000,0.00187,3.93889,1497.26149
2021-03-24,0.09344,0.00835,0.00729,20.11594,552.03944,260.45983,386.89075,24,0.13829,0.07067,0.03908,0.00000,0.03729,3.80612,1448.06466
2021-03-25,0.07148,0.00206,0.00198,17.49622,604.59353,283.43250,363.96010,24,0.01025,0.04921,0.01446,0.00000,0.01268,3.92167,1710.45478
2021-03-26,0.15021,0.00170,0.00053,16.60354,522.78878,287.10161,358.48146,24,0.16519,0.24669,0.00550,0.00000,0.00550,5.13696,1433.92827
2021-03-27,0.22203,0.00293,0.00046,17.33179,524.84922,290.08243,362.43632,24,0.00804,0.07536,0.00900,0.00000,0.00543,5.30728,1465.78585
2021-03-28,0.37855,0.02859,0.00316,18.53947,531.56276,271.46946,375.70441,24,0.54429,0.47134,0.00187,0.01495,0.00187,4.71133,1352.14145
2021-03-29,0.24851,0.23847,0.09793,20.79862,607.25285,270.02002,388.56361,24,0.31471,0.13102,0.22839,0.09514,0.04072,3.64699,1421.66391
2021-03-30,0.40109,0.52821,0.15059,21.85282,598.22310,221.64401,400.53365,24,0.59101,0.36469,0.75128,0.40251,0.37455,2.53335,1004.42662
2021-03-31,0.39779,0.58457,0.21061,22.24683,604.66831,221.18083,403.72304,24,0.62062,0.38079,0.75096,0.38723,0.29736,2.39319,956.05101
2021-10-01,0.38426,0.56270,0.04044,25.39148,377.25841,212.07478,423.25927,24,0.64554,0.41669,0.51564,0.62372,0.18095,1.86078,796.36765
2021-10-02,0.63474,0.76875,0.15982,25.17695,390.45577,186.09807,424.85588,24,0.33881,0.50560,0.73103,0.91495,0.12720,1.93913,755.80708
2021-10-03,0.79788,0.89757,0.22340,24.78999,446.46570,171.82130,427.57632,24,0.71627,0.67567,0.92893,0.99261,0.30929,1.88644,806.06120
2021-10-04,0.71300,0.91147,0.17742,24.95751,402.93567,157.99491,427.08444,24,0.87862,0.79467,0.87530,0.96653,0.42113,1.56905,735.23804
2021-10-05,0.49990,0.74882,0.16063,24.99190,321.52560,165.17143,424.26329,24,0.63435,0.56497,0.93629,0.94528,0.31041,1.56230,672.50141
2021-10-06,0.31299,0.68983,0.05685,25.24711,350.68121,197.77063,422.68736,24,0.46137,0.37520,0.89428,0.93757,0.26199,1.71046,795.87393
2021-10-07,0.28461,0.69959,0.03909,25.44731,361.36446,204.78110,423.79317,24,0.34755,0.31157,0.71909,0.91904,0.08852,1.87537,841.59593
2021-10-08,0.34057,0.70062,0.05016,25.68243,341.81517,199.80187,424.85002,24,0.44349,0.36310,0.76445,0.93339,0.12708,1.90129,895.67385
2021-10-09,0.28665,0.67957,0.06683,25.69055,326.10422,201.29273,425.57283,24,0.38217,0.33375,0.69782,0.92567,0.14307,1.81633,843.33051
2021-10-10,0.23945,0.53280,0.05471,25.54906,343.00136,202.77995,423.64398,24,0.34214,0.24755,0.68103,0.91175,0.14388,1.83954,848.53234
2021-10-11,0.25454,0.31500,0.04073,25.60785,365.83192,220.16844,421.90828,24,0.28762,0.18112,0.43645,0.56580,0.14506,2.02854,872.71794
2021-10-12,0.67411,0.29142,0.08000,25.87551,349.00596,204.76473,426.37437,24,0.53244,0.55457,0.26878,0.35036,0.13265,2.00968,833.71970
2021-10-13,0.71511,0.43675,0.08065,25.89453,305.01569,166.88179,429.39529,24,0.85925,0.74067,0.40066,0.63275,0.17994,2.01159,732.05054
2021-10-14,0.58271,0.39831,0.06705,25.90166,334.42633,196.42096,429.96918,24,0.54715,0.47654,0.50486,0.61222,0.21368,1.88672,827.46902
2021-10-15,0.60075,0.39980,0.09143,25.73662,354.37393,204.05648,431.14186,24,0.48539,0.41170,0.27415,0.44933,0.13298,2.49533,831.50824
2021-10-16,0.76941,0.45309,0.09663,25.21838,410.58196,175.31376,430.41936,24,0.83362,0.54045,0.53468,0.71491,0.22923,1.96783,916.32775
2021-10-17,0.87123,0.51412,0.18822,24.81950,519.57380,132.87423,431.41729,24,0.86609,0.79197,0.36310,0.59136,0.17868,1.94646,891.65283
2021-10-18,0.94403,0.74898,0.30597,24.57979,566.18077,87.91436,431.80686,24,0.96273,0.84231,0.61613,0.82535,0.27220,1.80022,849.19136
2021-10-19,0.97912,0.85970,0.37766,24.50876,448.90428,72.36680,431.39075,24,0.98816,0.95855,0.79655,0.95286,0.43675,1.30284,688.63683
2021-10-20,0.91545,0.94088,0.39434,24.50538,345.53344,83.56242,429.62019,24,0.97862,0.91849,0.90823,0.99464,0.34608,1.29434,551.96141
2021-10-21,0.48811,0.58740,0.24658,23.49222,412.00886,164.23916,404.75787,24,0.78706,0.56010,0.80917,0.86372,0.55779,1.10289,797.27731
2021-10-22,0.30036,0.25563,0.03688,22.27137,382.37354,186.52612,389.75231,24,0.48314,0.41550,0.48319,0.52787,0.16939,2.16179,996.01888
2021-10-23,0.26338,0.11403,0.03058,22.03191,353.43483,199.24399,386.31430,24,0.46069,0.25342,0.19740,0.10117,0.09457,2.53658,913.60025
2021-10-24,0.23181,0.14538,0.03696,22.13274,355.41706,203.75766,387.84354,24,0.36532,0.25887,0.27413,0.22321,0.14790,2.29011,938.48148
2021-10-25,0.30374,0.27719,0.03632,22.46880,348.84855,191.37708,395.88686,24,0.34471,0.27042,0.33382,0.43517,0.17860,2.18394,920.64913
2021-10-26,0.39148,0.40219,0.05785,22.85304,331.98417,166.21392,401.81233,24,0.47382,0.34630,0.46154,0.51802,0.11381,1.96626,835.93591
2021-10-27,0.54174,0.38053,0.09355,22.87059,298.95619,148.50309,404.61090,24,0.50773,0.54689,0.32046,0.56550,0.09815,1.71458,715.05643
2021-10-28,0.53954,0.27557,0.04460,22.86828,299.70605,144.75768,401.08471,24,0.62669,0.66319,0.34410,0.34741,0.09275,1.78592,688.16804
2021-10-29,0.10859,0.16274,0.02847,22.47352,341.51891,198.64129,392.10418,24,0.28302,0.08020,0.29265,0.23158,0.09984,1.86221,803.68989
2021-10-30,0.22900,0.11198,0.02908,21.52625,335.55970,208.22372,384.12382,24,0.18181,0.24748,0.25174,0.09959,0.10143,2.57260,742.45869
2021-10-31,0.17211,0.12678,0.03292,20.27448,347.03251,197.47774,376.35351,24,0.26040,0.22674,0.17533,0.19619,0.08300,3.09212,794.69902
2021-11-01,0.09018,0.06624,0.02253,19.52809,404.49079,203.50007,366.90783,24,0.25103,0.10963,0.16869,0.09896,0.12717,2.86781,1023.62648
2021-11-02,0.39734,0.05216,0.01578,19.60061,400.85897,204.79774,369.21352,24,0.23475,0.31433,0.09305,0.01624,0.06603,2.84504,1011.10082
2021-11-03,0.35837,0.05555,0.01160,19.52518,406.29004,187.70163,371.94983,24,0.66178,0.31784,0.09209,0.03273,0.03983,3.00342,964.25717
2021-11-04,0.38696,0.08108,0.01613,18.97283,437.53940,190.72888,365.46155,24,0.45315,0.48768,0.08648,0.06736,0.04130,2.93990,1050.23889
2021-11-05,0.28686,0.11306,0.02665,18.64554,462.16428,207.07568,354.97531,24,0.26254,0.26205,0.16126,0.11658,0.07429,2.58853,1049.66066
2021-11-06,0.22294,0.09042,0.02872,18.09444,466.47155,204.51909,350.82906,24,0.39134,0.36407,0.19007,0.09003,0.08997,3.30160,1110.16790
2021-11-07,0.16467,0.03947,0.02851,18.26476,426.64487,207.47789,349.72445,24,0.22169,0.13192,0.12857,0.04205,0.11045,2.85733,1050.36412
2021-11-08,0.04604,0.03564,0.01760,18.66759,352.45967,207.57280,355.44005,24,0.10662,0.06479,0.15598,0.01091,0.13405,2.95039,917.62124
2021-11-09,0.02968,0.03848,0.01098,19.22507,311.71317,204.36479,362.48152,24,0.07399,0.01770,0.06449,0.00558,0.04423,2.74516,879.40117
2021-11-10,0.17996,0.06810,0.00922,19.62903,317.11526,199.64591,369.20306,24,0.15349,0.29772,0.13039,0.00182,0.05159,2.74264,897.35022
2021-11-11,0.48279,0.08501,0.00623,20.00123,318.81066,193.52256,375.73652,24,0.29729,0.41181,0.18979,0.04459,0.02960,2.64525,904.12920
2021-11-12,0.70414,0.03943,0.00429,20.15934,312.18972,174.18451,386.61309,24,0.78313,0.63150,0.07746,0.04030,0.03145,2.40452,837.39890
2021-11-13,0.68143,0.07531,0.02028,19.51629,291.76858,115.64894,393.30164,24,0.68150,0.70346,0.04393,0.07563,0.01623,2.86046,611.36515
2021-11-14,0.60895,0.15077,0.02163,19.67204,282.52762,129.16132,391.33861,24,0.73678,0.66476,0.19029,0.16590,0.04533,2.27835,616.50487
2021-11-15,0.52409,0.27722,0.05535,19.84639,297.40726,131.35403,390.51307,24,0.59726,0.52761,0.21498,0.24015,0.05284,1.96985,675.17535
2021-11-16,0.20206,0.21494,0.04537,19.43905,364.25191,163.88953,374.39910,24,0.54317,0.29358,0.44579,0.27316,0.11371,1.89178,882.61601
2021-11-17,0.09229,0.05442,0.02752,18.51158,340.81093,194.50903,352.86133,24,0.15352,0.06229,0.18897,0.04566,0.12473,2.25786,850.31861
2021-11-18,0.19003,0.02130,0.01344,18.13261,295.06415,195.62895,349.95631,24,0.12124,0.23800,0.10115,0.01825,0.10115,2.48341,771.61743
2021-11-19,0.09324,0.03173,0.00420,18.15199,300.06806,192.95589,355.12701,24,0.19204,0.04558,0.03430,0.04572,0.01808,2.45854,826.73016
2021-11-20,0.12488,0.05837,0.00376,18.61485,313.97193,180.29561,369.29831,24,0.14406,0.12207,0.07098,0.02716,0.01998,2.67733,879.83322
2021-11-21,0.20218,0.10535,0.00458,19.12440,323.30680,171.21967,374.37871,24,0.24670,0.21918,0.11444,0.04132,0.01079,2.55109,866.70756
2021-11-22,0.18623,0.10303,0.00908,19.32336,326.02658,176.76945,367.56115,24,0.22246,0.23798,0.17238,0.10175,0.02725,2.06817,872.21967
2021-11-23,0.14600,0.09087,0.00968,19.21877,307.16852,175.65571,364.21757,24,0.39548,0.12416,0.09700,0.06672,0.02697,2.42684,813.41241
2021-11-24,0.08612,0.02273,0.00239,18.16355,323.76240,179.19471,354.25422,24,0.25797,0.11047,0.04709,0.02735,0.01800,2.42589,801.70239
2021-11-25,0.07331,0.02191,0.00243,17.43437,329.50630,186.56339,348.73173,24,0.14503,0.04403,0.04055,0.02016,0.01265,2.48998,927.25708
2021-11-26,0.07472,0.01784,0.00375,16.86681,396.87661,179.20889,346.38732,24,0.21652,0.11612,0.02177,0.00363,0.00550,2.56270,1057.06023
2021-11-27,0.09374,0.02010,0.01077,16.21812,406.56357,187.03796,337.77031,24,0.10839,0.05180,0.04640,0.00181,0.01834,2.77670,989.28631
2021-11-28,0.26419,0.02700,0.01057,16.26113,354.05909,188.07599,337.49039,24,0.25863,0.16736,0.07729,0.00180,0.06066,2.67505,881.66521
2021-11-29,0.45505,0.01695,0.00812,16.16307,382.87596,183.14731,338.30503,24,0.52584,0.28955,0.04970,0.00734,0.02762,2.79900,932.86135
2021-11-30,0.25739,0.02163,0.01399,16.49794,349.85101,185.91887,341.75836,24,0.32380,0.25177,0.05330,0.00000,0.04411,2.92748,897.11515
2021-12-01,0.06533,0.02525,0.02426,16.96032,299.39525,185.69279,345.87204,24,0.17715,0.00879,0.09723,0.00000,0.09723,2.72208,845.60037
2021-12-02,0.38915,0.02119,0.01736,17.18888,292.22415,184.59686,348.04872,24,0.27061,0.39857,0.09354,0.00000,0.09354,2.51544,900.70205
2021-12-03,0.85832,0.01991,0.00414,17.87452,307.16109,172.68374,364.10112,24,0.59105,0.87720,0.04761,0.00749,0.04225,2.31550,895.76315
2021-12-04,0.94488,0.13513,0.01003,19.08440,277.98829,81.56759,393.76733,24,0.80803,0.91806,0.02605,0.07482,0.00184,2.30477,568.74852
2021-12-05,0.92432,0.28143,0.06853,19.72528,284.28290,80.42104,396.32920,24,0.92367,0.96921,0.20426,0.25610,0.03920,1.85081,542.12990
2021-12-06,0.80526,0.58633,0.17730,20.14391,361.75485,65.79183,404.05213,24,0.89022,0.79474,0.40602,0.51270,0.07979,1.55700,553.53773
2021-12-07,0.62846,0.67408,0.12488,20.03992,325.11759,94.30821,396.17456,24,0.77910,0.76174,0.68944,0.73909,0.28167,1.48952,641.94356
2021-12-08,0.42316,0.53867,0.11354,19.71112,303.81927,135.77169,380.40639,24,0.71464,0.53403,0.66857,0.68214,0.21699,1.60163,740.87787
2021-12-09,0.50353,0.23271,0.04898,19.11524,314.16418,141.69894,376.90271,24,0.46924,0.49677,0.47536,0.22034,0.20981,1.51890,756.68237
2021-12-10,0.20598,0.11186,0.04512,17.42504,307.23148,147.12984,361.00753,24,0.46674,0.24960,0.19050,0.14793,0.10727,2.38018,698.71640
2021-12-11,0.11605,0.05151,0.02403,16.12815,361.26282,170.96345,342.55327,24,0.25911,0.10752,0.16736,0.04176,0.12393,2.51967,842.55569
2021-12-12,0.04967,0.01035,0.00639,14.94587,374.24513,179.49402,326.15847,24,0.11490,0.03241,0.03616,0.00000,0.02362,2.59626,827.76820
2021-12-13,0.17862,0.01364,0.00850,14.33997,356.69912,183.59457,319.73589,24,0.15279,0.11213,0.04192,0.00550,0.03281,2.68969,796.52814
2021-12-14,0.40671,0.03317,0.01582,14.61577,360.77351,182.03446,323.84641,24,0.26558,0.36227,0.05108,0.02946,0.04393,2.60247,871.60045
2021-12-15,0.66501,0.04355,0.01196,14.70076,357.49546,176.52959,326.50148,24,0.64370,0.60551,0.05406,0.03464,0.03428,2.44513,861.32231
2021-12-16,0.36971,0.04655,0.01392,14.71358,352.62267,178.63989,321.62841,24,0.81153,0.56854,0.10264,0.04040,0.04374,2.29449,813.14192
2021-12-17,0.14085,0.02245,0.01285,14.21805,323.64547,184.50893,317.41074,24,0.27050,0.04130,0.11824,0.00000,0.05486,2.30440,723.74828
2021-12-18,0.09170,0.02020,0.01578,14.26953,346.24710,182.83278,320.55255,24,0.44092,0.11946,0.05664,0.00000,0.05128,2.42813,765.89532
2021-12-19,0.03340,0.04373,0.00880,13.01453,390.07032,182.83733,315.25119,24,0.09776,0.00526,0.05091,0.00919,0.04361,2.80351,774.59952
2021-12-20,0.04982,0.06103,0.00818,12.27879,382.21856,181.17496,313.34683,24,0.08283,0.02867,0.15024,0.01836,0.02914,4.08842,774.52780
2021-12-21,0.22126,0.15587,0.02466,13.19659,412.84042,172.47953,328.20872,24,0.13356,0.09416,0.19200,0.05360,0.03460,2.81814,847.63569
2021-12-22,0.24010,0.18887,0.02572,13.37678,414.32403,151.69411,334.06857,24,0.37053,0.32120,0.28010,0.21184,0.08121,2.83522,898.35360
2021-12-23,0.16761,0.14000,0.03858,13.61907,377.95469,168.19340,327.36757,24,0.33927,0.18254,0.28324,0.19712,0.12910,2.53040,899.68209
2021-12-24,0.10692,0.08483,0.04179,13.88581,353.99430,174.21407,325.55315,24,0.29227,0.06031,0.22174,0.17809,0.16844,2.19951,960.30971
2021-12-25,0.12379,0.04503,0.01594,14.26725,338.19269,172.87272,329.47081,24,0.22832,0.08993,0.11230,0.10716,0.06985,1.96469,967.00100
2021-12-26,0.12215,0.04882,0.01768,14.48921,308.32501,170.46269,332.55131,24,0.20064,0.08748,0.08433,0.04725,0.04217,1.93928,877.22416
2021-12-27,0.30605,0.04158,0.01035,14.47023,284.82817,169.34354,333.21112,24,0.34751,0.22846,0.08435,0.01265,0.04413,1.89639,807.27540
2021-12-28,0.35495,0.02111,0.00817,14.34637,303.29333,175.49578,330.82365,24,0.32255,0.28359,0.01443,0.02000,0.00542,2.20717,815.44162
2021-12-29,0.55625,0.01303,0.00852,14.78487,258.75131,137.98669,344.56139,24,0.70218,0.51215,0.06087,0.00357,0.05901,2.50159,602.73431
2021-12-30,0.21564,0.01747,0.00719,14.98577,282.61022,156.79809,335.65142,24,0.43430,0.30853,0.01655,0.00538,0.01655,2.19231,595.25252
2021-12-31,0.08799,0.02688,0.00553,14.56396,344.76071,178.88391,328.07452,24,0.07331,0.02458,0.02153,0.01624,0.01795,2.42365,746.03197
2022-01-01,0.18271,0.03235,0.00781,13.96289,364.34146,174.51233,321.80316,24,0.33350,0.29992,0.02522,0.02552,0.00360,2.06626,755.81143
2022-01-02,0.34776,0.05558,0.00548,14.05484,364.81611,180.77810,321.86779,24,0.25591,0.20343,0.05527,0.02783,0.01981,1.88452,759.35975
2022-01-03,0.14225,0.04748,0.00277,13.92054,322.89850,180.78441,320.80502,24,0.52409,0.15685,0.05921,0.03141,0.00539,1.65769,719.47548
2022-01-04,0.07261,0.03683,0.00585,13.76665,299.13560,185.54447,317.61713,24,0.21788,0.05669,0.05692,0.01264,0.01616,1.85963,707.57306
2022-01-05,0.13200,0.03228,0.00613,13.85032,279.41316,184.84637,318.02821,24,0.17404,0.30463,0.03244,0.00000,0.02346,1.74603,669.08324
2022-01-06,0.05566,0.02607,0.00448,14.03439,281.71343,184.45114,325.37428,24,0.16012,0.02973,0.02174,0.00181,0.01091,2.26759,697.09151
2022-01-07,0.02216,0.00737,0.00136,14.56304,270.48791,184.94876,330.39223,24,0.08217,0.01073,0.00540,0.00000,0.00182,2.18460,675.63745
2022-01-08,0.01681,0.01183,0.00472,15.01206,249.46842,187.83016,331.15431,24,0.03853,0.00487,0.01256,0.00361,0.01078,2.04882,640.62518
2022-01-09,0.17172,0.02904,0.00344,15.59333,262.92293,184.71168,336.61525,24,0.07409,0.10225,0.03232,0.02526,0.01793,1.94754,684.34552
2022-01-10,0.24553,0.04835,0.00376,15.98684,280.12057,178.07146,344.62198,24,0.28004,0.09815,0.06462,0.01980,0.00898,1.82927,753.68214
2022-01-11,0.57656,0.07071,0.00440,16.64751,302.38919,166.55441,355.76480,24,0.54333,0.47274,0.05550,0.06886,0.01792,1.91628,738.85019
2022-01-12,0.62948,0.29013,0.04636,16.61279,289.68192,134.82662,358.22819,24,0.72324,0.71953,0.09812,0.22522,0.02043,1.79474,642.69086
2022-01-13,0.51841,0.35423,0.07797,16.01154,318.27715,145.77877,353.90028,24,0.55329,0.66776,0.52160,0.65474,0.26446,1.70252,761.27305
2022-01-14,0.86168,0.14256,0.02915,15.43286,317.24362,109.84217,358.80916,24,0.92376,0.95886,0.24899,0.25025,0.13298,1.80264,693.58171
2022-01-15,0.38903,0.09525,0.03699,14.72639,324.96151,142.20551,344.50962,24,0.96188,0.59535,0.07024,0.06909,0.02704,1.87204,676.65223
2022-01-16,0.06652,0.06368,0.03245,13.34229,412.07747,190.93578,317.98781,24,0.24893,0.05850,0.26023,0.03285,0.16873,2.12696,858.23740
2022-01-17,0.18181,0.01737,0.00924,13.42634,359.48703,199.21226,313.76718,24,0.15040,0.12515,0.03972,0.00183,0.03972,2.49323,759.48697
2022-01-18,0.26993,0.10322,0.00533,13.72008,354.11770,188.57500,324.12528,24,0.42469,0.30628,0.05946,0.03368,0.02204,2.06355,737.41844
2022-01-19,0.17635,0.14699,0.00826,13.39199,398.16859,181.09148,327.20009,24,0.30109,0.25891,0.33248,0.25854,0.01815,2.12300,936.87161
2022-01-20,0.29141,0.19681,0.00703,13.39573,365.34659,175.25102,329.82247,24,0.46847,0.40138,0.24493,0.20891,0.01800,2.21560,885.53549
2022-01-21,0.25603,0.23675,0.02207,13.81309,352.12331,181.30259,333.64734,24,0.37193,0.23993,0.21552,0.26114,0.03848,2.09702,914.29707
2022-01-22,0.35213,0.28855,0.00878,14.58585,300.89940,151.09136,346.47800,24,0.36523,0.39242,0.35807,0.38154,0.03772,1.98655,781.64391
2022-01-23,0.67664,0.25047,0.01507,15.07462,274.71363,127.25023,363.31776,24,0.40957,0.65086,0.34931,0.22513,0.00364,2.20785,671.02971
2022-01-24,0.57149,0.35280,0.03964,15.59058,286.54914,95.38517,366.77542,24,0.71737,0.63489,0.26719,0.31213,0.02717,1.84195,642.69912
2022-01-25,0.48137,0.38127,0.05922,15.92742,309.18740,155.31000,359.64082,24,0.50467,0.38266,0.62477,0.53729,0.20379,1.57217,764.29794
2022-01-26,0.46621,0.42093,0.02767,15.68356,316.92826,122.81611,359.15160,24,0.57649,0.58482,0.27925,0.43136,0.04880,2.01505,699.11589
2022-01-27,0.22497,0.33444,0.06722,13.15571,464.49116,170.45046,327.85876,24,0.46187,0.29541,0.55355,0.48990,0.14949,1.96076,831.45212
2022-01-28,0.19387,0.09160,0.02877,10.23695,595.47169,189.60711,309.72840,24,0.24996,0.31312,0.23851,0.09193,0.13481,3.11382,1275.81840
2022-01-29,0.05030,0.02515,0.00472,10.06989,538.26426,211.92659,299.72950,24,0.08477,0.07215,0.05412,0.01622,0.02523,3.00919,1145.95549
2022-01-30,0.19870,0.05950,0.00563,10.86161,450.45731,189.86107,315.98776,24,0.12826,0.31036,0.06124,0.03412,0.00719,2.83410,1148.88020
2022-01-31,0.23476,0.08114,0.01736,11.91427,439.84112,192.38773,324.01056,24,0.31600,0.19090,0.09458,0.01624,0.00542,2.70489,1102.16626
2022-02-01,0.25008,0.30256,0.06537,13.97619,452.78953,182.11692,337.01007,24,0.16518,0.22936,0.14827,0.24896,0.05287,2.71238,998.22970
2022-02-02,0.24503,0.31409,0.09665,14.98727,370.59283,183.72370,341.28055,24,0.39996,0.21900,0.57156,0.50348,0.33066,1.63133,909.75601
2022-02-03,0.30657,0.30225,0.04979,15.34677,385.43433,177.52753,346.17186,24,0.35698,0.33339,0.39386,0.30930,0.18770,2.05576,883.45181
2022-02-04,0.66018,0.40840,0.15291,14.78835,479.91158,132.16694,359.04763,24,0.53824,0.58835,0.45026,0.32724,0.15990,2.50776,774.27905
2022-02-05,0.34778,0.51790,0.18790,13.47709,433.96466,159.72016,335.05069,24,0.78833,0.44878,0.79011,0.75197,0.42974,1.65027,843.47400
2022-02-06,0.26534,0.23435,0.07987,11.36777,484.82728,195.62102,314.89481,24,0.36185,0.39318,0.36638,0.30519,0.34281,3.02054,1049.36020
2022-02-07,0.20164,0.13213,0.02269,12.32019,421.25475,202.15338,319.31609,24,0.15646,0.24334,0.22480,0.07345,0.06816,2.30493,1037.07704
2022-02-08,0.16109,0.12039,0.01856,12.56400,399.90046,199.89262,322.49831,24,0.18734,0.21340,0.20637,0.11704,0.05284,2.40505,1012.41660
2022-02-09,0.19764,0.07799,0.00907,13.52451,360.83635,208.25136,328.41523,24,0.18198,0.12749,0.08626,0.16215,0.02161,2.55644,963.73597
2022-02-10,0.42901,0.31686,0.04424,14.81945,252.76433,148.04948,351.32101,24,0.52945,0.51083,0.12263,0.20942,0.00180,2.81521,542.52176
2022-02-11,0.21276,0.24554,0.06084,14.51820,409.00519,196.66672,337.04130,24,0.40589,0.23188,0.52264,0.39608,0.27637,1.99749,946.45921
2022-02-12,0.07121,0.09062,0.01636,11.51114,585.99418,221.63775,311.16162,24,0.20684,0.11817,0.22378,0.11001,0.02524,2.78501,1300.92713
2022-02-13,0.00782,0.01524,0.00703,12.22747,398.21256,236.08267,305.93376,24,0.03394,0.00478,0.05743,0.00898,0.02695,3.10631,856.99382
2022-02-14,0.00658,0.00589,0.00232,12.18873,386.98441,238.36111,307.20483,24,0.01887,0.00532,0.02507,0.00179,0.01076,2.91582,914.66599
2022-02-15,0.00639,0.00300,0.00262,12.17736,366.06433,240.64715,308.46533,24,0.01563,0.00158,0.01261,0.00000,0.01261,3.29061,982.93507
2022-02-16,0.02889,0.01396,0.00194,12.34253,408.71190,238.54386,314.62580,24,0.00934,0.01295,0.00898,0.00180,0.00718,3.28446,1089.44305
2022-02-17,0.05904,0.01715,0.00142,13.19970,395.68605,231.39406,323.03821,24,0.07938,0.05124,0.02156,0.00000,0.00898,3.07558,1063.60617
2022-02-18,0.07451,0.02998,0.00023,12.72571,437.91519,232.53831,320.67670,24,0.07891,0.09040,0.03785,0.01256,0.00000,3.14693,1211.24888
2022-02-19,0.09276,0.01825,0.00090,12.25229,482.10417,238.41441,318.45533,24,0.07783,0.04876,0.04853,0.00000,0.00724,3.38312,1310.47828
2022-02-20,0.44445,0.18846,0.04456,14.19634,486.18612,197.46746,349.80205,24,0.16851,0.31416,0.02352,0.13310,0.00000,3.24615,1211.19980
2022-02-21,0.18945,0.19398,0.07326,14.45331,409.51846,217.42345,332.37880,24,0.37616,0.21836,0.42834,0.28990,0.22518,1.94636,980.08649
2022-02-22,0.15796,0.06388,0.01729,14.89800,425.60683,221.99649,337.25459,24,0.16054,0.16653,0.14489,0.06849,0.10354,2.71406,1166.14278
2022-02-23,0.18918,0.09755,0.03228,15.67748,386.87045,221.61680,344.16709,24,0.25659,0.17621,0.09218,0.15723,0.04969,2.52552,1004.30319
2022-02-24,0.32439,0.11976,0.04448,16.89001,387.17553,224.31845,355.65172,24,0.30760,0.20155,0.20113,0.06094,0.17377,2.09001,980.34839
2022-02-25,0.25862,0.16453,0.02475,16.88948,334.96432,199.64451,356.04614,24,0.48560,0.44403,0.20822,0.32153,0.06352,2.94942,858.28039
2022-02-26,0.06563,0.05680,0.00795,16.88372,367.87878,233.91909,347.38224,24,0.11461,0.10601,0.09437,0.15793,0.02756,2.58508,1016.26306
2022-02-27,0.15591,0.05303,0.00711,16.55253,396.89430,238.99665,350.25390,24,0.19578,0.12758,0.04934,0.00000,0.03324,2.40775,1074.35569
2022-02-28,0.11192,0.11013,0.00723,17.30697,393.30687,224.39940,357.35466,24,0.18319,0.12855,0.19686,0.30780,0.00901,2.62773,1066.46387
2022-03-01,0.07427,0.03776,0.00991,15.90288,449.74292,244.22848,346.89312,24,0.13941,0.07207,0.12823,0.00901,0.05261,2.52322,1225.33063
2022-03-02,0.04002,0.01884,0.00098,15.44595,464.63508,251.12099,340.87447,24,0.09798,0.04107,0.04684,0.00540,0.00720,3.65427,1280.65285
2022-03-03,0.07998,0.00974,0.00135,15.66707,413.99859,252.55194,337.77239,24,0.05610,0.10377,0.04143,0.00000,0.00718,3.30179,1094.98324
2022-03-04,0.33349,0.01075,0.00336,15.25399,465.12579,254.11018,343.92243,24,0.39301,0.23882,0.02864,0.00000,0.01434,4.81069,1237.76546
2022-03-05,0.41052,0.01291,0.00534,15.91103,477.00759,229.71070,352.47439,24,0.77591,0.63438,0.03845,0.00000,0.02407,4.15915,1371.88071
2022-03-06,0.14210,0.00315,0.00135,15.59912,460.18430,263.15435,339.94975,24,0.29018,0.23847,0.02519,0.00000,0.01254,3.69441,1219.26243
2022-03-07,0.02881,0.00000,0.00000,16.50770,402.67914,264.65066,345.82890,24,0.05642,0.06638,0.00000,0.00000,0.00000,5.47443,1029.84829
2022-03-08,0.01896,0.00082,0.00082,17.47770,407.25868,265.33105,351.50094,24,0.02515,0.00395,0.00359,0.00000,0.00359,3.72968,1080.81554
2022-03-09,0.01205,0.00046,0.00031,17.72722,418.84715,266.08644,351.56746,24,0.05215,0.01683,0.00000,0.00000,0.00000,3.25161,1166.15451
2022-03-10,0.11075,0.00150,0.00030,17.42990,427.83988,268.75204,352.11435,24,0.00920,0.06642,0.00360,0.00000,0.00179,3.33964,1148.24973
2022-03-11,0.39147,0.00083,0.00007,17.31574,465.69180,267.10838,352.83294,24,0.36527,0.54453,0.00542,0.00000,0.00000,3.23456,1234.78518
2022-03-12,0.27299,0.00157,0.00022,17.38569,467.97912,265.73207,354.03455,24,0.34135,0.45787,0.00360,0.00180,0.00179,3.72541,1263.85990
2022-03-13,0.31260,0.00037,0.00030,17.59895,452.31235,272.44083,354.42083,24,0.05217,0.36192,0.00358,0.00000,0.00179,3.85808,1222.39204
2022-03-14,0.14222,0.00097,0.00097,18.35418,432.59336,273.49680,359.81479,24,0.24693,0.28593,0.00718,0.00000,0.00718,3.93746,1157.87789
2022-03-15,0.03067,0.00082,0.00082,19.07031,443.34798,273.43986,363.49581,24,0.05205,0.04624,0.00538,0.00000,0.00538,3.20922,1189.80452
2022-03-16,0.04143,0.00551,0.00226,19.46717,497.74678,271.15209,369.89761,24,0.01687,0.02332,0.00000,0.00000,0.00000,2.94714,1297.09479
2022-03-17,0.04256,0.00922,0.00277,19.70221,488.42634,270.22590,370.21601,24,0.08925,0.03990,0.05895,0.00000,0.02228,2.91852,1212.35083
2022-03-18,0.09612,0.00176,0.00054,19.87874,464.65022,275.80995,371.17760,24,0.08827,0.08063,0.00364,0.00000,0.00364,3.00372,1195.75827
2022-03-19,0.07768,0.00691,0.00154,19.76727,496.36102,270.10587,373.68398,24,0.12811,0.06129,0.00179,0.00000,0.00000,3.37838,1235.70080
2022-03-20,0.09851,0.04481,0.01044,19.25031,530.69155,271.78785,371.18277,24,0.17951,0.04452,0.01250,0.00000,0.00000,4.06770,1204.87875
2022-03-21,0.16908,0.13201,0.03636,20.44041,499.91689,266.99072,380.40278,24,0.35339,0.10788,0.31494,0.08585,0.12361,3.56712,1106.13677
2022-03-22,0.24867,0.13063,0.04052,21.36796,488.52308,256.68382,392.98012,24,0.36192,0.16432,0.41401,0.08012,0.20648,2.94277,1116.64758
2022-03-23,0.22048,0.19973,0.06466,21.87233,532.72092,254.20446,398.58706,24,0.31450,0.19215,0.29885,0.03171,0.14982,2.72896,1154.84694
2022-03-24,0.26692,0.46375,0.09456,21.61560,779.46760,248.14187,393.86504,24,0.39919,0.20934,0.58767,0.28267,0.24008,2.58486,1465.71776
2022-03-25,0.42444,0.51204,0.10700,22.51377,737.81073,227.48373,404.67408,24,0.60290,0.39060,0.82870,0.36055,0.38726,2.68238,1188.94328
2022-03-26,0.53498,0.56688,0.18759,22.40046,652.04819,201.99010,408.16854,24,0.81677,0.55639,0.79055,0.40772,0.20498,2.38261,1165.54585
2022-03-27,0.37736,0.50467,0.17026,22.61079,509.03269,221.22760,405.61627,24,0.76141,0.31703,0.84875,0.57078,0.61786,2.22472,1011.24165
2022-03-28,0.45756,0.56655,0.22255,22.57615,527.91741,210.82069,403.97169,24,0.68618,0.44377,0.73711,0.51312,0.49820,1.99452,1003.61537
2022-03-29,0.47234,0.67117,0.13622,22.60507,532.48779,195.32483,408.02115,24,0.67590,0.53345,0.90114,0.62306,0.47655,2.01167,914.63993
2022-03-30,0.51037,0.66068,0.12783,22.67274,515.53872,188.17332,410.83394,24,0.61786,0.54163,0.86616,0.61483,0.37141,2.48418,914.19577
2022-03-31,0.47001,0.67681,0.19442,23.14250,554.23352,195.27803,411.44436,24,0.74816,0.52042,0.94181,0.60322,0.35766,1.94647,944.56347
2022-10-01,0.83277,0.59064,0.11232,25.58151,321.10909,189.78977,431.35571,24,0.75650,0.75335,0.43333,0.73447,0.20476,1.77161,788.38519
2022-10-02,0.98230,0.69878,0.18798,25.13573,304.67619,141.84740,432.63452,24,0.98363,0.99374,0.61575,0.82571,0.32917,1.56375,579.26101
2022-10-03,0.96759,0.74436,0.24699,24.97688,412.92253,98.61144,430.44076,24,0.97603,0.94807,0.68671,0.91558,0.28600,1.31248,646.77052
2022-10-04,0.83632,0.61177,0.09335,25.04066,411.78737,159.45059,428.68529,24,0.93982,0.70446,0.58840,0.66947,0.26724,1.51448,809.47997
2022-10-05,0.64783,0.73360,0.14620,24.88584,367.01645,158.16573,423.49083,24,0.89555,0.75613,0.65014,0.78925,0.17365,1.50473,684.78649
2022-10-06,0.54384,0.66107,0.09652,24.65620,358.81861,194.62260,419.63930,24,0.59524,0.50362,0.79251,0.90035,0.30569,1.51646,819.68556
2022-10-07,0.33696,0.46146,0.07003,24.81431,343.55153,215.23121,418.39179,24,0.39147,0.20059,0.57801,0.65171,0.29479,1.80164,825.52324
2022-10-08,0.54927,0.65999,0.10199,24.89651,389.76222,205.33234,422.53902,24,0.48029,0.28377,0.44006,0.73791,0.15352,1.95212,881.48491
2022-10-09,0.77110,0.73330,0.16093,24.80621,368.05277,183.32432,423.38448,24,0.85460,0.58041,0.84058,0.85651,0.31919,1.83592,803.49225
2022-10-10,0.73696,0.77223,0.18697,24.64818,396.57705,181.48147,422.54553,24,0.76404,0.69072,0.78127,0.87657,0.35838,1.68335,786.92813
2022-10-11,0.62011,0.85330,0.20406,24.34700,411.57825,178.76692,422.21805,24,0.74760,0.52234,0.92107,0.95363,0.45032,1.76203,845.05115
2022-10-12,0.63359,0.91560,0.20343,24.16883,358.21507,158.24844,421.61851,24,0.70451,0.58052,0.95569,0.99440,0.44246,1.48747,763.81222
2022-10-13,0.48470,0.79644,0.18132,24.26575,329.49626,172.27139,418.85498,24,0.54404,0.42167,0.95584,0.94427,0.43653,1.65013,784.87674
2022-10-14,0.27068,0.64561,0.11236,24.38993,352.03612,191.63801,413.72141,24,0.55580,0.39892,0.90626,0.91879,0.45745,2.15200,824.40857
2022-10-15,0.17447,0.33433,0.07547,23.69701,425.90440,217.13023,403.89998,24,0.30764,0.17855,0.62689,0.53034,0.25125,1.84420,923.14813
2022-10-16,0.26992,0.18657,0.05154,23.43776,373.45179,218.89270,399.15154,24,0.28469,0.24919,0.29445,0.22047,0.19881,2.45352,798.08515
2022-10-17,0.23967,0.40257,0.08904,23.39977,343.27858,202.28895,402.13624,24,0.36301,0.20333,0.27581,0.46773,0.10695,3.52462,786.13541
2022-10-18,0.24402,0.43454,0.08355,23.15167,367.23411,198.58227,403.28989,24,0.30958,0.26600,0.59981,0.57795,0.22339,2.03970,877.78002
2022-10-19,0.23522,0.35151,0.05999,22.95275,361.91798,198.65317,400.47037,24,0.28296,0.27620,0.47894,0.58835,0.14648,2.34311,852.18640
2022-10-20,0.13586,0.13984,0.03955,22.52886,403.58703,211.51389,392.52515,24,0.31857,0.08424,0.38077,0.22764,0.16017,2.49417,898.30001
2022-10-21,0.05339,0.06275,0.03242,22.35410,368.89881,225.72907,385.80992,24,0.13006,0.01501,0.21851,0.04476,0.12918,2.37446,813.35007
2022-10-22,0.41391,0.03855,0.01328,22.78532,309.77660,222.59037,394.09018,24,0.14331,0.03161,0.16433,0.00375,0.13265,2.65300,702.79871
2022-10-23,0.95511,0.14440,0.01921,23.31026,361.30508,106.40628,418.00739,24,0.88637,0.92326,0.05597,0.08513,0.00186,2.56234,579.27393
2022-10-24,0.98319,0.47004,0.18341,21.71552,744.78480,41.31862,414.04536,24,0.99839,0.97723,0.20660,0.43291,0.08025,1.56050,836.79141
2022-10-25,0.59503,0.46015,0.16861,21.39095,394.58260,145.12650,390.64841,24,0.89843,0.75979,0.59003,0.53758,0.26117,1.94809,734.43933
2022-10-26,0.23640,0.29886,0.06442,21.60626,343.91675,190.46335,380.07100,24,0.42374,0.28242,0.50140,0.48203,0.21242,2.00977,775.03566
2022-10-27,0.16280,0.21063,0.06220,21.11169,376.51430,201.36500,373.52276,24,0.45936,0.19779,0.38127,0.39871,0.23884,1.94527,941.03431
2022-10-28,0.10189,0.10567,0.04003,20.60412,424.14736,212.28655,367.84722,24,0.28047,0.13740,0.23841,0.12907,0.14984,2.21362,1037.96283
2022-10-29,0.09719,0.07497,0.01732,20.94117,373.76490,214.44591,373.77764,24,0.14099,0.06261,0.15563,0.13013,0.11703,2.68658,943.96366
2022-10-30,0.12830,0.12106,0.03214,21.66321,340.19597,206.38271,384.88846,24,0.16945,0.13302,0.14712,0.13812,0.05159,2.60241,931.94431
2022-10-31,0.11026,0.09638,0.03455,22.00629,316.01451,205.78232,386.78630,24,0.22709,0.16054,0.23472,0.18207,0.13242,2.39205,854.30130
2022-11-01,0.09459,0.07846,0.03131,22.17516,298.55643,207.91224,385.62800,24,0.10364,0.03627,0.12698,0.07531,0.09805,2.18173,768.53644
2022-11-02,0.25497,0.14642,0.02478,21.60648,361.82373,199.96057,384.80972,24,0.23156,0.17313,0.21084,0.22463,0.09790,2.37086,908.56912
2022-11-03,0.50367,0.17086,0.04157,20.80312,395.31009,181.87882,381.25155,24,0.60090,0.57430,0.21891,0.17104,0.06413,2.58139,1004.05277
2022-11-04,0.18485,0.13643,0.05298,20.49813,395.77890,194.53150,373.62989,24,0.41244,0.24730,0.27779,0.18785,0.19233,2.74141,1063.38384
2022-11-05,0.13402,0.11481,0.03670,20.86752,355.44286,195.01322,375.51469,24,0.34718,0.17404,0.26057,0.11708,0.18909,2.63644,1002.38766
2022-11-06,0.13760,0.15397,0.03596,20.97491,337.69145,193.37860,376.09409,24,0.31209,0.17746,0.31788,0.15363,0.15446,2.47839,956.62139
2022-11-07,0.16275,0.12083,0.03329,20.50821,357.60989,186.46649,374.69270,24,0.25952,0.19934,0.31628,0.10347,0.13024,2.44592,1005.12375
2022-11-08,0.16869,0.10477,0.03673,20.06204,372.30850,186.51043,371.23460,24,0.33288,0.22901,0.31339,0.09657,0.16111,2.41615,1085.45368
2022-11-09,0.17118,0.07819,0.04157,19.70848,367.26300,190.47043,367.81816,24,0.26472,0.17261,0.18838,0.05455,0.13422,2.37802,1064.78094
2022-11-10,0.18555,0.05799,0.02535,19.34916,407.50468,190.23995,363.97221,24,0.27022,0.20239,0.16759,0.03060,0.12791,2.54134,1141.81765
2022-11-11,0.26190,0.04731,0.01485,19.11036,408.30527,193.17855,364.53181,24,0.26253,0.28038,0.07989,0.00904,0.05077,2.63727,1089.80629
2022-11-12,0.17774,0.05994,0.01649,18.94327,472.99539,190.37616,359.72501,24,0.36053,0.34972,0.11094,0.02356,0.06410,3.12066,1081.02265
2022-11-13,0.06486,0.07757,0.01566,18.28075,454.27771,197.58470,347.44489,24,0.20212,0.10471,0.15714,0.12392,0.06941,2.63128,1063.82840
2022-11-14,0.02800,0.03161,0.01525,17.57867,416.49902,201.51270,343.28368,24,0.07149,0.04115,0.10584,0.01269,0.06024,2.68056,1032.64724
2022-11-15,0.03348,0.04011,0.01751,17.91400,388.76571,200.19935,344.96156,24,0.06943,0.04276,0.06737,0.02351,0.04551,2.84455,1009.48366
2022-11-16,0.04992,0.04480,0.00799,18.01984,371.84302,197.56677,347.28585,24,0.09781,0.06912,0.08232,0.03801,0.05494,2.66040,958.18533
2022-11-17,0.06593,0.04499,0.00510,18.04224,371.38470,193.92905,345.73608,24,0.10971,0.06929,0.05419,0.02355,0.01078,2.35256,925.90885
2022-11-18,0.30131,0.00983,0.00323,17.44495,424.59707,197.32759,340.97010,24,0.12188,0.08614,0.07023,0.00721,0.01796,2.36046,1044.59784
2022-11-19,0.67364,0.00227,0.00143,17.76574,291.41900,186.27963,353.55940,24,0.70241,0.67460,0.01271,0.00000,0.01271,2.93518,703.01113
2022-11-20,0.41491,0.01674,0.00513,18.69991,249.50009,177.81504,368.28090,24,0.61296,0.26607,0.00720,0.00736,0.00720,2.66750,623.70907
2022-11-21,0.30861,0.03385,0.00948,17.77348,295.70022,188.47683,357.63727,24,0.58299,0.30590,0.05640,0.01098,0.04543,2.63829,760.08360
2022-11-22,0.08874,0.03153,0.01047,17.04289,342.49450,192.31603,344.85279,24,0.19728,0.01620,0.07854,0.03649,0.05675,2.79883,827.99327
2022-11-23,0.24844,0.02296,0.00869,16.72057,385.16030,192.65696,337.97524,24,0.28030,0.16811,0.06345,0.03626,0.04365,2.84117,919.81054
2022-11-24,0.16675,0.00914,0.00643,16.53683,370.57982,194.20649,334.63032,24,0.34844,0.26807,0.02709,0.00901,0.02530,2.95897,879.08130
2022-11-25,0.08011,0.01737,0.01729,17.35367,294.73215,194.69603,336.55998,24,0.18210,0.19131,0.04044,0.00000,0.04044,2.70803,732.32037
2022-11-26,0.07039,0.02575,0.02005,17.50219,292.27777,192.11476,340.10273,24,0.16616,0.11251,0.08805,0.00545,0.08805,2.50625,790.26686
2022-11-27,0.13332,0.08444,0.01673,17.62143,300.20104,180.95028,355.90356,24,0.20683,0.13004,0.07265,0.00726,0.04330,2.61125,858.97065
2022-11-28,0.30666,0.19331,0.02321,18.31850,301.83837,161.86573,374.69891,24,0.25015,0.20520,0.23351,0.13214,0.07536,2.65919,849.21627
2022-11-29,0.33366,0.25960,0.02713,19.10286,272.39760,152.14752,384.62252,24,0.40105,0.33798,0.25347,0.23729,0.06118,2.53183,748.65044
2022-11-30,0.17425,0.17643,0.03419,19.18180,280.75864,164.88179,377.36880,24,0.32439,0.24287,0.32657,0.17948,0.06632,2.56275,775.15576
2022-12-01,0.06499,0.12197,0.03383,18.11009,335.17346,176.47676,359.53331,24,0.17303,0.06735,0.25380,0.14951,0.16642,2.64542,879.23121
2022-12-02,0.04488,0.05861,0.02381,17.20895,352.53725,183.18006,345.02288,24,0.11888,0.04239,0.16407,0.07109,0.09688,2.63449,903.73758
2022-12-03,0.03416,0.02772,0.01658,16.72141,348.36655,185.74731,337.81872,24,0.16010,0.02565,0.11725,0.02932,0.10647,2.82935,883.36141
2022-12-04,0.02128,0.02106,0.01315,16.82013,357.33764,186.25001,336.47566,24,0.06924,0.01707,0.01799,0.02191,0.01616,2.91706,888.12208
2022-12-05,0.02951,0.02667,0.00858,16.94742,352.04843,185.46118,338.12474,24,0.10760,0.01256,0.04765,0.00363,0.04765,2.72766,878.93537
2022-12-06,0.18747,0.04555,0.00428,16.44345,378.52577,183.78849,335.93579,24,0.10582,0.26914,0.08179,0.01469,0.02165,2.50858,903.99150
2022-12-07,0.51189,0.01922,0.00277,15.91879,379.49910,180.25807,335.02550,24,0.39800,0.41169,0.07042,0.02899,0.01979,2.62687,939.66043
2022-12-08,0.36610,0.01849,0.00430,16.01229,343.23839,178.22959,337.34443,24,0.77884,0.46076,0.00360,0.00361,0.00360,2.67379,913.80785
2022-12-09,0.25686,0.03875,0.00713,16.31939,303.15455,180.04473,342.73759,24,0.38825,0.25997,0.02951,0.00000,0.02578,2.61716,869.08403
2022-12-10,0.28301,0.03237,0.00856,16.58355,305.89226,166.19151,351.24434,24,0.49129,0.31730,0.14287,0.03482,0.03343,2.52038,861.61360
2022-12-11,0.07240,0.03923,0.00767,16.29364,313.55905,179.95297,337.52139,24,0.29820,0.04431,0.05306,0.01629,0.03503,2.47677,838.48578
2022-12-12,0.08810,0.05865,0.00675,16.15288,311.71536,176.99860,339.80477,24,0.14012,0.10327,0.08833,0.03248,0.02160,2.37962,865.54727
2022-12-13,0.11835,0.08688,0.01000,16.62772,295.80142,173.03649,347.66259,24,0.22713,0.10144,0.11169,0.02346,0.02879,2.22457,837.90378
2022-12-14,0.16899,0.10852,0.01824,16.50711,315.32339,168.26178,345.81957,24,0.38502,0.17163,0.16440,0.06704,0.03616,1.89572,888.91227
2022-12-15,0.17479,0.11831,0.01811,15.41963,377.38858,168.43643,339.95657,24,0.28467,0.18559,0.19201,0.06334,0.04144,2.32127,936.98284
2022-12-16,0.15932,0.09374,0.01531,14.63823,391.42923,170.81444,330.79032,24,0.19972,0.15504,0.13564,0.08508,0.04146,2.60817,938.65560
2022-12-17,0.29892,0.05696,0.01185,15.33807,353.99947,174.67459,334.70418,24,0.30968,0.41508,0.14487,0.03819,0.05641,2.56632,915.27158
2022-12-18,0.25635,0.11573,0.01347,16.10649,311.44870,171.01333,346.49044,24,0.36775,0.33573,0.13354,0.07877,0.05836,2.30442,895.47795
2022-12-19,0.36464,0.21519,0.02335,16.12996,317.01878,162.52833,347.52750,24,0.44892,0.52168,0.37826,0.16028,0.03131,2.29391,865.84399
2022-12-20,0.39213,0.10155,0.01551,15.83412,360.24218,168.30261,338.72391,24,0.47153,0.53795,0.28337,0.10439,0.07952,2.14753,971.33064
2022-12-21,0.39294,0.06338,0.01321,15.58227,385.42994,171.52924,337.41273,24,0.54466,0.45250,0.12118,0.02713,0.04021,2.11871,986.90532
2022-12-22,0.48879,0.07132,0.01288,15.54503,354.75014,162.91317,339.09103,24,0.35443,0.73175,0.08497,0.03977,0.01808,2.28558,896.77624
2022-12-23,0.24883,0.07070,0.01223,14.76187,336.74910,173.26232,329.38766,24,0.16907,0.24410,0.11346,0.05229,0.04141,2.06272,828.21365
2022-12-24,0.14563,0.05764,0.01839,14.61424,300.24029,179.64764,330.65092,24,0.30161,0.06470,0.05577,0.01625,0.02514,2.46079,811.78648
2022-12-25,0.31535,0.07313,0.01468,15.70061,255.53090,163.74195,346.50820,24,0.53048,0.45397,0.09640,0.07888,0.06051,2.18924,684.88079
2022-12-26,0.24154,0.19527,0.04619,16.88918,252.38292,158.31512,351.76184,24,0.37214,0.18914,0.12663,0.15909,0.07998,1.94710,652.21110
2022-12-27,0.36958,0.45280,0.10640,17.16344,322.35356,148.17380,355.94643,24,0.53978,0.47443,0.33175,0.47345,0.13744,1.66045,802.68266
2022-12-28,0.37463,0.50032,0.08664,16.00888,304.42968,144.69035,347.10438,24,0.61995,0.42205,0.69407,0.58710,0.35851,1.28286,697.31912
2022-12-29,0.20825,0.16712,0.02723,13.61864,356.76239,171.86897,323.99919,24,0.46483,0.33712,0.39824,0.20723,0.08183,1.45157,901.48953
2022-12-30,0.15454,0.05034,0.01064,13.20068,364.26118,171.07581,326.73249,24,0.26120,0.18947,0.05436,0.05119,0.03805,2.56200,992.95030
2022-12-31,0.17460,0.10179,0.01481,13.74798,321.30879,167.98633,330.33767,24,0.37922,0.18202,0.09596,0.05236,0.04549,2.32305,801.88325
2023-01-01,0.19041,0.11371,0.01488,14.07397,314.54924,164.19662,332.48969,24,0.39217,0.19896,0.13038,0.11164,0.06331,1.92428,815.62565
2023-01-02,0.17466,0.05617,0.01245,13.73749,335.12887,171.72312,326.50044,24,0.25086,0.19254,0.10184,0.02919,0.05288,1.99329,811.04274
2023-01-03,0.11845,0.03568,0.00900,13.34465,406.75811,176.31693,322.55031,24,0.22449,0.12519,0.03265,0.02183,0.02183,2.27222,927.91984
2023-01-04,0.10735,0.07812,0.01180,13.35076,402.22174,176.03705,320.22394,24,0.19933,0.15282,0.04192,0.03481,0.02525,2.16548,847.78017
2023-01-05,0.05271,0.04953,0.01030,13.41734,354.59170,185.43169,315.40866,24,0.15532,0.02272,0.04609,0.02212,0.01616,1.75919,688.46413
2023-01-06,0.06276,0.09102,0.01310,13.17577,340.94601,189.93270,314.46749,24,0.17415,0.01649,0.08484,0.00180,0.03996,1.73505,598.27659
2023-01-07,0.09774,0.14423,0.02429,13.45344,339.98751,186.55320,322.06015,24,0.25905,0.04324,0.22438,0.07286,0.06220,1.73180,627.27924
2023-01-08,0.12484,0.13100,0.02853,14.00909,303.26615,180.47819,328.40236,24,0.35143,0.11567,0.26428,0.15603,0.09921,1.91229,655.45986
2023-01-09,0.06034,0.05716,0.02440,14.73924,251.94204,185.87365,327.30905,24,0.20546,0.04339,0.12969,0.03354,0.07261,1.71711,593.49070
2023-01-10,0.04216,0.02988,0.01090,13.99980,259.32466,190.78439,320.69261,24,0.05615,0.02804,0.03965,0.01087,0.02699,1.96621,623.23956
2023-01-11,0.02611,0.02636,0.00523,13.04165,284.61535,191.62181,314.58597,24,0.06991,0.02483,0.04864,0.01997,0.01436,2.31366,702.67322
2023-01-12,0.03511,0.03822,0.00659,12.92308,285.80639,192.60092,315.34044,24,0.03909,0.02188,0.02334,0.03613,0.01615,2.01451,718.43585
2023-01-13,0.06764,0.09136,0.01353,13.84063,291.96771,189.55230,325.94966,24,0.14657,0.04701,0.08366,0.10957,0.04785,2.21215,733.67514
2023-01-14,0.29243,0.30300,0.09447,15.70264,290.13223,169.67006,348.28846,24,0.23946,0.22466,0.27550,0.26004,0.13752,1.98224,774.71878
2023-01-15,0.35294,0.30799,0.07636,15.08904,378.82533,161.24776,348.42611,24,0.54262,0.30171,0.54805,0.44839,0.25974,1.27345,1056.25929
2023-01-16,0.28914,0.22508,0.03408,13.13980,375.75521,166.16442,337.05471,24,0.46707,0.31792,0.35678,0.19657,0.11450,2.04597,949.45111
2023-01-17,0.16097,0.17509,0.01228,12.54932,381.84340,181.18229,322.74298,24,0.24244,0.17253,0.30978,0.18082,0.05223,2.17079,970.67840
2023-01-18,0.19239,0.18295,0.00920,12.29451,357.45654,177.62136,326.83712,24,0.25701,0.17027,0.31017,0.21415,0.02881,2.38424,907.15992
2023-01-19,0.06522,0.05894,0.00599,11.71610,375.01306,194.04869,312.06276,24,0.16297,0.07151,0.22861,0.07821,0.02162,2.00769,870.54022
2023-01-20,0.02626,0.01597,0.00532,11.56890,319.48102,200.16726,309.67452,24,0.09922,0.01320,0.05215,0.00900,0.01976,2.64681,764.47887
2023-01-21,0.03811,0.02961,0.00508,12.57224,263.09996,202.99686,317.44616,24,0.06141,0.00707,0.01437,0.00179,0.01437,2.66596,687.53724
2023-01-22,0.06026,0.03368,0.00425,13.55037,280.78078,197.28545,327.22645,24,0.13419,0.04144,0.07000,0.01967,0.00897,2.56668,776.69769
2023-01-23,0.14876,0.04193,0.00429,14.57658,291.67777,196.20920,335.30136,24,0.12482,0.15576,0.02146,0.01790,0.00000,2.69220,834.62443
2023-01-24,0.08438,0.02360,0.00678,15.14919,285.71707,200.21147,334.88532,24,0.34134,0.06421,0.05555,0.01615,0.00357,2.06572,791.56863
2023-01-25,0.03780,0.02116,0.01317,15.55153,264.10783,203.29096,336.25977,24,0.12367,0.01272,0.04238,0.00746,0.03881,2.11290,731.09900
2023-01-26,0.15233,0.06365,0.01100,16.41787,296.85896,196.03904,349.30503,24,0.17772,0.17593,0.05061,0.03473,0.02198,1.98268,803.80928
2023-01-27,0.13485,0.10410,0.00474,16.85120,330.03000,193.00572,350.43877,24,0.21363,0.15637,0.12637,0.09023,0.01670,1.85245,856.99138
2023-01-28,0.08138,0.08406,0.00483,16.49051,347.51025,198.34661,341.11015,24,0.20906,0.11932,0.16589,0.06836,0.01278,2.13272,840.36483
2023-01-29,0.06784,0.01866,0.00383,15.48887,303.27552,210.51758,326.70655,24,0.16766,0.04574,0.06114,0.01811,0.01985,1.86774,769.32484
2023-01-30,0.11364,0.00802,0.00249,15.99741,279.11168,212.27121,333.88035,24,0.13495,0.06620,0.00727,0.00000,0.00727,2.26607,735.01561
2023-01-31,0.38902,0.01286,0.00376,16.73526,308.66060,196.77240,352.47607,24,0.34273,0.26428,0.01626,0.02756,0.00729,2.31212,770.10864
2023-02-01,0.45893,0.07674,0.00577,16.48201,353.86036,170.52190,354.64065,24,0.66282,0.43933,0.01614,0.01618,0.00537,2.58716,718.83127
2023-02-02,0.32145,0.06033,0.00899,14.22057,389.10802,201.42439,325.21374,24,0.33737,0.18064,0.19285,0.11013,0.04674,3.49753,778.59912
2023-02-03,0.04548,0.02572,0.00306,14.57833,368.61249,220.42307,319.77311,24,0.17146,0.01316,0.00897,0.00181,0.00717,2.53812,783.75761
2023-02-04,0.07223,0.04552,0.00389,14.58437,363.48567,215.39895,326.51548,24,0.07229,0.06445,0.06850,0.05648,0.01795,2.50758,878.08902
2023-02-05,0.07623,0.05025,0.00610,14.55841,368.54529,211.23142,330.01112,24,0.09382,0.11705,0.08473,0.03613,0.01616,2.48756,947.21568
2023-02-06,0.12367,0.07038,0.01218,14.63044,389.06619,206.81572,333.55262,24,0.19015,0.14425,0.08827,0.02339,0.02162,2.23429,1010.46856
2023-02-07,0.13287,0.08736,0.02016,15.48356,454.50592,204.40398,338.99085,24,0.15295,0.18591,0.07771,0.09524,0.01986,2.34933,1195.83256
2023-02-08,0.21136,0.19166,0.05325,17.00643,399.79199,198.96571,350.31711,24,0.27058,0.14490,0.16212,0.21011,0.07703,2.17901,925.81604
2023-02-09,0.27349,0.23220,0.06606,16.85750,372.20281,193.12446,351.29626,24,0.43213,0.30408,0.49754,0.38113,0.30153,1.82260,924.31695
2023-02-10,0.23872,0.13528,0.03243,16.21939,367.68883,203.72093,342.49062,24,0.38595,0.28147,0.26217,0.09586,0.12081,1.79974,977.32579
2023-02-11,0.12955,0.11481,0.02976,16.52558,368.10704,210.43652,344.59341,24,0.23696,0.11612,0.21668,0.05197,0.11218,1.95249,926.75841
2023-02-12,0.17759,0.17122,0.04536,16.63570,465.37125,206.03835,348.55756,24,0.35846,0.24959,0.25024,0.22995,0.17817,2.25328,1147.86485
2023-02-13,0.02323,0.04508,0.01131,10.57146,506.88141,231.28938,313.28422,24,0.06762,0.03741,0.11715,0.02379,0.05869,4.95739,1259.27580
2023-02-14,0.01830,0.00210,0.00113,11.29943,419.16791,234.91986,314.84118,24,0.02499,0.00436,0.00903,0.00000,0.00903,4.67516,1081.24186
2023-02-15,0.05153,0.01099,0.00175,13.15587,415.96093,228.67394,327.37233,24,0.05531,0.03949,0.00365,0.00000,0.00186,3.69524,1138.95750
2023-02-16,0.09129,0.02893,0.00322,14.80078,419.91817,226.08559,339.19756,24,0.13027,0.07894,0.02726,0.00000,0.00902,2.91358,1148.75321
2023-02-17,0.13540,0.02595,0.00384,15.79060,396.84215,222.66969,348.00620,24,0.14196,0.07763,0.03157,0.04476,0.00923,2.64712,1136.77476
2023-02-18,0.13661,0.03328,0.00251,16.94961,401.46135,214.90075,355.18232,24,0.23888,0.11676,0.01836,0.08510,0.00730,2.55356,1084.17453
2023-02-19,0.19780,0.03869,0.00159,17.93749,412.69766,208.95110,363.50952,24,0.27410,0.20091,0.01449,0.03531,0.00359,2.33414,1141.80191
2023-02-20,0.27596,0.04644,0.01011,19.03037,379.79403,192.16345,372.70345,24,0.32601,0.33412,0.04395,0.00902,0.02226,2.27901,987.01423
2023-02-21,0.29886,0.33165,0.11296,20.03084,400.71348,192.46427,374.99501,24,0.42610,0.35418,0.20261,0.23124,0.10177,2.09472,918.22978
2023-02-22,0.27671,0.47373,0.16503,20.29820,498.54370,209.52682,372.98738,24,0.57798,0.19741,0.76371,0.50101,0.51424,1.60532,950.29953
2023-02-23,0.21379,0.37203,0.12803,19.07887,494.22217,213.51398,364.17894,24,0.48774,0.23947,0.68946,0.45829,0.39708,1.62623,1113.06250
2023-02-24,0.25524,0.23731,0.07278,19.02468,434.58853,220.61471,363.30046,24,0.48176,0.18694,0.63645,0.40687,0.44844,2.14255,981.50484
2023-02-25,0.18344,0.06370,0.02836,18.14636,446.16511,228.86095,354.64985,24,0.46513,0.28885,0.20454,0.06095,0.13264,1.92152,1174.53281
2023-02-26,0.05519,0.01843,0.01067,16.21210,457.94900,242.89675,345.98404,24,0.07278,0.05423,0.04790,0.01676,0.03891,2.82128,1348.24084
2023-02-27,0.06374,0.00439,0.00116,16.60766,442.54915,239.28541,350.49291,24,0.06744,0.06350,0.01458,0.00000,0.00371,3.31176,1230.08759
2023-02-28,0.09174,0.01044,0.00207,17.16172,473.08573,238.57901,353.56750,24,0.10296,0.08278,0.00919,0.00179,0.00562,3.27654,1317.19268
2023-03-01,0.08547,0.02307,0.00871,16.87349,456.70228,241.32337,352.26593,24,0.12196,0.08201,0.04756,0.00357,0.02775,2.85488,1230.48165
2023-03-02,0.08512,0.01400,0.00038,17.46099,440.71847,239.90304,355.63956,24,0.11767,0.08122,0.02874,0.00716,0.00000,3.36341,1264.68991
2023-03-03,0.06536,0.00937,0.00000,17.71902,460.66385,245.34724,356.40020,24,0.08815,0.08746,0.01074,0.00000,0.00000,2.94749,1292.75613
2023-03-04,0.04835,0.00788,0.00023,18.12866,464.07033,247.91720,361.05133,24,0.03017,0.07904,0.01263,0.00181,0.00000,3.03407,1398.84598
2023-03-05,0.07536,0.01813,0.00132,18.73231,440.60735,245.42340,365.20236,24,0.08808,0.09466,0.01624,0.00541,0.00187,2.94732,1238.41585
2023-03-06,0.04879,0.02309,0.00482,18.16877,460.43499,248.92401,360.57638,24,0.07724,0.07022,0.04181,0.00179,0.01299,3.13081,1200.83341
2023-03-07,0.39888,0.01297,0.00582,16.80867,488.10342,257.17033,355.20766,24,0.02960,0.17510,0.05426,0.00179,0.04704,2.95908,1348.54855
2023-03-08,0.67728,0.00300,0.00060,16.62727,469.36420,234.23337,365.78600,24,0.89887,0.81356,0.01254,0.00000,0.00000,3.82974,1155.75773
2023-03-09,0.55869,0.00119,0.00090,17.32718,476.81467,249.26741,364.88919,24,0.40974,0.47851,0.00717,0.00000,0.00717,4.78552,1160.29901
2023-03-10,0.70751,0.00060,0.00000,17.61279,461.55668,226.71947,369.42068,24,0.89055,0.75793,0.00000,0.00000,0.00000,4.05779,1206.99248
2023-03-11,0.51580,0.00022,0.00000,17.66809,451.10586,242.30324,366.14953,24,0.83234,0.72276,0.00179,0.00000,0.00000,3.90981,1140.54539
2023-03-12,0.06056,0.00113,0.00038,17.40401,500.32135,259.58803,360.97865,24,0.08757,0.06608,0.00538,0.00000,0.00000,4.42391,1404.64385
2023-03-13,0.14091,0.00637,0.00590,17.93836,483.96858,264.73358,362.76450,24,0.01425,0.03688,0.00545,0.00000,0.00545,4.19187,1410.20798
2023-03-14,0.52810,0.03788,0.01950,19.27187,497.72164,237.78494,377.95907,24,0.15199,0.48098,0.05033,0.00000,0.04106,3.25410,1474.28001
2023-03-15,0.33994,0.18534,0.08917,20.09384,452.24960,240.70565,374.79876,24,0.28991,0.23604,0.12882,0.06134,0.07278,2.93194,1141.21706
2023-03-16,0.74097,0.27068,0.10321,20.46183,427.99984,228.10819,383.27603,24,0.73024,0.77796,0.49209,0.20764,0.40554,1.94281,1067.45156
2023-03-17,0.81652,0.18144,0.04889,20.04673,325.95561,183.71225,386.98536,24,0.77627,0.84965,0.45131,0.26441,0.32040,2.15651,801.17280
2023-03-18,0.75965,0.19311,0.04085,19.90784,414.25009,226.56134,387.26324,24,0.67560,0.57766,0.19174,0.31408,0.14082,2.17991,1053.92183
2023-03-19,0.96881,0.60157,0.12932,19.39224,388.74841,102.92776,396.61678,24,1.00000,0.98831,0.34429,0.49119,0.07787,2.19699,586.33195
2023-03-20,0.74503,0.90062,0.24134,19.47724,429.77880,145.85166,394.46611,24,0.86723,0.86285,0.92818,0.93696,0.30581,1.67180,809.74420
2023-03-21,0.69498,0.78076,0.23172,19.80243,367.05413,178.38522,389.00282,24,0.65649,0.74043,0.95217,0.93892,0.58472,1.53494,802.65017
2023-03-22,0.30380,0.56455,0.15603,20.01986,394.86440,212.63358,381.20180,24,0.48756,0.43634,0.85852,0.96267,0.52785,1.62829,974.54443
2023-03-23,0.21461,0.42176,0.08112,19.81148,446.85178,240.69707,377.10503,24,0.26251,0.23613,0.60931,0.55539,0.27231,2.44077,1138.08215
2023-03-24,0.19663,0.33671,0.08847,20.20748,433.00516,241.37959,377.50820,24,0.33477,0.21183,0.71536,0.60763,0.39334,1.75854,1029.00034
2023-03-25,0.19272,0.26730,0.06028,20.88558,415.00537,251.89410,382.81330,24,0.22380,0.15776,0.38491,0.51035,0.24294,2.08546,1046.90119
2023-03-26,0.27830,0.32258,0.07431,21.25359,478.37314,251.14453,388.94937,24,0.13753,0.18849,0.43890,0.59256,0.21011,2.16760,1094.71906
2023-03-27,0.28813,0.26478,0.04723,20.97711,458.19620,235.82077,387.89894,24,0.52100,0.30320,0.45056,0.45583,0.23324,2.32034,1062.80658
2023-03-28,0.17408,0.23121,0.06507,20.67583,485.31234,259.61284,383.71424,24,0.24679,0.15569,0.30257,0.33472,0.11079,2.33061,1168.45270
2023-03-29,0.26321,0.44038,0.09794,20.68476,464.06421,250.05054,390.05467,24,0.32621,0.28973,0.51624,0.49514,0.32542,2.39112,989.21595
2023-03-30,0.37644,0.56996,0.09234,21.25859,507.12546,227.30684,396.90834,24,0.37404,0.30200,0.82547,0.72617,0.36038,2.30067,1069.21033
2023-03-31,0.59168,0.45997,0.08172,21.09344,430.77300,207.69237,399.63450,24,0.49879,0.61981,0.74755,0.52771,0.33048,2.59816,997.79925
2023-10-01,0.81842,0.83165,0.20560,25.55390,431.72929,165.90519,434.09845,24,0.92410,0.71817,0.74081,0.99097,0.36673,1.56712,787.52815
2023-10-02,0.78388,0.89559,0.31879,25.52504,442.72049,143.73667,435.71144,24,0.80242,0.72149,0.80361,0.98029,0.33825,1.47238,750.35134
2023-10-03,0.85075,0.88053,0.42390,25.21856,470.70989,97.09539,434.47525,24,0.74702,0.79239,0.90224,0.97469,0.58867,1.39067,653.58320
2023-10-04,0.90331,0.89469,0.45165,25.10541,486.52511,96.74068,435.16271,24,0.89310,0.87747,0.86590,0.96590,0.58206,1.29404,668.14567
2023-10-05,0.96689,0.84554,0.36065,25.22005,478.28913,89.44737,432.65580,24,0.95864,0.96661,0.82806,0.88643,0.50659,1.04171,605.47494
2023-10-06,0.94092,0.82548,0.23063,25.16999,407.01929,123.45735,429.28015,24,0.95706,0.97923,0.84411,0.77280,0.52658,1.28143,640.75997
2023-10-07,0.74991,0.78575,0.16465,25.22372,335.14011,158.22331,426.67894,24,0.91905,0.83772,0.87758,0.88650,0.38311,1.48906,649.37987
2023-10-08,0.55229,0.86606,0.19384,25.36294,350.83256,171.29202,426.74416,24,0.64516,0.58352,0.92317,0.96486,0.30372,1.47622,677.13814
2023-10-09,0.49789,0.70158,0.17894,25.48448,343.23313,182.09592,422.02098,24,0.54725,0.54133,0.92137,0.92657,0.36076,1.91937,771.97505
2023-10-10,0.31368,0.50650,0.11219,25.34888,284.52119,198.63692,417.13699,24,0.59446,0.30491,0.80123,0.67857,0.55562,1.52298,759.28193
2023-10-11,0.45039,0.52576,0.07707,25.23846,324.34748,199.14390,417.34913,24,0.53019,0.43523,0.39216,0.60051,0.14698,1.84764,842.89511
2023-10-12,0.32442,0.51821,0.14467,24.77343,335.04379,183.23864,413.46706,24,0.52681,0.43800,0.62982,0.72476,0.25133,1.80981,844.61743
2023-10-13,0.23945,0.44328,0.11987,24.10942,357.18990,197.79823,404.48619,24,0.26329,0.31146,0.67102,0.70358,0.42722,1.96998,964.18032
2023-10-14,0.19193,0.24990,0.04827,23.57769,383.74533,206.46439,396.97998,24,0.45765,0.26884,0.49109,0.43414,0.26491,1.96924,1007.14485
2023-10-15,0.15551,0.18160,0.02737,23.28804,375.51016,215.36450,392.85129,24,0.26213,0.18442,0.19007,0.28040,0.08437,2.23800,1047.48826
2023-10-16,0.15627,0.13847,0.04185,23.18193,359.16463,216.87267,392.55504,24,0.33636,0.19438,0.22968,0.22942,0.14482,2.24044,992.21909
2023-10-17,0.16703,0.10934,0.03339,23.21232,349.70876,218.26817,392.84458,24,0.35575,0.19033,0.15703,0.14983,0.10737,2.13463,963.94808
2023-10-18,0.14124,0.12064,0.02373,22.83311,374.75891,215.83529,391.71472,24,0.35405,0.17081,0.24004,0.15326,0.18004,2.23777,1018.22716
2023-10-19,0.11757,0.13759,0.01178,22.45730,402.87983,217.68774,388.50758,24,0.23104,0.13864,0.18335,0.18602,0.06914,2.30228,1005.43408
2023-10-20,0.09577,0.09199,0.02030,22.11511,423.78780,220.70585,383.23395,24,0.16444,0.12805,0.12175,0.11879,0.04150,2.32387,1005.52761
2023-10-21,0.24557,0.03273,0.01785,22.06610,378.76542,223.88752,384.81106,24,0.24873,0.10783,0.10436,0.02712,0.08447,2.37123,973.88325
2023-10-22,0.73674,0.15645,0.02967,22.71131,344.91988,193.25166,403.65219,24,0.49709,0.57770,0.08367,0.14054,0.03911,2.37688,921.21222
2023-10-23,0.97334,0.46824,0.13040,22.96099,343.53288,117.16015,413.92764,24,0.89957,0.98099,0.33125,0.57099,0.16998,2.15205,711.30847
2023-10-24,0.81419,0.44943,0.11130,22.82423,402.58446,108.94584,409.84901,24,0.99996,0.96602,0.50633,0.80748,0.16681,1.62467,742.49067
2023-10-25,0.30515,0.35636,0.09826,22.54909,333.73726,172.99402,403.09024,24,0.49455,0.33179,0.24853,0.42020,0.09071,1.93328,784.25992
2023-10-26,0.23404,0.36232,0.06647,22.61152,338.63179,193.57980,396.05766,24,0.33609,0.22544,0.50231,0.58975,0.20407,2.02197,914.92645
2023-10-27,0.22139,0.21803,0.04269,21.96746,364.05234,198.70434,385.76443,24,0.42513,0.24701,0.48685,0.43684,0.24233,2.01972,973.65877
2023-10-28,0.13114,0.09426,0.02732,21.13492,398.25588,203.77174,376.84251,24,0.34788,0.16105,0.22595,0.11292,0.10975,2.26911,1017.48012
2023-10-29,0.30471,0.05443,0.03316,20.60068,392.20310,211.99394,373.88801,24,0.20976,0.10686,0.17435,0.04050,0.13988,2.64236,1073.55539
2023-10-30,0.30913,0.03542,0.01713,21.00039,370.50764,206.38181,380.96659,24,0.57948,0.27507,0.11249,0.01636,0.08497,2.76302,1039.27945
2023-10-31,0.33964,0.03061,0.01962,21.77155,321.76936,204.18479,388.93042,24,0.51699,0.43341,0.08332,0.01108,0.06845,2.68301,938.32272
2023-11-01,0.28633,0.06204,0.02678,22.06883,293.30451,205.56432,392.54874,24,0.18567,0.15330,0.11414,0.03149,0.10126,2.41579,854.14918
2023-11-02,0.16454,0.10516,0.03630,21.98294,346.14858,197.37510,392.94420,24,0.23033,0.14494,0.17859,0.09259,0.12349,2.37510,998.73864
2023-11-03,0.19099,0.11329,0.02209,21.83146,374.46702,188.72699,390.37662,24,0.21236,0.21706,0.23523,0.19442,0.10696,2.38498,1003.38541
2023-11-04,0.37332,0.13451,0.01072,21.63585,361.92833,187.41604,389.37923,24,0.34290,0.22132,0.15351,0.15058,0.07211,2.26003,1012.91772
2023-11-05,0.37823,0.11542,0.00733,21.31742,379.32948,188.16635,383.37549,24,0.56637,0.44259,0.13751,0.19766,0.02889,2.08875,967.92565
2023-11-06,0.29967,0.02177,0.00291,20.40554,393.60354,202.65947,369.57864,24,0.31906,0.20142,0.05155,0.01841,0.00544,2.60992,1015.27480
2023-11-07,0.36885,0.03162,0.00620,19.55575,432.41504,198.90733,366.29439,24,0.71793,0.47904,0.03099,0.00544,0.02384,2.55885,1105.33500
2023-11-08,0.15777,0.06529,0.00982,19.21267,465.80696,195.19228,365.81536,24,0.21046,0.32647,0.09311,0.03309,0.04593,2.80484,1217.68464
2023-11-09,0.09500,0.04809,0.01482,19.24579,422.35377,198.79641,362.34314,24,0.28352,0.10161,0.09879,0.02901,0.05678,2.75949,1075.64238
2023-11-10,0.12757,0.04780,0.02134,19.31185,398.95732,201.86921,362.11573,24,0.27538,0.18455,0.11765,0.01271,0.06255,2.64565,1068.04101
2023-11-11,0.06344,0.04641,0.02213,19.56410,378.44355,198.15159,365.02144,24,0.17837,0.09688,0.13418,0.01449,0.09242,2.30460,1056.39747
2023-11-12,0.14235,0.03866,0.02274,19.74373,389.01746,197.37879,365.03011,24,0.19272,0.10295,0.13027,0.01269,0.09771,2.13246,1025.24558
2023-11-13,0.20531,0.03530,0.01882,19.71863,350.58947,199.58605,364.23646,24,0.17405,0.14968,0.09592,0.00000,0.08690,2.26447,987.31591
2023-11-14,0.60320,0.02667,0.01006,19.80893,335.50830,193.28476,374.35239,24,0.48479,0.57693,0.06970,0.00181,0.04030,2.35295,1010.52435
2023-11-15,0.92448,0.03131,0.00446,20.41589,324.90111,164.35055,391.44563,24,0.84367,0.91455,0.07209,0.02568,0.03895,2.34583,947.59840
2023-11-16,0.96516,0.18597,0.04667,21.12642,346.50331,84.15690,407.85485,24,0.89916,0.99935,0.09051,0.11488,0.00914,2.50556,567.66010
2023-11-17,0.67759,0.47580,0.17139,20.49759,528.75389,73.84483,399.27981,24,0.92863,0.86827,0.29124,0.57506,0.12443,1.65021,801.29711
2023-11-18,0.46338,0.45706,0.11507,20.28887,326.98164,152.92241,385.47839,24,0.58230,0.61220,0.54901,0.47683,0.26631,1.97605,704.66542
2023-11-19,0.29549,0.41014,0.04848,20.65367,337.47333,165.63740,383.27893,24,0.32477,0.32444,0.59110,0.58310,0.12081,1.85992,930.47278
2023-11-20,0.65606,0.32755,0.05393,20.71666,328.87527,157.99112,390.01198,24,0.46400,0.58080,0.49920,0.36158,0.15271,1.75165,973.63688
2023-11-21,0.50274,0.29472,0.10067,20.05494,311.84432,126.85383,387.32701,24,0.78631,0.66952,0.30854,0.25738,0.10086,2.28926,806.96160
2023-11-22,0.16349,0.26199,0.08846,18.90741,418.28605,173.44210,364.12454,24,0.44244,0.17896,0.52255,0.35132,0.34424,1.93045,1049.80482
2023-11-23,0.11255,0.15934,0.06347,18.36816,390.00794,185.42322,355.31882,24,0.21997,0.11895,0.29722,0.20296,0.21292,2.22346,995.34022
2023-11-24,0.16516,0.14526,0.06358,18.42114,374.19800,176.70003,359.62335,24,0.35307,0.16166,0.34404,0.15268,0.22661,2.22496,1041.02142
2023-11-25,0.21266,0.09407,0.05192,17.86275,406.29616,178.48416,355.28825,24,0.32410,0.18876,0.31119,0.10294,0.21004,2.41913,1110.37608
2023-11-26,0.18621,0.05924,0.05355,17.92339,277.26910,189.18211,349.19579,24,0.26359,0.05575,0.19183,0.00556,0.16603,2.51715,766.76243
2023-11-27,0.62837,0.04371,0.04241,18.61120,222.13646,183.72602,361.13482,24,0.36208,0.50192,0.15503,0.00000,0.15503,2.38574,614.62857
2023-11-28,0.26786,0.05991,0.05340,18.68079,253.55883,182.83907,359.69330,24,0.61958,0.17797,0.12790,0.00000,0.12611,2.31389,718.60343
2023-11-29,0.52297,0.04877,0.03422,19.08777,268.74516,151.95488,369.19928,24,0.60600,0.86598,0.21295,0.00181,0.18388,2.19826,742.06136
2023-11-30,0.15525,0.06749,0.05220,18.73535,288.71934,180.64797,359.41488,24,0.33902,0.07971,0.20846,0.04417,0.20121,1.98144,756.14484
2023-12-01,0.32589,0.02296,0.01903,18.55093,272.25722,179.22260,360.80155,24,0.15578,0.07522,0.12174,0.00361,0.10720,2.06434,690.96591
2023-12-02,0.65642,0.01723,0.00585,18.93430,261.55845,160.41793,369.89928,24,0.66810,0.67168,0.03488,0.00541,0.02933,2.43111,671.90502
2023-12-03,0.85850,0.01329,0.00353,18.97009,258.91639,157.93258,367.52503,24,0.80675,0.82449,0.01800,0.01803,0.01080,2.18563,646.76825
2023-12-04,0.94865,0.00866,0.00377,19.22967,226.00751,124.92957,385.70363,24,0.95825,0.92742,0.01993,0.01622,0.01084,2.19620,575.50841
2023-12-05,0.96471,0.02781,0.00931,19.27541,204.34268,66.91728,398.38414,24,0.99856,0.97703,0.00361,0.00186,0.00181,2.71809,378.90944
2023-12-06,0.93958,0.05427,0.00757,19.76198,277.97640,91.84091,399.86886,24,0.88596,0.93907,0.03962,0.01811,0.01622,2.59214,506.00242
2023-12-07,0.91579,0.47815,0.12476,20.11692,258.78994,59.80962,406.63844,24,0.91966,0.88569,0.09638,0.31776,0.00914,1.65842,393.91259
2023-12-08,0.65231,0.70050,0.20470,19.57650,344.98768,104.68910,394.38249,24,0.80859,0.76037,0.78045,0.82673,0.37875,1.06787,597.75597
2023-12-09,0.31869,0.47331,0.10716,18.27156,427.11579,138.49111,365.24380,24,0.64372,0.46016,0.71124,0.57693,0.22112,1.80147,855.24976
2023-12-10,0.22563,0.28113,0.06935,16.59846,485.39478,160.02974,345.07686,24,0.40632,0.27952,0.39072,0.40394,0.22391,1.97237,1028.81834
2023-12-11,0.19998,0.20170,0.03934,16.09212,448.64397,168.95693,340.29481,24,0.36766,0.24292,0.28276,0.24615,0.15760,2.52629,988.92562
2023-12-12,0.30123,0.35422,0.02809,16.37106,386.08661,162.44190,348.59168,24,0.38391,0.33421,0.35396,0.28341,0.08556,2.39135,874.50689
2023-12-13,0.21023,0.30981,0.05480,15.40706,399.79282,157.37913,339.94540,24,0.40950,0.24664,0.57306,0.41850,0.08213,2.59130,931.66418
2023-12-14,0.26517,0.13991,0.04485,14.29136,412.83737,176.23618,324.49961,24,0.20332,0.18524,0.26266,0.16491,0.13332,2.63773,972.58123
2023-12-15,0.06916,0.04154,0.00978,14.42096,381.55094,179.48572,322.04907,24,0.12718,0.07112,0.10274,0.04504,0.04162,2.41867,888.49869
2023-12-16,0.07818,0.06762,0.03032,14.44587,351.16543,180.75690,323.70818,24,0.17785,0.04089,0.09147,0.06752,0.06427,2.47846,851.73553
2023-12-17,0.11631,0.09249,0.04228,14.56100,332.66235,179.86314,325.81609,24,0.19308,0.04388,0.19724,0.07442,0.13413,2.15629,854.25009
2023-12-18,0.33891,0.08401,0.02964,14.77471,331.82142,177.11758,330.50556,24,0.27431,0.20352,0.17007,0.05806,0.12134,2.32957,852.22077
2023-12-19,0.36882,0.05307,0.02175,14.55898,363.29675,176.80733,327.40553,24,0.24790,0.38782,0.14582,0.01282,0.05996,2.34824,875.06320
2023-12-20,0.43546,0.06524,0.03062,14.65378,323.09440,178.41142,327.57487,24,0.36825,0.40999,0.13595,0.02221,0.13228,2.44860,742.31171
2023-12-21,0.57651,0.08172,0.03078,14.89234,326.73358,175.03283,333.42975,24,0.65552,0.63831,0.19531,0.09052,0.08822,2.37450,857.74245
2023-12-22,0.61969,0.11838,0.05441,15.41466,306.34384,169.78195,344.83359,24,0.52867,0.46334,0.23829,0.15726,0.17547,2.24239,846.10052
2023-12-23,0.60448,0.28498,0.06123,16.55141,239.64357,135.18958,361.03122,24,0.83485,0.64743,0.37050,0.21387,0.26194,2.32598,646.82068
2023-12-24,0.29236,0.34474,0.06715,16.98861,259.04740,150.43885,359.01605,24,0.59817,0.27916,0.52329,0.35126,0.19011,1.81359,726.80218
2023-12-25,0.17913,0.28423,0.07469,16.55031,296.08588,160.53828,350.63385,24,0.30979,0.24426,0.55048,0.35825,0.28784,1.37527,877.76919
2023-12-26,0.17044,0.18212,0.07192,16.50826,295.36417,164.69223,347.94648,24,0.37078,0.18622,0.43463,0.22688,0.25056,1.48130,874.73675
2023-12-27,0.19894,0.13504,0.04884,16.84191,281.80887,165.81451,350.58649,24,0.37801,0.16024,0.32847,0.08084,0.23165,1.73610,820.92467
2023-12-28,0.20025,0.11778,0.02681,16.67592,302.91223,157.17650,351.79082,24,0.32186,0.25725,0.25650,0.09561,0.07914,1.74783,925.89289
2023-12-29,0.11318,0.05964,0.02184,16.32590,332.71622,174.10309,342.41354,24,0.15493,0.12051,0.17841,0.06068,0.11984,1.98483,932.81183
2023-12-30,0.10085,0.05688,0.01847,16.32435,335.12494,175.16763,341.59970,24,0.21583,0.10310,0.15836,0.07968,0.08063,1.73673,919.68127
2023-12-31,0.13259,0.10983,0.01781,15.96834,346.20494,170.74171,340.49560,24,0.24208,0.19683,0.10290,0.04614,0.04792,1.79684,883.41325
2024-01-01,0.12076,0.22665,0.01257,15.44208,347.21586,172.26404,336.85358,24,0.18811,0.17990,0.14356,0.25768,0.06083,1.64885,817.95554
2024-01-02,0.12747,0.20570,0.00883,14.70327,344.11400,172.70366,330.86974,24,0.23236,0.17690,0.37656,0.35283,0.01994,1.72992,804.88889
2024-01-03,0.12213,0.13415,0.01308,14.84775,335.06921,179.17902,327.34740,24,0.32046,0.18700,0.17374,0.31225,0.04361,1.77068,845.26459
2024-01-04,0.08808,0.07677,0.01035,14.70972,312.32252,180.63902,326.46391,24,0.20450,0.12006,0.09819,0.13527,0.03069,1.78759,816.61376
2024-01-05,0.06738,0.04843,0.01180,14.54302,300.12740,182.67354,325.87508,24,0.19280,0.04911,0.11422,0.03260,0.05283,1.94429,759.55839
2024-01-06,0.21321,0.02917,0.00776,14.54193,300.79614,177.94927,332.71016,24,0.17691,0.43668,0.04147,0.00365,0.01803,1.94639,779.13041
2024-01-07,0.05071,0.02416,0.00486,14.89639,313.43836,183.85965,330.79846,24,0.15479,0.02386,0.02879,0.00724,0.00900,2.35353,731.87835
2024-01-08,0.07840,0.06317,0.00636,15.12125,347.67264,182.73168,328.70626,24,0.13389,0.07717,0.04499,0.01448,0.02156,1.83333,823.60898
2024-01-09,0.08722,0.09776,0.01093,14.54309,342.74336,185.65821,323.28170,24,0.16789,0.10225,0.06844,0.08520,0.02155,1.69603,780.85740
2024-01-10,0.24297,0.14926,0.02156,14.48188,297.99677,177.26032,336.22375,24,0.39720,0.22047,0.17384,0.19846,0.05584,1.71815,758.43401
2024-01-11,0.24244,0.20412,0.03315,13.87134,376.85961,170.58345,330.64555,24,0.50101,0.40513,0.23525,0.26150,0.06851,1.95305,908.49398
2024-01-12,0.17183,0.26241,0.03041,12.67087,400.56236,182.06601,318.29335,24,0.28462,0.26160,0.27467,0.24114,0.09923,1.96352,804.14990
2024-01-13,0.14647,0.19422,0.06294,13.01888,338.61711,186.90815,318.29696,24,0.36783,0.15819,0.29416,0.14168,0.19025,1.89039,681.17352
2024-01-14,0.20549,0.31065,0.06907,13.42719,302.55637,182.81398,325.06486,24,0.42081,0.21335,0.28609,0.19166,0.21980,1.78340,672.85244
2024-01-15,0.25080,0.34606,0.05511,13.37557,342.17725,173.68224,328.28546,24,0.49935,0.31781,0.53899,0.34303,0.21390,1.81032,805.28105
2024-01-16,0.30401,0.35486,0.05813,13.05059,327.00405,167.23965,326.58456,24,0.53684,0.41706,0.49074,0.38347,0.12451,1.92835,792.48294
2024-01-17,0.36417,0.33474,0.08938,13.05469,297.07607,171.95025,333.99382,24,0.57832,0.32776,0.49454,0.39361,0.30346,1.76717,749.71984
2024-01-18,0.57902,0.31936,0.04096,14.11830,256.03548,142.70829,354.82995,24,0.48224,0.44817,0.39260,0.26730,0.16059,1.70659,612.35053
2024-01-19,0.23525,0.13719,0.00577,14.24022,327.55818,159.33745,337.37006,24,0.73046,0.32772,0.37826,0.11366,0.03666,1.55363,745.64507
2024-01-20,0.30039,0.07703,0.00728,13.40589,331.45145,191.17709,322.21762,24,0.20234,0.18143,0.07757,0.14161,0.01438,1.59534,835.38717
2024-01-21,0.54191,0.12191,0.00759,13.24786,325.80460,160.48887,336.92154,24,0.72087,0.59220,0.09578,0.11562,0.01806,1.80815,800.32326
2024-01-22,0.40998,0.07553,0.01270,12.13959,352.56220,194.33054,312.82041,24,0.40224,0.52181,0.15123,0.19860,0.03968,1.79746,832.13328
2024-01-23,0.26197,0.08831,0.00777,12.34593,311.97551,195.46551,322.16593,24,0.19907,0.21098,0.06299,0.13522,0.02157,2.05814,790.91217
2024-01-24,0.61904,0.10867,0.01007,13.51494,278.36280,124.95290,353.28101,24,0.69431,0.49800,0.09957,0.10284,0.01452,1.97227,638.12022
2024-01-25,0.43364,0.15084,0.02201,13.90476,306.30260,141.59638,345.62281,24,0.62056,0.44486,0.20666,0.20871,0.04163,1.60194,736.51552
2024-01-26,0.36075,0.11766,0.02292,12.91357,381.56625,189.01612,324.26879,24,0.30678,0.28387,0.26717,0.19536,0.08174,1.62480,902.20044
2024-01-27,0.27948,0.06379,0.00915,11.87401,362.32890,194.31485,314.59130,24,0.68568,0.51897,0.09704,0.10546,0.03325,2.41233,893.84619
2024-01-28,0.16759,0.03819,0.00719,11.89672,323.56594,203.89966,313.14075,24,0.11530,0.07364,0.02339,0.03623,0.00360,2.35225,831.73683
2024-01-29,0.12405,0.02559,0.00427,12.08602,297.97661,204.26034,317.20189,24,0.27254,0.23728,0.05392,0.00725,0.02514,2.55597,828.20169
2024-01-30,0.26720,0.04375,0.00265,13.56333,289.90508,198.83820,332.19073,24,0.11688,0.13661,0.04689,0.04752,0.00908,2.50661,812.90040
2024-01-31,0.45596,0.21964,0.02084,15.33982,251.64170,169.12087,348.21438,24,0.44501,0.47619,0.07472,0.21216,0.01098,2.49257,698.18957
2024-02-01,0.32879,0.26988,0.05717,16.14794,278.97436,176.87617,353.70430,24,0.30622,0.26905,0.47031,0.34396,0.23906,1.74844,807.72828
2024-02-02,0.27193,0.39994,0.06017,16.64072,311.79989,161.77444,354.07491,24,0.38623,0.32504,0.42558,0.56902,0.04730,1.63268,816.38383
2024-02-03,0.17697,0.25676,0.13117,14.53641,381.26516,196.68114,332.47132,24,0.37441,0.19793,0.43715,0.39276,0.24851,1.68275,1069.96683
2024-02-04,0.18862,0.12457,0.05521,14.53489,340.43907,197.99601,337.59585,24,0.22445,0.12049,0.29619,0.17174,0.21180,1.77131,1016.62848
2024-02-05,0.28397,0.20815,0.08776,15.65015,313.17087,185.20017,353.12410,24,0.39379,0.24963,0.17539,0.11047,0.10313,1.91863,787.25447
2024-02-06,0.38869,0.47035,0.10911,17.26444,337.64655,155.68758,368.57183,24,0.48066,0.51727,0.42250,0.58533,0.22372,1.78102,785.52605
2024-02-07,0.19463,0.33646,0.09320,15.26494,354.85945,180.46790,347.10682,24,0.38071,0.28027,0.69568,0.52819,0.32216,1.43008,828.95268
2024-02-08,0.31474,0.08751,0.02028,12.00813,426.29437,213.34854,320.46175,24,0.19490,0.21439,0.19155,0.08849,0.08704,2.07492,1017.02038
2024-02-09,0.07307,0.01978,0.00691,11.63008,451.93091,224.11897,310.17030,24,0.07863,0.26120,0.12766,0.00722,0.05406,3.37693,1014.66113
2024-02-10,0.00544,0.00098,0.00068,12.91947,358.72370,229.11093,315.23257,24,0.00337,0.00000,0.00181,0.00000,0.00181,3.37105,849.75290
2024-02-11,0.14470,0.00715,0.00347,13.86804,316.43497,227.37485,326.28697,24,0.04871,0.06077,0.00718,0.00000,0.00718,2.63169,840.99128
2024-02-12,0.41546,0.01036,0.00172,14.28234,300.74306,221.87618,334.51634,24,0.29238,0.34400,0.01259,0.00000,0.00179,2.57097,869.72683
2024-02-13,0.61423,0.00802,0.00202,14.42216,312.29085,216.04760,341.65590,24,0.40770,0.71607,0.03783,0.00000,0.01077,2.38062,894.76379
2024-02-14,0.77581,0.03674,0.01052,15.82758,283.39937,196.46312,358.65087,24,0.84442,0.73294,0.03058,0.01266,0.00718,2.88696,812.63614
2024-02-15,0.40328,0.09419,0.02258,17.05243,325.18069,206.16218,361.32796,24,0.71632,0.58444,0.14627,0.13036,0.10299,2.46912,886.13590
2024-02-16,0.07452,0.03619,0.00826,17.12937,380.38368,219.14751,350.37656,24,0.10230,0.11112,0.05779,0.02001,0.01801,2.14515,1010.29167
2024-02-17,0.07812,0.04427,0.00309,16.12083,411.53281,223.01225,340.77770,24,0.07004,0.12867,0.06855,0.02159,0.02356,1.92367,1088.69155
2024-02-18,0.12156,0.04477,0.01053,15.37410,439.16427,221.64428,340.43212,24,0.14346,0.16456,0.05404,0.04425,0.00728,2.21643,1291.76323
2024-02-19,0.11861,0.10885,0.04811,16.36104,413.04307,221.49369,347.12550,24,0.20342,0.14518,0.17320,0.10180,0.14756,2.29027,1143.59843
2024-02-20,0.29211,0.34772,0.12928,18.83871,405.85873,205.38468,370.82654,24,0.34017,0.29273,0.27711,0.26805,0.20681,2.18208,958.52870
2024-02-21,0.48060,0.34513,0.16483,19.44919,366.87756,192.87275,376.11529,24,0.53892,0.44882,0.64628,0.39571,0.54816,1.49247,848.86176
2024-02-22,0.54641,0.38910,0.15465,19.58691,367.69111,166.22930,380.74881,24,0.74209,0.68559,0.44834,0.46770,0.32703,1.53866,766.44875
2024-02-23,0.27394,0.31712,0.13688,18.22220,369.49907,179.07983,366.67630,24,0.51400,0.35009,0.36452,0.50455,0.19341,1.60479,863.66571
2024-02-24,0.49276,0.14403,0.08563,16.55854,387.75340,195.50427,368.05910,24,0.44152,0.35590,0.44405,0.20872,0.40730,1.64628,1016.26784
2024-02-25,0.30690,0.06574,0.02716,15.43828,350.10624,174.81153,357.15515,24,0.60536,0.46449,0.11552,0.08195,0.07845,3.15294,689.08809
2024-02-26,0.32853,0.02034,0.01027,14.95742,388.25779,236.90696,346.12141,24,0.12421,0.16292,0.11671,0.00359,0.09703,2.63271,919.18139
2024-02-27,0.53239,0.00420,0.00007,14.65733,348.38395,230.10074,348.05324,24,0.67444,0.60515,0.00179,0.00000,0.00000,3.46725,922.07319
2024-02-28,0.07346,0.00481,0.00060,15.47211,400.41099,244.52688,351.49588,24,0.26169,0.04187,0.00179,0.00000,0.00179,3.83106,1072.30530
2024-02-29,0.09267,0.02403,0.00294,16.32257,454.47946,236.11619,349.84896,24,0.08005,0.11624,0.01646,0.00000,0.00184,2.66717,1309.75306
2024-03-01,0.07645,0.03572,0.01309,15.82982,445.98876,243.97232,344.54108,24,0.11673,0.08912,0.07301,0.02790,0.03353,2.70313,1244.21433
2024-03-02,0.07990,0.05967,0.02080,16.33215,430.61799,247.17481,352.00250,24,0.11040,0.06714,0.08836,0.07646,0.05760,2.80334,1172.42659
2024-03-03,0.22477,0.06571,0.02706,17.90588,429.78668,230.18349,371.31846,24,0.18997,0.15589,0.14725,0.07272,0.11300,2.44403,1050.33812
2024-03-04,0.22615,0.06066,0.02180,18.49274,406.07061,224.56319,373.67273,24,0.36556,0.27898,0.05480,0.00540,0.02571,2.64082,882.48232
2024-03-05,0.04552,0.05712,0.01776,16.96429,528.80086,252.19061,352.67320,24,0.13862,0.06693,0.10114,0.11074,0.05046,2.43789,1292.47542
2024-03-06,0.03195,0.03940,0.01496,14.78975,448.96197,263.33210,336.13447,24,0.06956,0.01394,0.10223,0.08223,0.10036,3.00684,1106.19861
2024-03-07,0.13610,0.03478,0.00260,14.23044,415.16393,245.24910,346.33979,24,0.07118,0.17721,0.06213,0.05783,0.01828,3.26661,1062.48619
2024-03-08,0.04074,0.01631,0.00212,14.22750,485.10773,261.44459,341.03145,24,0.06146,0.03143,0.05556,0.02803,0.01264,4.09498,1184.57551
2024-03-09,0.03737,0.00224,0.00000,13.53450,539.39854,266.34464,331.54891,24,0.05019,0.05819,0.00359,0.00000,0.00000,4.02325,1515.91882
2024-03-10,0.01258,0.00188,0.00000,13.53305,513.13092,271.89216,332.11090,24,0.02051,0.02116,0.01265,0.00000,0.00000,4.87274,1359.23880
2024-03-11,0.01226,0.00214,0.00177,15.15770,454.86951,273.14820,342.43632,24,0.00808,0.00522,0.00000,0.00000,0.00000,5.63216,1185.31209
2024-03-12,0.10514,0.17443,0.08302,17.89192,514.75973,257.40172,368.15912,24,0.08901,0.08492,0.05006,0.10592,0.03329,3.32631,1215.96648
2024-03-13,0.20637,0.28275,0.14474,19.31809,556.61254,241.36900,380.21658,24,0.38030,0.16994,0.59112,0.24321,0.43585,2.59445,1363.50769
2024-03-14,0.22136,0.35427,0.13144,20.16735,523.44154,228.59619,386.11826,24,0.33121,0.27660,0.51770,0.28869,0.41000,2.50813,1285.07112
2024-03-15,0.22093,0.26391,0.12572,19.88922,505.82604,234.97425,383.49778,24,0.43616,0.16759,0.62678,0.25784,0.49325,2.07183,1180.66657
2024-03-16,0.22876,0.15413,0.07743,19.15523,541.04798,253.08427,378.34774,24,0.38086,0.15817,0.43151,0.22811,0.38862,2.65071,1464.83377
2024-03-17,0.14274,0.04814,0.02076,18.94092,491.39159,255.74636,375.84286,24,0.29407,0.14516,0.19003,0.10008,0.11664,3.19220,1359.58679
2024-03-18,0.44228,0.00772,0.00132,19.13757,473.19016,248.16385,382.26015,24,0.29405,0.49496,0.00743,0.00372,0.00187,3.00517,1380.58123
2024-03-19,0.71077,0.02474,0.00146,19.55309,434.38656,211.53242,396.30274,24,0.57658,0.61523,0.02587,0.04445,0.00557,3.38552,1248.49479
2024-03-20,0.63561,0.17174,0.04828,18.81115,446.63874,147.22894,385.35893,24,0.67439,0.63845,0.11563,0.24711,0.01638,2.89087,818.63753
2024-03-21,0.63645,0.43325,0.09883,18.07408,399.45993,170.93180,376.77013,24,0.83808,0.80144,0.14815,0.39087,0.07292,2.66077,856.10264
2024-03-22,0.31011,0.51314,0.07133,18.57945,433.98056,219.60675,376.25757,24,0.42704,0.34733,0.78698,0.64644,0.37443,2.14725,1035.62712
2024-03-23,0.32299,0.49757,0.09741,20.00448,483.88606,224.85405,383.75813,24,0.38212,0.33610,0.62294,0.52323,0.17826,1.80004,1103.52683
2024-03-24,0.46224,0.42986,0.11295,20.99273,432.23793,218.59495,388.78184,24,0.45477,0.41152,0.77696,0.68136,0.39067,1.59644,967.55866
2024-03-25,0.56095,0.39222,0.13747,21.58336,428.30168,240.29356,390.46226,24,0.55180,0.44335,0.57506,0.52305,0.43395,1.61025,1002.65344
2024-03-26,0.33321,0.19650,0.04907,20.41457,429.64679,242.57108,386.19684,24,0.36612,0.29500,0.47230,0.35050,0.29661,2.15200,1012.97211
2024-03-27,0.40556,0.06130,0.01642,21.14311,404.44835,243.62525,387.42350,24,0.51379,0.34672,0.07768,0.05447,0.04526,2.29224,948.57998
2024-03-28,0.43018,0.19192,0.05057,21.62944,402.45161,242.28719,395.21653,24,0.50413,0.33631,0.13216,0.26003,0.08471,2.74880,991.84814
2024-03-29,0.53496,0.36306,0.07695,22.69191,445.03472,236.16504,404.76561,24,0.77056,0.64550,0.39185,0.40326,0.29601,2.12961,1011.11868
2024-03-30,0.60828,0.36224,0.10159,23.51771,431.27180,218.01114,409.87311,24,0.55163,0.64815,0.52651,0.40720,0.31944,2.01265,870.99248
2024-03-31,0.36785,0.37831,0.16972,22.95427,538.11980,232.50641,407.38206,24,0.62427,0.30380,0.38311,0.34161,0.26573,1.86353,960.71456
2024-10-01,0.98952,0.80976,0.22480,26.48055,272.07598,145.91548,439.37806,24,0.99744,0.99188,0.85591,0.91984,0.44219,1.31236,641.62863
2024-10-02,0.98564,0.72971,0.21458,25.85715,306.69540,110.97123,438.34243,24,0.96488,0.97625,0.86007,0.95964,0.42046,1.15425,559.36723
2024-10-03,0.96835,0.75478,0.26867,25.14243,408.00469,89.48939,434.49682,24,0.99468,0.94896,0.70134,0.83948,0.23091,1.44850,525.38127
2024-10-04,0.94521,0.89070,0.39727,24.87277,422.53254,104.14032,432.69968,24,0.94713,0.91137,0.83475,0.92028,0.43370,1.30720,593.14647
2024-10-05,0.94077,0.91037,0.35881,24.86512,369.73180,121.24176,429.05288,24,0.97931,0.93251,0.91691,0.94934,0.58300,1.19980,604.66940
2024-10-06,0.69777,0.85350,0.19743,25.03653,323.29620,152.53553,426.34964,24,0.88929,0.78321,0.90986,0.98351,0.65996,1.08016,670.06354
2024-10-07,0.56404,0.72681,0.15276,25.25711,286.50467,166.40170,424.99525,24,0.67154,0.58699,0.87526,0.92244,0.23067,1.45536,702.33642
2024-10-08,0.71719,0.74053,0.14653,25.02935,327.81962,184.62533,423.85136,24,0.55845,0.58397,0.84280,0.90516,0.30399,1.57195,719.74064
2024-10-09,0.64949,0.79084,0.16246,24.82775,360.46018,188.66077,422.86847,24,0.67235,0.49535,0.80720,0.91061,0.32133,1.56783,820.07159
2024-10-10,0.55040,0.78919,0.20642,24.81400,375.96186,181.33128,422.77521,24,0.52307,0.38044,0.91727,0.96461,0.45726,1.58517,785.75358
2024-10-11,0.46954,0.73426,0.19007,24.83147,396.71138,183.50542,421.21107,24,0.51940,0.44832,0.83446,0.95374,0.39271,1.86603,817.74598
2024-10-12,0.39923,0.56734,0.13709,24.70816,365.38854,188.89753,417.81110,24,0.56037,0.35100,0.89353,0.91404,0.38244,1.91984,826.16214
2024-10-13,0.28036,0.42917,0.07243,24.56640,348.64730,199.35945,413.38573,24,0.53481,0.34314,0.66117,0.72989,0.33309,1.85629,812.20968
2024-10-14,0.24528,0.25822,0.03709,24.11054,349.76113,204.13652,409.24506,24,0.54308,0.24042,0.34382,0.45351,0.14359,1.78239,856.24621
2024-10-15,0.37092,0.32665,0.03065,23.93152,323.40930,184.93927,412.54390,24,0.50315,0.46388,0.36484,0.59722,0.13687,1.97487,808.69152
2024-10-16,0.35573,0.39076,0.03056,24.04596,346.67543,200.51184,410.09408,24,0.33070,0.21193,0.45565,0.75178,0.11385,2.04488,886.36749
2024-10-17,0.45382,0.49646,0.04417,24.08257,341.90148,186.29140,414.20985,24,0.51652,0.38393,0.30562,0.57676,0.10055,2.02001,818.22441
2024-10-18,0.51850,0.67632,0.09028,24.15647,315.14622,175.54595,414.78404,24,0.58212,0.49778,0.71975,0.77636,0.31148,1.77296,770.95943
2024-10-19,0.60849,0.63053,0.09616,23.91096,320.35431,187.87621,409.74748,24,0.51062,0.37725,0.80578,0.81547,0.24638,1.59091,746.58933
2024-10-20,0.52609,0.28956,0.05856,23.62467,388.12555,198.34139,400.61892,24,0.79912,0.36821,0.63513,0.59529,0.33909,1.43709,861.69249
2024-10-21,0.34106,0.16309,0.02704,23.40799,386.58991,205.15473,400.04896,24,0.65211,0.39388,0.19766,0.28357,0.09034,2.05402,912.86620
2024-10-22,0.49694,0.09077,0.01759,23.76862,345.29147,198.15295,412.45188,24,0.33853,0.41098,0.16838,0.14785,0.08839,2.21643,842.57469
2024-10-23,0.87979,0.28804,0.07511,23.97602,444.69495,95.85596,425.91483,24,0.74078,0.83889,0.11505,0.31567,0.02194,2.19241,630.18558
2024-10-24,0.96385,0.53822,0.14371,23.20139,562.78582,64.78947,423.06165,24,0.96172,0.96144,0.33951,0.56567,0.11511,1.53802,755.03932
2024-10-25,0.84096,0.70859,0.06593,23.57394,521.62766,124.20036,417.38045,24,0.90805,0.88232,0.68993,0.74785,0.13873,1.49253,843.16474
2024-10-26,0.49689,0.53837,0.06519,23.75311,379.61674,159.79421,410.96789,24,0.70972,0.58818,0.75065,0.70900,0.13186,1.93983,737.35052
2024-10-27,0.21413,0.42047,0.05606,23.87036,345.43460,186.94207,407.00996,24,0.45924,0.27980,0.60873,0.67029,0.27995,1.73495,819.61866
2024-10-28,0.13977,0.36215,0.03785,23.89276,351.79798,199.65107,404.52746,24,0.36132,0.19408,0.38260,0.59503,0.15184,1.75291,858.70093
2024-10-29,0.19028,0.52373,0.04484,23.96695,338.97532,186.12782,408.04141,24,0.20645,0.22532,0.56282,0.67662,0.14808,1.94582,851.62440
2024-10-30,0.23250,0.68072,0.09759,24.20817,350.04534,176.03811,411.89654,24,0.21473,0.24678,0.73855,0.86838,0.22961,1.80230,820.35047
2024-10-31,0.25756,0.64074,0.10827,24.06056,370.61757,176.00144,409.56524,24,0.38110,0.31333,0.82167,0.92792,0.30065,1.87711,889.08094
2024-11-01,0.26795,0.45137,0.08715,23.71961,318.20197,163.63667,402.85390,24,0.49088,0.36148,0.83111,0.82742,0.37551,1.76731,765.93395
2024-11-02,0.15265,0.16027,0.04268,23.14689,352.83060,196.52615,389.57950,24,0.54654,0.21518,0.45887,0.24680,0.25109,1.54096,855.07741
2024-11-03,0.14324,0.14732,0.04955,22.87268,324.14910,200.25569,387.37970,24,0.31688,0.09141,0.23250,0.27070,0.19748,1.89727,853.07375
2024-11-04,0.22460,0.18914,0.05416,22.74561,329.44158,193.07087,396.15522,24,0.53069,0.13915,0.37878,0.45795,0.26565,1.93824,881.26959
2024-11-05,0.38704,0.21228,0.04248,22.43809,314.65554,171.49766,401.44854,24,0.40793,0.34694,0.26383,0.37835,0.11232,2.05121,770.74995
2024-11-06,0.30573,0.26991,0.03389,21.72810,326.09548,175.41293,392.19161,24,0.58326,0.38175,0.32647,0.50607,0.13026,2.16862,743.87875
2024-11-07,0.18389,0.32119,0.05445,21.40433,380.70813,186.46271,387.18878,24,0.35625,0.18416,0.39102,0.45323,0.10235,1.95240,911.20527
2024-11-08,0.09184,0.17227,0.03510,20.90628,417.71706,189.12573,379.77976,24,0.20292,0.15438,0.41374,0.30449,0.20307,2.30407,995.05245
2024-11-09,0.09196,0.11136,0.02982,20.66340,391.20603,195.94084,377.24613,24,0.06300,0.07841,0.29952,0.10437,0.12312,2.50675,937.92352
2024-11-10,0.26629,0.15329,0.02018,21.17771,378.33221,182.80726,385.99454,24,0.21873,0.21030,0.27133,0.17878,0.15103,2.34554,960.24358
2024-11-11,0.35360,0.17356,0.01160,21.49945,349.17362,173.14006,392.10804,24,0.32340,0.20469,0.23990,0.19157,0.05123,2.35846,916.44158
2024-11-12,0.50742,0.23197,0.01749,21.09711,376.44350,168.45607,389.80723,24,0.45393,0.48443,0.38249,0.23978,0.04222,2.16370,962.13908
2024-11-13,0.13726,0.11158,0.02286,20.58720,415.93642,184.34534,376.46872,24,0.36757,0.19261,0.30397,0.09252,0.06920,2.24934,983.35239
2024-11-14,0.16623,0.07642,0.02436,19.89512,453.54005,191.41058,368.22935,24,0.25823,0.15798,0.16306,0.08544,0.10307,2.34338,1038.15134
2024-11-15,0.15209,0.08186,0.02370,19.13716,492.34172,188.52039,364.59160,24,0.36679,0.19199,0.16359,0.06537,0.10566,2.80531,1144.71277
2024-11-16,0.13437,0.10732,0.01982,18.44505,464.82210,189.77484,358.02372,24,0.17417,0.09402,0.17032,0.07417,0.08020,2.94037,1070.23226
2024-11-17,0.13220,0.09228,0.01927,17.78910,464.45309,186.82453,354.52059,24,0.32542,0.14905,0.19875,0.08161,0.07492,2.86054,1161.14939
2024-11-18,0.13394,0.06780,0.02550,17.60969,432.26949,186.48246,353.29839,24,0.28894,0.14185,0.16728,0.03260,0.08602,3.03455,1146.52194
2024-11-19,0.11065,0.06607,0.01654,17.80570,411.03939,186.73695,356.28908,24,0.21634,0.09493,0.18437,0.01446,0.10274,2.80022,1115.76346
2024-11-20,0.17141,0.11930,0.01926,18.12387,390.29442,177.12879,363.44607,24,0.29590,0.17435,0.20800,0.06822,0.05316,2.73373,1092.03438
2024-11-21,0.21978,0.12265,0.02377,17.88738,407.36413,169.15653,368.01369,24,0.27568,0.21965,0.23701,0.10210,0.11993,2.86368,1137.17377
2024-11-22,0.20401,0.10913,0.01932,17.52039,414.02508,162.43491,363.06628,24,0.25840,0.25275,0.16532,0.15082,0.06179,2.88139,1114.50950
2024-11-23,0.22869,0.09844,0.01936,17.28556,432.25751,166.15165,360.64358,24,0.28618,0.27235,0.17519,0.09553,0.06954,2.95449,1187.41199
2024-11-24,0.43111,0.14182,0.02455,16.94490,477.73238,166.32875,357.30501,24,0.36808,0.51457,0.21967,0.09927,0.08045,2.77853,1191.01597
2024-11-25,0.45162,0.06766,0.01165,16.51592,497.60927,174.32986,347.94611,24,0.73229,0.55586,0.17674,0.05753,0.06673,2.70056,1235.43138
2024-11-26,0.43516,0.05113,0.01094,16.70804,461.09913,176.75743,347.26945,24,0.44429,0.54434,0.08707,0.00723,0.03470,2.51535,1165.20763
2024-11-27,0.60387,0.02792,0.01266,16.86287,389.95653,177.38185,349.36897,24,0.65904,0.59161,0.07455,0.00361,0.04021,2.55234,1100.99561
2024-11-28,0.68687,0.05972,0.01887,17.67915,315.72495,166.76718,365.28342,24,0.83565,0.80848,0.07138,0.01083,0.05687,2.52953,899.66746
2024-11-29,0.46549,0.02609,0.01131,18.29637,272.21126,145.35017,372.92204,24,0.44696,0.42478,0.06242,0.01275,0.02944,2.41707,738.14819
2024-11-30,0.51388,0.03504,0.00441,18.08544,282.58656,146.86080,375.14646,24,0.49742,0.46022,0.05861,0.02015,0.04385,2.60669,700.85712
2024-12-01,0.41760,0.06030,0.00511,17.79468,313.27715,162.57387,368.14944,24,0.46936,0.58068,0.06591,0.05120,0.00000,2.26547,780.65607
2024-12-02,0.35569,0.03091,0.00294,17.37549,312.22201,142.96404,368.57241,24,0.51408,0.36992,0.06726,0.04005,0.00901,2.71384,788.48737
2024-12-03,0.17278,0.02724,0.00584,16.98840,324.82218,171.34445,355.80295,24,0.37021,0.24906,0.02355,0.02192,0.01994,2.51423,800.96840
2024-12-04,0.09850,0.06920,0.00920,16.23616,356.21149,175.45720,344.84418,24,0.14641,0.12134,0.09797,0.07058,0.04769,2.56965,943.21554
2024-12-05,0.10841,0.07004,0.00454,15.68584,364.71752,174.90503,339.32316,24,0.14417,0.09905,0.12979,0.03596,0.01445,3.01552,987.49311
2024-12-06,0.13759,0.09099,0.01457,14.63729,430.93145,171.73679,335.80772,24,0.18119,0.15131,0.13963,0.05408,0.03109,2.79150,1107.67201
2024-12-07,0.13529,0.09196,0.01918,14.03354,409.86885,173.98122,328.74967,24,0.15088,0.10632,0.18209,0.07366,0.07245,3.05705,1045.18271
2024-12-08,0.37374,0.04492,0.01707,14.64428,344.58360,180.10389,328.91627,24,0.53003,0.26236,0.09590,0.01081,0.04554,2.71245,915.22806
2024-12-09,0.72513,0.06171,0.00941,15.78837,263.46767,145.03779,354.79349,24,0.76769,0.78612,0.08087,0.01097,0.05401,2.51765,662.89399
2024-12-10,0.52792,0.15446,0.02549,15.97241,340.14951,170.02151,341.20521,24,0.68560,0.61882,0.24170,0.12749,0.02373,2.30459,798.34112
2024-12-11,0.36186,0.10496,0.02411,14.26810,429.09061,173.93832,323.37432,24,0.69136,0.49152,0.14756,0.12965,0.07752,1.57003,969.68728
2024-12-12,0.49868,0.05770,0.00600,14.15025,344.39765,180.25097,318.45281,24,0.70927,0.66276,0.10989,0.02524,0.04333,2.41696,766.97573
2024-12-13,0.34464,0.03040,0.00576,14.26332,332.17710,183.48431,316.36704,24,0.64891,0.66606,0.03976,0.00719,0.01614,2.14283,755.40583
2024-12-14,0.07650,0.01543,0.00474,13.90758,338.85411,184.08321,313.61790,24,0.20663,0.04438,0.05218,0.00541,0.02340,2.22636,779.96269
2024-12-15,0.02999,0.01582,0.01559,13.78823,281.44534,186.94082,314.73149,24,0.13812,0.00171,0.04020,0.00000,0.04020,2.49673,678.84889
2024-12-16,0.09322,0.02730,0.02039,14.29583,227.85011,185.15307,326.54501,24,0.09977,0.00161,0.04951,0.00000,0.04951,2.39745,633.13360
2024-12-17,0.44603,0.03212,0.01080,15.41676,223.06027,164.54415,353.06559,24,0.37958,0.38528,0.08233,0.00728,0.04552,2.79436,635.64643
2024-12-18,0.63738,0.06181,0.00353,15.63526,266.08089,163.70475,348.96860,24,0.51627,0.67493,0.07858,0.04207,0.01438,2.67130,733.60204
2024-12-19,0.64294,0.03170,0.00533,15.43239,274.63334,171.11027,338.57604,24,0.73118,0.65590,0.07306,0.03475,0.00547,2.22756,798.51849
2024-12-20,0.86328,0.02913,0.00434,15.25182,301.95005,163.19386,348.57703,24,0.83979,0.87472,0.05214,0.02535,0.01616,2.26700,843.99881
2024-12-21,0.58307,0.07017,0.02520,15.33831,282.83033,111.18121,359.65920,24,0.68593,0.64003,0.04492,0.01623,0.01796,2.51952,666.84656
2024-12-22,0.44762,0.09684,0.05834,15.40371,304.48977,166.81312,337.98765,24,0.71493,0.35013,0.30870,0.04142,0.22700,2.03148,715.83222
2024-12-23,0.17660,0.01437,0.01191,14.31025,297.37460,180.98685,326.34596,24,0.28270,0.22942,0.04589,0.00000,0.04410,2.12361,781.07746
2024-12-24,0.19403,0.00783,0.00608,14.45122,299.69954,174.59231,337.97176,24,0.20603,0.07428,0.04224,0.00000,0.04039,2.51124,799.28863
2024-12-25,0.48407,0.00270,0.00067,14.86676,270.16953,127.65015,353.83964,24,0.45128,0.53655,0.00360,0.00000,0.00180,2.49127,667.88558
2024-12-26,0.06396,0.00646,0.00353,15.10489,288.51562,169.99266,338.17559,24,0.33584,0.07639,0.00179,0.00000,0.00000,2.34036,659.77508
2024-12-27,0.01015,0.00295,0.00288,14.58036,306.61574,184.63890,324.08958,24,0.03912,0.00011,0.00902,0.00000,0.00902,2.46762,767.62679
2024-12-28,0.02892,0.00794,0.00787,14.72801,277.76330,184.96854,328.10080,24,0.04317,0.00027,0.04038,0.00000,0.04038,2.61305,726.90028
2024-12-29,0.04388,0.02699,0.00864,15.23628,283.51653,176.35965,339.14828,24,0.22667,0.02736,0.03672,0.01094,0.03672,2.38908,785.65442
2024-12-30,0.12030,0.06531,0.00438,15.47439,347.87108,173.95501,339.68463,24,0.09715,0.10910,0.04344,0.09081,0.02542,2.33872,833.11010
2024-12-31,0.18102,0.14049,0.00426,14.85634,421.55808,170.83374,332.94154,24,0.30337,0.23669,0.11154,0.17908,0.01078,1.77800,864.16086
2025-01-01,0.22411,0.26019,0.00994,14.55903,412.78579,168.50863,329.43088,24,0.37721,0.34657,0.26207,0.23458,0.01975,1.87483,807.39012
2025-01-02,0.19318,0.23217,0.01087,14.11574,358.85610,178.41385,324.61974,24,0.33403,0.18494,0.17390,0.06515,0.01804,1.74577,717.82384
2025-01-03,0.23876,0.28313,0.03227,14.53304,338.74410,179.08351,329.12158,24,0.54254,0.25600,0.26768,0.15041,0.05463,1.65173,722.56809
2025-01-04,0.29513,0.35935,0.06022,14.83769,337.53537,167.88629,342.93282,24,0.53986,0.27668,0.56521,0.35377,0.21544,1.91153,818.09957
2025-01-05,0.35530,0.18937,0.05544,15.49382,308.45979,170.94839,344.06351,24,0.41796,0.42598,0.49119,0.18834,0.24137,1.82022,785.03916
2025-01-06,0.27057,0.15356,0.04095,16.02141,306.38592,172.65146,346.78019,24,0.47903,0.24098,0.27155,0.15730,0.13831,1.89829,822.21361
2025-01-07,0.24220,0.21046,0.01838,16.13449,414.45792,156.39174,349.70431,24,0.22398,0.29416,0.25215,0.18833,0.01819,2.04546,1073.85217
2025-01-08,0.23732,0.39782,0.04580,14.49393,398.45622,164.80347,330.41395,24,0.18397,0.36666,0.35881,0.41226,0.08546,2.04501,845.30065
2025-01-09,0.13742,0.21262,0.03891,13.44362,391.18093,179.59889,318.15119,24,0.32094,0.22702,0.57158,0.31863,0.18229,1.78596,874.93529
2025-01-10,0.15134,0.03074,0.01174,13.45138,340.56729,189.86344,315.56526,24,0.13084,0.05219,0.07065,0.01626,0.04542,2.19121,851.21191
2025-01-11,0.43411,0.01699,0.01223,14.08864,293.92848,193.20262,319.72683,24,0.49734,0.31334,0.05512,0.00368,0.05512,2.17256,830.81979
2025-01-12,0.29301,0.02351,0.01133,14.71410,281.20198,187.25829,331.25387,24,0.58899,0.40022,0.04981,0.00000,0.03865,2.20274,830.74642
2025-01-13,0.08515,0.02868,0.00868,14.74919,317.90436,182.33143,333.34370,24,0.22727,0.08808,0.09853,0.00187,0.03130,2.08013,913.40319
2025-01-14,0.08959,0.04684,0.01019,14.84978,382.64358,186.32692,330.75307,24,0.14061,0.08603,0.09473,0.04142,0.04966,2.26066,909.54987
2025-01-15,0.38066,0.01543,0.00514,14.52335,389.03381,193.48549,325.03491,24,0.42211,0.47930,0.05974,0.00179,0.02532,2.02324,902.87320
2025-01-16,0.20372,0.02900,0.00413,14.97082,306.96719,193.38500,331.70164,24,0.25415,0.25773,0.02383,0.00371,0.02383,2.03559,774.85890
2025-01-17,0.16181,0.04786,0.00457,15.01037,327.26972,188.20678,333.39344,24,0.23445,0.17622,0.09149,0.09361,0.01649,1.88289,865.80879
2025-01-18,0.07257,0.04277,0.00776,14.69942,356.19047,196.49347,327.94079,24,0.18525,0.08908,0.07452,0.15568,0.02000,2.10241,825.99439
2025-01-19,0.02717,0.03441,0.00419,13.85490,345.65312,200.13340,320.92396,24,0.05276,0.01028,0.06195,0.04701,0.01796,2.32821,779.67195
2025-01-20,0.10668,0.14574,0.00780,14.09195,322.64428,197.48454,325.16240,24,0.10970,0.09873,0.05584,0.06694,0.01618,2.46351,776.38451
2025-01-21,0.19414,0.26534,0.02456,15.00068,309.40852,188.00149,336.21211,24,0.29385,0.20154,0.34180,0.20417,0.03791,2.19517,817.61862
2025-01-22,0.22477,0.31384,0.04017,15.64549,278.53354,183.45410,338.00074,24,0.41394,0.27831,0.36521,0.28901,0.09571,1.73806,747.20501
2025-01-23,0.24662,0.32619,0.07542,15.54397,276.72135,185.85896,336.72841,24,0.50366,0.23159,0.35207,0.28302,0.10155,1.41845,674.21086
2025-01-24,0.25929,0.25154,0.08395,14.93864,303.89854,184.33747,341.59506,24,0.48839,0.21282,0.48975,0.28135,0.31635,1.68914,757.43070
2025-01-25,0.28876,0.17948,0.02108,14.76506,361.93263,164.76069,346.64396,24,0.57848,0.43247,0.31837,0.17902,0.06235,1.88335,956.34127
2025-01-26,0.07538,0.03420,0.00871,13.51458,427.26632,200.89328,323.62492,24,0.19993,0.11519,0.13549,0.02960,0.05215,2.09693,1018.41292
2025-01-27,0.11790,0.03947,0.00469,13.76481,406.73943,201.22663,328.13095,24,0.09624,0.19734,0.01615,0.00000,0.01436,2.50744,1008.25442
2025-01-28,0.17342,0.10497,0.01395,14.12274,383.04169,186.76383,336.44854,24,0.23172,0.22276,0.13851,0.08720,0.04421,2.38242,1003.75751
2025-01-29,0.18851,0.16807,0.02030,14.44178,373.12440,187.66829,339.36822,24,0.32987,0.22210,0.16851,0.10222,0.03839,2.10035,1013.13842
2025-01-30,0.35623,0.36412,0.06767,16.19524,426.63392,172.89341,356.42678,24,0.29541,0.38849,0.39556,0.27253,0.10932,2.29710,960.04961
2025-01-31,0.38746,0.53034,0.13272,17.80152,355.70600,163.10480,364.25182,24,0.62898,0.44258,0.59838,0.57927,0.35983,1.75536,803.25031
2025-02-01,0.29909,0.40674,0.09971,17.88423,328.28521,173.24888,360.29809,24,0.68573,0.28187,0.75377,0.59046,0.41079,1.23487,799.17102
2025-02-02,0.29601,0.32412,0.08357,17.78526,337.29966,182.84681,358.34005,24,0.53790,0.35196,0.53421,0.47417,0.27705,1.37103,901.45638
2025-02-03,0.23152,0.19478,0.08311,16.30262,352.55596,190.65189,346.80804,24,0.62648,0.25940,0.43733,0.25094,0.26764,1.30494,993.24524
2025-02-04,0.24120,0.08133,0.01995,15.54938,352.96845,206.80453,342.03499,24,0.20052,0.18312,0.12768,0.06274,0.07554,1.78666,980.45832
2025-02-05,0.26235,0.18878,0.05793,16.88350,329.72772,194.55912,354.55780,24,0.47377,0.35451,0.18883,0.14311,0.08968,1.75870,884.59551
2025-02-06,0.18439,0.25500,0.09891,17.17722,359.65356,197.10068,350.80816,24,0.38077,0.31638,0.48312,0.35156,0.30497,1.44919,929.38857
2025-02-07,0.05127,0.07974,0.02626,13.10428,359.21711,222.25350,317.69930,24,0.11337,0.04158,0.25740,0.07893,0.17194,2.10874,877.42066
2025-02-08,0.04517,0.03624,0.00945,12.21549,387.41405,222.09943,314.97387,24,0.11378,0.06480,0.11128,0.03224,0.05933,3.61964,949.57107
2025-02-09,0.07131,0.02752,0.00420,13.00651,377.80443,222.37767,324.45178,24,0.03201,0.04135,0.02686,0.00000,0.00897,3.40532,998.53972
2025-02-10,0.09670,0.04609,0.01068,14.68505,379.91448,214.37499,335.28116,24,0.12470,0.10351,0.05229,0.01466,0.00727,2.74405,992.36167
2025-02-11,0.15463,0.18695,0.05962,16.96950,428.13048,212.29104,346.55671,24,0.26846,0.17100,0.14986,0.13311,0.07706,2.25972,987.45910
2025-02-12,0.20602,0.33417,0.09300,18.00375,421.18509,201.02352,358.53784,24,0.45514,0.19614,0.54285,0.43729,0.34670,1.75079,991.36507
2025-02-13,0.20846,0.42166,0.15258,18.03204,444.70466,194.85385,361.98351,24,0.39433,0.20119,0.59195,0.51779,0.40498,1.56560,1060.30608
2025-02-14,0.10625,0.19618,0.07894,14.68075,407.67761,217.98114,337.18007,24,0.25804,0.08533,0.53639,0.24087,0.31169,3.26126,1074.22849
2025-02-15,0.10264,0.05922,0.01902,14.00399,430.04129,221.51376,334.22836,24,0.21865,0.08050,0.19770,0.02918,0.14125,2.45770,1172.39116
2025-02-16,0.10047,0.02553,0.00306,15.25023,433.01980,217.85683,341.42246,24,0.12614,0.11036,0.02864,0.00539,0.00357,3.10095,1148.47070
2025-02-17,0.14568,0.07865,0.01880,16.70296,408.96509,219.20056,353.96065,24,0.25578,0.11560,0.11772,0.12050,0.07376,3.01982,1002.13649
2025-02-18,0.17275,0.07267,0.01072,17.00550,402.99444,218.60928,357.27067,24,0.20416,0.14176,0.04146,0.06029,0.00726,2.67413,1043.35002
2025-02-19,0.18014,0.14505,0.01548,17.52085,417.56093,212.93772,360.26337,24,0.31675,0.17582,0.23068,0.25044,0.08517,2.55926,1101.58624
2025-02-20,0.22964,0.09227,0.01446,17.30773,401.13873,207.70428,363.40308,24,0.28347,0.28307,0.09951,0.16994,0.02760,2.28640,1061.56902
2025-02-21,0.12631,0.07494,0.02048,17.50258,425.96538,218.55830,362.49484,24,0.17109,0.11490,0.10891,0.19167,0.06856,2.45074,1177.00340
2025-02-22,0.23492,0.07801,0.01793,17.93716,439.63492,218.34876,363.89957,24,0.24255,0.19632,0.11413,0.07168,0.07947,2.19260,1187.19540
2025-02-23,0.20613,0.08879,0.01219,17.54227,368.76037,200.60303,363.19387,24,0.39305,0.28304,0.12645,0.16789,0.02936,2.67913,972.60357
2025-02-24,0.11832,0.03339,0.00936,16.96471,441.90504,226.24982,352.88563,24,0.17877,0.18187,0.06245,0.02023,0.04230,2.28820,1187.38906
2025-02-25,0.11678,0.03405,0.00729,15.72916,489.93320,230.47842,347.51109,24,0.10377,0.19027,0.08032,0.00360,0.02589,2.59795,1325.90720
2025-02-26,0.35811,0.01166,0.00135,15.40255,466.17121,245.63807,343.96411,24,0.07201,0.07329,0.02507,0.00714,0.00180,3.41571,1234.13992
2025-02-27,0.18390,0.01453,0.00031,16.02018,476.54288,235.52230,355.79934,24,0.29098,0.09690,0.00542,0.00186,0.00185,3.39552,1319.44105
2025-02-28,0.27393,0.03354,0.00531,17.82356,443.34086,214.47551,371.22119,24,0.18456,0.33140,0.06153,0.03506,0.00000,2.70304,1257.23033
2025-03-01,0.10836,0.07615,0.02306,19.36973,474.75333,231.21262,371.24956,24,0.25556,0.12937,0.13173,0.00897,0.06825,2.41900,1118.62233
2025-03-02,0.12688,0.06811,0.02920,19.12331,517.74336,242.03569,368.25943,24,0.06967,0.08531,0.10674,0.07770,0.05428,2.40406,1212.05275
2025-03-03,0.16243,0.08770,0.03304,17.96591,494.07314,225.12127,368.10173,24,0.33907,0.21407,0.18127,0.04450,0.12216,2.50764,1199.92579
2025-03-04,0.06004,0.06577,0.02591,16.47617,542.91241,249.50399,354.20541,24,0.16849,0.07872,0.30756,0.08580,0.18313,2.70545,1446.96611
2025-03-05,0.09388,0.03566,0.00099,15.38586,634.14242,250.24136,351.22280,24,0.09571,0.10468,0.02529,0.04646,0.00548,3.60233,1616.26860
2025-03-06,0.05002,0.03221,0.00135,14.40166,550.46545,250.61191,343.01848,24,0.12277,0.08637,0.14085,0.02792,0.00000,3.99494,1402.86451
2025-03-07,0.09258,0.00425,0.00008,13.90467,550.05618,258.47810,338.13451,24,0.02024,0.06760,0.00893,0.00000,0.00000,4.03679,1467.79991
2025-03-08,0.11416,0.01690,0.00459,15.85016,600.56416,243.65507,351.69234,24,0.14859,0.15910,0.01074,0.00742,0.00000,3.85732,1570.00622
2025-03-09,0.13488,0.03556,0.01020,17.46419,519.31671,242.86802,357.12463,24,0.26362,0.17946,0.08126,0.01301,0.03678,3.04847,1330.87131
2025-03-10,0.08261,0.01106,0.01009,17.13175,504.29467,258.25280,357.62667,24,0.14861,0.09937,0.04075,0.00000,0.04075,3.43857,1388.94108
2025-03-11,0.15482,0.01307,0.00119,17.99579,479.79813,242.33946,370.62658,24,0.09440,0.16835,0.01429,0.00000,0.01250,3.57276,1276.15625
2025-03-12,0.22694,0.08219,0.01371,19.32589,553.90395,224.82658,377.80727,24,0.16947,0.20971,0.03609,0.03601,0.00181,3.13781,1304.83315
2025-03-13,0.23906,0.25977,0.06738,20.80467,560.11172,236.74427,381.65664,24,0.35293,0.23541,0.30862,0.16496,0.06708,2.18508,1087.69985
2025-03-14,0.23013,0.37123,0.13648,21.67427,506.54932,236.67882,388.24688,24,0.49713,0.24496,0.57009,0.35097,0.31967,2.19768,1008.33623
2025-03-15,0.24907,0.39200,0.16816,22.11727,492.92319,237.55424,394.41923,24,0.50899,0.25824,0.68615,0.32510,0.49372,1.91376,1004.63560
2025-03-16,0.20797,0.23650,0.11047,21.65946,519.91987,243.57802,389.06054,24,0.55367,0.13746,0.75109,0.21421,0.59457,1.75915,1018.25458
2025-03-17,0.24046,0.12073,0.06441,20.71036,612.43260,244.03683,387.64403,24,0.37069,0.28223,0.27047,0.06014,0.22066,2.90049,1330.49798
2025-03-18,0.20453,0.19192,0.07390,18.58272,564.49490,256.44729,376.88228,24,0.23939,0.35422,0.31570,0.16855,0.24939,3.66094,1243.61618
2025-03-19,0.10655,0.20277,0.07241,19.04112,565.17644,266.69393,374.76777,24,0.21604,0.07823,0.41729,0.18074,0.30030,3.20131,1374.81738
2025-03-20,0.35081,0.20648,0.04594,20.25614,531.00736,242.78126,391.31991,24,0.34425,0.28683,0.50378,0.27046,0.28114,2.92047,1313.94314
2025-03-21,0.59706,0.22459,0.02522,19.73249,523.79797,188.85469,392.50415,24,0.63972,0.63038,0.34721,0.28287,0.11493,2.78046,1146.71085
2025-03-22,0.57790,0.25308,0.03175,18.70366,415.56878,178.19810,382.73508,24,0.78731,0.82367,0.30681,0.36912,0.06000,3.95757,890.89388
2025-03-23,0.20186,0.05479,0.00854,18.09594,492.39983,253.16362,371.00785,24,0.15138,0.30280,0.12780,0.07187,0.07021,2.88240,1196.66836
2025-03-24,0.05550,0.01621,0.00060,17.52339,574.07531,271.74314,362.19179,24,0.06810,0.11108,0.05600,0.01310,0.00181,3.03653,1415.07100
2025-03-25,0.01960,0.00414,0.00157,17.80592,564.97994,285.26947,361.76341,24,0.03086,0.02520,0.01644,0.00748,0.00897,3.65085,1466.31155
2025-03-26,0.08481,0.02103,0.00406,19.40109,601.31947,272.45677,376.86363,24,0.02359,0.11861,0.00718,0.00000,0.00718,2.94174,1571.76731
2025-03-27,0.17914,0.10200,0.04621,21.28084,572.41287,249.85185,391.50224,24,0.18606,0.23089,0.17220,0.04090,0.03341,2.77200,1461.93506
2025-03-28,0.14154,0.16308,0.08688,21.81683,542.50285,261.05146,390.91515,24,0.24454,0.13762,0.32955,0.08342,0.25446,2.65723,1165.13636
2025-03-29,0.15193,0.28726,0.15001,20.80568,572.04327,271.63042,383.92396,24,0.24511,0.10288,0.50948,0.21090,0.26434,2.43741,1290.16404
2025-03-30,0.18789,0.31920,0.10481,20.42992,598.91590,274.34775,384.30202,24,0.42780,0.09115,0.65840,0.23204,0.54189,2.92949,1282.83702
2025-03-31,0.19805,0.31262,0.06267,21.13954,667.72396,264.79194,393.23657,24,0.43640,0.19214,0.65344,0.22921,0.36636,3.01504,1429.69844
